{
    "F_644_3": 20.513805389404297, 
    "F_551_3": 21.238994598388672, 
    "F_861_3": 20.624351501464844, 
    "id": "spec-5388-55983-0712-QSOs-hz", 
    "F_675_3": 20.680070877075195, 
    "F_737_3": 20.771106719970703, 
    "F_396_3": 22.168800354003906, 
    "F_365_3": 21.859554290771484, 
    "F_613_3": 20.69133758544922, 
    "F_706_3": 20.669273376464844, 
    "F_923_3": 20.52845573425293, 
    "F_458_3": 22.017414093017578, 
    "F_768_3": 20.286636352539062, 
    "Z": 3.0580673217773438, 
    "F_799_3": 20.703670501708984, 
    "F_427_3": 21.70570945739746, 
    "F_489_3": 20.231372833251953, 
    "F_954_3": 20.461212158203125, 
    "F_830_3": 20.630456924438477, 
    "F_582_3": 20.99085807800293, 
    "F_520_3": 20.98871612548828, 
    "F_892_3": 20.586944580078125
}