{
    "F_644_3": 19.5004940032959, 
    "F_551_3": 19.790565490722656, 
    "F_861_3": 19.728540420532227, 
    "id": "spec-4895-55708-0530-QSOs-hz", 
    "F_675_3": 19.466150283813477, 
    "F_737_3": 19.753293991088867, 
    "F_396_3": 20.834354400634766, 
    "F_365_3": 21.06787872314453, 
    "F_613_3": 19.81658935546875, 
    "F_706_3": 19.681428909301758, 
    "F_923_3": 19.72274398803711, 
    "F_458_3": 20.290023803710938, 
    "F_768_3": 19.737167358398438, 
    "Z": 3.2865452766418457, 
    "F_799_3": 19.518041610717773, 
    "F_427_3": 20.430374145507812, 
    "F_489_3": 20.28219985961914, 
    "F_954_3": 19.57041358947754, 
    "F_830_3": 19.526025772094727, 
    "F_582_3": 19.804624557495117, 
    "F_520_3": 19.20656394958496, 
    "F_892_3": 19.62447738647461
}