{
    "F_644_3": 20.97507095336914, 
    "F_551_3": 21.076692581176758, 
    "F_861_3": 20.902563095092773, 
    "id": "spec-5431-56011-0082-QSOs-hz", 
    "F_675_3": 20.859254837036133, 
    "F_737_3": 21.020381927490234, 
    "F_396_3": 22.18754005432129, 
    "F_365_3": 22.17848014831543, 
    "F_613_3": 21.179149627685547, 
    "F_706_3": 20.986059188842773, 
    "F_923_3": 20.797969818115234, 
    "F_458_3": 21.767223358154297, 
    "F_768_3": 20.992441177368164, 
    "Z": 3.2872421741485596, 
    "F_799_3": 20.777406692504883, 
    "F_427_3": 21.705228805541992, 
    "F_489_3": 21.683448791503906, 
    "F_954_3": 20.703962326049805, 
    "F_830_3": 20.766637802124023, 
    "F_582_3": 21.133594512939453, 
    "F_520_3": 20.713844299316406, 
    "F_892_3": 20.83945655822754
}