{
    "F_644_3": 21.05278968811035, 
    "F_551_3": 21.19430160522461, 
    "F_861_3": 21.19563865661621, 
    "id": "spec-4568-55600-0772-QSOs-301", 
    "F_675_3": 21.145387649536133, 
    "F_737_3": 21.080087661743164, 
    "F_396_3": 21.58586883544922, 
    "F_365_3": 21.397079467773438, 
    "F_613_3": 20.880373001098633, 
    "F_706_3": 21.14827537536621, 
    "F_923_3": 21.019611358642578, 
    "F_458_3": 21.640653610229492, 
    "F_768_3": 20.935510635375977, 
    "Z": 3.0108284950256348, 
    "F_799_3": 21.17746353149414, 
    "F_427_3": 21.48358917236328, 
    "F_489_3": 20.837379455566406, 
    "F_954_3": 20.82767677307129, 
    "F_830_3": 21.086206436157227, 
    "F_582_3": 21.256492614746094, 
    "F_520_3": 21.256650924682617, 
    "F_892_3": 21.124685287475586
}