{
    "F_644_3": 21.3488712310791, 
    "F_551_3": 21.35813331604004, 
    "F_861_3": 21.394617080688477, 
    "id": "spec-6134-56244-0557-QSOs-301", 
    "F_675_3": 21.524036407470703, 
    "F_737_3": 21.547876358032227, 
    "F_396_3": 21.78981590270996, 
    "F_365_3": 21.762006759643555, 
    "F_613_3": 20.764331817626953, 
    "F_706_3": 21.5417423248291, 
    "F_923_3": 21.31250762939453, 
    "F_458_3": 21.756059646606445, 
    "F_768_3": 21.366168975830078, 
    "Z": 3.012345552444458, 
    "F_799_3": 21.553218841552734, 
    "F_427_3": 21.503652572631836, 
    "F_489_3": 20.348854064941406, 
    "F_954_3": 21.249282836914062, 
    "F_830_3": 21.473129272460938, 
    "F_582_3": 21.527986526489258, 
    "F_520_3": 21.384443283081055, 
    "F_892_3": 21.383434295654297
}