{
    "F_644_3": 20.823928833007812, 
    "F_551_3": 20.79446029663086, 
    "F_861_3": 21.210996627807617, 
    "id": "spec-3781-55243-0293-QSOs-301", 
    "F_675_3": 20.889345169067383, 
    "F_737_3": 20.91969871520996, 
    "F_396_3": 21.03915023803711, 
    "F_365_3": 21.293302536010742, 
    "F_613_3": 20.681184768676758, 
    "F_706_3": 20.916061401367188, 
    "F_923_3": 21.249727249145508, 
    "F_458_3": 21.128610610961914, 
    "F_768_3": 20.799047470092773, 
    "Z": 3.0152225494384766, 
    "F_799_3": 21.090463638305664, 
    "F_427_3": 20.944927215576172, 
    "F_489_3": 20.45273208618164, 
    "F_954_3": 21.131790161132812, 
    "F_830_3": 21.15092658996582, 
    "F_582_3": 20.912195205688477, 
    "F_520_3": 20.813596725463867, 
    "F_892_3": 21.304292678833008
}