{
    "F_644_3": 19.08376121520996, 
    "F_551_3": 19.249677658081055, 
    "F_861_3": 19.039777755737305, 
    "id": "spec-0727-52207-0058-QSOs-301", 
    "F_675_3": 19.17043685913086, 
    "F_737_3": 19.163257598876953, 
    "F_396_3": 19.683046340942383, 
    "F_365_3": 19.745893478393555, 
    "F_613_3": 18.776735305786133, 
    "F_706_3": 19.196855545043945, 
    "F_923_3": 18.98036003112793, 
    "F_458_3": 19.79909324645996, 
    "F_768_3": 18.851953506469727, 
    "Z": 3.024533748626709, 
    "F_799_3": 19.138731002807617, 
    "F_427_3": 19.48944854736328, 
    "F_489_3": 18.61928939819336, 
    "F_954_3": Infinity, 
    "F_830_3": 19.087970733642578, 
    "F_582_3": 19.3657169342041, 
    "F_520_3": 19.319753646850586, 
    "F_892_3": 18.986854553222656
}