{
    "F_644_3": 18.313003540039062, 
    "F_551_3": 18.589847564697266, 
    "F_861_3": 18.327510833740234, 
    "id": "spec-3745-55234-0130-QSOs-301", 
    "F_675_3": 18.41624641418457, 
    "F_737_3": 18.39626693725586, 
    "F_396_3": 19.241506576538086, 
    "F_365_3": 20.359670639038086, 
    "F_613_3": 18.421253204345703, 
    "F_706_3": 18.42516326904297, 
    "F_923_3": 18.29033851623535, 
    "F_458_3": 19.04035758972168, 
    "F_768_3": 18.164674758911133, 
    "Z": 3.0236566066741943, 
    "F_799_3": 18.3525333404541, 
    "F_427_3": 19.045494079589844, 
    "F_489_3": 18.31797981262207, 
    "F_954_3": 18.194326400756836, 
    "F_830_3": 18.351146697998047, 
    "F_582_3": 18.484560012817383, 
    "F_520_3": 18.514301300048828, 
    "F_892_3": 18.362056732177734
}