{
    "F_644_3": 20.573196411132812, 
    "F_551_3": 20.74846839904785, 
    "F_861_3": 20.78852081298828, 
    "id": "spec-4225-55455-0172-QSOs-hz", 
    "F_675_3": 20.749528884887695, 
    "F_737_3": 20.74675178527832, 
    "F_396_3": 21.250080108642578, 
    "F_365_3": 21.368762969970703, 
    "F_613_3": 20.566749572753906, 
    "F_706_3": 20.765159606933594, 
    "F_923_3": 20.76443862915039, 
    "F_458_3": 21.20533561706543, 
    "F_768_3": 20.494535446166992, 
    "Z": 3.0607974529266357, 
    "F_799_3": 20.757829666137695, 
    "F_427_3": 21.031618118286133, 
    "F_489_3": 20.334197998046875, 
    "F_954_3": 20.57499885559082, 
    "F_830_3": 20.770891189575195, 
    "F_582_3": 20.79290008544922, 
    "F_520_3": 20.715469360351562, 
    "F_892_3": 20.72786521911621
}