{
    "F_644_3": 19.810935974121094, 
    "F_551_3": 20.01599884033203, 
    "F_861_3": 19.807554244995117, 
    "id": "spec-0834-52316-0292-QSOs-301", 
    "F_675_3": 19.860729217529297, 
    "F_737_3": 19.757253646850586, 
    "F_396_3": 20.767398834228516, 
    "F_365_3": 20.641990661621094, 
    "F_613_3": 19.626232147216797, 
    "F_706_3": 19.814374923706055, 
    "F_923_3": 19.865814208984375, 
    "F_458_3": 20.787723541259766, 
    "F_768_3": 19.644710540771484, 
    "Z": 3.0205769538879395, 
    "F_799_3": 19.78848648071289, 
    "F_427_3": 20.548974990844727, 
    "F_489_3": 19.522966384887695, 
    "F_954_3": Infinity, 
    "F_830_3": 19.84423828125, 
    "F_582_3": 19.98667335510254, 
    "F_520_3": 20.014474868774414, 
    "F_892_3": 19.90911293029785
}