{
    "F_644_3": 19.88774299621582, 
    "F_551_3": 20.1766300201416, 
    "F_861_3": 19.768596649169922, 
    "id": "spec-3606-55182-0272-QSOs-hz", 
    "F_675_3": 19.78361701965332, 
    "F_737_3": 19.889888763427734, 
    "F_396_3": 21.426700592041016, 
    "F_365_3": 21.684906005859375, 
    "F_613_3": 20.112577438354492, 
    "F_706_3": 19.91474151611328, 
    "F_923_3": 19.687868118286133, 
    "F_458_3": 21.05128288269043, 
    "F_768_3": 19.85783576965332, 
    "Z": 3.2864880561828613, 
    "F_799_3": 19.600536346435547, 
    "F_427_3": 20.907268524169922, 
    "F_489_3": 20.841646194458008, 
    "F_954_3": 19.629806518554688, 
    "F_830_3": 19.59406089782715, 
    "F_582_3": 20.23276710510254, 
    "F_520_3": 19.61052894592285, 
    "F_892_3": 19.65047836303711
}