{
    "F_644_3": 19.621850967407227, 
    "F_551_3": 19.736249923706055, 
    "F_861_3": 19.35964584350586, 
    "id": "spec-5010-55748-0242-QSOs-hz", 
    "F_675_3": 19.538888931274414, 
    "F_737_3": 19.39238929748535, 
    "F_396_3": 20.579055786132812, 
    "F_365_3": 21.294992446899414, 
    "F_613_3": 19.589643478393555, 
    "F_706_3": 19.45956039428711, 
    "F_923_3": 19.383577346801758, 
    "F_458_3": 20.34901237487793, 
    "F_768_3": 19.255529403686523, 
    "Z": 3.060267448425293, 
    "F_799_3": 19.376102447509766, 
    "F_427_3": 20.30548095703125, 
    "F_489_3": 19.930696487426758, 
    "F_954_3": 19.280309677124023, 
    "F_830_3": 19.354915618896484, 
    "F_582_3": 19.723342895507812, 
    "F_520_3": 19.835847854614258, 
    "F_892_3": 19.402801513671875
}