{
    "F_644_3": 21.852306365966797, 
    "F_551_3": 22.05118751525879, 
    "F_861_3": 21.397823333740234, 
    "id": "spec-4231-55444-0758-QSOs-301", 
    "F_675_3": 21.788328170776367, 
    "F_737_3": 21.59261703491211, 
    "F_396_3": 22.454652786254883, 
    "F_365_3": 22.034690856933594, 
    "F_613_3": 21.672300338745117, 
    "F_706_3": 21.678436279296875, 
    "F_923_3": 21.240957260131836, 
    "F_458_3": 22.51933479309082, 
    "F_768_3": 21.346712112426758, 
    "Z": 3.010866403579712, 
    "F_799_3": 21.448856353759766, 
    "F_427_3": 22.5729923248291, 
    "F_489_3": 21.688411712646484, 
    "F_954_3": 20.77900505065918, 
    "F_830_3": 21.367965698242188, 
    "F_582_3": 21.928258895874023, 
    "F_520_3": 22.074377059936523, 
    "F_892_3": 21.252124786376953
}