{
    "F_644_3": 20.59937858581543, 
    "F_551_3": 20.694427490234375, 
    "F_861_3": 20.802520751953125, 
    "id": "spec-4215-55471-0323-QSOs-hz", 
    "F_675_3": 20.5583553314209, 
    "F_737_3": 20.72119903564453, 
    "F_396_3": 21.58780288696289, 
    "F_365_3": 21.511791229248047, 
    "F_613_3": 20.70475196838379, 
    "F_706_3": 20.68467903137207, 
    "F_923_3": 20.821134567260742, 
    "F_458_3": 21.019899368286133, 
    "F_768_3": 20.671934127807617, 
    "Z": 3.28637433052063, 
    "F_799_3": 20.587366104125977, 
    "F_427_3": 21.235668182373047, 
    "F_489_3": 21.14676284790039, 
    "F_954_3": 20.60088539123535, 
    "F_830_3": 20.612415313720703, 
    "F_582_3": 20.73224449157715, 
    "F_520_3": 20.459426879882812, 
    "F_892_3": 20.837556838989258
}