{
    "F_644_3": 22.120101928710938, 
    "F_551_3": 22.178295135498047, 
    "F_861_3": 22.279312133789062, 
    "id": "spec-3779-55222-0616-QSOs-301", 
    "F_675_3": 22.319076538085938, 
    "F_737_3": 22.22236442565918, 
    "F_396_3": 22.043827056884766, 
    "F_365_3": 21.7670955657959, 
    "F_613_3": 21.864429473876953, 
    "F_706_3": 22.404735565185547, 
    "F_923_3": 22.157075881958008, 
    "F_458_3": 22.42193603515625, 
    "F_768_3": 22.11440658569336, 
    "Z": 3.018131732940674, 
    "F_799_3": 22.22917938232422, 
    "F_427_3": 22.07394027709961, 
    "F_489_3": 21.694429397583008, 
    "F_954_3": 21.790721893310547, 
    "F_830_3": 22.271446228027344, 
    "F_582_3": 22.303348541259766, 
    "F_520_3": 22.33847427368164, 
    "F_892_3": 22.208818435668945
}