{
    "F_644_3": 19.67681312561035, 
    "F_551_3": 19.87183952331543, 
    "F_861_3": 19.035795211791992, 
    "id": "spec-4464-55866-0166-QSOs-hz", 
    "F_675_3": 19.46697235107422, 
    "F_737_3": 19.697864532470703, 
    "F_396_3": 23.198694229125977, 
    "F_365_3": 22.940250396728516, 
    "F_613_3": 20.159894943237305, 
    "F_706_3": 19.609933853149414, 
    "F_923_3": 18.95322608947754, 
    "F_458_3": 21.495670318603516, 
    "F_768_3": 19.38764762878418, 
    "Z": 3.287419557571411, 
    "F_799_3": 19.120014190673828, 
    "F_427_3": 21.86554527282715, 
    "F_489_3": 21.382482528686523, 
    "F_954_3": 18.84911346435547, 
    "F_830_3": 19.01199722290039, 
    "F_582_3": 19.913320541381836, 
    "F_520_3": 19.549325942993164, 
    "F_892_3": 18.909828186035156
}