{
    "F_644_3": 21.366230010986328, 
    "F_551_3": 21.51322364807129, 
    "F_861_3": 21.291885375976562, 
    "id": "spec-4556-55912-0682-QSOs-301", 
    "F_675_3": 21.398090362548828, 
    "F_737_3": 21.26526641845703, 
    "F_396_3": 21.965930938720703, 
    "F_365_3": 21.980640411376953, 
    "F_613_3": 21.228408813476562, 
    "F_706_3": 21.35103416442871, 
    "F_923_3": 21.11993980407715, 
    "F_458_3": 22.041662216186523, 
    "F_768_3": 21.04290771484375, 
    "Z": 3.01176381111145, 
    "F_799_3": 21.275197982788086, 
    "F_427_3": 21.974796295166016, 
    "F_489_3": 21.131935119628906, 
    "F_954_3": 20.969833374023438, 
    "F_830_3": 21.25285530090332, 
    "F_582_3": 21.666688919067383, 
    "F_520_3": 21.685386657714844, 
    "F_892_3": 21.158660888671875
}