{
    "F_644_3": 21.306854248046875, 
    "F_551_3": 21.504301071166992, 
    "F_861_3": 21.720041275024414, 
    "id": "spec-4053-55591-0601-QSOs-hz", 
    "F_675_3": 21.513338088989258, 
    "F_737_3": 21.606491088867188, 
    "F_396_3": 21.714365005493164, 
    "F_365_3": 21.426939010620117, 
    "F_613_3": 21.324888229370117, 
    "F_706_3": 21.642492294311523, 
    "F_923_3": 21.629777908325195, 
    "F_458_3": 21.781108856201172, 
    "F_768_3": 21.312744140625, 
    "Z": 3.0580859184265137, 
    "F_799_3": 21.657045364379883, 
    "F_427_3": 21.46563148498535, 
    "F_489_3": 20.855823516845703, 
    "F_954_3": 21.67510986328125, 
    "F_830_3": 21.627182006835938, 
    "F_582_3": 21.509910583496094, 
    "F_520_3": 21.464248657226562, 
    "F_892_3": 21.732479095458984
}