{
    "F_644_3": 20.579124450683594, 
    "F_551_3": 20.72559928894043, 
    "F_861_3": 20.428518295288086, 
    "id": "spec-3829-55300-0646-QSOs-301", 
    "F_675_3": 20.698711395263672, 
    "F_737_3": 20.560447692871094, 
    "F_396_3": 21.279132843017578, 
    "F_365_3": 21.361631393432617, 
    "F_613_3": 20.337909698486328, 
    "F_706_3": 20.67629051208496, 
    "F_923_3": 20.363201141357422, 
    "F_458_3": 21.19715118408203, 
    "F_768_3": 20.386598587036133, 
    "Z": 3.0179924964904785, 
    "F_799_3": 20.56073570251465, 
    "F_427_3": 21.00943374633789, 
    "F_489_3": 20.246728897094727, 
    "F_954_3": 20.186241149902344, 
    "F_830_3": 20.47502899169922, 
    "F_582_3": 20.75312042236328, 
    "F_520_3": 20.826459884643555, 
    "F_892_3": 20.425357818603516
}