{
    "F_644_3": 22.67013168334961, 
    "F_551_3": 22.74531364440918, 
    "F_861_3": Infinity, 
    "id": "spec-4388-55536-0029-QSOs-hz", 
    "F_675_3": 22.8437557220459, 
    "F_737_3": 22.92584228515625, 
    "F_396_3": 22.73629379272461, 
    "F_365_3": 22.40324592590332, 
    "F_613_3": 22.49587059020996, 
    "F_706_3": 22.80853843688965, 
    "F_923_3": 22.799028396606445, 
    "F_458_3": 22.949752807617188, 
    "F_768_3": 22.67406463623047, 
    "Z": 3.0611722469329834, 
    "F_799_3": 22.995498657226562, 
    "F_427_3": 22.754005432128906, 
    "F_489_3": 21.862348556518555, 
    "F_954_3": 21.997278213500977, 
    "F_830_3": 22.73941993713379, 
    "F_582_3": 22.729225158691406, 
    "F_520_3": 22.65633773803711, 
    "F_892_3": 22.755096435546875
}