{
    "F_644_3": 19.802433013916016, 
    "F_551_3": 20.004966735839844, 
    "F_861_3": 19.682613372802734, 
    "id": "spec-6588-56536-0332-QSOs-301", 
    "F_675_3": 19.88102912902832, 
    "F_737_3": 19.78387451171875, 
    "F_396_3": 20.673559188842773, 
    "F_365_3": 20.871116638183594, 
    "F_613_3": 19.554922103881836, 
    "F_706_3": 19.852327346801758, 
    "F_923_3": 19.50926399230957, 
    "F_458_3": 20.564992904663086, 
    "F_768_3": 19.57022476196289, 
    "Z": 3.0120890140533447, 
    "F_799_3": 19.76150894165039, 
    "F_427_3": 20.34636116027832, 
    "F_489_3": 19.464384078979492, 
    "F_954_3": 19.341306686401367, 
    "F_830_3": 19.67982292175293, 
    "F_582_3": 20.040084838867188, 
    "F_520_3": 20.099729537963867, 
    "F_892_3": 19.582670211791992
}