{
    "F_644_3": 21.63079071044922, 
    "F_551_3": 21.78050994873047, 
    "F_861_3": 21.705034255981445, 
    "id": "spec-6646-56389-0644-QSOs-hz", 
    "F_675_3": 21.700458526611328, 
    "F_737_3": 21.688825607299805, 
    "F_396_3": 22.142269134521484, 
    "F_365_3": 21.931854248046875, 
    "F_613_3": 21.371469497680664, 
    "F_706_3": 21.8498477935791, 
    "F_923_3": 21.696651458740234, 
    "F_458_3": 22.21432113647461, 
    "F_768_3": 21.520179748535156, 
    "Z": 3.0586397647857666, 
    "F_799_3": 21.735197067260742, 
    "F_427_3": 22.03289031982422, 
    "F_489_3": 21.219982147216797, 
    "F_954_3": 21.293725967407227, 
    "F_830_3": 21.795215606689453, 
    "F_582_3": 21.815135955810547, 
    "F_520_3": 21.808807373046875, 
    "F_892_3": 21.658761978149414
}