{
    "F_644_3": 21.920564651489258, 
    "F_551_3": 21.89092254638672, 
    "F_861_3": 22.14007568359375, 
    "id": "spec-4719-55736-0886-QSOs-301", 
    "F_675_3": 22.168506622314453, 
    "F_737_3": 21.986831665039062, 
    "F_396_3": 22.408323287963867, 
    "F_365_3": 21.90926742553711, 
    "F_613_3": 21.480762481689453, 
    "F_706_3": 22.100027084350586, 
    "F_923_3": 21.999462127685547, 
    "F_458_3": 22.46430778503418, 
    "F_768_3": 21.852174758911133, 
    "Z": 3.0117268562316895, 
    "F_799_3": 22.125736236572266, 
    "F_427_3": 22.189470291137695, 
    "F_489_3": 21.52651596069336, 
    "F_954_3": 21.911909103393555, 
    "F_830_3": 22.097143173217773, 
    "F_582_3": 22.10469627380371, 
    "F_520_3": 22.139726638793945, 
    "F_892_3": 22.16312599182129
}