{
    "F_644_3": 20.498937606811523, 
    "F_551_3": 20.91779899597168, 
    "F_861_3": 20.66195297241211, 
    "id": "spec-5173-56046-0664-QSOs-hz", 
    "F_675_3": 20.73695182800293, 
    "F_737_3": 20.741491317749023, 
    "F_396_3": 21.491960525512695, 
    "F_365_3": 21.284040451049805, 
    "F_613_3": 20.4534912109375, 
    "F_706_3": 20.796098709106445, 
    "F_923_3": 20.620420455932617, 
    "F_458_3": 21.694353103637695, 
    "F_768_3": 20.525815963745117, 
    "Z": 3.061088800430298, 
    "F_799_3": 20.748798370361328, 
    "F_427_3": 21.165006637573242, 
    "F_489_3": 20.087953567504883, 
    "F_954_3": 20.45253562927246, 
    "F_830_3": 20.711238861083984, 
    "F_582_3": 20.90044593811035, 
    "F_520_3": 20.783035278320312, 
    "F_892_3": 20.663494110107422
}