{
    "F_644_3": 19.53293228149414, 
    "F_551_3": 19.701047897338867, 
    "F_861_3": 19.285945892333984, 
    "id": "spec-4953-55749-0953-QSOs-hz", 
    "F_675_3": 19.53727912902832, 
    "F_737_3": 19.410444259643555, 
    "F_396_3": 20.57379150390625, 
    "F_365_3": 21.04444694519043, 
    "F_613_3": 19.588525772094727, 
    "F_706_3": 19.423320770263672, 
    "F_923_3": 19.263269424438477, 
    "F_458_3": 20.346967697143555, 
    "F_768_3": 19.206491470336914, 
    "Z": 3.059603214263916, 
    "F_799_3": 19.36199951171875, 
    "F_427_3": 20.191726684570312, 
    "F_489_3": 19.937414169311523, 
    "F_954_3": 19.108915328979492, 
    "F_830_3": 19.289825439453125, 
    "F_582_3": 19.700761795043945, 
    "F_520_3": 19.712556838989258, 
    "F_892_3": 19.264270782470703
}