{
    "F_644_3": 21.647233963012695, 
    "F_551_3": 21.797252655029297, 
    "F_861_3": 21.953102111816406, 
    "id": "spec-6641-56383-0722-QSOs-301", 
    "F_675_3": 21.77302360534668, 
    "F_737_3": 21.764850616455078, 
    "F_396_3": 22.59346580505371, 
    "F_365_3": 22.837100982666016, 
    "F_613_3": 21.36675262451172, 
    "F_706_3": 21.776329040527344, 
    "F_923_3": 21.72707748413086, 
    "F_458_3": 22.372316360473633, 
    "F_768_3": 21.63890266418457, 
    "Z": 3.010042428970337, 
    "F_799_3": 21.801025390625, 
    "F_427_3": 22.12106704711914, 
    "F_489_3": 21.44373893737793, 
    "F_954_3": 21.647571563720703, 
    "F_830_3": 21.859323501586914, 
    "F_582_3": 21.931659698486328, 
    "F_520_3": 21.966533660888672, 
    "F_892_3": 21.882518768310547
}