{
    "F_644_3": 18.99808692932129, 
    "F_551_3": 19.190563201904297, 
    "F_861_3": 18.976953506469727, 
    "id": "spec-0982-52466-0442-QSOs-301", 
    "F_675_3": 19.04920768737793, 
    "F_737_3": 19.0118465423584, 
    "F_396_3": 19.86307716369629, 
    "F_365_3": 19.923866271972656, 
    "F_613_3": 18.76283073425293, 
    "F_706_3": 19.041105270385742, 
    "F_923_3": 18.94218635559082, 
    "F_458_3": 19.673568725585938, 
    "F_768_3": 18.847681045532227, 
    "Z": 3.014782428741455, 
    "F_799_3": 19.00055694580078, 
    "F_427_3": 19.608985900878906, 
    "F_489_3": 18.67491912841797, 
    "F_954_3": Infinity, 
    "F_830_3": 18.95055389404297, 
    "F_582_3": 19.185455322265625, 
    "F_520_3": 19.236934661865234, 
    "F_892_3": 18.940156936645508
}