{
    "F_644_3": 21.93558692932129, 
    "F_551_3": 22.26091766357422, 
    "F_861_3": 22.025146484375, 
    "id": "spec-5302-55896-0207-QSOs-hz", 
    "F_675_3": 22.1899471282959, 
    "F_737_3": 22.3511905670166, 
    "F_396_3": 22.63571548461914, 
    "F_365_3": 22.4011287689209, 
    "F_613_3": 21.854015350341797, 
    "F_706_3": 22.450529098510742, 
    "F_923_3": 22.055479049682617, 
    "F_458_3": 22.803630828857422, 
    "F_768_3": 22.06061363220215, 
    "Z": 3.060624837875366, 
    "F_799_3": 22.22827911376953, 
    "F_427_3": 22.52052116394043, 
    "F_489_3": 21.77585792541504, 
    "F_954_3": 21.274370193481445, 
    "F_830_3": 22.265167236328125, 
    "F_582_3": 22.155500411987305, 
    "F_520_3": 22.362096786499023, 
    "F_892_3": 21.89532470703125
}