{
    "F_644_3": 20.681936264038086, 
    "F_551_3": 20.952110290527344, 
    "F_861_3": 20.542083740234375, 
    "id": "spec-7083-56722-0093-QSOs-301", 
    "F_675_3": 20.741966247558594, 
    "F_737_3": 20.683130264282227, 
    "F_396_3": 21.869239807128906, 
    "F_365_3": 22.202110290527344, 
    "F_613_3": 20.627498626708984, 
    "F_706_3": 20.70876121520996, 
    "F_923_3": 20.312137603759766, 
    "F_458_3": 21.518918991088867, 
    "F_768_3": 20.402441024780273, 
    "Z": 3.012620449066162, 
    "F_799_3": 20.695955276489258, 
    "F_427_3": 21.56144905090332, 
    "F_489_3": 20.468982696533203, 
    "F_954_3": 20.278921127319336, 
    "F_830_3": 20.582019805908203, 
    "F_582_3": 20.959997177124023, 
    "F_520_3": 20.85708999633789, 
    "F_892_3": 20.51628303527832
}