{
    "F_644_3": 20.061630249023438, 
    "F_551_3": 20.80729103088379, 
    "F_861_3": 20.13409423828125, 
    "id": "spec-5434-56033-0764-QSOs-hz", 
    "F_675_3": 20.2634334564209, 
    "F_737_3": 20.28915786743164, 
    "F_396_3": 22.280054092407227, 
    "F_365_3": 21.97336769104004, 
    "F_613_3": 20.241994857788086, 
    "F_706_3": 20.298294067382812, 
    "F_923_3": 19.96195411682129, 
    "F_458_3": 21.824356079101562, 
    "F_768_3": 19.935413360595703, 
    "Z": 3.059617757797241, 
    "F_799_3": 20.201934814453125, 
    "F_427_3": 21.756332397460938, 
    "F_489_3": 20.730993270874023, 
    "F_954_3": 19.883716583251953, 
    "F_830_3": 20.183963775634766, 
    "F_582_3": 20.688386917114258, 
    "F_520_3": 20.832218170166016, 
    "F_892_3": 20.08487319946289
}