{
    "F_644_3": 20.23821258544922, 
    "F_551_3": 20.476276397705078, 
    "F_861_3": 20.31073570251465, 
    "id": "spec-6142-56219-0849-QSOs-hz", 
    "F_675_3": 20.373205184936523, 
    "F_737_3": 20.378332138061523, 
    "F_396_3": 20.916715621948242, 
    "F_365_3": 20.967052459716797, 
    "F_613_3": 20.206266403198242, 
    "F_706_3": 20.3840389251709, 
    "F_923_3": 20.223657608032227, 
    "F_458_3": 20.92287826538086, 
    "F_768_3": 20.174219131469727, 
    "Z": 3.0613696575164795, 
    "F_799_3": 20.36742401123047, 
    "F_427_3": 20.656009674072266, 
    "F_489_3": 20.1215763092041, 
    "F_954_3": 20.13861083984375, 
    "F_830_3": 20.322799682617188, 
    "F_582_3": 20.46052360534668, 
    "F_520_3": 20.444398880004883, 
    "F_892_3": 20.27117347717285
}