{
    "F_644_3": 20.40297508239746, 
    "F_551_3": 20.735382080078125, 
    "F_861_3": 20.511655807495117, 
    "id": "spec-5159-55856-0134-QSOs-301", 
    "F_675_3": 20.514066696166992, 
    "F_737_3": 20.462833404541016, 
    "F_396_3": 21.71710968017578, 
    "F_365_3": 21.704654693603516, 
    "F_613_3": 20.30307960510254, 
    "F_706_3": 20.49738883972168, 
    "F_923_3": 20.233434677124023, 
    "F_458_3": 21.14479637145996, 
    "F_768_3": 20.229503631591797, 
    "Z": 3.013842821121216, 
    "F_799_3": 20.537832260131836, 
    "F_427_3": 21.148197174072266, 
    "F_489_3": 20.596635818481445, 
    "F_954_3": 20.206939697265625, 
    "F_830_3": 20.485506057739258, 
    "F_582_3": 20.637378692626953, 
    "F_520_3": 20.68290901184082, 
    "F_892_3": 20.547760009765625
}