{
    "F_644_3": 21.140005111694336, 
    "F_551_3": 21.277687072753906, 
    "F_861_3": 21.4176082611084, 
    "id": "spec-5187-56074-0594-QSOs-301", 
    "F_675_3": 21.382755279541016, 
    "F_737_3": 21.4061222076416, 
    "F_396_3": 21.86652183532715, 
    "F_365_3": 21.612674713134766, 
    "F_613_3": 20.66134262084961, 
    "F_706_3": 21.43040657043457, 
    "F_923_3": 21.315227508544922, 
    "F_458_3": 21.722007751464844, 
    "F_768_3": 21.13349723815918, 
    "Z": 3.0100789070129395, 
    "F_799_3": 21.46222496032715, 
    "F_427_3": 21.509035110473633, 
    "F_489_3": 20.500457763671875, 
    "F_954_3": 21.24170684814453, 
    "F_830_3": 21.38298988342285, 
    "F_582_3": 21.44307518005371, 
    "F_520_3": 21.367284774780273, 
    "F_892_3": 21.418071746826172
}