{
    "F_644_3": 20.402841567993164, 
    "F_551_3": 20.656848907470703, 
    "F_861_3": 20.45076560974121, 
    "id": "spec-4722-55735-0964-QSOs-hz", 
    "F_675_3": 20.44525909423828, 
    "F_737_3": 20.600614547729492, 
    "F_396_3": 21.881826400756836, 
    "F_365_3": 21.925132751464844, 
    "F_613_3": 20.724754333496094, 
    "F_706_3": 20.556241989135742, 
    "F_923_3": 20.3596134185791, 
    "F_458_3": 21.28691864013672, 
    "F_768_3": 20.555835723876953, 
    "Z": 3.2871217727661133, 
    "F_799_3": 20.264406204223633, 
    "F_427_3": 21.389118194580078, 
    "F_489_3": 21.434703826904297, 
    "F_954_3": 20.21306800842285, 
    "F_830_3": 20.303834915161133, 
    "F_582_3": 20.797481536865234, 
    "F_520_3": 20.161745071411133, 
    "F_892_3": 20.224536895751953
}