{
    "F_644_3": 21.60253143310547, 
    "F_551_3": 22.11809539794922, 
    "F_861_3": 21.659563064575195, 
    "id": "spec-7339-56722-0867-QSOs-hz", 
    "F_675_3": 21.809852600097656, 
    "F_737_3": 21.64116859436035, 
    "F_396_3": 23.034154891967773, 
    "F_365_3": 22.442977905273438, 
    "F_613_3": 21.81534767150879, 
    "F_706_3": 21.724868774414062, 
    "F_923_3": 21.67228126525879, 
    "F_458_3": 23.199565887451172, 
    "F_768_3": 21.29668617248535, 
    "Z": 3.0614941120147705, 
    "F_799_3": 21.703901290893555, 
    "F_427_3": 22.91066551208496, 
    "F_489_3": 21.915658950805664, 
    "F_954_3": 21.227380752563477, 
    "F_830_3": 21.668920516967773, 
    "F_582_3": 21.875932693481445, 
    "F_520_3": 22.194534301757812, 
    "F_892_3": 21.66326904296875
}