{
    "F_644_3": 20.98352813720703, 
    "F_551_3": 21.317407608032227, 
    "F_861_3": 21.087665557861328, 
    "id": "spec-3858-55273-0464-QSOs-hz", 
    "F_675_3": 21.123741149902344, 
    "F_737_3": 21.104917526245117, 
    "F_396_3": 21.940942764282227, 
    "F_365_3": 21.94499397277832, 
    "F_613_3": 20.880029678344727, 
    "F_706_3": 21.159603118896484, 
    "F_923_3": 21.10841941833496, 
    "F_458_3": 21.72385025024414, 
    "F_768_3": 20.904897689819336, 
    "Z": 3.060307502746582, 
    "F_799_3": 21.178356170654297, 
    "F_427_3": 21.658605575561523, 
    "F_489_3": 20.836624145507812, 
    "F_954_3": 20.977109909057617, 
    "F_830_3": 21.10207748413086, 
    "F_582_3": 21.22139549255371, 
    "F_520_3": 21.293447494506836, 
    "F_892_3": 21.120162963867188
}