{
    "F_644_3": 20.656808853149414, 
    "F_551_3": 20.868867874145508, 
    "F_861_3": 20.48605728149414, 
    "id": "spec-6155-56245-0018-QSOs-hz", 
    "F_675_3": 20.704195022583008, 
    "F_737_3": 20.612234115600586, 
    "F_396_3": 21.429473876953125, 
    "F_365_3": 21.2770938873291, 
    "F_613_3": 20.637845993041992, 
    "F_706_3": 20.70222282409668, 
    "F_923_3": 20.495357513427734, 
    "F_458_3": 21.363821029663086, 
    "F_768_3": 20.314685821533203, 
    "Z": 3.0600483417510986, 
    "F_799_3": 20.548738479614258, 
    "F_427_3": 21.290143966674805, 
    "F_489_3": 20.335277557373047, 
    "F_954_3": 20.2637996673584, 
    "F_830_3": 20.52713394165039, 
    "F_582_3": 20.868581771850586, 
    "F_520_3": 20.75726890563965, 
    "F_892_3": 20.413631439208984
}