{
    "F_644_3": 20.90309715270996, 
    "F_551_3": 21.32914924621582, 
    "F_861_3": 20.828367233276367, 
    "id": "spec-3875-55364-0460-QSOs-301", 
    "F_675_3": 21.091567993164062, 
    "F_737_3": 20.979141235351562, 
    "F_396_3": 22.100994110107422, 
    "F_365_3": 21.59685516357422, 
    "F_613_3": 20.976215362548828, 
    "F_706_3": 20.982145309448242, 
    "F_923_3": 20.507537841796875, 
    "F_458_3": 22.016372680664062, 
    "F_768_3": 20.533550262451172, 
    "Z": 3.0241713523864746, 
    "F_799_3": 20.928192138671875, 
    "F_427_3": 21.792701721191406, 
    "F_489_3": 20.96422004699707, 
    "F_954_3": 20.52566909790039, 
    "F_830_3": 20.785114288330078, 
    "F_582_3": 21.217182159423828, 
    "F_520_3": 21.271915435791016, 
    "F_892_3": 20.75712013244629
}