{
    "F_644_3": 19.531600952148438, 
    "F_551_3": 19.75532341003418, 
    "F_861_3": 19.363618850708008, 
    "id": "spec-5434-56033-0770-QSOs-301", 
    "F_675_3": 19.57555389404297, 
    "F_737_3": 19.409826278686523, 
    "F_396_3": 20.40598487854004, 
    "F_365_3": 20.577049255371094, 
    "F_613_3": 19.40769386291504, 
    "F_706_3": 19.550580978393555, 
    "F_923_3": 19.193540573120117, 
    "F_458_3": 20.305513381958008, 
    "F_768_3": 19.273351669311523, 
    "Z": 3.0108211040496826, 
    "F_799_3": 19.44545555114746, 
    "F_427_3": 20.259763717651367, 
    "F_489_3": 19.345598220825195, 
    "F_954_3": 19.12754249572754, 
    "F_830_3": 19.36318016052246, 
    "F_582_3": 19.787967681884766, 
    "F_520_3": 19.81731414794922, 
    "F_892_3": 19.31513786315918
}