{
    "F_644_3": 21.164701461791992, 
    "F_551_3": 21.281158447265625, 
    "F_861_3": 21.5373477935791, 
    "id": "spec-5069-56211-0441-QSOs-hz", 
    "F_675_3": 21.306842803955078, 
    "F_737_3": 21.359220504760742, 
    "F_396_3": 21.672147750854492, 
    "F_365_3": 21.453699111938477, 
    "F_613_3": 21.20012855529785, 
    "F_706_3": 21.3229923248291, 
    "F_923_3": 21.67415428161621, 
    "F_458_3": 21.820907592773438, 
    "F_768_3": 21.256914138793945, 
    "Z": 3.0614235401153564, 
    "F_799_3": 21.404870986938477, 
    "F_427_3": 21.532142639160156, 
    "F_489_3": 21.00140380859375, 
    "F_954_3": Infinity, 
    "F_830_3": 21.445697784423828, 
    "F_582_3": 21.358524322509766, 
    "F_520_3": 21.26616668701172, 
    "F_892_3": 21.7374267578125
}