{
    "F_644_3": 21.684011459350586, 
    "F_551_3": 22.10797119140625, 
    "F_861_3": 21.72730255126953, 
    "id": "spec-3763-55508-0740-QSOs-hz", 
    "F_675_3": 21.95068359375, 
    "F_737_3": 21.941015243530273, 
    "F_396_3": Infinity, 
    "F_365_3": Infinity, 
    "F_613_3": 21.662036895751953, 
    "F_706_3": 21.919170379638672, 
    "F_923_3": 21.627553939819336, 
    "F_458_3": Infinity, 
    "F_768_3": 21.622488021850586, 
    "Z": 3.058324098587036, 
    "F_799_3": 21.855632781982422, 
    "F_427_3": Infinity, 
    "F_489_3": Infinity, 
    "F_954_3": 21.485254287719727, 
    "F_830_3": 21.8338680267334, 
    "F_582_3": 22.039316177368164, 
    "F_520_3": 21.98042106628418, 
    "F_892_3": 21.737417221069336
}