{
    "F_644_3": 19.21319580078125, 
    "F_551_3": 19.25404930114746, 
    "F_861_3": 19.339797973632812, 
    "id": "spec-6629-56365-0401-QSOs-301", 
    "F_675_3": 19.24849510192871, 
    "F_737_3": 19.179258346557617, 
    "F_396_3": 19.996416091918945, 
    "F_365_3": 20.427248001098633, 
    "F_613_3": 19.004562377929688, 
    "F_706_3": 19.243223190307617, 
    "F_923_3": 19.3039493560791, 
    "F_458_3": 19.86121940612793, 
    "F_768_3": 19.0571231842041, 
    "Z": 3.0103580951690674, 
    "F_799_3": 19.28089714050293, 
    "F_427_3": 19.758668899536133, 
    "F_489_3": 18.929893493652344, 
    "F_954_3": 19.429086685180664, 
    "F_830_3": 19.27121353149414, 
    "F_582_3": 19.344099044799805, 
    "F_520_3": 19.393917083740234, 
    "F_892_3": 19.370357513427734
}