{
    "F_644_3": 23.58294677734375, 
    "F_551_3": 23.06368637084961, 
    "F_861_3": Infinity, 
    "id": "spec-3775-55207-0160-QSOs-301", 
    "F_675_3": 23.77606201171875, 
    "F_737_3": 24.267786026000977, 
    "F_396_3": 22.783950805664062, 
    "F_365_3": 22.3687801361084, 
    "F_613_3": 23.018592834472656, 
    "F_706_3": 23.96693992614746, 
    "F_923_3": Infinity, 
    "F_458_3": 23.121967315673828, 
    "F_768_3": Infinity, 
    "Z": 3.0178182125091553, 
    "F_799_3": Infinity, 
    "F_427_3": 22.835037231445312, 
    "F_489_3": 22.13304328918457, 
    "F_954_3": Infinity, 
    "F_830_3": Infinity, 
    "F_582_3": 23.176359176635742, 
    "F_520_3": 23.06844711303711, 
    "F_892_3": Infinity
}