{
    "F_644_3": 21.887218475341797, 
    "F_551_3": 21.812429428100586, 
    "F_861_3": 21.852590560913086, 
    "id": "spec-5065-55739-0768-QSOs-301", 
    "F_675_3": 21.965805053710938, 
    "F_737_3": 21.825183868408203, 
    "F_396_3": 22.203964233398438, 
    "F_365_3": 21.677112579345703, 
    "F_613_3": 21.477962493896484, 
    "F_706_3": 21.811124801635742, 
    "F_923_3": 21.768842697143555, 
    "F_458_3": 22.44974136352539, 
    "F_768_3": 21.512731552124023, 
    "Z": 3.0129542350769043, 
    "F_799_3": 21.84856605529785, 
    "F_427_3": 22.16762351989746, 
    "F_489_3": 21.184146881103516, 
    "F_954_3": 21.2391300201416, 
    "F_830_3": 21.852092742919922, 
    "F_582_3": 22.094823837280273, 
    "F_520_3": 22.09035873413086, 
    "F_892_3": 21.6191463470459
}