{
    "F_644_3": 20.34156036376953, 
    "F_551_3": 20.463703155517578, 
    "F_861_3": 20.528242111206055, 
    "id": "spec-5295-55978-0826-QSOs-301", 
    "F_675_3": 20.453615188598633, 
    "F_737_3": 20.462717056274414, 
    "F_396_3": 20.76426124572754, 
    "F_365_3": 20.78138542175293, 
    "F_613_3": 20.12295150756836, 
    "F_706_3": 20.495935440063477, 
    "F_923_3": 20.404415130615234, 
    "F_458_3": 20.84554672241211, 
    "F_768_3": 20.26633071899414, 
    "Z": 3.010775089263916, 
    "F_799_3": 20.557985305786133, 
    "F_427_3": 20.64459800720215, 
    "F_489_3": 19.820688247680664, 
    "F_954_3": 20.340694427490234, 
    "F_830_3": 20.5039005279541, 
    "F_582_3": 20.517423629760742, 
    "F_520_3": 20.498676300048828, 
    "F_892_3": 20.550722122192383
}