{
    "F_644_3": 20.094585418701172, 
    "F_551_3": 20.108808517456055, 
    "F_861_3": 20.409496307373047, 
    "id": "spec-6816-56444-0162-QSOs-301", 
    "F_675_3": 20.2830753326416, 
    "F_737_3": 20.30499839782715, 
    "F_396_3": 20.3221378326416, 
    "F_365_3": 20.42452049255371, 
    "F_613_3": 19.80404281616211, 
    "F_706_3": 20.306486129760742, 
    "F_923_3": 20.273483276367188, 
    "F_458_3": 20.4344425201416, 
    "F_768_3": 20.119699478149414, 
    "Z": 3.0152246952056885, 
    "F_799_3": 20.425716400146484, 
    "F_427_3": 20.172115325927734, 
    "F_489_3": 19.392404556274414, 
    "F_954_3": 20.23223876953125, 
    "F_830_3": 20.359102249145508, 
    "F_582_3": 20.238861083984375, 
    "F_520_3": 20.1032772064209, 
    "F_892_3": 20.43146514892578
}