{
    "F_644_3": 22.151765823364258, 
    "F_551_3": 21.939414978027344, 
    "F_861_3": 22.201507568359375, 
    "id": "spec-3829-55300-0498-QSOs-301", 
    "F_675_3": 22.23741340637207, 
    "F_737_3": 22.168432235717773, 
    "F_396_3": 22.370445251464844, 
    "F_365_3": 22.137489318847656, 
    "F_613_3": 21.765338897705078, 
    "F_706_3": 22.27113914489746, 
    "F_923_3": 21.818565368652344, 
    "F_458_3": 22.290042877197266, 
    "F_768_3": 21.991668701171875, 
    "Z": 3.0147879123687744, 
    "F_799_3": 22.2531795501709, 
    "F_427_3": 22.259166717529297, 
    "F_489_3": 21.40656280517578, 
    "F_954_3": 21.323915481567383, 
    "F_830_3": 22.093841552734375, 
    "F_582_3": 22.003856658935547, 
    "F_520_3": 22.00777816772461, 
    "F_892_3": 22.078420639038086
}