{
    "F_644_3": 21.606163024902344, 
    "F_551_3": 22.027530670166016, 
    "F_861_3": 21.491514205932617, 
    "id": "spec-5900-56043-0424-QSOs-hz", 
    "F_675_3": 21.76951789855957, 
    "F_737_3": 21.647214889526367, 
    "F_396_3": 22.59491539001465, 
    "F_365_3": 22.28519630432129, 
    "F_613_3": 21.543794631958008, 
    "F_706_3": 21.695446014404297, 
    "F_923_3": 21.451969146728516, 
    "F_458_3": 22.53470230102539, 
    "F_768_3": 21.429847717285156, 
    "Z": 3.060729503631592, 
    "F_799_3": 21.54644775390625, 
    "F_427_3": 22.363418579101562, 
    "F_489_3": 21.748552322387695, 
    "F_954_3": 21.274168014526367, 
    "F_830_3": 21.534038543701172, 
    "F_582_3": 21.93826675415039, 
    "F_520_3": 22.144872665405273, 
    "F_892_3": 21.484800338745117
}