{
    "F_644_3": 19.12659454345703, 
    "F_551_3": 19.07137680053711, 
    "F_861_3": 19.252119064331055, 
    "id": "spec-5808-56325-0226-QSOs-hz", 
    "F_675_3": 19.184749603271484, 
    "F_737_3": 19.218685150146484, 
    "F_396_3": 19.1501522064209, 
    "F_365_3": 19.26860237121582, 
    "F_613_3": 19.0539493560791, 
    "F_706_3": 19.189064025878906, 
    "F_923_3": 19.26639747619629, 
    "F_458_3": 19.281251907348633, 
    "F_768_3": 19.083528518676758, 
    "Z": 3.0581867694854736, 
    "F_799_3": 19.238874435424805, 
    "F_427_3": 19.076751708984375, 
    "F_489_3": 18.854467391967773, 
    "F_954_3": 19.082365036010742, 
    "F_830_3": 19.255550384521484, 
    "F_582_3": 19.07940673828125, 
    "F_520_3": 19.03716468811035, 
    "F_892_3": 19.245452880859375
}