{
    "F_644_3": 20.160066604614258, 
    "F_551_3": 20.332902908325195, 
    "F_861_3": 20.376808166503906, 
    "id": "spec-5993-56070-0834-QSOs-hz", 
    "F_675_3": 20.341554641723633, 
    "F_737_3": 20.351869583129883, 
    "F_396_3": 20.494171142578125, 
    "F_365_3": 20.56265640258789, 
    "F_613_3": 20.08869743347168, 
    "F_706_3": 20.354534149169922, 
    "F_923_3": Infinity, 
    "F_458_3": 20.900245666503906, 
    "F_768_3": 20.175880432128906, 
    "Z": 3.0620157718658447, 
    "F_799_3": 20.386154174804688, 
    "F_427_3": 20.321069717407227, 
    "F_489_3": 19.848051071166992, 
    "F_954_3": Infinity, 
    "F_830_3": 20.37419891357422, 
    "F_582_3": 20.309728622436523, 
    "F_520_3": 20.273847579956055, 
    "F_892_3": Infinity
}