{
    "F_644_3": 19.680089950561523, 
    "F_551_3": 19.874330520629883, 
    "F_861_3": 19.395532608032227, 
    "id": "spec-5996-56096-0062-QSOs-301", 
    "F_675_3": 19.62538719177246, 
    "F_737_3": 19.495506286621094, 
    "F_396_3": 20.79068946838379, 
    "F_365_3": 20.96898651123047, 
    "F_613_3": 19.491836547851562, 
    "F_706_3": 19.64900016784668, 
    "F_923_3": 19.301374435424805, 
    "F_458_3": 20.463726043701172, 
    "F_768_3": 19.272192001342773, 
    "Z": 3.015296459197998, 
    "F_799_3": 19.470142364501953, 
    "F_427_3": 20.538902282714844, 
    "F_489_3": 19.465490341186523, 
    "F_954_3": 19.238454818725586, 
    "F_830_3": 19.42375946044922, 
    "F_582_3": 19.947004318237305, 
    "F_520_3": 19.989667892456055, 
    "F_892_3": 19.378459930419922
}