{
    "F_644_3": 21.832365036010742, 
    "F_551_3": 22.376386642456055, 
    "F_861_3": 21.913387298583984, 
    "id": "spec-7236-56605-0166-QSOs-hz", 
    "F_675_3": 22.20057487487793, 
    "F_737_3": 22.232234954833984, 
    "F_396_3": 22.73711395263672, 
    "F_365_3": 22.073223114013672, 
    "F_613_3": 21.745786666870117, 
    "F_706_3": 22.298452377319336, 
    "F_923_3": 21.75214958190918, 
    "F_458_3": 22.845590591430664, 
    "F_768_3": 21.856409072875977, 
    "Z": 3.058218240737915, 
    "F_799_3": 22.152559280395508, 
    "F_427_3": 22.712186813354492, 
    "F_489_3": 21.654186248779297, 
    "F_954_3": 21.502071380615234, 
    "F_830_3": 22.016836166381836, 
    "F_582_3": 22.227075576782227, 
    "F_520_3": 22.400432586669922, 
    "F_892_3": 21.783552169799805
}