{
    "F_644_3": 21.17807388305664, 
    "F_551_3": 21.274852752685547, 
    "F_861_3": 21.29636001586914, 
    "id": "spec-5766-56248-0108-QSOs-hz", 
    "F_675_3": 21.281400680541992, 
    "F_737_3": 21.32828712463379, 
    "F_396_3": 21.598716735839844, 
    "F_365_3": 21.573532104492188, 
    "F_613_3": 21.09052085876465, 
    "F_706_3": 21.288318634033203, 
    "F_923_3": 21.09124183654785, 
    "F_458_3": 21.60016632080078, 
    "F_768_3": 21.08631706237793, 
    "Z": 3.059955596923828, 
    "F_799_3": 21.338747024536133, 
    "F_427_3": 21.311731338500977, 
    "F_489_3": 20.5936279296875, 
    "F_954_3": 20.849916458129883, 
    "F_830_3": 21.19413948059082, 
    "F_582_3": 21.231285095214844, 
    "F_520_3": 21.19989585876465, 
    "F_892_3": 21.199636459350586
}