{
    "F_644_3": 19.028615951538086, 
    "F_551_3": 19.361520767211914, 
    "F_861_3": 19.225831985473633, 
    "id": "spec-5014-55717-0221-QSOs-hz", 
    "F_675_3": 19.02876091003418, 
    "F_737_3": 19.34423828125, 
    "F_396_3": 20.422298431396484, 
    "F_365_3": 20.727073669433594, 
    "F_613_3": 19.416893005371094, 
    "F_706_3": 19.229110717773438, 
    "F_923_3": 19.1517333984375, 
    "F_458_3": 19.853939056396484, 
    "F_768_3": 19.319469451904297, 
    "Z": 3.286020517349243, 
    "F_799_3": 19.099197387695312, 
    "F_427_3": 19.831605911254883, 
    "F_489_3": 19.90768051147461, 
    "F_954_3": 19.134912490844727, 
    "F_830_3": 19.032678604125977, 
    "F_582_3": 19.4330997467041, 
    "F_520_3": 18.378421783447266, 
    "F_892_3": 19.15558433532715
}