{
    "F_644_3": 23.252273559570312, 
    "F_551_3": 23.168718338012695, 
    "F_861_3": 23.34375, 
    "id": "spec-3697-55290-0856-QSOs-301", 
    "F_675_3": 23.348220825195312, 
    "F_737_3": 23.37697410583496, 
    "F_396_3": 23.444419860839844, 
    "F_365_3": 23.21400260925293, 
    "F_613_3": 23.03620719909668, 
    "F_706_3": 23.36188316345215, 
    "F_923_3": 23.051471710205078, 
    "F_458_3": 23.51246452331543, 
    "F_768_3": 23.092247009277344, 
    "Z": 3.010369300842285, 
    "F_799_3": 23.352252960205078, 
    "F_427_3": 23.353403091430664, 
    "F_489_3": 22.78517723083496, 
    "F_954_3": 22.860801696777344, 
    "F_830_3": 23.195453643798828, 
    "F_582_3": 23.277732849121094, 
    "F_520_3": 23.1881103515625, 
    "F_892_3": 23.23259735107422
}