{
    "F_644_3": 21.284912109375, 
    "F_551_3": 20.863733291625977, 
    "F_861_3": 21.17917251586914, 
    "id": "spec-5412-55981-0554-QSOs-301", 
    "F_675_3": 21.25327491760254, 
    "F_737_3": 21.14052963256836, 
    "F_396_3": 22.03215217590332, 
    "F_365_3": 22.424428939819336, 
    "F_613_3": 20.95293617248535, 
    "F_706_3": 21.261741638183594, 
    "F_923_3": 21.120492935180664, 
    "F_458_3": 21.69489097595215, 
    "F_768_3": 20.999038696289062, 
    "Z": 3.0144712924957275, 
    "F_799_3": 21.19879913330078, 
    "F_427_3": 21.744720458984375, 
    "F_489_3": 20.849872589111328, 
    "F_954_3": 20.965015411376953, 
    "F_830_3": 21.19359588623047, 
    "F_582_3": 21.220905303955078, 
    "F_520_3": 21.230783462524414, 
    "F_892_3": 21.2443790435791
}