{
    "F_644_3": 20.766408920288086, 
    "F_551_3": 21.01740074157715, 
    "F_861_3": 20.688766479492188, 
    "id": "spec-3696-55277-0438-QSOs-301", 
    "F_675_3": 20.870458602905273, 
    "F_737_3": 20.85752296447754, 
    "F_396_3": 21.603443145751953, 
    "F_365_3": 21.702861785888672, 
    "F_613_3": 20.47762680053711, 
    "F_706_3": 20.85565948486328, 
    "F_923_3": 20.51034164428711, 
    "F_458_3": 21.52357292175293, 
    "F_768_3": 20.446292877197266, 
    "Z": 3.023725748062134, 
    "F_799_3": 20.784873962402344, 
    "F_427_3": 21.445985794067383, 
    "F_489_3": 20.29241371154785, 
    "F_954_3": 20.393102645874023, 
    "F_830_3": 20.712507247924805, 
    "F_582_3": 21.004562377929688, 
    "F_520_3": 21.036941528320312, 
    "F_892_3": 20.626569747924805
}