{
    "F_644_3": 21.99577522277832, 
    "F_551_3": 21.998062133789062, 
    "F_861_3": 21.96065902709961, 
    "id": "spec-6530-56537-0680-QSOs-301", 
    "F_675_3": 22.186925888061523, 
    "F_737_3": 22.008567810058594, 
    "F_396_3": 22.304176330566406, 
    "F_365_3": 21.991878509521484, 
    "F_613_3": 21.45306396484375, 
    "F_706_3": 22.247081756591797, 
    "F_923_3": 21.707592010498047, 
    "F_458_3": 22.775503158569336, 
    "F_768_3": 21.764392852783203, 
    "Z": 3.011760711669922, 
    "F_799_3": 22.108007431030273, 
    "F_427_3": 22.33547592163086, 
    "F_489_3": 21.351511001586914, 
    "F_954_3": 21.32622528076172, 
    "F_830_3": 21.909299850463867, 
    "F_582_3": 22.068859100341797, 
    "F_520_3": 22.11090087890625, 
    "F_892_3": 21.8469181060791
}