{
    "F_644_3": 21.192577362060547, 
    "F_551_3": 21.366044998168945, 
    "F_861_3": 21.156757354736328, 
    "id": "spec-3851-55302-0658-QSOs-301", 
    "F_675_3": 21.286855697631836, 
    "F_737_3": 21.1512393951416, 
    "F_396_3": 22.093496322631836, 
    "F_365_3": 21.760421752929688, 
    "F_613_3": 20.97010612487793, 
    "F_706_3": 21.257341384887695, 
    "F_923_3": 20.96364402770996, 
    "F_458_3": 21.99146842956543, 
    "F_768_3": 20.946645736694336, 
    "Z": 3.016136884689331, 
    "F_799_3": 21.2235164642334, 
    "F_427_3": 21.941627502441406, 
    "F_489_3": 20.973440170288086, 
    "F_954_3": 20.91351890563965, 
    "F_830_3": 21.126604080200195, 
    "F_582_3": 21.53866958618164, 
    "F_520_3": 21.478744506835938, 
    "F_892_3": 21.176671981811523
}