{
    "F_644_3": Infinity, 
    "F_551_3": 19.405588150024414, 
    "F_861_3": Infinity, 
    "id": "spec-2372-53768-0639-QSOs-301", 
    "F_675_3": Infinity, 
    "F_737_3": Infinity, 
    "F_396_3": 19.991029739379883, 
    "F_365_3": 19.7401123046875, 
    "F_613_3": 19.402311325073242, 
    "F_706_3": Infinity, 
    "F_923_3": Infinity, 
    "F_458_3": 19.688947677612305, 
    "F_768_3": Infinity, 
    "Z": 3.0200905799865723, 
    "F_799_3": Infinity, 
    "F_427_3": 19.733423233032227, 
    "F_489_3": 19.59171485900879, 
    "F_954_3": Infinity, 
    "F_830_3": Infinity, 
    "F_582_3": 19.356727600097656, 
    "F_520_3": 19.478174209594727, 
    "F_892_3": Infinity
}