{
    "F_644_3": 21.589599609375, 
    "F_551_3": 21.65738296508789, 
    "F_861_3": 21.770824432373047, 
    "id": "spec-6821-56396-0582-QSOs-301", 
    "F_675_3": 21.82927894592285, 
    "F_737_3": 21.844823837280273, 
    "F_396_3": 21.84200668334961, 
    "F_365_3": 21.435396194458008, 
    "F_613_3": 21.019428253173828, 
    "F_706_3": 21.881940841674805, 
    "F_923_3": 21.669906616210938, 
    "F_458_3": 22.07128143310547, 
    "F_768_3": 21.619192123413086, 
    "Z": 3.014085531234741, 
    "F_799_3": 21.847122192382812, 
    "F_427_3": 21.844200134277344, 
    "F_489_3": 20.669837951660156, 
    "F_954_3": 21.59665870666504, 
    "F_830_3": 21.80478858947754, 
    "F_582_3": 21.648649215698242, 
    "F_520_3": 21.67376136779785, 
    "F_892_3": 21.724761962890625
}