{
    "F_644_3": 19.207738876342773, 
    "F_551_3": 19.342573165893555, 
    "F_861_3": 19.17082977294922, 
    "id": "spec-4609-56251-0930-QSOs-301", 
    "F_675_3": 19.2667179107666, 
    "F_737_3": 19.169893264770508, 
    "F_396_3": 20.073162078857422, 
    "F_365_3": 20.48039436340332, 
    "F_613_3": 19.059568405151367, 
    "F_706_3": 19.262130737304688, 
    "F_923_3": 19.070735931396484, 
    "F_458_3": 19.927120208740234, 
    "F_768_3": 19.018024444580078, 
    "Z": 3.010399580001831, 
    "F_799_3": 19.2010555267334, 
    "F_427_3": 19.94000244140625, 
    "F_489_3": 18.95606803894043, 
    "F_954_3": 19.003511428833008, 
    "F_830_3": 19.173137664794922, 
    "F_582_3": 19.395288467407227, 
    "F_520_3": 19.4183292388916, 
    "F_892_3": 19.160762786865234
}