{
    "F_644_3": 21.433244705200195, 
    "F_551_3": 21.66224479675293, 
    "F_861_3": 21.796527862548828, 
    "id": "spec-4374-55883-0364-QSOs-hz", 
    "F_675_3": 21.672405242919922, 
    "F_737_3": 21.738536834716797, 
    "F_396_3": 21.82455062866211, 
    "F_365_3": 21.538909912109375, 
    "F_613_3": 21.36463165283203, 
    "F_706_3": 21.73151397705078, 
    "F_923_3": 21.917665481567383, 
    "F_458_3": 21.98314094543457, 
    "F_768_3": 21.486370086669922, 
    "Z": 3.0605645179748535, 
    "F_799_3": 21.879220962524414, 
    "F_427_3": 21.88327980041504, 
    "F_489_3": 21.157339096069336, 
    "F_954_3": Infinity, 
    "F_830_3": 21.839494705200195, 
    "F_582_3": 21.735719680786133, 
    "F_520_3": 21.628721237182617, 
    "F_892_3": 21.938936233520508
}