{
    "F_644_3": 20.25429344177246, 
    "F_551_3": 20.51786994934082, 
    "F_861_3": 19.91280746459961, 
    "id": "spec-3679-55209-0244-QSOs-301", 
    "F_675_3": 20.23399543762207, 
    "F_737_3": 20.006166458129883, 
    "F_396_3": 21.96501350402832, 
    "F_365_3": 22.196016311645508, 
    "F_613_3": 20.192344665527344, 
    "F_706_3": 20.137733459472656, 
    "F_923_3": 19.785234451293945, 
    "F_458_3": 21.62184715270996, 
    "F_768_3": 19.811840057373047, 
    "Z": 3.0154266357421875, 
    "F_799_3": 19.96001625061035, 
    "F_427_3": 21.69898796081543, 
    "F_489_3": 20.424400329589844, 
    "F_954_3": 19.650346755981445, 
    "F_830_3": 19.89276123046875, 
    "F_582_3": 20.58213233947754, 
    "F_520_3": 20.744047164916992, 
    "F_892_3": 19.829561233520508
}