{
    "F_644_3": 20.573118209838867, 
    "F_551_3": 21.018571853637695, 
    "F_861_3": 20.735652923583984, 
    "id": "spec-5328-55982-0064-QSOs-hz", 
    "F_675_3": 20.751142501831055, 
    "F_737_3": 20.83272933959961, 
    "F_396_3": 21.49413299560547, 
    "F_365_3": 21.394535064697266, 
    "F_613_3": 20.47682762145996, 
    "F_706_3": 20.915624618530273, 
    "F_923_3": 20.728975296020508, 
    "F_458_3": 21.677507400512695, 
    "F_768_3": 20.61907386779785, 
    "Z": 3.058095932006836, 
    "F_799_3": 20.789995193481445, 
    "F_427_3": 21.255157470703125, 
    "F_489_3": 20.473331451416016, 
    "F_954_3": 20.435653686523438, 
    "F_830_3": 20.752771377563477, 
    "F_582_3": 20.958173751831055, 
    "F_520_3": 21.017549514770508, 
    "F_892_3": 20.709123611450195
}