{
    "F_644_3": 20.12501335144043, 
    "F_551_3": 20.43099021911621, 
    "F_861_3": 20.263084411621094, 
    "id": "spec-5133-55860-0804-QSOs-hz", 
    "F_675_3": 20.07293701171875, 
    "F_737_3": 20.319772720336914, 
    "F_396_3": 21.14467430114746, 
    "F_365_3": 21.002418518066406, 
    "F_613_3": 20.350847244262695, 
    "F_706_3": 20.250682830810547, 
    "F_923_3": 20.199893951416016, 
    "F_458_3": 20.94350814819336, 
    "F_768_3": 20.304203033447266, 
    "Z": 3.2874345779418945, 
    "F_799_3": 20.100841522216797, 
    "F_427_3": 20.77383804321289, 
    "F_489_3": 21.01609992980957, 
    "F_954_3": 20.108497619628906, 
    "F_830_3": 20.06947135925293, 
    "F_582_3": 20.431934356689453, 
    "F_520_3": 19.74016761779785, 
    "F_892_3": 20.175838470458984
}