{
    "F_644_3": 21.324569702148438, 
    "F_551_3": 21.51504135131836, 
    "F_861_3": 21.287399291992188, 
    "id": "spec-3808-55513-0566-QSOs-301", 
    "F_675_3": 21.417659759521484, 
    "F_737_3": 21.30973243713379, 
    "F_396_3": 22.14085578918457, 
    "F_365_3": 21.861080169677734, 
    "F_613_3": 21.12832260131836, 
    "F_706_3": 21.43073081970215, 
    "F_923_3": 21.170982360839844, 
    "F_458_3": 22.037803649902344, 
    "F_768_3": 21.1746826171875, 
    "Z": 3.0163471698760986, 
    "F_799_3": 21.370067596435547, 
    "F_427_3": 21.878713607788086, 
    "F_489_3": 21.190513610839844, 
    "F_954_3": 21.10536766052246, 
    "F_830_3": 21.35740089416504, 
    "F_582_3": 21.56841278076172, 
    "F_520_3": 21.58357810974121, 
    "F_892_3": 21.191381454467773
}