{
    "F_644_3": 22.555957794189453, 
    "F_551_3": 22.134843826293945, 
    "F_861_3": Infinity, 
    "id": "spec-3843-55278-0002-QSOs-301", 
    "F_675_3": 22.71994972229004, 
    "F_737_3": 22.904495239257812, 
    "F_396_3": 22.793352127075195, 
    "F_365_3": 22.557334899902344, 
    "F_613_3": 22.2800235748291, 
    "F_706_3": 22.866580963134766, 
    "F_923_3": 22.878307342529297, 
    "F_458_3": 23.02606201171875, 
    "F_768_3": 22.633502960205078, 
    "Z": 3.023448944091797, 
    "F_799_3": 23.033565521240234, 
    "F_427_3": 22.772705078125, 
    "F_489_3": 22.26778793334961, 
    "F_954_3": Infinity, 
    "F_830_3": 23.024913787841797, 
    "F_582_3": 22.4400691986084, 
    "F_520_3": 22.774770736694336, 
    "F_892_3": Infinity
}