{
    "F_644_3": 18.991806030273438, 
    "F_551_3": 18.890350341796875, 
    "F_861_3": 19.150510787963867, 
    "id": "spec-5731-56363-0382-QSOs-301", 
    "F_675_3": 19.062705993652344, 
    "F_737_3": 19.01335334777832, 
    "F_396_3": 18.882816314697266, 
    "F_365_3": 19.178630828857422, 
    "F_613_3": 18.688785552978516, 
    "F_706_3": 19.080596923828125, 
    "F_923_3": 19.056556701660156, 
    "F_458_3": 19.09036636352539, 
    "F_768_3": 18.818574905395508, 
    "Z": 3.0114810466766357, 
    "F_799_3": 19.1459903717041, 
    "F_427_3": 18.88795280456543, 
    "F_489_3": 18.223838806152344, 
    "F_954_3": 19.029359817504883, 
    "F_830_3": 19.08608055114746, 
    "F_582_3": 19.047941207885742, 
    "F_520_3": 18.900346755981445, 
    "F_892_3": 19.181289672851562
}