{
    "F_644_3": 18.712238311767578, 
    "F_551_3": 19.007064819335938, 
    "F_861_3": 18.790386199951172, 
    "id": "spec-4047-55352-0382-QSOs-hz", 
    "F_675_3": 18.790576934814453, 
    "F_737_3": 18.833494186401367, 
    "F_396_3": 19.762052536010742, 
    "F_365_3": 20.193069458007812, 
    "F_613_3": 18.86271858215332, 
    "F_706_3": 18.794233322143555, 
    "F_923_3": 18.71406364440918, 
    "F_458_3": 19.726560592651367, 
    "F_768_3": 18.62360191345215, 
    "Z": 3.065448760986328, 
    "F_799_3": 18.8179988861084, 
    "F_427_3": 19.536117553710938, 
    "F_489_3": 18.61243438720703, 
    "F_954_3": 18.679889678955078, 
    "F_830_3": 18.7982177734375, 
    "F_582_3": 18.93865203857422, 
    "F_520_3": 18.892595291137695, 
    "F_892_3": 18.773527145385742
}