{
    "F_644_3": 18.869075775146484, 
    "F_551_3": 19.004854202270508, 
    "F_861_3": 18.826141357421875, 
    "id": "spec-3927-55333-0735-QSOs-301", 
    "F_675_3": 18.88477897644043, 
    "F_737_3": 18.820480346679688, 
    "F_396_3": 19.58613395690918, 
    "F_365_3": 19.872798919677734, 
    "F_613_3": 18.830469131469727, 
    "F_706_3": 18.840984344482422, 
    "F_923_3": 18.773427963256836, 
    "F_458_3": 19.460155487060547, 
    "F_768_3": 18.651792526245117, 
    "Z": 3.0195329189300537, 
    "F_799_3": 18.827495574951172, 
    "F_427_3": 19.338855743408203, 
    "F_489_3": 18.781097412109375, 
    "F_954_3": 18.693294525146484, 
    "F_830_3": 18.793136596679688, 
    "F_582_3": 18.96384048461914, 
    "F_520_3": 19.0368709564209, 
    "F_892_3": 18.845504760742188
}