{
    "F_644_3": 19.900415420532227, 
    "F_551_3": 20.156436920166016, 
    "F_861_3": 20.110061645507812, 
    "id": "spec-4241-55450-0630-QSOs-hz", 
    "F_675_3": 19.87782859802246, 
    "F_737_3": 20.097957611083984, 
    "F_396_3": 20.816692352294922, 
    "F_365_3": 21.215057373046875, 
    "F_613_3": 20.08336067199707, 
    "F_706_3": 20.028423309326172, 
    "F_923_3": 20.06639862060547, 
    "F_458_3": 20.446083068847656, 
    "F_768_3": 20.107559204101562, 
    "Z": 3.2872841358184814, 
    "F_799_3": 19.944561004638672, 
    "F_427_3": 20.61237335205078, 
    "F_489_3": 20.618410110473633, 
    "F_954_3": 20.0645809173584, 
    "F_830_3": 19.9023380279541, 
    "F_582_3": 20.1416015625, 
    "F_520_3": 19.660184860229492, 
    "F_892_3": 20.09858512878418
}