{
    "F_644_3": 20.715621948242188, 
    "F_551_3": 21.382766723632812, 
    "F_861_3": 20.120147705078125, 
    "id": "spec-5863-56042-0614-QSOs-301", 
    "F_675_3": 20.7054443359375, 
    "F_737_3": 20.412212371826172, 
    "F_396_3": 22.387008666992188, 
    "F_365_3": 21.892250061035156, 
    "F_613_3": 21.031978607177734, 
    "F_706_3": 20.5740909576416, 
    "F_923_3": 19.939373016357422, 
    "F_458_3": 22.468725204467773, 
    "F_768_3": 20.19126319885254, 
    "Z": 3.014188051223755, 
    "F_799_3": 20.24609375, 
    "F_427_3": 22.22679328918457, 
    "F_489_3": 21.471435546875, 
    "F_954_3": 19.87071418762207, 
    "F_830_3": 20.1763858795166, 
    "F_582_3": 21.347143173217773, 
    "F_520_3": 21.52705955505371, 
    "F_892_3": 20.095178604125977
}