{
    "F_644_3": 20.320030212402344, 
    "F_551_3": 20.37458038330078, 
    "F_861_3": 20.37066078186035, 
    "id": "spec-5166-56065-0670-QSOs-301", 
    "F_675_3": 20.406780242919922, 
    "F_737_3": 20.3835391998291, 
    "F_396_3": 20.723176956176758, 
    "F_365_3": 20.70564079284668, 
    "F_613_3": 19.98832130432129, 
    "F_706_3": 20.393962860107422, 
    "F_923_3": 20.23202133178711, 
    "F_458_3": 20.85489273071289, 
    "F_768_3": 20.141822814941406, 
    "Z": 3.0112946033477783, 
    "F_799_3": 20.4371337890625, 
    "F_427_3": 20.671648025512695, 
    "F_489_3": 19.623498916625977, 
    "F_954_3": 20.24106216430664, 
    "F_830_3": 20.349212646484375, 
    "F_582_3": 20.507858276367188, 
    "F_520_3": 20.52960205078125, 
    "F_892_3": 20.344444274902344
}