{
    "F_644_3": 21.306880950927734, 
    "F_551_3": 21.458417892456055, 
    "F_861_3": 20.90599250793457, 
    "id": "spec-4355-55533-0538-QSOs-301", 
    "F_675_3": 21.2780704498291, 
    "F_737_3": 21.164648056030273, 
    "F_396_3": 21.9044189453125, 
    "F_365_3": 21.90377426147461, 
    "F_613_3": 21.196887969970703, 
    "F_706_3": 21.271244049072266, 
    "F_923_3": 20.729318618774414, 
    "F_458_3": 21.89961814880371, 
    "F_768_3": 21.01407814025879, 
    "Z": 3.02032208442688, 
    "F_799_3": 21.06168556213379, 
    "F_427_3": 21.844738006591797, 
    "F_489_3": 21.344932556152344, 
    "F_954_3": 20.56883430480957, 
    "F_830_3": 20.980806350708008, 
    "F_582_3": 21.544132232666016, 
    "F_520_3": 21.58845329284668, 
    "F_892_3": 20.75303077697754
}