{
    "F_644_3": 20.376731872558594, 
    "F_551_3": 20.813369750976562, 
    "F_861_3": 19.85434913635254, 
    "id": "spec-3751-55234-0050-QSOs-301", 
    "F_675_3": 20.419775009155273, 
    "F_737_3": 20.14647102355957, 
    "F_396_3": 22.46831512451172, 
    "F_365_3": 23.282386779785156, 
    "F_613_3": 20.334228515625, 
    "F_706_3": 20.128921508789062, 
    "F_923_3": 19.704124450683594, 
    "F_458_3": 21.827943801879883, 
    "F_768_3": 19.786046981811523, 
    "Z": 3.019758939743042, 
    "F_799_3": 19.960954666137695, 
    "F_427_3": 21.927772521972656, 
    "F_489_3": 20.178861618041992, 
    "F_954_3": 19.685026168823242, 
    "F_830_3": 19.874454498291016, 
    "F_582_3": 20.53660011291504, 
    "F_520_3": 20.793785095214844, 
    "F_892_3": 19.789493560791016
}