{
    "F_644_3": 21.655635833740234, 
    "F_551_3": 21.835033416748047, 
    "F_861_3": 21.68663787841797, 
    "id": "spec-7307-56720-0688-QSOs-301", 
    "F_675_3": 21.752981185913086, 
    "F_737_3": 21.63262367248535, 
    "F_396_3": 22.299602508544922, 
    "F_365_3": 21.94698143005371, 
    "F_613_3": 21.354198455810547, 
    "F_706_3": 21.797334671020508, 
    "F_923_3": 21.42054557800293, 
    "F_458_3": 22.36123275756836, 
    "F_768_3": 21.593429565429688, 
    "Z": 3.011078119277954, 
    "F_799_3": 21.664539337158203, 
    "F_427_3": 22.31451416015625, 
    "F_489_3": 21.463668823242188, 
    "F_954_3": 21.274288177490234, 
    "F_830_3": 21.658601760864258, 
    "F_582_3": 21.864154815673828, 
    "F_520_3": 21.936891555786133, 
    "F_892_3": 21.6079044342041
}