{
    "F_644_3": 21.913787841796875, 
    "F_551_3": 22.00090980529785, 
    "F_861_3": 21.856393814086914, 
    "id": "spec-4442-55532-0229-QSOs-301", 
    "F_675_3": 22.093664169311523, 
    "F_737_3": 21.935850143432617, 
    "F_396_3": 22.558332443237305, 
    "F_365_3": 22.26656150817871, 
    "F_613_3": 21.566499710083008, 
    "F_706_3": 22.07805824279785, 
    "F_923_3": 21.901058197021484, 
    "F_458_3": 22.704530715942383, 
    "F_768_3": 21.644481658935547, 
    "Z": 3.0129754543304443, 
    "F_799_3": 22.017894744873047, 
    "F_427_3": 22.44862937927246, 
    "F_489_3": 21.288097381591797, 
    "F_954_3": 21.567256927490234, 
    "F_830_3": 21.965627670288086, 
    "F_582_3": 22.08063316345215, 
    "F_520_3": 22.1607666015625, 
    "F_892_3": 21.7745304107666
}