{
    "F_644_3": 22.18568992614746, 
    "F_551_3": 22.36478614807129, 
    "F_861_3": 22.42203712463379, 
    "id": "spec-5435-55982-0694-QSOs-hz", 
    "F_675_3": 22.337797164916992, 
    "F_737_3": 22.31913185119629, 
    "F_396_3": 22.90968894958496, 
    "F_365_3": 22.61528968811035, 
    "F_613_3": 22.18055534362793, 
    "F_706_3": 22.34527587890625, 
    "F_923_3": 22.444791793823242, 
    "F_458_3": 22.846101760864258, 
    "F_768_3": 22.119552612304688, 
    "Z": 3.0620901584625244, 
    "F_799_3": 22.404516220092773, 
    "F_427_3": 22.921146392822266, 
    "F_489_3": 21.986026763916016, 
    "F_954_3": 22.28824234008789, 
    "F_830_3": 22.399465560913086, 
    "F_582_3": 22.307857513427734, 
    "F_520_3": 22.37879180908203, 
    "F_892_3": 22.506303787231445
}