{
    "F_644_3": 18.169937133789062, 
    "F_551_3": 18.520252227783203, 
    "F_861_3": 18.16657829284668, 
    "id": "spec-2531-54572-0246-QSOs-hz", 
    "F_675_3": 18.33331871032715, 
    "F_737_3": 18.301300048828125, 
    "F_396_3": 19.417322158813477, 
    "F_365_3": 19.5152587890625, 
    "F_613_3": 18.16810417175293, 
    "F_706_3": 18.330459594726562, 
    "F_923_3": 18.158035278320312, 
    "F_458_3": 19.192066192626953, 
    "F_768_3": 18.037214279174805, 
    "Z": 3.0602829456329346, 
    "F_799_3": 18.289995193481445, 
    "F_427_3": 18.841331481933594, 
    "F_489_3": 17.932079315185547, 
    "F_954_3": Infinity, 
    "F_830_3": 18.241230010986328, 
    "F_582_3": 18.466909408569336, 
    "F_520_3": 18.479337692260742, 
    "F_892_3": 18.15958023071289
}