{
    "F_644_3": 21.033306121826172, 
    "F_551_3": 21.03276252746582, 
    "F_861_3": 21.06437110900879, 
    "id": "spec-3842-55565-0190-QSOs-301", 
    "F_675_3": 21.17784881591797, 
    "F_737_3": 21.168466567993164, 
    "F_396_3": 21.107271194458008, 
    "F_365_3": 21.142072677612305, 
    "F_613_3": 20.886478424072266, 
    "F_706_3": 21.18155288696289, 
    "F_923_3": 20.986370086669922, 
    "F_458_3": 21.26174545288086, 
    "F_768_3": 21.010629653930664, 
    "Z": 3.01843523979187, 
    "F_799_3": 21.107666015625, 
    "F_427_3": 20.94757080078125, 
    "F_489_3": 20.52303695678711, 
    "F_954_3": 20.645505905151367, 
    "F_830_3": 21.07056427001953, 
    "F_582_3": 21.056747436523438, 
    "F_520_3": 21.042781829833984, 
    "F_892_3": 21.01202392578125
}