{
    "F_644_3": 21.05476951599121, 
    "F_551_3": 21.289724349975586, 
    "F_861_3": 20.4143123626709, 
    "id": "spec-4704-55681-0694-QSOs-301", 
    "F_675_3": 20.803800582885742, 
    "F_737_3": 20.672880172729492, 
    "F_396_3": 22.082456588745117, 
    "F_365_3": 21.681642532348633, 
    "F_613_3": 21.301652908325195, 
    "F_706_3": 20.971622467041016, 
    "F_923_3": 20.222389221191406, 
    "F_458_3": 22.037382125854492, 
    "F_768_3": 20.546283721923828, 
    "Z": 3.013707399368286, 
    "F_799_3": 20.533327102661133, 
    "F_427_3": 21.720230102539062, 
    "F_489_3": 20.932992935180664, 
    "F_954_3": 20.11432456970215, 
    "F_830_3": 20.41486167907715, 
    "F_582_3": 21.295818328857422, 
    "F_520_3": 21.36741828918457, 
    "F_892_3": 20.302217483520508
}