{
    "F_644_3": 19.060598373413086, 
    "F_551_3": 19.357891082763672, 
    "F_861_3": 18.74074363708496, 
    "id": "spec-5374-55947-0608-QSOs-hz", 
    "F_675_3": 19.039764404296875, 
    "F_737_3": 18.914278030395508, 
    "F_396_3": 20.374095916748047, 
    "F_365_3": 20.88266372680664, 
    "F_613_3": 19.14965057373047, 
    "F_706_3": 18.993261337280273, 
    "F_923_3": 18.612445831298828, 
    "F_458_3": 19.966045379638672, 
    "F_768_3": 18.723709106445312, 
    "Z": 3.061450958251953, 
    "F_799_3": 18.86871910095215, 
    "F_427_3": 19.896316528320312, 
    "F_489_3": 18.94730567932129, 
    "F_954_3": 18.493497848510742, 
    "F_830_3": 18.78733253479004, 
    "F_582_3": 19.29718017578125, 
    "F_520_3": 19.09505271911621, 
    "F_892_3": 18.67788314819336
}