{
    "F_644_3": 19.206777572631836, 
    "F_551_3": 19.371625900268555, 
    "F_861_3": 19.145296096801758, 
    "id": "spec-3784-55269-0848-QSOs-301", 
    "F_675_3": 19.321609497070312, 
    "F_737_3": 19.289644241333008, 
    "F_396_3": 20.110748291015625, 
    "F_365_3": 20.27262306213379, 
    "F_613_3": 18.85028839111328, 
    "F_706_3": 19.34592628479004, 
    "F_923_3": 18.908689498901367, 
    "F_458_3": 19.92363929748535, 
    "F_768_3": 19.000638961791992, 
    "Z": 3.0176188945770264, 
    "F_799_3": 19.29864501953125, 
    "F_427_3": 19.637544631958008, 
    "F_489_3": 18.408342361450195, 
    "F_954_3": 18.778118133544922, 
    "F_830_3": 19.19391441345215, 
    "F_582_3": 19.47150993347168, 
    "F_520_3": 19.357362747192383, 
    "F_892_3": 19.073028564453125
}