{
    "F_644_3": 21.17443084716797, 
    "F_551_3": 21.25658416748047, 
    "F_861_3": 21.24650764465332, 
    "id": "spec-7148-56591-0262-QSOs-301", 
    "F_675_3": 21.3076229095459, 
    "F_737_3": 21.191164016723633, 
    "F_396_3": 21.892303466796875, 
    "F_365_3": 21.583593368530273, 
    "F_613_3": 20.923322677612305, 
    "F_706_3": 21.323745727539062, 
    "F_923_3": 21.09610939025879, 
    "F_458_3": 21.692909240722656, 
    "F_768_3": 21.000289916992188, 
    "Z": 3.011090040206909, 
    "F_799_3": 21.267301559448242, 
    "F_427_3": 21.696439743041992, 
    "F_489_3": 20.84026336669922, 
    "F_954_3": 20.648372650146484, 
    "F_830_3": 21.335336685180664, 
    "F_582_3": 21.39596176147461, 
    "F_520_3": 21.441213607788086, 
    "F_892_3": 20.99935531616211
}