{
    "F_644_3": 21.264314651489258, 
    "F_551_3": 21.59554100036621, 
    "F_861_3": 21.595705032348633, 
    "id": "spec-6619-56371-0916-QSOs-hz", 
    "F_675_3": 21.536062240600586, 
    "F_737_3": 21.580089569091797, 
    "F_396_3": 21.99300765991211, 
    "F_365_3": 21.81020164489746, 
    "F_613_3": 21.217470169067383, 
    "F_706_3": 21.61148452758789, 
    "F_923_3": 21.555429458618164, 
    "F_458_3": 22.04938507080078, 
    "F_768_3": 21.3486270904541, 
    "Z": 3.058225631713867, 
    "F_799_3": 21.560779571533203, 
    "F_427_3": 21.80784034729004, 
    "F_489_3": 20.989362716674805, 
    "F_954_3": 21.52483558654785, 
    "F_830_3": 21.584041595458984, 
    "F_582_3": 21.636369705200195, 
    "F_520_3": 21.492618560791016, 
    "F_892_3": 21.597450256347656
}