{
    "F_644_3": 20.89568328857422, 
    "F_551_3": 21.22541618347168, 
    "F_861_3": 21.11870574951172, 
    "id": "spec-4571-55629-0528-QSOs-hz", 
    "F_675_3": 20.84097671508789, 
    "F_737_3": 21.312925338745117, 
    "F_396_3": 22.172317504882812, 
    "F_365_3": 22.20258331298828, 
    "F_613_3": 21.272747039794922, 
    "F_706_3": 21.133670806884766, 
    "F_923_3": 20.994810104370117, 
    "F_458_3": 21.702972412109375, 
    "F_768_3": 21.21116828918457, 
    "Z": 3.286295175552368, 
    "F_799_3": 20.906858444213867, 
    "F_427_3": 21.786338806152344, 
    "F_489_3": 21.69840431213379, 
    "F_954_3": 20.854564666748047, 
    "F_830_3": 20.930133819580078, 
    "F_582_3": 21.28680992126465, 
    "F_520_3": 20.620380401611328, 
    "F_892_3": 20.86628532409668
}