{
    "F_644_3": 20.76844596862793, 
    "F_551_3": 20.865671157836914, 
    "F_861_3": 20.812950134277344, 
    "id": "spec-4611-55603-0384-QSOs-301", 
    "F_675_3": 20.84391212463379, 
    "F_737_3": 20.84276008605957, 
    "F_396_3": 21.14833641052246, 
    "F_365_3": 21.103248596191406, 
    "F_613_3": 20.539169311523438, 
    "F_706_3": 20.841617584228516, 
    "F_923_3": 20.69849395751953, 
    "F_458_3": 21.31591033935547, 
    "F_768_3": 20.601184844970703, 
    "Z": 3.0147390365600586, 
    "F_799_3": 20.810216903686523, 
    "F_427_3": 21.095558166503906, 
    "F_489_3": 20.365612030029297, 
    "F_954_3": 20.72074317932129, 
    "F_830_3": 20.793460845947266, 
    "F_582_3": 20.94472312927246, 
    "F_520_3": 20.946937561035156, 
    "F_892_3": 20.826309204101562
}