{
    "F_644_3": 20.899002075195312, 
    "F_551_3": 20.76682472229004, 
    "F_861_3": 21.37472152709961, 
    "id": "spec-6280-56570-0344-QSOs-301", 
    "F_675_3": 21.0553035736084, 
    "F_737_3": 21.143951416015625, 
    "F_396_3": 20.823104858398438, 
    "F_365_3": 20.808979034423828, 
    "F_613_3": 20.571556091308594, 
    "F_706_3": 21.103761672973633, 
    "F_923_3": 21.316606521606445, 
    "F_458_3": 20.955053329467773, 
    "F_768_3": 21.014123916625977, 
    "Z": 3.01461124420166, 
    "F_799_3": 21.328222274780273, 
    "F_427_3": 20.71907615661621, 
    "F_489_3": 20.187602996826172, 
    "F_954_3": 20.855026245117188, 
    "F_830_3": 21.275009155273438, 
    "F_582_3": 20.900720596313477, 
    "F_520_3": 20.75452423095703, 
    "F_892_3": 21.34011459350586
}