{
    "F_644_3": 21.521352767944336, 
    "F_551_3": 21.77716636657715, 
    "F_861_3": 21.702436447143555, 
    "id": "spec-6745-56425-0892-QSOs-301", 
    "F_675_3": 21.697885513305664, 
    "F_737_3": 21.718334197998047, 
    "F_396_3": 22.11746597290039, 
    "F_365_3": 21.755321502685547, 
    "F_613_3": 21.131074905395508, 
    "F_706_3": 21.81891632080078, 
    "F_923_3": 21.41838836669922, 
    "F_458_3": 22.235858917236328, 
    "F_768_3": 21.516069412231445, 
    "Z": 3.0149543285369873, 
    "F_799_3": 21.814178466796875, 
    "F_427_3": 22.05028533935547, 
    "F_489_3": 21.18314552307129, 
    "F_954_3": 21.161577224731445, 
    "F_830_3": 21.697860717773438, 
    "F_582_3": 21.885766983032227, 
    "F_520_3": 21.878713607788086, 
    "F_892_3": 21.687891006469727
}