{
    "F_644_3": 20.881994247436523, 
    "F_551_3": 21.22091293334961, 
    "F_861_3": 20.703060150146484, 
    "id": "spec-5362-56017-0930-QSOs-hz", 
    "F_675_3": 20.996932983398438, 
    "F_737_3": 20.85764503479004, 
    "F_396_3": 21.880687713623047, 
    "F_365_3": 21.78424644470215, 
    "F_613_3": 20.8482666015625, 
    "F_706_3": 20.887941360473633, 
    "F_923_3": 20.5667667388916, 
    "F_458_3": 22.05524444580078, 
    "F_768_3": 20.571277618408203, 
    "Z": 3.0610504150390625, 
    "F_799_3": 20.80368995666504, 
    "F_427_3": 21.55991554260254, 
    "F_489_3": 20.325626373291016, 
    "F_954_3": 20.429370880126953, 
    "F_830_3": 20.74815559387207, 
    "F_582_3": 21.14525604248047, 
    "F_520_3": 21.137603759765625, 
    "F_892_3": 20.687549591064453
}