{
    "F_644_3": 20.587894439697266, 
    "F_551_3": 20.701173782348633, 
    "F_861_3": 20.79852867126465, 
    "id": "spec-4449-55544-0750-QSOs-hz", 
    "F_675_3": 20.722938537597656, 
    "F_737_3": 20.682497024536133, 
    "F_396_3": 20.985212326049805, 
    "F_365_3": 21.024499893188477, 
    "F_613_3": 20.486249923706055, 
    "F_706_3": 20.712535858154297, 
    "F_923_3": 20.73871612548828, 
    "F_458_3": 21.01198387145996, 
    "F_768_3": 20.407489776611328, 
    "Z": 3.060549020767212, 
    "F_799_3": 20.75419044494629, 
    "F_427_3": 20.826629638671875, 
    "F_489_3": 20.06513786315918, 
    "F_954_3": 20.46223258972168, 
    "F_830_3": 20.838016510009766, 
    "F_582_3": 20.721330642700195, 
    "F_520_3": 20.658004760742188, 
    "F_892_3": 20.721935272216797
}