{
    "F_644_3": 20.679771423339844, 
    "F_551_3": 20.82411003112793, 
    "F_861_3": 21.013072967529297, 
    "id": "spec-4066-55444-0392-QSOs-301", 
    "F_675_3": 20.927799224853516, 
    "F_737_3": 20.913076400756836, 
    "F_396_3": 21.991310119628906, 
    "F_365_3": 21.666845321655273, 
    "F_613_3": 20.446382522583008, 
    "F_706_3": 20.890581130981445, 
    "F_923_3": 20.732107162475586, 
    "F_458_3": 21.90898895263672, 
    "F_768_3": 20.594764709472656, 
    "Z": 3.022049903869629, 
    "F_799_3": 21.03103256225586, 
    "F_427_3": 21.49051856994629, 
    "F_489_3": 19.922874450683594, 
    "F_954_3": 20.571088790893555, 
    "F_830_3": 20.993040084838867, 
    "F_582_3": 20.905614852905273, 
    "F_520_3": 20.798521041870117, 
    "F_892_3": 20.978918075561523
}