{
    "F_644_3": 20.057039260864258, 
    "F_551_3": 20.810029983520508, 
    "F_861_3": 19.996206283569336, 
    "id": "spec-5343-55999-0804-QSOs-hz", 
    "F_675_3": 20.058589935302734, 
    "F_737_3": 20.06340789794922, 
    "F_396_3": 22.043352127075195, 
    "F_365_3": 21.616247177124023, 
    "F_613_3": 20.75443458557129, 
    "F_706_3": 20.06190299987793, 
    "F_923_3": 19.913232803344727, 
    "F_458_3": 21.26713752746582, 
    "F_768_3": 19.736732482910156, 
    "Z": 3.0611801147460938, 
    "F_799_3": 20.01128387451172, 
    "F_427_3": 21.262836456298828, 
    "F_489_3": 20.652023315429688, 
    "F_954_3": 19.838218688964844, 
    "F_830_3": 20.000749588012695, 
    "F_582_3": 20.411218643188477, 
    "F_520_3": 20.335119247436523, 
    "F_892_3": 20.0143985748291
}