{
    "F_644_3": 21.072357177734375, 
    "F_551_3": 21.299884796142578, 
    "F_861_3": 20.922306060791016, 
    "id": "spec-5848-56029-0694-QSOs-301", 
    "F_675_3": 21.17837905883789, 
    "F_737_3": 21.162109375, 
    "F_396_3": 22.07851791381836, 
    "F_365_3": 21.788890838623047, 
    "F_613_3": 20.80150604248047, 
    "F_706_3": 21.14994239807129, 
    "F_923_3": 20.74726676940918, 
    "F_458_3": 21.92637825012207, 
    "F_768_3": 20.80503273010254, 
    "Z": 3.0131866931915283, 
    "F_799_3": 21.033109664916992, 
    "F_427_3": 21.714473724365234, 
    "F_489_3": 20.624879837036133, 
    "F_954_3": 20.678457260131836, 
    "F_830_3": 20.985000610351562, 
    "F_582_3": 21.399431228637695, 
    "F_520_3": 21.495603561401367, 
    "F_892_3": 20.859914779663086
}