{
    "F_644_3": 20.131059646606445, 
    "F_551_3": 20.370920181274414, 
    "F_861_3": 20.26866912841797, 
    "id": "spec-5895-56046-0866-QSOs-hz", 
    "F_675_3": 20.29905128479004, 
    "F_737_3": 20.289012908935547, 
    "F_396_3": 21.077438354492188, 
    "F_365_3": 21.258821487426758, 
    "F_613_3": 20.084157943725586, 
    "F_706_3": 20.32957649230957, 
    "F_923_3": 20.235811233520508, 
    "F_458_3": 20.936748504638672, 
    "F_768_3": 19.99515724182129, 
    "Z": 3.058194637298584, 
    "F_799_3": 20.31188201904297, 
    "F_427_3": 20.69622230529785, 
    "F_489_3": 19.811193466186523, 
    "F_954_3": 20.148303985595703, 
    "F_830_3": 20.281389236450195, 
    "F_582_3": 20.361513137817383, 
    "F_520_3": 20.348247528076172, 
    "F_892_3": 20.297231674194336
}