{
    "F_644_3": 19.738630294799805, 
    "F_551_3": 19.8599853515625, 
    "F_861_3": 19.64394760131836, 
    "id": "spec-3764-55514-0294-QSOs-301", 
    "F_675_3": 19.783660888671875, 
    "F_737_3": 19.673410415649414, 
    "F_396_3": 20.27983283996582, 
    "F_365_3": 20.374385833740234, 
    "F_613_3": 19.550024032592773, 
    "F_706_3": 19.749181747436523, 
    "F_923_3": 19.524463653564453, 
    "F_458_3": 20.470474243164062, 
    "F_768_3": 19.51106071472168, 
    "Z": 3.0147945880889893, 
    "F_799_3": 19.69778060913086, 
    "F_427_3": 20.208471298217773, 
    "F_489_3": 19.487579345703125, 
    "F_954_3": 19.48121452331543, 
    "F_830_3": 19.659591674804688, 
    "F_582_3": 19.92470932006836, 
    "F_520_3": 20.00168228149414, 
    "F_892_3": 19.61179542541504
}