{
    "F_644_3": 21.359437942504883, 
    "F_551_3": 21.584959030151367, 
    "F_861_3": 21.31657600402832, 
    "id": "spec-4206-55471-0338-QSOs-hz", 
    "F_675_3": 21.543149948120117, 
    "F_737_3": 21.493579864501953, 
    "F_396_3": 21.876781463623047, 
    "F_365_3": 21.800804138183594, 
    "F_613_3": 21.16328239440918, 
    "F_706_3": 21.488306045532227, 
    "F_923_3": 21.235713958740234, 
    "F_458_3": 22.288686752319336, 
    "F_768_3": 21.046674728393555, 
    "Z": 3.064887523651123, 
    "F_799_3": 21.421253204345703, 
    "F_427_3": 21.811355590820312, 
    "F_489_3": 20.629858016967773, 
    "F_954_3": 21.053707122802734, 
    "F_830_3": 21.3983154296875, 
    "F_582_3": 21.507400512695312, 
    "F_520_3": 21.724729537963867, 
    "F_892_3": 21.336111068725586
}