{
    "F_644_3": 21.600933074951172, 
    "F_551_3": 21.77326202392578, 
    "F_861_3": 21.893007278442383, 
    "id": "spec-4400-55509-0220-QSOs-hz", 
    "F_675_3": 21.589588165283203, 
    "F_737_3": 22.02714729309082, 
    "F_396_3": 22.107215881347656, 
    "F_365_3": 21.8643798828125, 
    "F_613_3": 21.813703536987305, 
    "F_706_3": 21.90853500366211, 
    "F_923_3": 21.859445571899414, 
    "F_458_3": 21.87296485900879, 
    "F_768_3": 22.018529891967773, 
    "Z": 3.2866461277008057, 
    "F_799_3": 21.876062393188477, 
    "F_427_3": 22.00945472717285, 
    "F_489_3": 22.0797061920166, 
    "F_954_3": 21.8659725189209, 
    "F_830_3": 21.67310333251953, 
    "F_582_3": 21.788799285888672, 
    "F_520_3": 20.849756240844727, 
    "F_892_3": 22.12440299987793
}