{
    "F_644_3": 21.032772064208984, 
    "F_551_3": 21.12635612487793, 
    "F_861_3": 21.27651596069336, 
    "id": "spec-5376-55987-0410-QSOs-hz", 
    "F_675_3": 21.195955276489258, 
    "F_737_3": 21.19184112548828, 
    "F_396_3": 21.553823471069336, 
    "F_365_3": 21.577383041381836, 
    "F_613_3": 20.90576934814453, 
    "F_706_3": 21.12009620666504, 
    "F_923_3": 21.25575828552246, 
    "F_458_3": 21.648910522460938, 
    "F_768_3": 20.8957576751709, 
    "Z": 3.0582730770111084, 
    "F_799_3": 21.1577205657959, 
    "F_427_3": 21.41752815246582, 
    "F_489_3": 20.644346237182617, 
    "F_954_3": 21.098066329956055, 
    "F_830_3": 21.121274948120117, 
    "F_582_3": 21.19776153564453, 
    "F_520_3": 21.254703521728516, 
    "F_892_3": 21.25215721130371
}