{
    "F_644_3": 20.902177810668945, 
    "F_551_3": 21.08853530883789, 
    "F_861_3": 20.658660888671875, 
    "id": "spec-6132-56267-0080-QSOs-301", 
    "F_675_3": 20.919288635253906, 
    "F_737_3": 20.771480560302734, 
    "F_396_3": 21.61298370361328, 
    "F_365_3": 21.616323471069336, 
    "F_613_3": 20.791179656982422, 
    "F_706_3": 20.852434158325195, 
    "F_923_3": 20.503812789916992, 
    "F_458_3": 21.605756759643555, 
    "F_768_3": 20.583873748779297, 
    "Z": 3.010222911834717, 
    "F_799_3": 20.81578254699707, 
    "F_427_3": 21.59004020690918, 
    "F_489_3": 20.729522705078125, 
    "F_954_3": 20.30617332458496, 
    "F_830_3": 20.69810676574707, 
    "F_582_3": 21.116018295288086, 
    "F_520_3": 21.271148681640625, 
    "F_892_3": 20.705509185791016
}