{
    "F_644_3": 21.497581481933594, 
    "F_551_3": 21.469154357910156, 
    "F_861_3": 21.673627853393555, 
    "id": "spec-3757-55508-0096-QSOs-301", 
    "F_675_3": 21.593881607055664, 
    "F_737_3": 21.704397201538086, 
    "F_396_3": 21.682544708251953, 
    "F_365_3": 21.662338256835938, 
    "F_613_3": 21.170427322387695, 
    "F_706_3": 21.61141586303711, 
    "F_923_3": 21.527368545532227, 
    "F_458_3": 21.78795051574707, 
    "F_768_3": 21.43903923034668, 
    "Z": 3.014937162399292, 
    "F_799_3": 21.708494186401367, 
    "F_427_3": 21.60080337524414, 
    "F_489_3": 20.833812713623047, 
    "F_954_3": 21.455625534057617, 
    "F_830_3": 21.682266235351562, 
    "F_582_3": 21.58352279663086, 
    "F_520_3": 21.523164749145508, 
    "F_892_3": 21.54692840576172
}