{
    "F_644_3": 21.299901962280273, 
    "F_551_3": 21.28424072265625, 
    "F_861_3": 21.213281631469727, 
    "id": "spec-4200-55499-0244-QSOs-301", 
    "F_675_3": 21.338476181030273, 
    "F_737_3": 21.19618034362793, 
    "F_396_3": 21.83641815185547, 
    "F_365_3": 21.815921783447266, 
    "F_613_3": 21.208404541015625, 
    "F_706_3": 21.302337646484375, 
    "F_923_3": 21.152711868286133, 
    "F_458_3": 21.621732711791992, 
    "F_768_3": 21.105445861816406, 
    "Z": 3.019429922103882, 
    "F_799_3": 21.21841049194336, 
    "F_427_3": 21.533206939697266, 
    "F_489_3": 21.103628158569336, 
    "F_954_3": 21.087467193603516, 
    "F_830_3": 21.151273727416992, 
    "F_582_3": 21.366165161132812, 
    "F_520_3": 21.28431510925293, 
    "F_892_3": 21.208097457885742
}