{
    "F_644_3": 19.69400978088379, 
    "F_551_3": 19.817331314086914, 
    "F_861_3": 19.676044464111328, 
    "id": "spec-5416-56002-0290-QSOs-301", 
    "F_675_3": 19.750608444213867, 
    "F_737_3": 19.70686149597168, 
    "F_396_3": 20.628923416137695, 
    "F_365_3": 20.781951904296875, 
    "F_613_3": 19.435775756835938, 
    "F_706_3": 19.753101348876953, 
    "F_923_3": 19.61115264892578, 
    "F_458_3": 20.46856117248535, 
    "F_768_3": 19.49300765991211, 
    "Z": 3.012481451034546, 
    "F_799_3": 19.721317291259766, 
    "F_427_3": 20.285011291503906, 
    "F_489_3": 19.24704933166504, 
    "F_954_3": 19.45380210876465, 
    "F_830_3": 19.68516731262207, 
    "F_582_3": 19.94709014892578, 
    "F_520_3": 19.935651779174805, 
    "F_892_3": 19.64875030517578
}