{
    "F_644_3": 22.82676887512207, 
    "F_551_3": 22.95946502685547, 
    "F_861_3": 22.652446746826172, 
    "id": "spec-4344-55557-0034-QSOs-301", 
    "F_675_3": 22.90458869934082, 
    "F_737_3": 22.767026901245117, 
    "F_396_3": 23.20834732055664, 
    "F_365_3": 22.814029693603516, 
    "F_613_3": 22.609092712402344, 
    "F_706_3": 22.763168334960938, 
    "F_923_3": 22.74083709716797, 
    "F_458_3": 23.255075454711914, 
    "F_768_3": 22.59908676147461, 
    "Z": 3.0226125717163086, 
    "F_799_3": 22.716445922851562, 
    "F_427_3": 23.277856826782227, 
    "F_489_3": 22.65494728088379, 
    "F_954_3": Infinity, 
    "F_830_3": 22.691768646240234, 
    "F_582_3": 22.80170249938965, 
    "F_520_3": 23.1092472076416, 
    "F_892_3": 22.72616958618164
}