{
    "F_644_3": 18.977075576782227, 
    "F_551_3": 19.257780075073242, 
    "F_861_3": 19.195709228515625, 
    "id": "spec-4970-56039-0246-QSOs-hz", 
    "F_675_3": 19.144311904907227, 
    "F_737_3": 19.227869033813477, 
    "F_396_3": 19.98424530029297, 
    "F_365_3": 20.218910217285156, 
    "F_613_3": 19.126026153564453, 
    "F_706_3": 19.199344635009766, 
    "F_923_3": 19.117549896240234, 
    "F_458_3": 19.70418357849121, 
    "F_768_3": 18.975950241088867, 
    "Z": 3.0606253147125244, 
    "F_799_3": 19.198036193847656, 
    "F_427_3": 19.497955322265625, 
    "F_489_3": 18.594789505004883, 
    "F_954_3": 19.04105567932129, 
    "F_830_3": 19.192358016967773, 
    "F_582_3": 19.210819244384766, 
    "F_520_3": 19.134685516357422, 
    "F_892_3": 19.187192916870117
}