{
    "F_644_3": 20.53101921081543, 
    "F_551_3": 20.451406478881836, 
    "F_861_3": 20.802013397216797, 
    "id": "spec-4395-55828-0004-QSOs-301", 
    "F_675_3": 20.711820602416992, 
    "F_737_3": 20.722034454345703, 
    "F_396_3": 20.40412712097168, 
    "F_365_3": 20.583425521850586, 
    "F_613_3": 20.170560836791992, 
    "F_706_3": 20.743322372436523, 
    "F_923_3": 20.63025665283203, 
    "F_458_3": 20.957185745239258, 
    "F_768_3": 20.550859451293945, 
    "Z": 3.011698007583618, 
    "F_799_3": 20.769685745239258, 
    "F_427_3": 20.325124740600586, 
    "F_489_3": 19.57338523864746, 
    "F_954_3": 19.955766677856445, 
    "F_830_3": 20.757068634033203, 
    "F_582_3": 20.59180450439453, 
    "F_520_3": 20.448362350463867, 
    "F_892_3": 20.6099910736084
}