{
    "F_644_3": 20.97239875793457, 
    "F_551_3": 21.101816177368164, 
    "F_861_3": 21.128564834594727, 
    "id": "spec-4202-55445-0914-QSOs-301", 
    "F_675_3": 21.15092658996582, 
    "F_737_3": 21.087854385375977, 
    "F_396_3": 21.6964054107666, 
    "F_365_3": 21.73830795288086, 
    "F_613_3": 20.68030548095703, 
    "F_706_3": 21.12049102783203, 
    "F_923_3": 20.944913864135742, 
    "F_458_3": 21.706613540649414, 
    "F_768_3": 20.821048736572266, 
    "Z": 3.020209550857544, 
    "F_799_3": 21.146772384643555, 
    "F_427_3": 21.462310791015625, 
    "F_489_3": 20.38094139099121, 
    "F_954_3": 20.97399139404297, 
    "F_830_3": 21.087045669555664, 
    "F_582_3": 21.260009765625, 
    "F_520_3": 21.17389488220215, 
    "F_892_3": 21.121204376220703
}