{
    "F_644_3": 19.88157081604004, 
    "F_551_3": 20.02937126159668, 
    "F_861_3": 19.71921730041504, 
    "id": "spec-6734-56386-0070-QSOs-301", 
    "F_675_3": 19.899276733398438, 
    "F_737_3": 19.787147521972656, 
    "F_396_3": 21.16971206665039, 
    "F_365_3": 21.091581344604492, 
    "F_613_3": 19.6872501373291, 
    "F_706_3": 19.87578010559082, 
    "F_923_3": 19.524240493774414, 
    "F_458_3": 20.770410537719727, 
    "F_768_3": 19.523962020874023, 
    "Z": 3.010301351547241, 
    "F_799_3": 19.818771362304688, 
    "F_427_3": 20.501806259155273, 
    "F_489_3": 19.6226806640625, 
    "F_954_3": 19.495935440063477, 
    "F_830_3": 19.736173629760742, 
    "F_582_3": 20.187213897705078, 
    "F_520_3": 20.150094985961914, 
    "F_892_3": 19.71697425842285
}