{
    "F_644_3": 22.02167320251465, 
    "F_551_3": 22.179391860961914, 
    "F_861_3": 21.814634323120117, 
    "id": "spec-5420-56009-0457-QSOs-301", 
    "F_675_3": 22.17167854309082, 
    "F_737_3": 22.11186981201172, 
    "F_396_3": 22.859773635864258, 
    "F_365_3": 22.45804786682129, 
    "F_613_3": 21.77577781677246, 
    "F_706_3": 22.20907211303711, 
    "F_923_3": 21.64107322692871, 
    "F_458_3": 22.890460968017578, 
    "F_768_3": 21.70122718811035, 
    "Z": 3.014601945877075, 
    "F_799_3": 22.001934051513672, 
    "F_427_3": 22.650753021240234, 
    "F_489_3": 21.918926239013672, 
    "F_954_3": 21.013294219970703, 
    "F_830_3": 21.874143600463867, 
    "F_582_3": 22.205684661865234, 
    "F_520_3": 22.352428436279297, 
    "F_892_3": 21.635847091674805
}