{
    "F_644_3": 20.722990036010742, 
    "F_551_3": 20.77776336669922, 
    "F_861_3": 20.963266372680664, 
    "id": "spec-5481-55983-0348-QSOs-301", 
    "F_675_3": 20.87049102783203, 
    "F_737_3": 20.747339248657227, 
    "F_396_3": 21.283750534057617, 
    "F_365_3": 21.393346786499023, 
    "F_613_3": 20.40591049194336, 
    "F_706_3": 20.881572723388672, 
    "F_923_3": 20.841075897216797, 
    "F_458_3": 21.15536880493164, 
    "F_768_3": 20.580106735229492, 
    "Z": 3.011719226837158, 
    "F_799_3": 20.83061981201172, 
    "F_427_3": 21.09446907043457, 
    "F_489_3": 20.23815155029297, 
    "F_954_3": 20.70926856994629, 
    "F_830_3": 20.85576629638672, 
    "F_582_3": 20.903484344482422, 
    "F_520_3": 20.870132446289062, 
    "F_892_3": 20.8829402923584
}