{
    "F_644_3": 22.21529769897461, 
    "F_551_3": 22.200925827026367, 
    "F_861_3": 22.43979263305664, 
    "id": "spec-4197-55479-0931-QSOs-301", 
    "F_675_3": 22.366924285888672, 
    "F_737_3": 22.408443450927734, 
    "F_396_3": 22.609209060668945, 
    "F_365_3": 22.20298194885254, 
    "F_613_3": 21.70989227294922, 
    "F_706_3": 22.524730682373047, 
    "F_923_3": 22.24475860595703, 
    "F_458_3": 22.801406860351562, 
    "F_768_3": 22.239763259887695, 
    "Z": 3.0191853046417236, 
    "F_799_3": 22.4031925201416, 
    "F_427_3": 22.473514556884766, 
    "F_489_3": 21.62411880493164, 
    "F_954_3": 21.925867080688477, 
    "F_830_3": 22.434364318847656, 
    "F_582_3": 22.282577514648438, 
    "F_520_3": 22.381189346313477, 
    "F_892_3": 22.419998168945312
}