{
    "F_644_3": 20.85626983642578, 
    "F_551_3": 21.172222137451172, 
    "F_861_3": 20.448345184326172, 
    "id": "spec-5449-56030-0644-QSOs-301", 
    "F_675_3": 20.95045280456543, 
    "F_737_3": 20.707063674926758, 
    "F_396_3": 21.984344482421875, 
    "F_365_3": 21.69123077392578, 
    "F_613_3": 20.595394134521484, 
    "F_706_3": 20.845787048339844, 
    "F_923_3": 20.257776260375977, 
    "F_458_3": 22.041339874267578, 
    "F_768_3": 20.41435432434082, 
    "Z": 3.0105583667755127, 
    "F_799_3": 20.604087829589844, 
    "F_427_3": 21.83146095275879, 
    "F_489_3": 20.58303451538086, 
    "F_954_3": 20.167261123657227, 
    "F_830_3": 20.517433166503906, 
    "F_582_3": 21.162986755371094, 
    "F_520_3": 21.35717010498047, 
    "F_892_3": 20.40100860595703
}