{
    "F_644_3": 19.78510284423828, 
    "F_551_3": 19.99831771850586, 
    "F_861_3": 19.483671188354492, 
    "id": "spec-4216-55477-0210-QSOs-hz", 
    "F_675_3": 19.7056827545166, 
    "F_737_3": 19.56021499633789, 
    "F_396_3": 21.287046432495117, 
    "F_365_3": 21.59418487548828, 
    "F_613_3": 19.730119705200195, 
    "F_706_3": 19.682415008544922, 
    "F_923_3": 19.40976333618164, 
    "F_458_3": 20.882253646850586, 
    "F_768_3": 19.331708908081055, 
    "Z": 3.058419942855835, 
    "F_799_3": 19.503000259399414, 
    "F_427_3": 21.20695686340332, 
    "F_489_3": 20.026805877685547, 
    "F_954_3": 19.27786636352539, 
    "F_830_3": 19.475048065185547, 
    "F_582_3": 20.034650802612305, 
    "F_520_3": 20.124757766723633, 
    "F_892_3": 19.471023559570312
}