{
    "F_644_3": 22.248353958129883, 
    "F_551_3": 22.649974822998047, 
    "F_861_3": 22.17603874206543, 
    "id": "spec-3790-55208-0326-QSOs-301", 
    "F_675_3": 22.44994354248047, 
    "F_737_3": 22.439332962036133, 
    "F_396_3": Infinity, 
    "F_365_3": Infinity, 
    "F_613_3": 21.86308479309082, 
    "F_706_3": 22.502145767211914, 
    "F_923_3": 22.18814468383789, 
    "F_458_3": Infinity, 
    "F_768_3": 22.218448638916016, 
    "Z": 3.023601770401001, 
    "F_799_3": 22.249454498291016, 
    "F_427_3": Infinity, 
    "F_489_3": Infinity, 
    "F_954_3": 21.351049423217773, 
    "F_830_3": 22.35693359375, 
    "F_582_3": 22.608596801757812, 
    "F_520_3": 22.828535079956055, 
    "F_892_3": 21.852027893066406
}