{
    "F_644_3": 22.914669036865234, 
    "F_551_3": 22.954044342041016, 
    "F_861_3": 22.993465423583984, 
    "id": "spec-7108-56686-0736-QSOs-301", 
    "F_675_3": 23.051868438720703, 
    "F_737_3": 23.01271629333496, 
    "F_396_3": 23.323713302612305, 
    "F_365_3": 22.793800354003906, 
    "F_613_3": 22.577186584472656, 
    "F_706_3": 23.069446563720703, 
    "F_923_3": 22.74332046508789, 
    "F_458_3": 23.388137817382812, 
    "F_768_3": 22.84627342224121, 
    "Z": 3.0102012157440186, 
    "F_799_3": 23.052303314208984, 
    "F_427_3": 23.22618865966797, 
    "F_489_3": 22.49654197692871, 
    "F_954_3": 22.46253204345703, 
    "F_830_3": 22.91655158996582, 
    "F_582_3": 23.010446548461914, 
    "F_520_3": 23.02536964416504, 
    "F_892_3": 22.932050704956055
}