{
    "F_644_3": 22.2625675201416, 
    "F_551_3": 22.426311492919922, 
    "F_861_3": 22.03447914123535, 
    "id": "spec-6501-56563-0696-QSOs-hz", 
    "F_675_3": 22.19803810119629, 
    "F_737_3": 22.170652389526367, 
    "F_396_3": 22.8668212890625, 
    "F_365_3": 22.178800582885742, 
    "F_613_3": 22.119029998779297, 
    "F_706_3": 22.183963775634766, 
    "F_923_3": 21.776620864868164, 
    "F_458_3": 23.105998992919922, 
    "F_768_3": 21.911453247070312, 
    "Z": 3.0605902671813965, 
    "F_799_3": 22.062843322753906, 
    "F_427_3": 22.95652961730957, 
    "F_489_3": 22.086877822875977, 
    "F_954_3": 21.32628059387207, 
    "F_830_3": 21.988351821899414, 
    "F_582_3": 22.322032928466797, 
    "F_520_3": 22.59979820251465, 
    "F_892_3": 21.771953582763672
}