{
    "F_644_3": 21.881263732910156, 
    "F_551_3": 22.201772689819336, 
    "F_861_3": 22.207500457763672, 
    "id": "spec-6187-56244-0610-QSOs-hz", 
    "F_675_3": 22.163286209106445, 
    "F_737_3": 22.257577896118164, 
    "F_396_3": 22.52328109741211, 
    "F_365_3": 21.86818504333496, 
    "F_613_3": 21.708879470825195, 
    "F_706_3": 22.312644958496094, 
    "F_923_3": 22.17198944091797, 
    "F_458_3": 22.697202682495117, 
    "F_768_3": 21.972780227661133, 
    "Z": 3.058695077896118, 
    "F_799_3": 22.228832244873047, 
    "F_427_3": 22.303314208984375, 
    "F_489_3": 21.350643157958984, 
    "F_954_3": 22.04212760925293, 
    "F_830_3": 22.19757080078125, 
    "F_582_3": 22.09280776977539, 
    "F_520_3": 22.321603775024414, 
    "F_892_3": 22.16419792175293
}