{
    "F_644_3": 20.47368049621582, 
    "F_551_3": 20.771484375, 
    "F_861_3": 20.386014938354492, 
    "id": "spec-5192-56066-0240-QSOs-hz", 
    "F_675_3": 20.51226234436035, 
    "F_737_3": 20.570287704467773, 
    "F_396_3": 21.393117904663086, 
    "F_365_3": 21.4451904296875, 
    "F_613_3": 20.50748634338379, 
    "F_706_3": 20.55989646911621, 
    "F_923_3": 20.203462600708008, 
    "F_458_3": 21.338781356811523, 
    "F_768_3": 20.26677131652832, 
    "Z": 3.0601236820220947, 
    "F_799_3": 20.513437271118164, 
    "F_427_3": 21.071378707885742, 
    "F_489_3": 20.089082717895508, 
    "F_954_3": 19.95061492919922, 
    "F_830_3": 20.41343879699707, 
    "F_582_3": 20.77332305908203, 
    "F_520_3": 20.75328254699707, 
    "F_892_3": 20.332475662231445
}