{
    "F_644_3": 19.924100875854492, 
    "F_551_3": 20.01299285888672, 
    "F_861_3": 20.163707733154297, 
    "id": "spec-5470-56008-0314-QSOs-301", 
    "F_675_3": 20.023813247680664, 
    "F_737_3": 20.090425491333008, 
    "F_396_3": 20.51030158996582, 
    "F_365_3": 20.704111099243164, 
    "F_613_3": 19.67792510986328, 
    "F_706_3": 20.11155891418457, 
    "F_923_3": 20.020357131958008, 
    "F_458_3": 20.41501808166504, 
    "F_768_3": 19.94497299194336, 
    "Z": 3.014258861541748, 
    "F_799_3": 20.151758193969727, 
    "F_427_3": 20.276809692382812, 
    "F_489_3": 19.499534606933594, 
    "F_954_3": 19.996248245239258, 
    "F_830_3": 20.0985050201416, 
    "F_582_3": 20.104799270629883, 
    "F_520_3": 20.015352249145508, 
    "F_892_3": 20.164609909057617
}