{
    "F_644_3": 19.37031364440918, 
    "F_551_3": 19.784269332885742, 
    "F_861_3": 18.72587776184082, 
    "id": "spec-6823-56687-0366-QSOs-301", 
    "F_675_3": 19.325210571289062, 
    "F_737_3": 19.068891525268555, 
    "F_396_3": 20.651731491088867, 
    "F_365_3": 20.740615844726562, 
    "F_613_3": 19.462203979492188, 
    "F_706_3": 19.241300582885742, 
    "F_923_3": 18.664813995361328, 
    "F_458_3": 20.362836837768555, 
    "F_768_3": 18.946142196655273, 
    "Z": 3.0151913166046143, 
    "F_799_3": 18.891048431396484, 
    "F_427_3": 20.50672721862793, 
    "F_489_3": 20.201539993286133, 
    "F_954_3": 18.632644653320312, 
    "F_830_3": 18.839595794677734, 
    "F_582_3": 19.52239990234375, 
    "F_520_3": 19.98542022705078, 
    "F_892_3": 18.641695022583008
}