{
    "F_644_3": Infinity, 
    "F_551_3": 20.439197540283203, 
    "F_861_3": Infinity, 
    "id": "spec-2820-54599-0304-QSOs-301", 
    "F_675_3": Infinity, 
    "F_737_3": Infinity, 
    "F_396_3": 21.03957176208496, 
    "F_365_3": 21.327072143554688, 
    "F_613_3": 20.067697525024414, 
    "F_706_3": Infinity, 
    "F_923_3": Infinity, 
    "F_458_3": 20.928726196289062, 
    "F_768_3": Infinity, 
    "Z": 3.0149552822113037, 
    "F_799_3": Infinity, 
    "F_427_3": 20.891462326049805, 
    "F_489_3": 20.11603546142578, 
    "F_954_3": Infinity, 
    "F_830_3": Infinity, 
    "F_582_3": 20.49595069885254, 
    "F_520_3": 20.548032760620117, 
    "F_892_3": Infinity
}