{
    "F_644_3": 20.90663719177246, 
    "F_551_3": 21.215879440307617, 
    "F_861_3": 21.285844802856445, 
    "id": "spec-4414-55882-0233-QSOs-hz", 
    "F_675_3": 20.929834365844727, 
    "F_737_3": 21.328861236572266, 
    "F_396_3": 22.25058937072754, 
    "F_365_3": 22.163902282714844, 
    "F_613_3": 21.295379638671875, 
    "F_706_3": 21.208024978637695, 
    "F_923_3": 21.22807502746582, 
    "F_458_3": 21.742870330810547, 
    "F_768_3": 21.294103622436523, 
    "Z": 3.286058187484741, 
    "F_799_3": 21.153474807739258, 
    "F_427_3": 21.859766006469727, 
    "F_489_3": 21.71790313720703, 
    "F_954_3": 21.010398864746094, 
    "F_830_3": 21.209415435791016, 
    "F_582_3": 21.38479995727539, 
    "F_520_3": 20.621929168701172, 
    "F_892_3": 21.287134170532227
}