{
    "F_644_3": 20.41176986694336, 
    "F_551_3": 20.815834045410156, 
    "F_861_3": 20.579435348510742, 
    "id": "spec-3849-55274-0002-QSOs-hz", 
    "F_675_3": 20.617279052734375, 
    "F_737_3": 20.69003677368164, 
    "F_396_3": 21.93211555480957, 
    "F_365_3": 21.791948318481445, 
    "F_613_3": 20.424612045288086, 
    "F_706_3": 20.684701919555664, 
    "F_923_3": 20.378578186035156, 
    "F_458_3": 21.52652931213379, 
    "F_768_3": 20.385780334472656, 
    "Z": 3.0607125759124756, 
    "F_799_3": 20.695837020874023, 
    "F_427_3": 21.448991775512695, 
    "F_489_3": 20.33907127380371, 
    "F_954_3": 20.20068359375, 
    "F_830_3": 20.662200927734375, 
    "F_582_3": 20.772106170654297, 
    "F_520_3": 20.84491539001465, 
    "F_892_3": 20.59905242919922
}