{
    "F_644_3": 24.236351013183594, 
    "F_551_3": 24.625181198120117, 
    "F_861_3": Infinity, 
    "id": "spec-4389-55539-0178-QSOs-301", 
    "F_675_3": 24.45557975769043, 
    "F_737_3": Infinity, 
    "F_396_3": 24.640295028686523, 
    "F_365_3": 23.883005142211914, 
    "F_613_3": 23.73175621032715, 
    "F_706_3": 24.374897003173828, 
    "F_923_3": Infinity, 
    "F_458_3": 25.27954864501953, 
    "F_768_3": Infinity, 
    "Z": 3.022735118865967, 
    "F_799_3": Infinity, 
    "F_427_3": 24.842802047729492, 
    "F_489_3": 24.209619522094727, 
    "F_954_3": Infinity, 
    "F_830_3": Infinity, 
    "F_582_3": 24.420534133911133, 
    "F_520_3": 24.945833206176758, 
    "F_892_3": Infinity
}