{
    "F_644_3": 21.597755432128906, 
    "F_551_3": 21.894737243652344, 
    "F_861_3": 21.516027450561523, 
    "id": "spec-3864-55649-0318-QSOs-301", 
    "F_675_3": 21.661136627197266, 
    "F_737_3": 21.533693313598633, 
    "F_396_3": 22.362764358520508, 
    "F_365_3": 22.050493240356445, 
    "F_613_3": 21.459352493286133, 
    "F_706_3": 21.58561897277832, 
    "F_923_3": 21.3389835357666, 
    "F_458_3": 22.636566162109375, 
    "F_768_3": 21.330766677856445, 
    "Z": 3.0252017974853516, 
    "F_799_3": 21.644662857055664, 
    "F_427_3": 22.2977352142334, 
    "F_489_3": 21.324054718017578, 
    "F_954_3": 21.09013557434082, 
    "F_830_3": 21.553625106811523, 
    "F_582_3": 21.94394302368164, 
    "F_520_3": 22.12010955810547, 
    "F_892_3": 21.402084350585938
}