{
    "F_644_3": 20.979938507080078, 
    "F_551_3": 21.062332153320312, 
    "F_861_3": 21.17207145690918, 
    "id": "spec-6320-56453-0254-QSOs-hz", 
    "F_675_3": 21.14202308654785, 
    "F_737_3": 21.18791389465332, 
    "F_396_3": 21.512916564941406, 
    "F_365_3": 21.33523178100586, 
    "F_613_3": 21.0028133392334, 
    "F_706_3": 21.199108123779297, 
    "F_923_3": 21.10888671875, 
    "F_458_3": 21.54821014404297, 
    "F_768_3": 20.92711067199707, 
    "Z": 3.060272455215454, 
    "F_799_3": 21.230144500732422, 
    "F_427_3": 21.392065048217773, 
    "F_489_3": 20.679126739501953, 
    "F_954_3": 20.874107360839844, 
    "F_830_3": 21.157617568969727, 
    "F_582_3": 21.18080711364746, 
    "F_520_3": 21.170846939086914, 
    "F_892_3": 21.141918182373047
}