{
    "F_644_3": 19.535842895507812, 
    "F_551_3": 20.24040985107422, 
    "F_861_3": 19.873014450073242, 
    "id": "spec-7162-56605-0826-QSOs-hz", 
    "F_675_3": 19.978713989257812, 
    "F_737_3": 19.95836639404297, 
    "F_396_3": 21.16391372680664, 
    "F_365_3": 21.38137435913086, 
    "F_613_3": 19.650115966796875, 
    "F_706_3": 20.049388885498047, 
    "F_923_3": 19.757129669189453, 
    "F_458_3": 20.93401336669922, 
    "F_768_3": 19.550212860107422, 
    "Z": 3.0602500438690186, 
    "F_799_3": 19.895904541015625, 
    "F_427_3": 20.669517517089844, 
    "F_489_3": 19.59219741821289, 
    "F_954_3": 19.617427825927734, 
    "F_830_3": 19.899110794067383, 
    "F_582_3": 20.172117233276367, 
    "F_520_3": 20.07994270324707, 
    "F_892_3": 19.855688095092773
}