{
    "F_644_3": 20.26656723022461, 
    "F_551_3": 20.30171775817871, 
    "F_861_3": 20.22579574584961, 
    "id": "spec-4024-55646-0526-QSOs-301", 
    "F_675_3": 20.345129013061523, 
    "F_737_3": 20.313312530517578, 
    "F_396_3": 20.649139404296875, 
    "F_365_3": 20.61998748779297, 
    "F_613_3": 20.069734573364258, 
    "F_706_3": 20.353321075439453, 
    "F_923_3": 20.124996185302734, 
    "F_458_3": 20.69129180908203, 
    "F_768_3": 20.13156509399414, 
    "Z": 3.015268087387085, 
    "F_799_3": 20.319623947143555, 
    "F_427_3": 20.386125564575195, 
    "F_489_3": 19.803125381469727, 
    "F_954_3": 19.909008026123047, 
    "F_830_3": 20.24044418334961, 
    "F_582_3": 20.380767822265625, 
    "F_520_3": 20.3797550201416, 
    "F_892_3": 20.128883361816406
}