{
    "F_644_3": 21.847949981689453, 
    "F_551_3": 22.3002872467041, 
    "F_861_3": 22.27581787109375, 
    "id": "spec-5296-55922-0283-QSOs-hz", 
    "F_675_3": 22.366107940673828, 
    "F_737_3": 22.28860092163086, 
    "F_396_3": 22.93631935119629, 
    "F_365_3": 22.590740203857422, 
    "F_613_3": 21.696739196777344, 
    "F_706_3": 22.466432571411133, 
    "F_923_3": 22.21739387512207, 
    "F_458_3": 23.146121978759766, 
    "F_768_3": 21.962133407592773, 
    "Z": 3.0606508255004883, 
    "F_799_3": 22.321392059326172, 
    "F_427_3": 22.66516876220703, 
    "F_489_3": 21.499591827392578, 
    "F_954_3": 21.64472007751465, 
    "F_830_3": 22.29389190673828, 
    "F_582_3": 22.417274475097656, 
    "F_520_3": 22.34349250793457, 
    "F_892_3": 22.009601593017578
}