{
    "F_644_3": 21.558279037475586, 
    "F_551_3": 21.738218307495117, 
    "F_861_3": 21.309141159057617, 
    "id": "spec-3872-55382-0912-QSOs-301", 
    "F_675_3": 21.574665069580078, 
    "F_737_3": 21.497509002685547, 
    "F_396_3": 22.719820022583008, 
    "F_365_3": 22.657024383544922, 
    "F_613_3": 21.413551330566406, 
    "F_706_3": 21.586048126220703, 
    "F_923_3": 21.103025436401367, 
    "F_458_3": 22.533185958862305, 
    "F_768_3": 21.28084945678711, 
    "Z": 3.0179049968719482, 
    "F_799_3": 21.376577377319336, 
    "F_427_3": 22.397735595703125, 
    "F_489_3": 21.397483825683594, 
    "F_954_3": 20.99213218688965, 
    "F_830_3": 21.348419189453125, 
    "F_582_3": 21.852001190185547, 
    "F_520_3": 21.824188232421875, 
    "F_892_3": 21.26679801940918
}