{
    "F_644_3": 19.129812240600586, 
    "F_551_3": 19.441303253173828, 
    "F_861_3": 18.888269424438477, 
    "id": "spec-6746-56386-0035-QSOs-301", 
    "F_675_3": 19.077177047729492, 
    "F_737_3": 18.851451873779297, 
    "F_396_3": 20.83575439453125, 
    "F_365_3": 21.25495147705078, 
    "F_613_3": 19.147043228149414, 
    "F_706_3": 19.010446548461914, 
    "F_923_3": 18.83481216430664, 
    "F_458_3": 20.724895477294922, 
    "F_768_3": 18.714962005615234, 
    "Z": 3.0148916244506836, 
    "F_799_3": 18.897314071655273, 
    "F_427_3": 20.220897674560547, 
    "F_489_3": 19.564559936523438, 
    "F_954_3": 18.734355926513672, 
    "F_830_3": 18.829927444458008, 
    "F_582_3": 20.06231117248535, 
    "F_520_3": 19.7497501373291, 
    "F_892_3": 18.92310905456543
}