{
    "F_644_3": 19.699960708618164, 
    "F_551_3": 20.158859252929688, 
    "F_861_3": 20.0247859954834, 
    "id": "spec-4067-55361-0844-QSOs-hz", 
    "F_675_3": 19.954774856567383, 
    "F_737_3": 20.082294464111328, 
    "F_396_3": 20.713672637939453, 
    "F_365_3": 20.875761032104492, 
    "F_613_3": 19.702730178833008, 
    "F_706_3": 20.07189178466797, 
    "F_923_3": 19.96908950805664, 
    "F_458_3": 20.60048484802246, 
    "F_768_3": 19.87787437438965, 
    "Z": 3.0631115436553955, 
    "F_799_3": 20.06412124633789, 
    "F_427_3": 20.451904296875, 
    "F_489_3": 19.575197219848633, 
    "F_954_3": 19.946842193603516, 
    "F_830_3": 20.06017303466797, 
    "F_582_3": 20.091947555541992, 
    "F_520_3": 20.04776382446289, 
    "F_892_3": 20.033716201782227
}