{
    "F_644_3": 20.184926986694336, 
    "F_551_3": 20.423145294189453, 
    "F_861_3": 19.82558822631836, 
    "id": "spec-1516-52933-0520-QSOs-301", 
    "F_675_3": 20.148178100585938, 
    "F_737_3": 20.00208282470703, 
    "F_396_3": 21.203506469726562, 
    "F_365_3": 20.999406814575195, 
    "F_613_3": 20.10957145690918, 
    "F_706_3": 20.113563537597656, 
    "F_923_3": 19.77992057800293, 
    "F_458_3": 21.10163116455078, 
    "F_768_3": 19.835058212280273, 
    "Z": 3.0228939056396484, 
    "F_799_3": 19.92523193359375, 
    "F_427_3": 21.0471248626709, 
    "F_489_3": 20.407047271728516, 
    "F_954_3": Infinity, 
    "F_830_3": 19.86087417602539, 
    "F_582_3": 20.393280029296875, 
    "F_520_3": 20.535097122192383, 
    "F_892_3": 19.761194229125977
}