{
    "F_644_3": 21.91569709777832, 
    "F_551_3": 22.34710121154785, 
    "F_861_3": 22.37468910217285, 
    "id": "spec-3779-55222-0744-QSOs-301", 
    "F_675_3": 22.086538314819336, 
    "F_737_3": 22.027767181396484, 
    "F_396_3": 22.492839813232422, 
    "F_365_3": 22.090757369995117, 
    "F_613_3": 21.79924201965332, 
    "F_706_3": 22.052743911743164, 
    "F_923_3": 22.07691192626953, 
    "F_458_3": 22.79049301147461, 
    "F_768_3": 21.791332244873047, 
    "Z": 3.0164520740509033, 
    "F_799_3": 22.22933578491211, 
    "F_427_3": 22.424436569213867, 
    "F_489_3": 21.457000732421875, 
    "F_954_3": 22.281312942504883, 
    "F_830_3": 22.330955505371094, 
    "F_582_3": 22.40209197998047, 
    "F_520_3": 22.484132766723633, 
    "F_892_3": 22.292949676513672
}