{
    "F_644_3": 20.15180206298828, 
    "F_551_3": 20.395158767700195, 
    "F_861_3": 20.088279724121094, 
    "id": "spec-4440-55539-0038-QSOs-hz", 
    "F_675_3": 20.2087459564209, 
    "F_737_3": 20.162813186645508, 
    "F_396_3": 21.003442764282227, 
    "F_365_3": 21.658275604248047, 
    "F_613_3": 20.06520652770996, 
    "F_706_3": 20.216848373413086, 
    "F_923_3": 19.97883415222168, 
    "F_458_3": 21.016231536865234, 
    "F_768_3": 19.949323654174805, 
    "Z": 3.0605814456939697, 
    "F_799_3": 20.155536651611328, 
    "F_427_3": 20.858062744140625, 
    "F_489_3": 20.327404022216797, 
    "F_954_3": 19.959327697753906, 
    "F_830_3": 20.12395477294922, 
    "F_582_3": 20.40450096130371, 
    "F_520_3": 20.515350341796875, 
    "F_892_3": 20.08477783203125
}