{
    "F_644_3": 19.763105392456055, 
    "F_551_3": 19.787887573242188, 
    "F_861_3": 19.631357192993164, 
    "id": "spec-3983-55603-0582-QSOs-hz", 
    "F_675_3": 19.739980697631836, 
    "F_737_3": 19.669044494628906, 
    "F_396_3": 21.11760139465332, 
    "F_365_3": 22.366125106811523, 
    "F_613_3": 19.866168975830078, 
    "F_706_3": 19.8074951171875, 
    "F_923_3": 19.633819580078125, 
    "F_458_3": 20.250595092773438, 
    "F_768_3": 19.68682098388672, 
    "Z": 3.287107229232788, 
    "F_799_3": 19.479537963867188, 
    "F_427_3": 20.392255783081055, 
    "F_489_3": 20.3037052154541, 
    "F_954_3": 19.661087036132812, 
    "F_830_3": 19.517227172851562, 
    "F_582_3": 19.875831604003906, 
    "F_520_3": 19.701148986816406, 
    "F_892_3": 19.582122802734375
}