{
    "F_644_3": 21.550357818603516, 
    "F_551_3": 21.759336471557617, 
    "F_861_3": 21.631916046142578, 
    "id": "spec-4719-55736-0568-QSOs-hz", 
    "F_675_3": 21.712068557739258, 
    "F_737_3": 21.689697265625, 
    "F_396_3": 22.382509231567383, 
    "F_365_3": 22.11954116821289, 
    "F_613_3": 21.559551239013672, 
    "F_706_3": 21.716983795166016, 
    "F_923_3": 21.549304962158203, 
    "F_458_3": 22.312698364257812, 
    "F_768_3": 21.42095375061035, 
    "Z": 3.0585289001464844, 
    "F_799_3": 21.690994262695312, 
    "F_427_3": 22.136398315429688, 
    "F_489_3": 21.78809356689453, 
    "F_954_3": 21.41105842590332, 
    "F_830_3": 21.66817283630371, 
    "F_582_3": 21.777095794677734, 
    "F_520_3": 21.827800750732422, 
    "F_892_3": 21.721492767333984
}