{
    "F_644_3": 20.938730239868164, 
    "F_551_3": 21.187740325927734, 
    "F_861_3": 21.226518630981445, 
    "id": "spec-5116-55857-0470-QSOs-hz", 
    "F_675_3": 21.269412994384766, 
    "F_737_3": 21.311325073242188, 
    "F_396_3": 21.64903450012207, 
    "F_365_3": 21.526601791381836, 
    "F_613_3": 20.9390869140625, 
    "F_706_3": 21.345401763916016, 
    "F_923_3": 21.195024490356445, 
    "F_458_3": 21.69828987121582, 
    "F_768_3": 21.095487594604492, 
    "Z": 3.058042526245117, 
    "F_799_3": 21.24329376220703, 
    "F_427_3": 21.430835723876953, 
    "F_489_3": 20.6690616607666, 
    "F_954_3": 20.799137115478516, 
    "F_830_3": 21.22805404663086, 
    "F_582_3": 21.36148452758789, 
    "F_520_3": 21.353008270263672, 
    "F_892_3": 21.184877395629883
}