{
    "F_644_3": 21.130268096923828, 
    "F_551_3": 21.813369750976562, 
    "F_861_3": 22.00961685180664, 
    "id": "spec-4757-55653-0384-QSOs-hz", 
    "F_675_3": 21.504474639892578, 
    "F_737_3": 21.810317993164062, 
    "F_396_3": 21.955236434936523, 
    "F_365_3": 21.747079849243164, 
    "F_613_3": 21.065872192382812, 
    "F_706_3": 21.72722625732422, 
    "F_923_3": 21.72064781188965, 
    "F_458_3": 22.17296600341797, 
    "F_768_3": 21.48968505859375, 
    "Z": 3.060140609741211, 
    "F_799_3": 21.972143173217773, 
    "F_427_3": 21.686569213867188, 
    "F_489_3": 20.672523498535156, 
    "F_954_3": 21.820377349853516, 
    "F_830_3": 21.976612091064453, 
    "F_582_3": 21.70400047302246, 
    "F_520_3": 21.62224578857422, 
    "F_892_3": 21.98433494567871
}