{
    "F_644_3": 20.92669105529785, 
    "F_551_3": 21.094003677368164, 
    "F_861_3": 20.952301025390625, 
    "id": "spec-5495-55896-0528-QSOs-hz", 
    "F_675_3": 20.853906631469727, 
    "F_737_3": 20.98373794555664, 
    "F_396_3": 22.045120239257812, 
    "F_365_3": 22.278289794921875, 
    "F_613_3": 21.08858871459961, 
    "F_706_3": 20.99653434753418, 
    "F_923_3": 20.823101043701172, 
    "F_458_3": 21.522212982177734, 
    "F_768_3": 20.944103240966797, 
    "Z": 3.287311315536499, 
    "F_799_3": 20.762258529663086, 
    "F_427_3": 21.91383171081543, 
    "F_489_3": 21.765291213989258, 
    "F_954_3": 20.62425422668457, 
    "F_830_3": 20.789976119995117, 
    "F_582_3": 21.14954376220703, 
    "F_520_3": 20.83885383605957, 
    "F_892_3": 20.934730529785156
}