{
    "F_644_3": 21.36389923095703, 
    "F_551_3": 21.455732345581055, 
    "F_861_3": 21.261978149414062, 
    "id": "spec-3982-55332-0526-QSOs-301", 
    "F_675_3": 21.3746280670166, 
    "F_737_3": 21.31903076171875, 
    "F_396_3": 22.073415756225586, 
    "F_365_3": 22.018400192260742, 
    "F_613_3": 20.978500366210938, 
    "F_706_3": 21.412525177001953, 
    "F_923_3": 21.09809684753418, 
    "F_458_3": 22.01719093322754, 
    "F_768_3": 21.068613052368164, 
    "Z": 3.018559217453003, 
    "F_799_3": 21.360715866088867, 
    "F_427_3": 21.814523696899414, 
    "F_489_3": 20.87965202331543, 
    "F_954_3": 20.86216163635254, 
    "F_830_3": 21.2120304107666, 
    "F_582_3": 21.59619903564453, 
    "F_520_3": 21.535884857177734, 
    "F_892_3": 21.075531005859375
}