{
    "F_644_3": 20.62188720703125, 
    "F_551_3": 20.665178298950195, 
    "F_861_3": 20.729787826538086, 
    "id": "spec-4212-55447-0466-QSOs-301", 
    "F_675_3": 20.712238311767578, 
    "F_737_3": 20.5776424407959, 
    "F_396_3": 21.28082847595215, 
    "F_365_3": 21.001060485839844, 
    "F_613_3": 20.558916091918945, 
    "F_706_3": 20.71169662475586, 
    "F_923_3": 20.588932037353516, 
    "F_458_3": 21.024019241333008, 
    "F_768_3": 20.41548728942871, 
    "Z": 3.0124480724334717, 
    "F_799_3": 20.713857650756836, 
    "F_427_3": 20.8646183013916, 
    "F_489_3": 20.3280086517334, 
    "F_954_3": 20.3618106842041, 
    "F_830_3": 20.61945152282715, 
    "F_582_3": 20.827255249023438, 
    "F_520_3": 20.706146240234375, 
    "F_892_3": 20.689067840576172
}