{
    "F_644_3": 21.748825073242188, 
    "F_551_3": 21.915420532226562, 
    "F_861_3": 22.0108699798584, 
    "id": "spec-5441-56017-0926-QSOs-301", 
    "F_675_3": 21.904451370239258, 
    "F_737_3": 21.90283966064453, 
    "F_396_3": 22.198957443237305, 
    "F_365_3": 21.845022201538086, 
    "F_613_3": 21.4199275970459, 
    "F_706_3": 21.992326736450195, 
    "F_923_3": 21.735679626464844, 
    "F_458_3": 22.393447875976562, 
    "F_768_3": 21.738977432250977, 
    "Z": 3.0148637294769287, 
    "F_799_3": 21.937345504760742, 
    "F_427_3": 22.19890022277832, 
    "F_489_3": 21.525646209716797, 
    "F_954_3": 21.791770935058594, 
    "F_830_3": 21.944944381713867, 
    "F_582_3": 22.028133392333984, 
    "F_520_3": 22.073284149169922, 
    "F_892_3": 21.92722511291504
}