{
    "F_644_3": 21.633201599121094, 
    "F_551_3": 21.684537887573242, 
    "F_861_3": 21.619157791137695, 
    "id": "spec-6403-56357-0182-QSOs-301", 
    "F_675_3": 21.72389030456543, 
    "F_737_3": 21.717145919799805, 
    "F_396_3": 22.10938835144043, 
    "F_365_3": 21.777664184570312, 
    "F_613_3": 21.350427627563477, 
    "F_706_3": 21.727209091186523, 
    "F_923_3": 21.540321350097656, 
    "F_458_3": 22.00339698791504, 
    "F_768_3": 21.575937271118164, 
    "Z": 3.010892868041992, 
    "F_799_3": 21.706851959228516, 
    "F_427_3": 21.93358612060547, 
    "F_489_3": 21.230266571044922, 
    "F_954_3": 21.307077407836914, 
    "F_830_3": 21.694480895996094, 
    "F_582_3": 21.71544647216797, 
    "F_520_3": 21.771724700927734, 
    "F_892_3": 21.704320907592773
}