{
    "F_644_3": 21.5203857421875, 
    "F_551_3": 21.62275505065918, 
    "F_861_3": 21.46106719970703, 
    "id": "spec-4459-55533-0306-QSOs-301", 
    "F_675_3": 21.5950870513916, 
    "F_737_3": 21.589759826660156, 
    "F_396_3": 21.887033462524414, 
    "F_365_3": 21.88768196105957, 
    "F_613_3": 21.359731674194336, 
    "F_706_3": 21.683074951171875, 
    "F_923_3": 21.46266746520996, 
    "F_458_3": 21.977750778198242, 
    "F_768_3": 21.406585693359375, 
    "Z": 3.012070894241333, 
    "F_799_3": 21.5738582611084, 
    "F_427_3": 21.944326400756836, 
    "F_489_3": 21.268571853637695, 
    "F_954_3": 21.203317642211914, 
    "F_830_3": 21.571762084960938, 
    "F_582_3": 21.684303283691406, 
    "F_520_3": 21.692476272583008, 
    "F_892_3": 21.465930938720703
}