{
    "F_644_3": 19.82637596130371, 
    "F_551_3": 19.970962524414062, 
    "F_861_3": 19.87485122680664, 
    "id": "spec-5370-56003-0458-QSOs-301", 
    "F_675_3": 19.903621673583984, 
    "F_737_3": 19.931909561157227, 
    "F_396_3": 20.65303611755371, 
    "F_365_3": 20.906566619873047, 
    "F_613_3": 19.569725036621094, 
    "F_706_3": 19.86511993408203, 
    "F_923_3": 19.781875610351562, 
    "F_458_3": 20.541025161743164, 
    "F_768_3": 19.715177536010742, 
    "Z": 3.013476848602295, 
    "F_799_3": 19.90717887878418, 
    "F_427_3": 20.366374969482422, 
    "F_489_3": 19.310714721679688, 
    "F_954_3": 19.492782592773438, 
    "F_830_3": 19.88050651550293, 
    "F_582_3": 20.06425666809082, 
    "F_520_3": 20.030746459960938, 
    "F_892_3": 19.730724334716797
}