{
    "F_644_3": 20.577926635742188, 
    "F_551_3": 20.824811935424805, 
    "F_861_3": 20.516448974609375, 
    "id": "spec-5706-56165-0262-QSOs-301", 
    "F_675_3": 20.681095123291016, 
    "F_737_3": 20.536102294921875, 
    "F_396_3": 21.76519203186035, 
    "F_365_3": 21.608938217163086, 
    "F_613_3": 20.462242126464844, 
    "F_706_3": 20.621620178222656, 
    "F_923_3": 20.355117797851562, 
    "F_458_3": 21.440393447875977, 
    "F_768_3": 20.345205307006836, 
    "Z": 3.015022039413452, 
    "F_799_3": 20.539392471313477, 
    "F_427_3": 21.36598777770996, 
    "F_489_3": 20.4652099609375, 
    "F_954_3": 20.048402786254883, 
    "F_830_3": 20.52419662475586, 
    "F_582_3": 20.8372745513916, 
    "F_520_3": 20.88665199279785, 
    "F_892_3": 20.415191650390625
}