{
    "F_644_3": 20.608789443969727, 
    "F_551_3": 20.742353439331055, 
    "F_861_3": 20.5530948638916, 
    "id": "spec-5353-55980-0255-QSOs-hz", 
    "F_675_3": 20.694875717163086, 
    "F_737_3": 20.61724090576172, 
    "F_396_3": 21.17597198486328, 
    "F_365_3": 21.279979705810547, 
    "F_613_3": 20.59284210205078, 
    "F_706_3": 20.664993286132812, 
    "F_923_3": 20.51927375793457, 
    "F_458_3": 21.159780502319336, 
    "F_768_3": 20.407474517822266, 
    "Z": 3.0610649585723877, 
    "F_799_3": 20.607616424560547, 
    "F_427_3": 21.0711727142334, 
    "F_489_3": 20.443557739257812, 
    "F_954_3": 20.183055877685547, 
    "F_830_3": 20.590713500976562, 
    "F_582_3": 20.71172332763672, 
    "F_520_3": 20.730504989624023, 
    "F_892_3": 20.487058639526367
}