{
    "F_644_3": 21.251140594482422, 
    "F_551_3": 21.66640853881836, 
    "F_861_3": 21.41193199157715, 
    "id": "spec-4616-55617-0822-QSOs-hz", 
    "F_675_3": 21.388063430786133, 
    "F_737_3": 21.403642654418945, 
    "F_396_3": 22.1458740234375, 
    "F_365_3": 21.591379165649414, 
    "F_613_3": 21.27068519592285, 
    "F_706_3": 21.407682418823242, 
    "F_923_3": 21.426042556762695, 
    "F_458_3": 22.02096939086914, 
    "F_768_3": 21.235183715820312, 
    "Z": 3.0593175888061523, 
    "F_799_3": 21.42353630065918, 
    "F_427_3": 22.068761825561523, 
    "F_489_3": 21.570064544677734, 
    "F_954_3": 21.34197425842285, 
    "F_830_3": 21.484359741210938, 
    "F_582_3": 21.528104782104492, 
    "F_520_3": 21.555049896240234, 
    "F_892_3": 21.446924209594727
}