{
    "F_644_3": 18.40650177001953, 
    "F_551_3": 18.57513999938965, 
    "F_861_3": 18.356689453125, 
    "id": "spec-2782-54592-0152-QSOs-301", 
    "F_675_3": 18.509462356567383, 
    "F_737_3": 18.454631805419922, 
    "F_396_3": 19.21845054626465, 
    "F_365_3": 19.186267852783203, 
    "F_613_3": 18.05406379699707, 
    "F_706_3": 18.53367805480957, 
    "F_923_3": 18.240495681762695, 
    "F_458_3": 19.079072952270508, 
    "F_768_3": 18.12611961364746, 
    "Z": 3.02285099029541, 
    "F_799_3": 18.466936111450195, 
    "F_427_3": 18.982824325561523, 
    "F_489_3": 17.81166648864746, 
    "F_954_3": Infinity, 
    "F_830_3": 18.376768112182617, 
    "F_582_3": 18.65319061279297, 
    "F_520_3": 18.585548400878906, 
    "F_892_3": 18.27603530883789
}