{
    "F_644_3": 20.28017234802246, 
    "F_551_3": 20.45176887512207, 
    "F_861_3": 20.14457893371582, 
    "id": "spec-5374-55947-0572-QSOs-301", 
    "F_675_3": 20.339004516601562, 
    "F_737_3": 20.192792892456055, 
    "F_396_3": 21.18474578857422, 
    "F_365_3": 21.52712059020996, 
    "F_613_3": 20.083314895629883, 
    "F_706_3": 20.291250228881836, 
    "F_923_3": 20.00757598876953, 
    "F_458_3": 20.97162437438965, 
    "F_768_3": 20.014442443847656, 
    "Z": 3.0102152824401855, 
    "F_799_3": 20.210460662841797, 
    "F_427_3": 21.034894943237305, 
    "F_489_3": 19.962249755859375, 
    "F_954_3": 19.92850112915039, 
    "F_830_3": 20.117725372314453, 
    "F_582_3": 20.480087280273438, 
    "F_520_3": 20.53951072692871, 
    "F_892_3": 20.108366012573242
}