{
    "F_644_3": 20.33733558654785, 
    "F_551_3": 20.42249298095703, 
    "F_861_3": 20.461088180541992, 
    "id": "spec-7135-56564-0790-QSOs-301", 
    "F_675_3": 20.456947326660156, 
    "F_737_3": 20.40532112121582, 
    "F_396_3": 21.05236053466797, 
    "F_365_3": 21.280452728271484, 
    "F_613_3": 20.09778594970703, 
    "F_706_3": 20.45665740966797, 
    "F_923_3": 20.401384353637695, 
    "F_458_3": 20.869516372680664, 
    "F_768_3": 20.256637573242188, 
    "Z": 3.014209270477295, 
    "F_799_3": 20.514572143554688, 
    "F_427_3": 20.858028411865234, 
    "F_489_3": 20.109256744384766, 
    "F_954_3": 20.225265502929688, 
    "F_830_3": 20.443984985351562, 
    "F_582_3": 20.543315887451172, 
    "F_520_3": 20.490175247192383, 
    "F_892_3": 20.450027465820312
}