{
    "F_644_3": 20.107479095458984, 
    "F_551_3": 20.421627044677734, 
    "F_861_3": 20.122224807739258, 
    "id": "spec-5995-56093-0204-QSOs-hz", 
    "F_675_3": 20.298757553100586, 
    "F_737_3": 20.19921112060547, 
    "F_396_3": 21.30921173095703, 
    "F_365_3": 21.34052276611328, 
    "F_613_3": 20.16026496887207, 
    "F_706_3": 20.311214447021484, 
    "F_923_3": 20.098684310913086, 
    "F_458_3": 21.006580352783203, 
    "F_768_3": 19.972488403320312, 
    "Z": 3.0586764812469482, 
    "F_799_3": 20.159217834472656, 
    "F_427_3": 20.919466018676758, 
    "F_489_3": 20.129127502441406, 
    "F_954_3": 19.893552780151367, 
    "F_830_3": 20.13986587524414, 
    "F_582_3": 20.39118766784668, 
    "F_520_3": 20.416261672973633, 
    "F_892_3": 20.162137985229492
}