{
    "F_644_3": 21.101905822753906, 
    "F_551_3": 21.19112777709961, 
    "F_861_3": 21.225969314575195, 
    "id": "spec-6469-56328-0984-QSOs-301", 
    "F_675_3": 21.150920867919922, 
    "F_737_3": 21.19969367980957, 
    "F_396_3": 21.78665542602539, 
    "F_365_3": 21.759990692138672, 
    "F_613_3": 20.823200225830078, 
    "F_706_3": 21.236434936523438, 
    "F_923_3": 21.083498001098633, 
    "F_458_3": 21.705942153930664, 
    "F_768_3": 20.99505615234375, 
    "Z": 3.012237310409546, 
    "F_799_3": 21.23661994934082, 
    "F_427_3": 21.47591781616211, 
    "F_489_3": 20.78373146057129, 
    "F_954_3": 20.985366821289062, 
    "F_830_3": 21.291305541992188, 
    "F_582_3": 21.249521255493164, 
    "F_520_3": 21.36269187927246, 
    "F_892_3": 21.19634246826172
}