{
    "F_644_3": 20.602205276489258, 
    "F_551_3": 20.85384750366211, 
    "F_861_3": 20.696855545043945, 
    "id": "spec-5307-55998-0970-QSOs-hz", 
    "F_675_3": 20.509870529174805, 
    "F_737_3": 20.711122512817383, 
    "F_396_3": 21.779129028320312, 
    "F_365_3": 21.812129974365234, 
    "F_613_3": 20.846784591674805, 
    "F_706_3": 20.68393898010254, 
    "F_923_3": 20.6224365234375, 
    "F_458_3": 21.19517707824707, 
    "F_768_3": 20.71482276916504, 
    "Z": 3.286470651626587, 
    "F_799_3": 20.45540428161621, 
    "F_427_3": 21.360191345214844, 
    "F_489_3": 21.504758834838867, 
    "F_954_3": 20.52539825439453, 
    "F_830_3": 20.392698287963867, 
    "F_582_3": 20.867408752441406, 
    "F_520_3": 20.157958984375, 
    "F_892_3": 20.600292205810547
}