{
    "F_644_3": 20.696977615356445, 
    "F_551_3": 20.77651023864746, 
    "F_861_3": 20.530929565429688, 
    "id": "spec-7145-56567-0469-QSOs-301", 
    "F_675_3": 20.707258224487305, 
    "F_737_3": 20.577598571777344, 
    "F_396_3": 21.379735946655273, 
    "F_365_3": 21.17040252685547, 
    "F_613_3": 20.535972595214844, 
    "F_706_3": 20.643205642700195, 
    "F_923_3": 20.316181182861328, 
    "F_458_3": 21.417081832885742, 
    "F_768_3": 20.39274787902832, 
    "Z": 3.0117647647857666, 
    "F_799_3": 20.58063316345215, 
    "F_427_3": 21.318626403808594, 
    "F_489_3": 20.617076873779297, 
    "F_954_3": 20.19223976135254, 
    "F_830_3": 20.513328552246094, 
    "F_582_3": 20.846559524536133, 
    "F_520_3": 20.94692039489746, 
    "F_892_3": 20.497026443481445
}