{
    "F_644_3": 21.266630172729492, 
    "F_551_3": 21.299896240234375, 
    "F_861_3": 21.583547592163086, 
    "id": "spec-4693-55632-0028-QSOs-301", 
    "F_675_3": 21.384601593017578, 
    "F_737_3": 21.416526794433594, 
    "F_396_3": 21.820432662963867, 
    "F_365_3": 21.921222686767578, 
    "F_613_3": 21.069599151611328, 
    "F_706_3": 21.438888549804688, 
    "F_923_3": 21.527753829956055, 
    "F_458_3": 21.789936065673828, 
    "F_768_3": 21.29766273498535, 
    "Z": 3.014775514602661, 
    "F_799_3": 21.56181526184082, 
    "F_427_3": 21.66599464416504, 
    "F_489_3": 20.87501335144043, 
    "F_954_3": 21.302448272705078, 
    "F_830_3": 21.493896484375, 
    "F_582_3": 21.41303253173828, 
    "F_520_3": 21.43675422668457, 
    "F_892_3": 21.629276275634766
}