{
    "F_644_3": 19.64678955078125, 
    "F_551_3": 19.88247299194336, 
    "F_861_3": 19.733200073242188, 
    "id": "spec-4783-55652-0666-QSOs-hz", 
    "F_675_3": 19.674022674560547, 
    "F_737_3": 19.74781036376953, 
    "F_396_3": 20.85694122314453, 
    "F_365_3": 21.602643966674805, 
    "F_613_3": 19.814130783081055, 
    "F_706_3": 19.732473373413086, 
    "F_923_3": 19.680477142333984, 
    "F_458_3": 20.39612579345703, 
    "F_768_3": 19.71832847595215, 
    "Z": 3.2862730026245117, 
    "F_799_3": 19.561372756958008, 
    "F_427_3": 20.325218200683594, 
    "F_489_3": 20.41417121887207, 
    "F_954_3": 19.667587280273438, 
    "F_830_3": 19.564411163330078, 
    "F_582_3": 19.844606399536133, 
    "F_520_3": 19.57807159423828, 
    "F_892_3": 19.70027732849121
}