{
    "F_644_3": 19.4426212310791, 
    "F_551_3": 19.771453857421875, 
    "F_861_3": 19.177030563354492, 
    "id": "spec-3861-55274-0582-QSOs-hz", 
    "F_675_3": 19.401039123535156, 
    "F_737_3": 19.242555618286133, 
    "F_396_3": 20.447919845581055, 
    "F_365_3": 20.89821434020996, 
    "F_613_3": 19.547693252563477, 
    "F_706_3": 19.345869064331055, 
    "F_923_3": 19.153779983520508, 
    "F_458_3": 20.388330459594727, 
    "F_768_3": 19.05457305908203, 
    "Z": 3.058541774749756, 
    "F_799_3": 19.234359741210938, 
    "F_427_3": 20.090850830078125, 
    "F_489_3": 19.48334312438965, 
    "F_954_3": 19.037269592285156, 
    "F_830_3": 19.204334259033203, 
    "F_582_3": 19.665416717529297, 
    "F_520_3": 19.51803970336914, 
    "F_892_3": 19.193361282348633
}