{
    "F_644_3": 21.6929874420166, 
    "F_551_3": 22.088991165161133, 
    "F_861_3": 21.585784912109375, 
    "id": "spec-3751-55234-0658-QSOs-301", 
    "F_675_3": 21.73851203918457, 
    "F_737_3": 21.65793800354004, 
    "F_396_3": 22.441680908203125, 
    "F_365_3": 21.84368133544922, 
    "F_613_3": 21.645395278930664, 
    "F_706_3": 21.7147216796875, 
    "F_923_3": 21.352155685424805, 
    "F_458_3": 22.617582321166992, 
    "F_768_3": 21.412050247192383, 
    "Z": 3.015712261199951, 
    "F_799_3": 21.686540603637695, 
    "F_427_3": 22.591676712036133, 
    "F_489_3": 21.77399444580078, 
    "F_954_3": 20.945878982543945, 
    "F_830_3": 21.63706398010254, 
    "F_582_3": 22.0253963470459, 
    "F_520_3": 22.269685745239258, 
    "F_892_3": 21.507041931152344
}