{
    "F_644_3": 22.460391998291016, 
    "F_551_3": 22.42698860168457, 
    "F_861_3": 22.285724639892578, 
    "id": "spec-6276-56269-0226-QSOs-301", 
    "F_675_3": 22.619672775268555, 
    "F_737_3": 22.616777420043945, 
    "F_396_3": 22.45838165283203, 
    "F_365_3": 21.909862518310547, 
    "F_613_3": 22.195058822631836, 
    "F_706_3": 22.62839698791504, 
    "F_923_3": 21.933408737182617, 
    "F_458_3": 22.55812644958496, 
    "F_768_3": 22.408039093017578, 
    "Z": 3.01278018951416, 
    "F_799_3": 22.429941177368164, 
    "F_427_3": 22.404178619384766, 
    "F_489_3": 21.723438262939453, 
    "F_954_3": 21.783132553100586, 
    "F_830_3": 22.343135833740234, 
    "F_582_3": 22.392919540405273, 
    "F_520_3": 22.465682983398438, 
    "F_892_3": 22.20686149597168
}