{
    "F_644_3": 19.712594985961914, 
    "F_551_3": 19.974403381347656, 
    "F_861_3": 19.171003341674805, 
    "id": "spec-0664-52174-0389-QSOs-301", 
    "F_675_3": 19.744701385498047, 
    "F_737_3": 19.515174865722656, 
    "F_396_3": 20.695363998413086, 
    "F_365_3": 20.881465911865234, 
    "F_613_3": 19.461292266845703, 
    "F_706_3": 19.69370460510254, 
    "F_923_3": 18.96426773071289, 
    "F_458_3": 20.649852752685547, 
    "F_768_3": 19.15602684020996, 
    "Z": 3.0227763652801514, 
    "F_799_3": 19.426477432250977, 
    "F_427_3": 20.584335327148438, 
    "F_489_3": 19.09755516052246, 
    "F_954_3": Infinity, 
    "F_830_3": 19.275680541992188, 
    "F_582_3": 20.002243041992188, 
    "F_520_3": 20.0848331451416, 
    "F_892_3": 19.098011016845703
}