{
    "F_644_3": 21.404695510864258, 
    "F_551_3": 21.631332397460938, 
    "F_861_3": 21.442869186401367, 
    "id": "spec-4714-56041-0758-QSOs-hz", 
    "F_675_3": 21.286197662353516, 
    "F_737_3": 21.524185180664062, 
    "F_396_3": 22.667667388916016, 
    "F_365_3": 22.235273361206055, 
    "F_613_3": 21.559467315673828, 
    "F_706_3": 21.462793350219727, 
    "F_923_3": 21.227954864501953, 
    "F_458_3": 22.221580505371094, 
    "F_768_3": 21.451499938964844, 
    "Z": 3.2865867614746094, 
    "F_799_3": 21.239662170410156, 
    "F_427_3": 22.260499954223633, 
    "F_489_3": 22.268098831176758, 
    "F_954_3": 21.334381103515625, 
    "F_830_3": 21.282011032104492, 
    "F_582_3": 21.676837921142578, 
    "F_520_3": 21.193323135375977, 
    "F_892_3": 21.356605529785156
}