{
    "F_644_3": 22.133886337280273, 
    "F_551_3": 22.210525512695312, 
    "F_861_3": Infinity, 
    "id": "spec-6276-56269-0159-QSOs-hz", 
    "F_675_3": 22.355772018432617, 
    "F_737_3": 22.76935386657715, 
    "F_396_3": 21.973615646362305, 
    "F_365_3": 21.545869827270508, 
    "F_613_3": 21.801172256469727, 
    "F_706_3": 22.489887237548828, 
    "F_923_3": 22.057838439941406, 
    "F_458_3": 22.35553550720215, 
    "F_768_3": 22.267879486083984, 
    "Z": 3.0605947971343994, 
    "F_799_3": 22.582693099975586, 
    "F_427_3": 21.924348831176758, 
    "F_489_3": 21.17306900024414, 
    "F_954_3": 21.86509132385254, 
    "F_830_3": 22.408702850341797, 
    "F_582_3": 22.146343231201172, 
    "F_520_3": 22.110231399536133, 
    "F_892_3": 22.41661834716797
}