{
    "F_644_3": 22.07455825805664, 
    "F_551_3": 22.238670349121094, 
    "F_861_3": 22.37461280822754, 
    "id": "spec-5703-56190-0962-QSOs-301", 
    "F_675_3": 22.3062744140625, 
    "F_737_3": 22.485265731811523, 
    "F_396_3": 22.1386661529541, 
    "F_365_3": 21.747900009155273, 
    "F_613_3": 21.525705337524414, 
    "F_706_3": 22.420551300048828, 
    "F_923_3": 21.999814987182617, 
    "F_458_3": 22.497785568237305, 
    "F_768_3": 22.178213119506836, 
    "Z": 3.0149006843566895, 
    "F_799_3": 22.440467834472656, 
    "F_427_3": 22.12016487121582, 
    "F_489_3": 21.36747169494629, 
    "F_954_3": 21.54880142211914, 
    "F_830_3": 22.153804779052734, 
    "F_582_3": 22.31808090209961, 
    "F_520_3": 22.31573486328125, 
    "F_892_3": Infinity
}