{
    "F_644_3": 21.067218780517578, 
    "F_551_3": 21.161767959594727, 
    "F_861_3": 21.364892959594727, 
    "id": "spec-6005-56090-0538-QSOs-hz", 
    "F_675_3": 21.144105911254883, 
    "F_737_3": 21.111268997192383, 
    "F_396_3": 21.85840606689453, 
    "F_365_3": 21.881986618041992, 
    "F_613_3": 20.971580505371094, 
    "F_706_3": 21.166688919067383, 
    "F_923_3": 21.284603118896484, 
    "F_458_3": 21.73215675354004, 
    "F_768_3": 21.05327606201172, 
    "Z": 3.059673547744751, 
    "F_799_3": 21.261693954467773, 
    "F_427_3": 21.68996238708496, 
    "F_489_3": 21.03743553161621, 
    "F_954_3": 21.327816009521484, 
    "F_830_3": 21.316951751708984, 
    "F_582_3": 21.304244995117188, 
    "F_520_3": 21.347654342651367, 
    "F_892_3": 21.381633758544922
}