{
    "F_644_3": 19.68695831298828, 
    "F_551_3": 19.903545379638672, 
    "F_861_3": 19.532302856445312, 
    "id": "spec-0460-51924-0622-QSOs-301", 
    "F_675_3": 19.76966667175293, 
    "F_737_3": 19.670557022094727, 
    "F_396_3": 20.50817108154297, 
    "F_365_3": 20.687517166137695, 
    "F_613_3": 19.382644653320312, 
    "F_706_3": 19.75934410095215, 
    "F_923_3": 19.617469787597656, 
    "F_458_3": 20.550556182861328, 
    "F_768_3": 19.342212677001953, 
    "Z": 3.018500328063965, 
    "F_799_3": 19.652572631835938, 
    "F_427_3": 20.33951759338379, 
    "F_489_3": 19.154672622680664, 
    "F_954_3": Infinity, 
    "F_830_3": 19.581342697143555, 
    "F_582_3": 20.006322860717773, 
    "F_520_3": 19.959867477416992, 
    "F_892_3": 19.453176498413086
}