{
    "F_644_3": 21.883888244628906, 
    "F_551_3": 22.17886734008789, 
    "F_861_3": 21.7120304107666, 
    "id": "spec-6000-56102-0667-QSOs-hz", 
    "F_675_3": 21.97974395751953, 
    "F_737_3": 21.860889434814453, 
    "F_396_3": 22.808460235595703, 
    "F_365_3": 22.460742950439453, 
    "F_613_3": 21.769248962402344, 
    "F_706_3": 21.969078063964844, 
    "F_923_3": 21.57828140258789, 
    "F_458_3": 22.809465408325195, 
    "F_768_3": 21.571130752563477, 
    "Z": 3.0607285499572754, 
    "F_799_3": 21.756406784057617, 
    "F_427_3": 22.69997787475586, 
    "F_489_3": 21.750160217285156, 
    "F_954_3": 21.295639038085938, 
    "F_830_3": 21.816099166870117, 
    "F_582_3": 22.05977439880371, 
    "F_520_3": 22.280508041381836, 
    "F_892_3": 21.6334171295166
}