{
    "F_644_3": 19.048681259155273, 
    "F_551_3": 19.163625717163086, 
    "F_861_3": 18.986520767211914, 
    "id": "spec-4241-55450-0585-QSOs-301", 
    "F_675_3": 19.1153621673584, 
    "F_737_3": 18.95932960510254, 
    "F_396_3": 19.639904022216797, 
    "F_365_3": 20.1763858795166, 
    "F_613_3": 18.82050132751465, 
    "F_706_3": 19.058958053588867, 
    "F_923_3": 18.89946174621582, 
    "F_458_3": 19.554306030273438, 
    "F_768_3": 18.788095474243164, 
    "Z": 3.018493175506592, 
    "F_799_3": 19.031877517700195, 
    "F_427_3": 19.728046417236328, 
    "F_489_3": 18.655193328857422, 
    "F_954_3": 18.805994033813477, 
    "F_830_3": 18.985597610473633, 
    "F_582_3": 19.225831985473633, 
    "F_520_3": 19.23858070373535, 
    "F_892_3": 19.005964279174805
}