{
    "F_644_3": 21.3704833984375, 
    "F_551_3": 21.917383193969727, 
    "F_861_3": Infinity, 
    "id": "spec-4753-55674-0470-QSOs-hz", 
    "F_675_3": 21.443586349487305, 
    "F_737_3": 22.137697219848633, 
    "F_396_3": 22.50933074951172, 
    "F_365_3": 21.959569931030273, 
    "F_613_3": 21.962413787841797, 
    "F_706_3": 21.936111450195312, 
    "F_923_3": 21.956832885742188, 
    "F_458_3": 22.340927124023438, 
    "F_768_3": 21.989511489868164, 
    "Z": 3.286088466644287, 
    "F_799_3": 21.897933959960938, 
    "F_427_3": 22.372644424438477, 
    "F_489_3": 22.412195205688477, 
    "F_954_3": Infinity, 
    "F_830_3": 21.86998748779297, 
    "F_582_3": 22.141557693481445, 
    "F_520_3": 20.861541748046875, 
    "F_892_3": 21.96800994873047
}