{
    "F_644_3": 20.933834075927734, 
    "F_551_3": 21.00611686706543, 
    "F_861_3": 21.0694637298584, 
    "id": "spec-6840-56685-0664-QSOs-hz", 
    "F_675_3": 21.03449249267578, 
    "F_737_3": 21.0488224029541, 
    "F_396_3": 21.290693283081055, 
    "F_365_3": 21.338716506958008, 
    "F_613_3": 20.87022590637207, 
    "F_706_3": 21.031272888183594, 
    "F_923_3": 21.13115692138672, 
    "F_458_3": 21.449270248413086, 
    "F_768_3": 20.781408309936523, 
    "Z": 3.058164358139038, 
    "F_799_3": 21.044809341430664, 
    "F_427_3": 21.246122360229492, 
    "F_489_3": 20.657062530517578, 
    "F_954_3": 20.970478057861328, 
    "F_830_3": 21.05348014831543, 
    "F_582_3": 21.03981590270996, 
    "F_520_3": 21.06113052368164, 
    "F_892_3": 21.072114944458008
}