{
    "F_644_3": 21.62220001220703, 
    "F_551_3": 22.28496742248535, 
    "F_861_3": 21.899459838867188, 
    "id": "spec-6459-56273-0391-QSOs-hz", 
    "F_675_3": 21.71495819091797, 
    "F_737_3": 21.853689193725586, 
    "F_396_3": 23.11912727355957, 
    "F_365_3": 22.9554386138916, 
    "F_613_3": 21.54646873474121, 
    "F_706_3": 21.86747169494629, 
    "F_923_3": 21.757312774658203, 
    "F_458_3": 22.923297882080078, 
    "F_768_3": 21.596553802490234, 
    "Z": 3.058501958847046, 
    "F_799_3": 21.811370849609375, 
    "F_427_3": 22.852153778076172, 
    "F_489_3": 22.03866958618164, 
    "F_954_3": 21.713539123535156, 
    "F_830_3": 21.809978485107422, 
    "F_582_3": 22.169607162475586, 
    "F_520_3": 22.434341430664062, 
    "F_892_3": 21.759748458862305
}