{
    "F_644_3": 18.449411392211914, 
    "F_551_3": 18.55642318725586, 
    "F_861_3": 18.381343841552734, 
    "id": "spec-6504-56540-0949-QSOs-hz", 
    "F_675_3": 18.482257843017578, 
    "F_737_3": 18.360628128051758, 
    "F_396_3": 19.203399658203125, 
    "F_365_3": 19.406654357910156, 
    "F_613_3": 18.401140213012695, 
    "F_706_3": 18.42632293701172, 
    "F_923_3": 18.431901931762695, 
    "F_458_3": 18.971641540527344, 
    "F_768_3": 18.195863723754883, 
    "Z": 3.060469150543213, 
    "F_799_3": 18.36245346069336, 
    "F_427_3": 19.007213592529297, 
    "F_489_3": 18.441835403442383, 
    "F_954_3": 18.367929458618164, 
    "F_830_3": 18.390050888061523, 
    "F_582_3": 18.523412704467773, 
    "F_520_3": 18.552858352661133, 
    "F_892_3": 18.450284957885742
}