{
    "F_644_3": 20.760787963867188, 
    "F_551_3": 20.625951766967773, 
    "F_861_3": 21.006214141845703, 
    "id": "spec-4400-55509-0201-QSOs-301", 
    "F_675_3": 20.8436336517334, 
    "F_737_3": 20.862720489501953, 
    "F_396_3": 20.78410530090332, 
    "F_365_3": 20.85430908203125, 
    "F_613_3": 20.463171005249023, 
    "F_706_3": 20.862512588500977, 
    "F_923_3": 20.92531967163086, 
    "F_458_3": 20.87263298034668, 
    "F_768_3": 20.686481475830078, 
    "Z": 3.0150084495544434, 
    "F_799_3": 20.985692977905273, 
    "F_427_3": 20.81255340576172, 
    "F_489_3": 20.05638885498047, 
    "F_954_3": 20.78459930419922, 
    "F_830_3": 21.00581169128418, 
    "F_582_3": 20.732574462890625, 
    "F_520_3": 20.70262908935547, 
    "F_892_3": 21.085905075073242
}