{
    "F_644_3": 20.638755798339844, 
    "F_551_3": 20.579647064208984, 
    "F_861_3": 20.59435272216797, 
    "id": "spec-4802-55652-0130-QSOs-301", 
    "F_675_3": 20.596460342407227, 
    "F_737_3": 20.526517868041992, 
    "F_396_3": 20.846681594848633, 
    "F_365_3": 20.808509826660156, 
    "F_613_3": 20.47159194946289, 
    "F_706_3": 20.542463302612305, 
    "F_923_3": 20.559419631958008, 
    "F_458_3": 20.912853240966797, 
    "F_768_3": 20.423141479492188, 
    "Z": 3.0148839950561523, 
    "F_799_3": 20.608722686767578, 
    "F_427_3": 20.79606056213379, 
    "F_489_3": 20.438743591308594, 
    "F_954_3": 20.460853576660156, 
    "F_830_3": 20.562744140625, 
    "F_582_3": 20.687952041625977, 
    "F_520_3": 20.681161880493164, 
    "F_892_3": 20.661609649658203
}