{
    "F_644_3": 21.356243133544922, 
    "F_551_3": 21.45384979248047, 
    "F_861_3": 21.118255615234375, 
    "id": "spec-3696-55277-0238-QSOs-301", 
    "F_675_3": 21.46944808959961, 
    "F_737_3": 21.411022186279297, 
    "F_396_3": 22.46523094177246, 
    "F_365_3": 22.442039489746094, 
    "F_613_3": 21.082691192626953, 
    "F_706_3": 21.44074058532715, 
    "F_923_3": 21.00040054321289, 
    "F_458_3": 22.173954010009766, 
    "F_768_3": 21.19454574584961, 
    "Z": 3.0202622413635254, 
    "F_799_3": 21.329601287841797, 
    "F_427_3": 22.31598472595215, 
    "F_489_3": 21.03898811340332, 
    "F_954_3": 20.877595901489258, 
    "F_830_3": 21.26144790649414, 
    "F_582_3": 21.437015533447266, 
    "F_520_3": 21.651390075683594, 
    "F_892_3": 21.100461959838867
}