{
    "F_644_3": 21.182126998901367, 
    "F_551_3": 21.248828887939453, 
    "F_861_3": 21.283275604248047, 
    "id": "spec-7393-56749-0015-QSOs-hz", 
    "F_675_3": 21.244644165039062, 
    "F_737_3": 21.303707122802734, 
    "F_396_3": 22.044191360473633, 
    "F_365_3": 21.806060791015625, 
    "F_613_3": 21.12929916381836, 
    "F_706_3": 21.34166717529297, 
    "F_923_3": 21.27775001525879, 
    "F_458_3": 21.8818416595459, 
    "F_768_3": 21.01932716369629, 
    "Z": 3.0609066486358643, 
    "F_799_3": 21.3019962310791, 
    "F_427_3": 21.628135681152344, 
    "F_489_3": 21.098825454711914, 
    "F_954_3": 20.978221893310547, 
    "F_830_3": 21.268831253051758, 
    "F_582_3": 21.304988861083984, 
    "F_520_3": 21.42409324645996, 
    "F_892_3": 21.270599365234375
}