{
    "F_644_3": 19.893409729003906, 
    "F_551_3": 19.99413299560547, 
    "F_861_3": 19.98177719116211, 
    "id": "spec-6696-56398-0930-QSOs-301", 
    "F_675_3": 19.968069076538086, 
    "F_737_3": 19.927345275878906, 
    "F_396_3": 20.60500717163086, 
    "F_365_3": 20.740154266357422, 
    "F_613_3": 19.640844345092773, 
    "F_706_3": 19.983243942260742, 
    "F_923_3": 19.87464141845703, 
    "F_458_3": 20.70360565185547, 
    "F_768_3": 19.685243606567383, 
    "Z": 3.0112693309783936, 
    "F_799_3": 19.9827938079834, 
    "F_427_3": 20.49370574951172, 
    "F_489_3": 19.48172950744629, 
    "F_954_3": 19.7525577545166, 
    "F_830_3": 19.932435989379883, 
    "F_582_3": 20.12197494506836, 
    "F_520_3": 20.1159610748291, 
    "F_892_3": 20.10365104675293
}