{
    "F_644_3": 20.03953742980957, 
    "F_551_3": 20.185964584350586, 
    "F_861_3": 20.274738311767578, 
    "id": "spec-4027-55629-0986-QSOs-301", 
    "F_675_3": 20.22343635559082, 
    "F_737_3": 20.198328018188477, 
    "F_396_3": 20.774633407592773, 
    "F_365_3": 21.170284271240234, 
    "F_613_3": 19.830913543701172, 
    "F_706_3": 20.24422264099121, 
    "F_923_3": 20.161088943481445, 
    "F_458_3": 20.95383644104004, 
    "F_768_3": 19.93889617919922, 
    "Z": 3.0121850967407227, 
    "F_799_3": 20.24199867248535, 
    "F_427_3": 20.78266716003418, 
    "F_489_3": 19.602439880371094, 
    "F_954_3": 20.073110580444336, 
    "F_830_3": 20.23067855834961, 
    "F_582_3": 20.278671264648438, 
    "F_520_3": 20.21637725830078, 
    "F_892_3": 20.270519256591797
}