{
    "F_644_3": 20.3676700592041, 
    "F_551_3": 20.809404373168945, 
    "F_861_3": 20.827848434448242, 
    "id": "spec-5895-56046-0830-QSOs-hz", 
    "F_675_3": 20.121414184570312, 
    "F_737_3": 20.847137451171875, 
    "F_396_3": 21.99871063232422, 
    "F_365_3": 22.040409088134766, 
    "F_613_3": 20.908021926879883, 
    "F_706_3": 20.678756713867188, 
    "F_923_3": 20.657285690307617, 
    "F_458_3": 21.410869598388672, 
    "F_768_3": 20.836685180664062, 
    "Z": 3.287493944168091, 
    "F_799_3": 20.526630401611328, 
    "F_427_3": 21.637752532958984, 
    "F_489_3": 21.61928367614746, 
    "F_954_3": 20.6251220703125, 
    "F_830_3": 20.481605529785156, 
    "F_582_3": 20.95520782470703, 
    "F_520_3": 19.98821449279785, 
    "F_892_3": 20.680261611938477
}