{
    "F_644_3": 20.95516586303711, 
    "F_551_3": 21.209863662719727, 
    "F_861_3": 21.37565803527832, 
    "id": "spec-6803-56402-0440-QSOs-hz", 
    "F_675_3": 21.26471710205078, 
    "F_737_3": 21.342010498046875, 
    "F_396_3": 21.34060287475586, 
    "F_365_3": 21.136842727661133, 
    "F_613_3": 20.81985092163086, 
    "F_706_3": 21.340991973876953, 
    "F_923_3": 21.315702438354492, 
    "F_458_3": 21.562456130981445, 
    "F_768_3": 21.204078674316406, 
    "Z": 3.058281660079956, 
    "F_799_3": 21.43447494506836, 
    "F_427_3": 21.282764434814453, 
    "F_489_3": 20.48493003845215, 
    "F_954_3": 21.190481185913086, 
    "F_830_3": 21.345796585083008, 
    "F_582_3": 21.334945678710938, 
    "F_520_3": 21.169673919677734, 
    "F_892_3": 21.390106201171875
}