{
    "F_644_3": 18.99057960510254, 
    "F_551_3": 19.252880096435547, 
    "F_861_3": 18.89643669128418, 
    "id": "spec-0509-52374-0202-QSOs-hz", 
    "F_675_3": 18.95046043395996, 
    "F_737_3": 19.081600189208984, 
    "F_396_3": 20.361631393432617, 
    "F_365_3": 20.684690475463867, 
    "F_613_3": 19.27570915222168, 
    "F_706_3": 19.064294815063477, 
    "F_923_3": 18.88852310180664, 
    "F_458_3": 19.91880989074707, 
    "F_768_3": 19.042654037475586, 
    "Z": 3.2870471477508545, 
    "F_799_3": 18.80996322631836, 
    "F_427_3": 19.892484664916992, 
    "F_489_3": 19.91844940185547, 
    "F_954_3": Infinity, 
    "F_830_3": 18.782081604003906, 
    "F_582_3": 19.294355392456055, 
    "F_520_3": 18.73104476928711, 
    "F_892_3": 18.790943145751953
}