{
    "F_644_3": 21.054367065429688, 
    "F_551_3": 21.189611434936523, 
    "F_861_3": 21.134506225585938, 
    "id": "spec-3668-55478-0196-QSOs-301", 
    "F_675_3": 21.194381713867188, 
    "F_737_3": 21.172189712524414, 
    "F_396_3": 21.749706268310547, 
    "F_365_3": 21.647851943969727, 
    "F_613_3": 20.69919776916504, 
    "F_706_3": 21.220470428466797, 
    "F_923_3": 20.89612579345703, 
    "F_458_3": 21.672136306762695, 
    "F_768_3": 20.965648651123047, 
    "Z": 3.0189177989959717, 
    "F_799_3": 21.156734466552734, 
    "F_427_3": 21.533184051513672, 
    "F_489_3": 20.56667709350586, 
    "F_954_3": 20.63332176208496, 
    "F_830_3": 21.137237548828125, 
    "F_582_3": 21.252288818359375, 
    "F_520_3": 21.19771957397461, 
    "F_892_3": 21.063417434692383
}