{
    "F_644_3": 21.471240997314453, 
    "F_551_3": 21.374107360839844, 
    "F_861_3": 21.24994468688965, 
    "id": "spec-4791-55889-0654-QSOs-301", 
    "F_675_3": 21.444488525390625, 
    "F_737_3": 21.306743621826172, 
    "F_396_3": 21.89310073852539, 
    "F_365_3": 21.386749267578125, 
    "F_613_3": 21.22943878173828, 
    "F_706_3": 21.45057487487793, 
    "F_923_3": 21.1987361907959, 
    "F_458_3": 21.872217178344727, 
    "F_768_3": 21.275177001953125, 
    "Z": 3.010143518447876, 
    "F_799_3": 21.352500915527344, 
    "F_427_3": 21.722814559936523, 
    "F_489_3": 21.154499053955078, 
    "F_954_3": 20.903478622436523, 
    "F_830_3": 21.293508529663086, 
    "F_582_3": 21.44883918762207, 
    "F_520_3": 21.577138900756836, 
    "F_892_3": 21.25543785095215
}