{
    "F_644_3": 20.675386428833008, 
    "F_551_3": 21.07118797302246, 
    "F_861_3": 21.00542640686035, 
    "id": "spec-7308-56709-0774-QSOs-hz", 
    "F_675_3": 20.665048599243164, 
    "F_737_3": 20.965003967285156, 
    "F_396_3": Infinity, 
    "F_365_3": Infinity, 
    "F_613_3": 21.053466796875, 
    "F_706_3": 20.884397506713867, 
    "F_923_3": 20.87874984741211, 
    "F_458_3": Infinity, 
    "F_768_3": 20.96424674987793, 
    "Z": 3.286034107208252, 
    "F_799_3": 20.752471923828125, 
    "F_427_3": Infinity, 
    "F_489_3": Infinity, 
    "F_954_3": 20.85225486755371, 
    "F_830_3": 20.751407623291016, 
    "F_582_3": 21.139860153198242, 
    "F_520_3": 20.403087615966797, 
    "F_892_3": 20.883747100830078
}