{
    "F_644_3": 21.187828063964844, 
    "F_551_3": 21.2041015625, 
    "F_861_3": 21.198198318481445, 
    "id": "spec-5020-55852-0493-QSOs-301", 
    "F_675_3": 21.341304779052734, 
    "F_737_3": 21.322429656982422, 
    "F_396_3": 21.84687614440918, 
    "F_365_3": 21.67862319946289, 
    "F_613_3": 20.877073287963867, 
    "F_706_3": 21.370466232299805, 
    "F_923_3": 21.002721786499023, 
    "F_458_3": 21.91930389404297, 
    "F_768_3": 21.029354095458984, 
    "Z": 3.011018753051758, 
    "F_799_3": 21.34436798095703, 
    "F_427_3": 21.721996307373047, 
    "F_489_3": 20.76447868347168, 
    "F_954_3": 20.442270278930664, 
    "F_830_3": 21.157434463500977, 
    "F_582_3": 21.451969146728516, 
    "F_520_3": 21.456806182861328, 
    "F_892_3": 20.921051025390625
}