{
    "F_644_3": 19.779573440551758, 
    "F_551_3": 20.23111915588379, 
    "F_861_3": 19.623933792114258, 
    "id": "spec-2428-53801-0258-QSOs-hz", 
    "F_675_3": 19.884000778198242, 
    "F_737_3": 19.825767517089844, 
    "F_396_3": 21.132278442382812, 
    "F_365_3": 20.652238845825195, 
    "F_613_3": 19.859594345092773, 
    "F_706_3": 19.859588623046875, 
    "F_923_3": 19.633312225341797, 
    "F_458_3": 20.856374740600586, 
    "F_768_3": 19.526588439941406, 
    "Z": 3.0630831718444824, 
    "F_799_3": 19.791383743286133, 
    "F_427_3": 20.759294509887695, 
    "F_489_3": 19.669065475463867, 
    "F_954_3": Infinity, 
    "F_830_3": 19.666961669921875, 
    "F_582_3": 20.07711410522461, 
    "F_520_3": 20.12158966064453, 
    "F_892_3": 19.4909725189209
}