{
    "F_644_3": 20.752748489379883, 
    "F_551_3": 20.728504180908203, 
    "F_861_3": 20.910171508789062, 
    "id": "spec-4354-55810-0950-QSOs-301", 
    "F_675_3": 20.902929306030273, 
    "F_737_3": 20.834598541259766, 
    "F_396_3": 21.31605339050293, 
    "F_365_3": 21.477346420288086, 
    "F_613_3": 20.492576599121094, 
    "F_706_3": 20.892675399780273, 
    "F_923_3": 20.84648323059082, 
    "F_458_3": 21.165618896484375, 
    "F_768_3": 20.664241790771484, 
    "Z": 3.0150632858276367, 
    "F_799_3": 20.977304458618164, 
    "F_427_3": 21.186147689819336, 
    "F_489_3": 20.195838928222656, 
    "F_954_3": 20.571523666381836, 
    "F_830_3": 20.873313903808594, 
    "F_582_3": 20.869720458984375, 
    "F_520_3": 20.85017204284668, 
    "F_892_3": 20.837779998779297
}