{
    "F_644_3": 20.483768463134766, 
    "F_551_3": 20.7611141204834, 
    "F_861_3": 20.500045776367188, 
    "id": "spec-3686-55268-0628-QSOs-301", 
    "F_675_3": 20.561857223510742, 
    "F_737_3": 20.51679039001465, 
    "F_396_3": 21.60384178161621, 
    "F_365_3": 21.753860473632812, 
    "F_613_3": 20.34586524963379, 
    "F_706_3": 20.544822692871094, 
    "F_923_3": 20.3941707611084, 
    "F_458_3": 21.493083953857422, 
    "F_768_3": 20.274965286254883, 
    "Z": 3.0190908908843994, 
    "F_799_3": 20.520214080810547, 
    "F_427_3": 21.276140213012695, 
    "F_489_3": 20.31007957458496, 
    "F_954_3": 20.279277801513672, 
    "F_830_3": 20.48632049560547, 
    "F_582_3": 20.77956771850586, 
    "F_520_3": 20.837175369262695, 
    "F_892_3": 20.520341873168945
}