{
    "F_644_3": 21.61823272705078, 
    "F_551_3": 22.121662139892578, 
    "F_861_3": 22.165056228637695, 
    "id": "spec-4757-55653-0014-QSOs-hz", 
    "F_675_3": 21.359102249145508, 
    "F_737_3": 22.14939308166504, 
    "F_396_3": 22.86114501953125, 
    "F_365_3": 22.18193817138672, 
    "F_613_3": 22.24435806274414, 
    "F_706_3": 21.98116683959961, 
    "F_923_3": 21.880422592163086, 
    "F_458_3": 22.75777816772461, 
    "F_768_3": 22.093341827392578, 
    "Z": 3.2874062061309814, 
    "F_799_3": 21.837984085083008, 
    "F_427_3": 22.930078506469727, 
    "F_489_3": 22.930858612060547, 
    "F_954_3": 21.895877838134766, 
    "F_830_3": 21.63802719116211, 
    "F_582_3": 22.173921585083008, 
    "F_520_3": 21.126754760742188, 
    "F_892_3": 21.94582176208496
}