{
    "F_644_3": 21.876514434814453, 
    "F_551_3": 22.399885177612305, 
    "F_861_3": Infinity, 
    "id": "spec-5307-55998-0634-QSOs-hz", 
    "F_675_3": 22.341665267944336, 
    "F_737_3": 22.321054458618164, 
    "F_396_3": 22.860990524291992, 
    "F_365_3": 22.430557250976562, 
    "F_613_3": 21.754919052124023, 
    "F_706_3": 22.47462272644043, 
    "F_923_3": 22.03917121887207, 
    "F_458_3": 23.09717559814453, 
    "F_768_3": 22.049997329711914, 
    "Z": 3.0580854415893555, 
    "F_799_3": 22.266984939575195, 
    "F_427_3": 22.76258087158203, 
    "F_489_3": 21.933847427368164, 
    "F_954_3": 21.810596466064453, 
    "F_830_3": 22.315696716308594, 
    "F_582_3": 22.239534378051758, 
    "F_520_3": 22.443050384521484, 
    "F_892_3": 22.323488235473633
}