{
    "F_644_3": 19.663801193237305, 
    "F_551_3": 19.92218589782715, 
    "F_861_3": 19.841812133789062, 
    "id": "spec-3673-55178-0701-QSOs-hz", 
    "F_675_3": 19.776023864746094, 
    "F_737_3": 19.85826873779297, 
    "F_396_3": 20.565921783447266, 
    "F_365_3": 20.839298248291016, 
    "F_613_3": 19.56773567199707, 
    "F_706_3": 19.85943603515625, 
    "F_923_3": 19.763229370117188, 
    "F_458_3": 20.41730308532715, 
    "F_768_3": 19.613771438598633, 
    "Z": 3.058152437210083, 
    "F_799_3": 19.882431030273438, 
    "F_427_3": 20.100021362304688, 
    "F_489_3": 19.37713623046875, 
    "F_954_3": 19.70425796508789, 
    "F_830_3": 19.849178314208984, 
    "F_582_3": 19.889076232910156, 
    "F_520_3": 19.906593322753906, 
    "F_892_3": 19.852113723754883
}