{
    "F_644_3": 21.000978469848633, 
    "F_551_3": 21.183382034301758, 
    "F_861_3": 20.665990829467773, 
    "id": "spec-5862-56045-0990-QSOs-hz", 
    "F_675_3": 21.031417846679688, 
    "F_737_3": 20.828853607177734, 
    "F_396_3": 22.032833099365234, 
    "F_365_3": 22.03101921081543, 
    "F_613_3": 21.00649642944336, 
    "F_706_3": 20.957509994506836, 
    "F_923_3": 20.533023834228516, 
    "F_458_3": 21.759000778198242, 
    "F_768_3": 20.675657272338867, 
    "Z": 3.058528423309326, 
    "F_799_3": 20.771066665649414, 
    "F_427_3": 21.77545738220215, 
    "F_489_3": 21.100435256958008, 
    "F_954_3": 20.259851455688477, 
    "F_830_3": 20.745365142822266, 
    "F_582_3": 21.101118087768555, 
    "F_520_3": 21.219314575195312, 
    "F_892_3": 20.554935455322266
}