{
    "F_644_3": 20.76929473876953, 
    "F_551_3": 20.740753173828125, 
    "F_861_3": 20.932771682739258, 
    "id": "spec-4080-55471-0182-QSOs-301", 
    "F_675_3": 20.899457931518555, 
    "F_737_3": 20.98115348815918, 
    "F_396_3": 21.289091110229492, 
    "F_365_3": 21.309568405151367, 
    "F_613_3": 20.348876953125, 
    "F_706_3": 20.974857330322266, 
    "F_923_3": 20.659692764282227, 
    "F_458_3": 21.2474308013916, 
    "F_768_3": 20.722415924072266, 
    "Z": 3.014918327331543, 
    "F_799_3": 21.05075454711914, 
    "F_427_3": 21.012537002563477, 
    "F_489_3": 19.547945022583008, 
    "F_954_3": 20.5173282623291, 
    "F_830_3": 20.958131790161133, 
    "F_582_3": 20.98838996887207, 
    "F_520_3": 20.761781692504883, 
    "F_892_3": 20.807437896728516
}