{
    "F_644_3": 21.88545036315918, 
    "F_551_3": 21.877395629882812, 
    "F_861_3": 22.126163482666016, 
    "id": "spec-3668-55478-0150-QSOs-301", 
    "F_675_3": 22.000995635986328, 
    "F_737_3": 22.055105209350586, 
    "F_396_3": 22.12030601501465, 
    "F_365_3": 21.964229583740234, 
    "F_613_3": 21.386089324951172, 
    "F_706_3": 22.071258544921875, 
    "F_923_3": 22.080211639404297, 
    "F_458_3": 22.227712631225586, 
    "F_768_3": 21.824848175048828, 
    "Z": 3.0229454040527344, 
    "F_799_3": 22.15682601928711, 
    "F_427_3": 21.9779109954834, 
    "F_489_3": 21.116592407226562, 
    "F_954_3": 21.819608688354492, 
    "F_830_3": 22.021451950073242, 
    "F_582_3": 22.046218872070312, 
    "F_520_3": 21.99603271484375, 
    "F_892_3": 22.093246459960938
}