{
    "F_644_3": 21.41810417175293, 
    "F_551_3": 21.747459411621094, 
    "F_861_3": 20.804338455200195, 
    "id": "spec-6479-56364-0174-QSOs-hz", 
    "F_675_3": 21.427284240722656, 
    "F_737_3": 21.11158561706543, 
    "F_396_3": 23.2703857421875, 
    "F_365_3": 22.9930362701416, 
    "F_613_3": 21.325702667236328, 
    "F_706_3": 21.145435333251953, 
    "F_923_3": 20.692773818969727, 
    "F_458_3": 22.678016662597656, 
    "F_768_3": 20.86643409729004, 
    "Z": 3.0601308345794678, 
    "F_799_3": 20.994462966918945, 
    "F_427_3": 22.91098403930664, 
    "F_489_3": 21.85340118408203, 
    "F_954_3": 20.741077423095703, 
    "F_830_3": 20.875883102416992, 
    "F_582_3": 21.722728729248047, 
    "F_520_3": 22.088367462158203, 
    "F_892_3": 20.840469360351562
}