{
    "F_644_3": 20.56586265563965, 
    "F_551_3": 20.634201049804688, 
    "F_861_3": 20.558271408081055, 
    "id": "spec-6662-56364-0946-QSOs-301", 
    "F_675_3": 20.634307861328125, 
    "F_737_3": 20.605276107788086, 
    "F_396_3": 20.996191024780273, 
    "F_365_3": 20.948429107666016, 
    "F_613_3": 20.366729736328125, 
    "F_706_3": 20.6535701751709, 
    "F_923_3": 20.4660587310791, 
    "F_458_3": 21.09954071044922, 
    "F_768_3": 20.431886672973633, 
    "Z": 3.0144217014312744, 
    "F_799_3": 20.594600677490234, 
    "F_427_3": 20.98302459716797, 
    "F_489_3": 20.160873413085938, 
    "F_954_3": 20.39399528503418, 
    "F_830_3": 20.60055160522461, 
    "F_582_3": 20.757471084594727, 
    "F_520_3": 20.756229400634766, 
    "F_892_3": 20.518184661865234
}