{
    "F_644_3": 22.164316177368164, 
    "F_551_3": 22.42469024658203, 
    "F_861_3": Infinity, 
    "id": "spec-5947-56093-0479-QSOs-hz", 
    "F_675_3": 22.1613712310791, 
    "F_737_3": 22.564327239990234, 
    "F_396_3": 22.81311798095703, 
    "F_365_3": 22.435039520263672, 
    "F_613_3": 22.32684326171875, 
    "F_706_3": 22.398698806762695, 
    "F_923_3": 21.978660583496094, 
    "F_458_3": 22.712352752685547, 
    "F_768_3": 22.46468734741211, 
    "Z": 3.2869246006011963, 
    "F_799_3": 22.342708587646484, 
    "F_427_3": 22.68335723876953, 
    "F_489_3": 22.911291122436523, 
    "F_954_3": 21.10309600830078, 
    "F_830_3": 22.24142074584961, 
    "F_582_3": 22.598834991455078, 
    "F_520_3": 22.024593353271484, 
    "F_892_3": 22.241846084594727
}