{
    "F_644_3": 21.995758056640625, 
    "F_551_3": 22.225753784179688, 
    "F_861_3": 21.530223846435547, 
    "id": "spec-6482-56358-0374-QSOs-301", 
    "F_675_3": 21.920801162719727, 
    "F_737_3": 21.843931198120117, 
    "F_396_3": 22.914756774902344, 
    "F_365_3": 22.593534469604492, 
    "F_613_3": 21.758607864379883, 
    "F_706_3": 21.749799728393555, 
    "F_923_3": 21.24920654296875, 
    "F_458_3": 22.800386428833008, 
    "F_768_3": 21.57961654663086, 
    "Z": 3.01385760307312, 
    "F_799_3": 21.671911239624023, 
    "F_427_3": 22.889080047607422, 
    "F_489_3": 21.820648193359375, 
    "F_954_3": 20.97578239440918, 
    "F_830_3": 21.64439582824707, 
    "F_582_3": 22.010173797607422, 
    "F_520_3": 22.33729362487793, 
    "F_892_3": 21.396516799926758
}