{
    "F_644_3": 21.73646354675293, 
    "F_551_3": 21.68965721130371, 
    "F_861_3": Infinity, 
    "id": "spec-3827-55565-0100-QSOs-hz", 
    "F_675_3": 21.591344833374023, 
    "F_737_3": 21.988309860229492, 
    "F_396_3": 22.61072540283203, 
    "F_365_3": 22.432533264160156, 
    "F_613_3": 21.762548446655273, 
    "F_706_3": 21.936349868774414, 
    "F_923_3": Infinity, 
    "F_458_3": 22.16402244567871, 
    "F_768_3": 21.923118591308594, 
    "Z": 3.2861006259918213, 
    "F_799_3": 21.719528198242188, 
    "F_427_3": 22.30548095703125, 
    "F_489_3": 22.33692169189453, 
    "F_954_3": Infinity, 
    "F_830_3": 21.786300659179688, 
    "F_582_3": 21.813352584838867, 
    "F_520_3": 21.276042938232422, 
    "F_892_3": Infinity
}