{
    "F_644_3": 21.55171012878418, 
    "F_551_3": 21.72442054748535, 
    "F_861_3": 21.33534812927246, 
    "id": "spec-5956-56104-0260-QSOs-301", 
    "F_675_3": 21.66207504272461, 
    "F_737_3": 21.427631378173828, 
    "F_396_3": 22.468542098999023, 
    "F_365_3": 22.368927001953125, 
    "F_613_3": 21.34508514404297, 
    "F_706_3": 21.588157653808594, 
    "F_923_3": 21.103567123413086, 
    "F_458_3": 22.4111270904541, 
    "F_768_3": 21.271385192871094, 
    "Z": 3.015312433242798, 
    "F_799_3": 21.417587280273438, 
    "F_427_3": 22.256591796875, 
    "F_489_3": 21.372915267944336, 
    "F_954_3": 20.46266746520996, 
    "F_830_3": 21.339874267578125, 
    "F_582_3": 21.852867126464844, 
    "F_520_3": 21.876075744628906, 
    "F_892_3": 21.174654006958008
}