{
    "F_644_3": 19.624521255493164, 
    "F_551_3": 19.889244079589844, 
    "F_861_3": 19.70644187927246, 
    "id": "spec-4783-55652-0866-QSOs-hz", 
    "F_675_3": 19.553720474243164, 
    "F_737_3": 19.673845291137695, 
    "F_396_3": 21.086868286132812, 
    "F_365_3": 21.525108337402344, 
    "F_613_3": 19.786556243896484, 
    "F_706_3": 19.657297134399414, 
    "F_923_3": 19.69394874572754, 
    "F_458_3": 20.28816795349121, 
    "F_768_3": 19.67825698852539, 
    "Z": 3.2875025272369385, 
    "F_799_3": 19.52318572998047, 
    "F_427_3": 20.395442962646484, 
    "F_489_3": 20.299785614013672, 
    "F_954_3": 19.830551147460938, 
    "F_830_3": 19.503826141357422, 
    "F_582_3": 19.845962524414062, 
    "F_520_3": 19.732303619384766, 
    "F_892_3": 19.662830352783203
}