{
    "F_644_3": 21.571701049804688, 
    "F_551_3": 22.041872024536133, 
    "F_861_3": 21.923542022705078, 
    "id": "spec-5435-55982-0348-QSOs-hz", 
    "F_675_3": 21.796478271484375, 
    "F_737_3": 21.897844314575195, 
    "F_396_3": 22.442169189453125, 
    "F_365_3": 22.224641799926758, 
    "F_613_3": 21.445999145507812, 
    "F_706_3": 21.885215759277344, 
    "F_923_3": 21.821216583251953, 
    "F_458_3": 22.562036514282227, 
    "F_768_3": 21.584333419799805, 
    "Z": 3.0586531162261963, 
    "F_799_3": 21.855602264404297, 
    "F_427_3": 22.233230590820312, 
    "F_489_3": 21.15628433227539, 
    "F_954_3": Infinity, 
    "F_830_3": 21.791292190551758, 
    "F_582_3": 21.950136184692383, 
    "F_520_3": 22.061691284179688, 
    "F_892_3": 21.84442138671875
}