{
    "F_644_3": 21.36272621154785, 
    "F_551_3": 21.896556854248047, 
    "F_861_3": 21.795040130615234, 
    "id": "spec-4197-55479-0604-QSOs-hz", 
    "F_675_3": 21.60676383972168, 
    "F_737_3": 21.723670959472656, 
    "F_396_3": 22.05189323425293, 
    "F_365_3": 21.668136596679688, 
    "F_613_3": 21.436445236206055, 
    "F_706_3": 21.718273162841797, 
    "F_923_3": 21.6903133392334, 
    "F_458_3": 22.292781829833984, 
    "F_768_3": 21.507883071899414, 
    "Z": 3.06679368019104, 
    "F_799_3": 21.885738372802734, 
    "F_427_3": 22.03925895690918, 
    "F_489_3": 21.187997817993164, 
    "F_954_3": 21.597389221191406, 
    "F_830_3": 21.84912872314453, 
    "F_582_3": 21.795289993286133, 
    "F_520_3": 21.779481887817383, 
    "F_892_3": 21.87485694885254
}