{
    "F_644_3": 20.595998764038086, 
    "F_551_3": 20.888507843017578, 
    "F_861_3": 20.548810958862305, 
    "id": "spec-5447-55958-0934-QSOs-301", 
    "F_675_3": 20.668733596801758, 
    "F_737_3": 20.504932403564453, 
    "F_396_3": 21.705432891845703, 
    "F_365_3": 21.36127281188965, 
    "F_613_3": 20.81019401550293, 
    "F_706_3": 20.617542266845703, 
    "F_923_3": 20.38905906677246, 
    "F_458_3": 21.372982025146484, 
    "F_768_3": 20.367542266845703, 
    "Z": 3.0109407901763916, 
    "F_799_3": 20.559528350830078, 
    "F_427_3": 21.380611419677734, 
    "F_489_3": 21.261444091796875, 
    "F_954_3": 20.376195907592773, 
    "F_830_3": 20.51788902282715, 
    "F_582_3": 20.87704849243164, 
    "F_520_3": 20.9610652923584, 
    "F_892_3": 20.52351951599121
}