{
    "F_644_3": 20.80769157409668, 
    "F_551_3": 21.39805793762207, 
    "F_861_3": 20.173690795898438, 
    "id": "spec-4050-55599-0879-QSOs-hz", 
    "F_675_3": 20.932748794555664, 
    "F_737_3": 20.669309616088867, 
    "F_396_3": 21.901708602905273, 
    "F_365_3": 21.464548110961914, 
    "F_613_3": 20.870237350463867, 
    "F_706_3": 20.861820220947266, 
    "F_923_3": 19.885711669921875, 
    "F_458_3": 22.125246047973633, 
    "F_768_3": 20.084012985229492, 
    "Z": 3.0612409114837646, 
    "F_799_3": 20.48245620727539, 
    "F_427_3": 21.98712158203125, 
    "F_489_3": 20.623178482055664, 
    "F_954_3": 19.722400665283203, 
    "F_830_3": 20.35162925720215, 
    "F_582_3": 21.32530403137207, 
    "F_520_3": 21.398670196533203, 
    "F_892_3": 20.063642501831055
}