{
    "F_644_3": 21.043472290039062, 
    "F_551_3": 21.21411895751953, 
    "F_861_3": 21.35028648376465, 
    "id": "spec-5793-56337-0376-QSOs-hz", 
    "F_675_3": 21.17521858215332, 
    "F_737_3": 21.295263290405273, 
    "F_396_3": 21.893152236938477, 
    "F_365_3": 22.27479362487793, 
    "F_613_3": 21.290014266967773, 
    "F_706_3": 21.23121452331543, 
    "F_923_3": 21.34345054626465, 
    "F_458_3": 21.506616592407227, 
    "F_768_3": 21.298423767089844, 
    "Z": 3.286548614501953, 
    "F_799_3": 21.114910125732422, 
    "F_427_3": 21.360204696655273, 
    "F_489_3": 21.50358009338379, 
    "F_954_3": 21.278629302978516, 
    "F_830_3": 21.254444122314453, 
    "F_582_3": 21.18415641784668, 
    "F_520_3": 20.871458053588867, 
    "F_892_3": 21.281618118286133
}