{
    "F_644_3": 20.871191024780273, 
    "F_551_3": 21.25012969970703, 
    "F_861_3": 20.764982223510742, 
    "id": "spec-6669-56413-0574-QSOs-301", 
    "F_675_3": 20.969758987426758, 
    "F_737_3": 20.82502555847168, 
    "F_396_3": 22.177892684936523, 
    "F_365_3": 21.795236587524414, 
    "F_613_3": 20.70174217224121, 
    "F_706_3": 20.95249366760254, 
    "F_923_3": 20.60487937927246, 
    "F_458_3": 21.742769241333008, 
    "F_768_3": 20.593477249145508, 
    "Z": 3.0153512954711914, 
    "F_799_3": 20.867801666259766, 
    "F_427_3": 21.881492614746094, 
    "F_489_3": 20.593149185180664, 
    "F_954_3": 20.578371047973633, 
    "F_830_3": 20.814496994018555, 
    "F_582_3": 21.173053741455078, 
    "F_520_3": 21.29183578491211, 
    "F_892_3": 20.69994354248047
}