{
    "F_644_3": 18.548784255981445, 
    "F_551_3": 18.995742797851562, 
    "F_861_3": 18.253244400024414, 
    "id": "spec-6294-56482-0698-QSOs-301", 
    "F_675_3": 18.521183013916016, 
    "F_737_3": 18.278621673583984, 
    "F_396_3": 20.229541778564453, 
    "F_365_3": 20.941293716430664, 
    "F_613_3": 18.605329513549805, 
    "F_706_3": 18.433090209960938, 
    "F_923_3": 18.169055938720703, 
    "F_458_3": 20.31914520263672, 
    "F_768_3": 18.147689819335938, 
    "Z": 3.0150411128997803, 
    "F_799_3": 18.292465209960938, 
    "F_427_3": 19.53008270263672, 
    "F_489_3": 18.91188621520996, 
    "F_954_3": 18.0977783203125, 
    "F_830_3": 18.224882125854492, 
    "F_582_3": 19.580169677734375, 
    "F_520_3": 19.111948013305664, 
    "F_892_3": 18.273208618164062
}