{
    "F_644_3": 19.786779403686523, 
    "F_551_3": 20.013229370117188, 
    "F_861_3": 19.440410614013672, 
    "id": "spec-4503-55563-0060-QSOs-301", 
    "F_675_3": 19.686594009399414, 
    "F_737_3": 19.565872192382812, 
    "F_396_3": 21.42265510559082, 
    "F_365_3": 21.64821434020996, 
    "F_613_3": 19.96429443359375, 
    "F_706_3": 19.713245391845703, 
    "F_923_3": 19.2924747467041, 
    "F_458_3": 20.964237213134766, 
    "F_768_3": 19.447649002075195, 
    "Z": 3.0115039348602295, 
    "F_799_3": 19.540266036987305, 
    "F_427_3": 20.579551696777344, 
    "F_489_3": 19.63797950744629, 
    "F_954_3": Infinity, 
    "F_830_3": 19.410995483398438, 
    "F_582_3": 20.53679656982422, 
    "F_520_3": 20.22810173034668, 
    "F_892_3": 19.394290924072266
}