{
    "F_644_3": 20.7344913482666, 
    "F_551_3": 21.196531295776367, 
    "F_861_3": 20.70252227783203, 
    "id": "spec-6501-56563-0396-QSOs-hz", 
    "F_675_3": 20.882802963256836, 
    "F_737_3": 20.788578033447266, 
    "F_396_3": 22.037487030029297, 
    "F_365_3": 22.19778060913086, 
    "F_613_3": 20.851839065551758, 
    "F_706_3": 20.918317794799805, 
    "F_923_3": 20.687864303588867, 
    "F_458_3": 21.90298843383789, 
    "F_768_3": 20.614736557006836, 
    "Z": 3.060115337371826, 
    "F_799_3": 20.69365119934082, 
    "F_427_3": 21.715065002441406, 
    "F_489_3": 20.928054809570312, 
    "F_954_3": 20.42007827758789, 
    "F_830_3": 20.74078369140625, 
    "F_582_3": 21.103130340576172, 
    "F_520_3": 21.192893981933594, 
    "F_892_3": 20.605253219604492
}