{
    "F_644_3": 18.82270050048828, 
    "F_551_3": 18.972888946533203, 
    "F_861_3": 18.573591232299805, 
    "id": "spec-0294-51986-0184-QSOs-hz", 
    "F_675_3": 18.833751678466797, 
    "F_737_3": 18.682689666748047, 
    "F_396_3": 19.572750091552734, 
    "F_365_3": 19.648941040039062, 
    "F_613_3": 18.805543899536133, 
    "F_706_3": 18.748931884765625, 
    "F_923_3": 18.510915756225586, 
    "F_458_3": 19.498167037963867, 
    "F_768_3": 18.46453285217285, 
    "Z": 3.0585906505584717, 
    "F_799_3": 18.64975357055664, 
    "F_427_3": 19.438234329223633, 
    "F_489_3": 18.72151756286621, 
    "F_954_3": Infinity, 
    "F_830_3": 18.612197875976562, 
    "F_582_3": 18.977134704589844, 
    "F_520_3": 19.008773803710938, 
    "F_892_3": 18.582651138305664
}