{
    "F_644_3": 21.694900512695312, 
    "F_551_3": 21.847318649291992, 
    "F_861_3": 21.786251068115234, 
    "id": "spec-5315-55978-0378-QSOs-301", 
    "F_675_3": 21.71240997314453, 
    "F_737_3": 21.70178985595703, 
    "F_396_3": 22.221912384033203, 
    "F_365_3": 22.02126121520996, 
    "F_613_3": 21.124696731567383, 
    "F_706_3": 21.813251495361328, 
    "F_923_3": 21.557003021240234, 
    "F_458_3": 22.489547729492188, 
    "F_768_3": 21.373563766479492, 
    "Z": 3.010565996170044, 
    "F_799_3": 21.72426986694336, 
    "F_427_3": 22.216886520385742, 
    "F_489_3": 21.15410804748535, 
    "F_954_3": 21.343793869018555, 
    "F_830_3": 21.674541473388672, 
    "F_582_3": 21.98277473449707, 
    "F_520_3": 21.966211318969727, 
    "F_892_3": 21.660545349121094
}