{
    "F_644_3": 20.970964431762695, 
    "F_551_3": 21.094266891479492, 
    "F_861_3": 20.98055076599121, 
    "id": "spec-7386-56769-0035-QSOs-301", 
    "F_675_3": 21.08890724182129, 
    "F_737_3": 21.009517669677734, 
    "F_396_3": 21.664043426513672, 
    "F_365_3": 21.678911209106445, 
    "F_613_3": 20.61189842224121, 
    "F_706_3": 21.07948112487793, 
    "F_923_3": 20.806486129760742, 
    "F_458_3": 21.661365509033203, 
    "F_768_3": 20.819324493408203, 
    "Z": 3.014831066131592, 
    "F_799_3": 20.942893981933594, 
    "F_427_3": 21.453460693359375, 
    "F_489_3": 20.460609436035156, 
    "F_954_3": 20.69879150390625, 
    "F_830_3": 20.971426010131836, 
    "F_582_3": 21.240699768066406, 
    "F_520_3": 21.24094581604004, 
    "F_892_3": 20.9737548828125
}