{
    "F_644_3": 21.008054733276367, 
    "F_551_3": 21.41765022277832, 
    "F_861_3": 21.105234146118164, 
    "id": "spec-6837-56442-0131-QSOs-hz", 
    "F_675_3": 21.175159454345703, 
    "F_737_3": 21.198301315307617, 
    "F_396_3": 21.96480941772461, 
    "F_365_3": 21.71202278137207, 
    "F_613_3": 21.198043823242188, 
    "F_706_3": 21.19790267944336, 
    "F_923_3": 20.987974166870117, 
    "F_458_3": 21.901447296142578, 
    "F_768_3": 20.742603302001953, 
    "Z": 3.058225631713867, 
    "F_799_3": 21.143686294555664, 
    "F_427_3": 21.56540298461914, 
    "F_489_3": 21.015485763549805, 
    "F_954_3": 20.7838134765625, 
    "F_830_3": 21.15225601196289, 
    "F_582_3": 21.268735885620117, 
    "F_520_3": 21.227846145629883, 
    "F_892_3": 21.119020462036133
}