{
    "F_644_3": 21.680749893188477, 
    "F_551_3": 21.604713439941406, 
    "F_861_3": 21.689428329467773, 
    "id": "spec-3825-55533-0008-QSOs-301", 
    "F_675_3": 21.855207443237305, 
    "F_737_3": 21.899616241455078, 
    "F_396_3": 21.86796760559082, 
    "F_365_3": 21.82819938659668, 
    "F_613_3": 21.250839233398438, 
    "F_706_3": 21.80324935913086, 
    "F_923_3": 21.22223472595215, 
    "F_458_3": 22.04897689819336, 
    "F_768_3": 21.598649978637695, 
    "Z": 3.0110485553741455, 
    "F_799_3": 21.766244888305664, 
    "F_427_3": 21.736324310302734, 
    "F_489_3": 20.89651870727539, 
    "F_954_3": 20.29612922668457, 
    "F_830_3": 21.694791793823242, 
    "F_582_3": 21.699281692504883, 
    "F_520_3": 21.78139305114746, 
    "F_892_3": 21.275203704833984
}