{
    "F_644_3": 19.84001350402832, 
    "F_551_3": 19.97586441040039, 
    "F_861_3": 19.88827896118164, 
    "id": "spec-6517-56563-0002-QSOs-hz", 
    "F_675_3": 19.922758102416992, 
    "F_737_3": 19.878461837768555, 
    "F_396_3": 20.617685317993164, 
    "F_365_3": 20.68927001953125, 
    "F_613_3": 19.79015350341797, 
    "F_706_3": 19.916667938232422, 
    "F_923_3": 19.949195861816406, 
    "F_458_3": 20.45827865600586, 
    "F_768_3": 19.660322189331055, 
    "Z": 3.058009386062622, 
    "F_799_3": 19.888948440551758, 
    "F_427_3": 20.41382598876953, 
    "F_489_3": 19.630765914916992, 
    "F_954_3": 19.707000732421875, 
    "F_830_3": 19.880767822265625, 
    "F_582_3": 19.927778244018555, 
    "F_520_3": 19.947572708129883, 
    "F_892_3": 19.866653442382812
}