{
    "F_644_3": 21.523359298706055, 
    "F_551_3": 21.873929977416992, 
    "F_861_3": 21.583297729492188, 
    "id": "spec-4222-55444-0044-QSOs-301", 
    "F_675_3": 21.726320266723633, 
    "F_737_3": 21.552223205566406, 
    "F_396_3": 22.427640914916992, 
    "F_365_3": 22.089941024780273, 
    "F_613_3": 21.272525787353516, 
    "F_706_3": 21.662899017333984, 
    "F_923_3": 21.52958869934082, 
    "F_458_3": 22.4714298248291, 
    "F_768_3": 21.348236083984375, 
    "Z": 3.014484405517578, 
    "F_799_3": 21.668418884277344, 
    "F_427_3": 22.33014488220215, 
    "F_489_3": 21.39510154724121, 
    "F_954_3": 21.244373321533203, 
    "F_830_3": 21.630979537963867, 
    "F_582_3": 21.901958465576172, 
    "F_520_3": 22.05678367614746, 
    "F_892_3": 21.650222778320312
}