{
    "F_644_3": 23.161083221435547, 
    "F_551_3": 23.44618797302246, 
    "F_861_3": 23.362520217895508, 
    "id": "spec-4462-55600-0844-QSOs-hz", 
    "F_675_3": 23.22208595275879, 
    "F_737_3": 23.211469650268555, 
    "F_396_3": 23.769617080688477, 
    "F_365_3": 23.075088500976562, 
    "F_613_3": 23.132076263427734, 
    "F_706_3": 23.342464447021484, 
    "F_923_3": 23.313661575317383, 
    "F_458_3": 23.653514862060547, 
    "F_768_3": 23.26329803466797, 
    "Z": 3.286360740661621, 
    "F_799_3": 23.123374938964844, 
    "F_427_3": 23.569412231445312, 
    "F_489_3": 23.659364700317383, 
    "F_954_3": Infinity, 
    "F_830_3": 23.24933433532715, 
    "F_582_3": 23.458154678344727, 
    "F_520_3": 22.94180679321289, 
    "F_892_3": 23.256553649902344
}