{
    "F_644_3": 20.316864013671875, 
    "F_551_3": 20.50865936279297, 
    "F_861_3": 20.628782272338867, 
    "id": "spec-7124-56720-0474-QSOs-hz", 
    "F_675_3": 20.305803298950195, 
    "F_737_3": 20.748367309570312, 
    "F_396_3": 20.90218162536621, 
    "F_365_3": 20.65746307373047, 
    "F_613_3": 20.65488052368164, 
    "F_706_3": 20.559959411621094, 
    "F_923_3": 20.513803482055664, 
    "F_458_3": 20.599199295043945, 
    "F_768_3": 20.763572692871094, 
    "Z": 3.28601336479187, 
    "F_799_3": 20.646085739135742, 
    "F_427_3": 20.66351890563965, 
    "F_489_3": 20.916563034057617, 
    "F_954_3": 20.386913299560547, 
    "F_830_3": 20.598249435424805, 
    "F_582_3": 20.60944175720215, 
    "F_520_3": 19.730382919311523, 
    "F_892_3": 20.645036697387695
}