{
    "F_644_3": 21.316511154174805, 
    "F_551_3": 21.389619827270508, 
    "F_861_3": 21.479324340820312, 
    "id": "spec-5156-55925-0932-QSOs-hz", 
    "F_675_3": 21.46310806274414, 
    "F_737_3": 21.474716186523438, 
    "F_396_3": 21.991336822509766, 
    "F_365_3": 22.03741455078125, 
    "F_613_3": 21.159534454345703, 
    "F_706_3": 21.504459381103516, 
    "F_923_3": 21.39491844177246, 
    "F_458_3": 21.907238006591797, 
    "F_768_3": 21.185672760009766, 
    "Z": 3.058307647705078, 
    "F_799_3": 21.50439453125, 
    "F_427_3": 21.532081604003906, 
    "F_489_3": 20.617965698242188, 
    "F_954_3": 21.194530487060547, 
    "F_830_3": 21.50249671936035, 
    "F_582_3": 21.44712257385254, 
    "F_520_3": 21.387615203857422, 
    "F_892_3": 21.428264617919922
}