{
    "F_644_3": 21.45568084716797, 
    "F_551_3": 21.563133239746094, 
    "F_861_3": 21.3491153717041, 
    "id": "spec-3985-55320-0996-QSOs-hz", 
    "F_675_3": 21.225299835205078, 
    "F_737_3": 21.513442993164062, 
    "F_396_3": 22.559795379638672, 
    "F_365_3": 22.51504135131836, 
    "F_613_3": 21.725261688232422, 
    "F_706_3": 21.388198852539062, 
    "F_923_3": 21.286701202392578, 
    "F_458_3": 22.131725311279297, 
    "F_768_3": 21.493141174316406, 
    "Z": 3.287024974822998, 
    "F_799_3": 21.2418212890625, 
    "F_427_3": 22.311281204223633, 
    "F_489_3": 22.35909652709961, 
    "F_954_3": 21.063785552978516, 
    "F_830_3": 21.170927047729492, 
    "F_582_3": 21.66261863708496, 
    "F_520_3": 20.94205093383789, 
    "F_892_3": 21.24490737915039
}