{
    "F_644_3": 21.384218215942383, 
    "F_551_3": 21.52558135986328, 
    "F_861_3": 21.369524002075195, 
    "id": "spec-5478-56014-0999-QSOs-301", 
    "F_675_3": 21.507244110107422, 
    "F_737_3": 21.35980224609375, 
    "F_396_3": 22.047483444213867, 
    "F_365_3": 22.07525634765625, 
    "F_613_3": 20.82628059387207, 
    "F_706_3": 21.603261947631836, 
    "F_923_3": 21.24992561340332, 
    "F_458_3": 22.10532569885254, 
    "F_768_3": 21.147693634033203, 
    "Z": 3.0122342109680176, 
    "F_799_3": 21.500770568847656, 
    "F_427_3": 21.986690521240234, 
    "F_489_3": 21.172988891601562, 
    "F_954_3": 21.112794876098633, 
    "F_830_3": 21.420639038085938, 
    "F_582_3": 21.644025802612305, 
    "F_520_3": 21.74390983581543, 
    "F_892_3": 21.30562973022461
}