{
    "F_644_3": 21.444791793823242, 
    "F_551_3": 21.72364044189453, 
    "F_861_3": 21.582181930541992, 
    "id": "spec-5305-55984-0376-QSOs-301", 
    "F_675_3": 21.52239418029785, 
    "F_737_3": 21.478971481323242, 
    "F_396_3": 22.22800636291504, 
    "F_365_3": 22.0167179107666, 
    "F_613_3": 21.17637825012207, 
    "F_706_3": 21.471683502197266, 
    "F_923_3": 21.5685977935791, 
    "F_458_3": 22.150177001953125, 
    "F_768_3": 21.28536033630371, 
    "Z": 3.013153314590454, 
    "F_799_3": 21.596534729003906, 
    "F_427_3": 22.02260398864746, 
    "F_489_3": 21.25770378112793, 
    "F_954_3": 21.64238739013672, 
    "F_830_3": 21.497577667236328, 
    "F_582_3": 21.714250564575195, 
    "F_520_3": 21.844642639160156, 
    "F_892_3": 21.690486907958984
}