{
    "F_644_3": 20.41375732421875, 
    "F_551_3": 20.498722076416016, 
    "F_861_3": 20.752973556518555, 
    "id": "spec-6714-56447-0516-QSOs-301", 
    "F_675_3": 20.65221405029297, 
    "F_737_3": 20.68853759765625, 
    "F_396_3": 21.472017288208008, 
    "F_365_3": 21.350704193115234, 
    "F_613_3": 20.192235946655273, 
    "F_706_3": 20.75523567199707, 
    "F_923_3": 20.608448028564453, 
    "F_458_3": 21.19369888305664, 
    "F_768_3": 20.615488052368164, 
    "Z": 3.0100438594818115, 
    "F_799_3": 20.74240493774414, 
    "F_427_3": 21.581348419189453, 
    "F_489_3": 20.27473258972168, 
    "F_954_3": 20.511098861694336, 
    "F_830_3": 20.808124542236328, 
    "F_582_3": 20.67303466796875, 
    "F_520_3": 20.751985549926758, 
    "F_892_3": 20.805707931518555
}