{
    "F_644_3": 20.631032943725586, 
    "F_551_3": 20.783472061157227, 
    "F_861_3": 20.863441467285156, 
    "id": "spec-5898-56045-0995-QSOs-hz", 
    "F_675_3": 20.57147789001465, 
    "F_737_3": 20.827817916870117, 
    "F_396_3": 21.816482543945312, 
    "F_365_3": 22.157146453857422, 
    "F_613_3": 20.872501373291016, 
    "F_706_3": 20.780359268188477, 
    "F_923_3": 20.708778381347656, 
    "F_458_3": 21.208776473999023, 
    "F_768_3": 20.81638526916504, 
    "Z": 3.2873005867004395, 
    "F_799_3": 20.68900489807129, 
    "F_427_3": 21.380630493164062, 
    "F_489_3": 21.506608963012695, 
    "F_954_3": 20.580320358276367, 
    "F_830_3": 20.6313419342041, 
    "F_582_3": 20.90532112121582, 
    "F_520_3": 20.249685287475586, 
    "F_892_3": 20.727190017700195
}