{
    "F_644_3": 21.029102325439453, 
    "F_551_3": 21.51583480834961, 
    "F_861_3": 21.21573829650879, 
    "id": "spec-6177-56268-0966-QSOs-hz", 
    "F_675_3": 21.202091217041016, 
    "F_737_3": 21.273073196411133, 
    "F_396_3": 21.829946517944336, 
    "F_365_3": 21.690086364746094, 
    "F_613_3": 20.969892501831055, 
    "F_706_3": 21.268089294433594, 
    "F_923_3": 21.096532821655273, 
    "F_458_3": 21.825559616088867, 
    "F_768_3": 20.950838088989258, 
    "Z": 3.0583856105804443, 
    "F_799_3": 21.240379333496094, 
    "F_427_3": 21.570526123046875, 
    "F_489_3": 20.605348587036133, 
    "F_954_3": 20.9667911529541, 
    "F_830_3": 21.23431968688965, 
    "F_582_3": 21.506824493408203, 
    "F_520_3": 21.436935424804688, 
    "F_892_3": 21.145233154296875
}