{
    "F_644_3": 20.97602081298828, 
    "F_551_3": 20.977785110473633, 
    "F_861_3": 21.1767520904541, 
    "id": "spec-4961-55719-0466-QSOs-301", 
    "F_675_3": 21.141910552978516, 
    "F_737_3": 21.12689781188965, 
    "F_396_3": 21.157075881958008, 
    "F_365_3": 21.01889991760254, 
    "F_613_3": 20.642112731933594, 
    "F_706_3": 21.166963577270508, 
    "F_923_3": 21.050464630126953, 
    "F_458_3": 21.359333038330078, 
    "F_768_3": 20.93726348876953, 
    "Z": 3.0149710178375244, 
    "F_799_3": 21.19868278503418, 
    "F_427_3": 21.02275848388672, 
    "F_489_3": 20.478343963623047, 
    "F_954_3": 20.678361892700195, 
    "F_830_3": 21.124902725219727, 
    "F_582_3": 21.15329360961914, 
    "F_520_3": 21.065744400024414, 
    "F_892_3": 21.04646110534668
}