{
    "F_644_3": 19.046669006347656, 
    "F_551_3": 19.259212493896484, 
    "F_861_3": 19.237455368041992, 
    "id": "spec-4417-55829-0554-QSOs-hz", 
    "F_675_3": 19.132566452026367, 
    "F_737_3": 19.204940795898438, 
    "F_396_3": 20.384492874145508, 
    "F_365_3": 21.784656524658203, 
    "F_613_3": 19.228315353393555, 
    "F_706_3": 19.224979400634766, 
    "F_923_3": 19.28266716003418, 
    "F_458_3": 19.62010383605957, 
    "F_768_3": 19.207639694213867, 
    "Z": 3.2860054969787598, 
    "F_799_3": 19.05706214904785, 
    "F_427_3": 19.828643798828125, 
    "F_489_3": 19.70290756225586, 
    "F_954_3": 19.32158088684082, 
    "F_830_3": 19.09803009033203, 
    "F_582_3": 19.230852127075195, 
    "F_520_3": 18.97413444519043, 
    "F_892_3": 19.221200942993164
}