{
    "F_644_3": 21.760395050048828, 
    "F_551_3": 21.964351654052734, 
    "F_861_3": 21.745452880859375, 
    "id": "spec-5902-56042-0775-QSOs-hz", 
    "F_675_3": 21.80974006652832, 
    "F_737_3": 21.766456604003906, 
    "F_396_3": 22.16792869567871, 
    "F_365_3": 21.73424530029297, 
    "F_613_3": 21.682897567749023, 
    "F_706_3": 21.815996170043945, 
    "F_923_3": 21.723094940185547, 
    "F_458_3": 22.393516540527344, 
    "F_768_3": 21.624441146850586, 
    "Z": 3.060011386871338, 
    "F_799_3": 21.803783416748047, 
    "F_427_3": 22.135671615600586, 
    "F_489_3": 21.536090850830078, 
    "F_954_3": 21.293981552124023, 
    "F_830_3": 21.73479461669922, 
    "F_582_3": 21.842300415039062, 
    "F_520_3": 21.994077682495117, 
    "F_892_3": 21.759416580200195
}