{
    "F_644_3": 18.992464065551758, 
    "F_551_3": 19.219688415527344, 
    "F_861_3": 18.930566787719727, 
    "id": "spec-0921-52380-0061-QSOs-301", 
    "F_675_3": 19.11098861694336, 
    "F_737_3": 19.059463500976562, 
    "F_396_3": 19.881853103637695, 
    "F_365_3": 20.041622161865234, 
    "F_613_3": 18.7205753326416, 
    "F_706_3": 19.105552673339844, 
    "F_923_3": 18.833133697509766, 
    "F_458_3": 19.753236770629883, 
    "F_768_3": 18.97812843322754, 
    "Z": 3.0221896171569824, 
    "F_799_3": 19.065750122070312, 
    "F_427_3": 19.595176696777344, 
    "F_489_3": 18.618486404418945, 
    "F_954_3": Infinity, 
    "F_830_3": 18.980621337890625, 
    "F_582_3": 19.237384796142578, 
    "F_520_3": 19.272249221801758, 
    "F_892_3": 18.966703414916992
}