{
    "F_644_3": 22.231449127197266, 
    "F_551_3": 22.480321884155273, 
    "F_861_3": 22.007930755615234, 
    "id": "spec-4230-55483-0278-QSOs-hz", 
    "F_675_3": 22.22610092163086, 
    "F_737_3": 22.133216857910156, 
    "F_396_3": 23.3862361907959, 
    "F_365_3": 22.913108825683594, 
    "F_613_3": 22.433013916015625, 
    "F_706_3": 22.151395797729492, 
    "F_923_3": 21.903270721435547, 
    "F_458_3": 23.181365966796875, 
    "F_768_3": 21.746530532836914, 
    "Z": 3.065643072128296, 
    "F_799_3": 22.03711700439453, 
    "F_427_3": 23.086286544799805, 
    "F_489_3": 22.03180503845215, 
    "F_954_3": 21.509828567504883, 
    "F_830_3": 22.032320022583008, 
    "F_582_3": 22.22413444519043, 
    "F_520_3": 22.274587631225586, 
    "F_892_3": 21.91197395324707
}