{
    "F_644_3": 20.282257080078125, 
    "F_551_3": 20.702468872070312, 
    "F_861_3": 20.57977867126465, 
    "id": "spec-7325-56717-0769-QSOs-301", 
    "F_675_3": 20.577606201171875, 
    "F_737_3": 20.515295028686523, 
    "F_396_3": 21.37078094482422, 
    "F_365_3": 21.3853702545166, 
    "F_613_3": 19.84067726135254, 
    "F_706_3": 20.656452178955078, 
    "F_923_3": 20.408599853515625, 
    "F_458_3": 21.268814086914062, 
    "F_768_3": 20.25083351135254, 
    "Z": 3.013603448867798, 
    "F_799_3": 20.585710525512695, 
    "F_427_3": 21.129884719848633, 
    "F_489_3": 19.938777923583984, 
    "F_954_3": 20.369783401489258, 
    "F_830_3": 20.522668838500977, 
    "F_582_3": 20.752037048339844, 
    "F_520_3": 20.69344711303711, 
    "F_892_3": 20.574810028076172
}