{
    "F_644_3": 21.665071487426758, 
    "F_551_3": 21.3853702545166, 
    "F_861_3": Infinity, 
    "id": "spec-5952-56453-0484-QSOs-hz", 
    "F_675_3": 21.654584884643555, 
    "F_737_3": 22.002737045288086, 
    "F_396_3": 22.495397567749023, 
    "F_365_3": 22.403217315673828, 
    "F_613_3": 21.66734504699707, 
    "F_706_3": 21.854202270507812, 
    "F_923_3": 21.398395538330078, 
    "F_458_3": 22.00210189819336, 
    "F_768_3": 22.02162742614746, 
    "Z": 3.2865607738494873, 
    "F_799_3": 21.92038917541504, 
    "F_427_3": 22.202917098999023, 
    "F_489_3": 21.981895446777344, 
    "F_954_3": 20.94324493408203, 
    "F_830_3": 21.762784957885742, 
    "F_582_3": 21.566802978515625, 
    "F_520_3": 21.098609924316406, 
    "F_892_3": 21.729625701904297
}