{
    "F_644_3": 21.527685165405273, 
    "F_551_3": 21.664987564086914, 
    "F_861_3": 21.701889038085938, 
    "id": "spec-6031-56091-0550-QSOs-301", 
    "F_675_3": 21.639509201049805, 
    "F_737_3": 21.483745574951172, 
    "F_396_3": 21.705806732177734, 
    "F_365_3": 21.508188247680664, 
    "F_613_3": 21.268606185913086, 
    "F_706_3": 21.565261840820312, 
    "F_923_3": 21.659503936767578, 
    "F_458_3": 21.8850040435791, 
    "F_768_3": 21.395160675048828, 
    "Z": 3.0149734020233154, 
    "F_799_3": 21.69273567199707, 
    "F_427_3": 21.70866584777832, 
    "F_489_3": 21.02802276611328, 
    "F_954_3": 21.618202209472656, 
    "F_830_3": 21.67524528503418, 
    "F_582_3": 21.740270614624023, 
    "F_520_3": 21.652864456176758, 
    "F_892_3": 21.749006271362305
}