{
    "F_644_3": 19.972631454467773, 
    "F_551_3": 20.261938095092773, 
    "F_861_3": 20.009687423706055, 
    "id": "spec-5367-55986-0843-QSOs-hz", 
    "F_675_3": 20.091205596923828, 
    "F_737_3": 20.052579879760742, 
    "F_396_3": 20.912132263183594, 
    "F_365_3": 21.24898338317871, 
    "F_613_3": 19.96092987060547, 
    "F_706_3": 20.07786750793457, 
    "F_923_3": 19.992116928100586, 
    "F_458_3": 20.810287475585938, 
    "F_768_3": 19.873916625976562, 
    "Z": 3.0603957176208496, 
    "F_799_3": 20.02048110961914, 
    "F_427_3": 20.591575622558594, 
    "F_489_3": 20.111530303955078, 
    "F_954_3": 19.86036491394043, 
    "F_830_3": 20.013328552246094, 
    "F_582_3": 20.2487850189209, 
    "F_520_3": 20.298192977905273, 
    "F_892_3": 19.982187271118164
}