{
    "F_644_3": 20.40358543395996, 
    "F_551_3": 20.563568115234375, 
    "F_861_3": 20.284862518310547, 
    "id": "spec-5858-56063-0348-QSOs-hz", 
    "F_675_3": 20.410398483276367, 
    "F_737_3": 20.33425521850586, 
    "F_396_3": 21.141000747680664, 
    "F_365_3": 21.115989685058594, 
    "F_613_3": 20.328855514526367, 
    "F_706_3": 20.34650993347168, 
    "F_923_3": 20.238935470581055, 
    "F_458_3": 21.037214279174805, 
    "F_768_3": 20.12533950805664, 
    "Z": 3.0602104663848877, 
    "F_799_3": 20.320995330810547, 
    "F_427_3": 20.989564895629883, 
    "F_489_3": 20.038061141967773, 
    "F_954_3": 19.966102600097656, 
    "F_830_3": 20.302993774414062, 
    "F_582_3": 20.507125854492188, 
    "F_520_3": 20.492225646972656, 
    "F_892_3": 20.241514205932617
}