{
    "F_644_3": 20.96883773803711, 
    "F_551_3": 21.007617950439453, 
    "F_861_3": 21.134981155395508, 
    "id": "spec-6640-56385-0122-QSOs-301", 
    "F_675_3": 21.055805206298828, 
    "F_737_3": 21.002946853637695, 
    "F_396_3": 21.691631317138672, 
    "F_365_3": 21.671733856201172, 
    "F_613_3": 20.810394287109375, 
    "F_706_3": 21.060331344604492, 
    "F_923_3": 21.04800796508789, 
    "F_458_3": 21.56437873840332, 
    "F_768_3": 20.89929962158203, 
    "Z": 3.0125842094421387, 
    "F_799_3": 21.16234588623047, 
    "F_427_3": 21.50177764892578, 
    "F_489_3": 20.752647399902344, 
    "F_954_3": 20.995494842529297, 
    "F_830_3": 21.09320831298828, 
    "F_582_3": 21.04692840576172, 
    "F_520_3": 21.167089462280273, 
    "F_892_3": 21.18658447265625
}