{
    "F_644_3": 21.145204544067383, 
    "F_551_3": 21.378108978271484, 
    "F_861_3": 21.381559371948242, 
    "id": "spec-5417-55978-0136-QSOs-hz", 
    "F_675_3": 21.085878372192383, 
    "F_737_3": 21.453027725219727, 
    "F_396_3": 22.081863403320312, 
    "F_365_3": 21.61170768737793, 
    "F_613_3": 21.43048667907715, 
    "F_706_3": 21.280920028686523, 
    "F_923_3": 21.306644439697266, 
    "F_458_3": 21.6796875, 
    "F_768_3": 21.433900833129883, 
    "Z": 3.2869443893432617, 
    "F_799_3": 21.31842803955078, 
    "F_427_3": 21.818212509155273, 
    "F_489_3": 21.832902908325195, 
    "F_954_3": 21.232397079467773, 
    "F_830_3": 21.27162742614746, 
    "F_582_3": 21.45474624633789, 
    "F_520_3": 20.76896858215332, 
    "F_892_3": 21.34393310546875
}