{
    "F_644_3": 20.411434173583984, 
    "F_551_3": 20.582033157348633, 
    "F_861_3": 20.04986572265625, 
    "id": "spec-4456-55537-0056-QSOs-301", 
    "F_675_3": 20.3801212310791, 
    "F_737_3": 20.19222640991211, 
    "F_396_3": 21.518674850463867, 
    "F_365_3": 21.65018081665039, 
    "F_613_3": 20.299762725830078, 
    "F_706_3": 20.25891876220703, 
    "F_923_3": 19.921451568603516, 
    "F_458_3": 21.31133270263672, 
    "F_768_3": 19.98976707458496, 
    "Z": 3.010528087615967, 
    "F_799_3": 20.154804229736328, 
    "F_427_3": 21.159650802612305, 
    "F_489_3": 20.128475189208984, 
    "F_954_3": 19.901803970336914, 
    "F_830_3": 20.088979721069336, 
    "F_582_3": 20.70779800415039, 
    "F_520_3": 20.662569046020508, 
    "F_892_3": 20.025583267211914
}