{
    "F_644_3": 20.150794982910156, 
    "F_551_3": 20.253711700439453, 
    "F_861_3": 20.047698974609375, 
    "id": "spec-5429-55979-0232-QSOs-hz", 
    "F_675_3": 20.185287475585938, 
    "F_737_3": 20.08984375, 
    "F_396_3": 20.474164962768555, 
    "F_365_3": 20.575429916381836, 
    "F_613_3": 20.132091522216797, 
    "F_706_3": 20.095998764038086, 
    "F_923_3": 20.0491943359375, 
    "F_458_3": 20.614864349365234, 
    "F_768_3": 19.903352737426758, 
    "Z": 3.0609192848205566, 
    "F_799_3": 20.07615852355957, 
    "F_427_3": 20.379825592041016, 
    "F_489_3": 20.118501663208008, 
    "F_954_3": 19.713241577148438, 
    "F_830_3": 20.065597534179688, 
    "F_582_3": 20.223752975463867, 
    "F_520_3": 20.25813865661621, 
    "F_892_3": 20.03411102294922
}