{
    "F_644_3": 21.51301383972168, 
    "F_551_3": 21.76972007751465, 
    "F_861_3": 21.643510818481445, 
    "id": "spec-3677-55205-0292-QSOs-301", 
    "F_675_3": 21.53696060180664, 
    "F_737_3": 21.51932716369629, 
    "F_396_3": 22.3033504486084, 
    "F_365_3": 22.21634292602539, 
    "F_613_3": 21.227083206176758, 
    "F_706_3": 21.565410614013672, 
    "F_923_3": 21.346363067626953, 
    "F_458_3": 22.312236785888672, 
    "F_768_3": 21.252681732177734, 
    "Z": 3.025170087814331, 
    "F_799_3": 21.61098861694336, 
    "F_427_3": 22.147289276123047, 
    "F_489_3": 21.399351119995117, 
    "F_954_3": 21.235082626342773, 
    "F_830_3": 21.568859100341797, 
    "F_582_3": 21.81088638305664, 
    "F_520_3": 21.948238372802734, 
    "F_892_3": 21.569429397583008
}