{
    "F_644_3": 20.27914047241211, 
    "F_551_3": 20.529611587524414, 
    "F_861_3": 20.224870681762695, 
    "id": "spec-6405-56342-0364-QSOs-301", 
    "F_675_3": 20.42749786376953, 
    "F_737_3": 20.347288131713867, 
    "F_396_3": 21.57962989807129, 
    "F_365_3": 21.582361221313477, 
    "F_613_3": 20.038835525512695, 
    "F_706_3": 20.449962615966797, 
    "F_923_3": 20.140316009521484, 
    "F_458_3": 21.233173370361328, 
    "F_768_3": 20.11180877685547, 
    "Z": 3.0122902393341064, 
    "F_799_3": 20.29215431213379, 
    "F_427_3": 21.1668701171875, 
    "F_489_3": 20.04654312133789, 
    "F_954_3": 20.111095428466797, 
    "F_830_3": 20.21937370300293, 
    "F_582_3": 20.52617835998535, 
    "F_520_3": 20.63951301574707, 
    "F_892_3": 20.24123191833496
}