{
    "F_644_3": 20.458782196044922, 
    "F_551_3": 20.485692977905273, 
    "F_861_3": 20.542417526245117, 
    "id": "spec-3876-55245-0736-QSOs-301", 
    "F_675_3": 20.487565994262695, 
    "F_737_3": 20.446273803710938, 
    "F_396_3": 21.222766876220703, 
    "F_365_3": 21.192543029785156, 
    "F_613_3": 20.3891658782959, 
    "F_706_3": 20.42919158935547, 
    "F_923_3": 20.507368087768555, 
    "F_458_3": 21.062910079956055, 
    "F_768_3": 20.231149673461914, 
    "Z": 3.0187995433807373, 
    "F_799_3": 20.574743270874023, 
    "F_427_3": 20.987533569335938, 
    "F_489_3": 19.926027297973633, 
    "F_954_3": 20.385129928588867, 
    "F_830_3": 20.521381378173828, 
    "F_582_3": 20.66672706604004, 
    "F_520_3": 20.554052352905273, 
    "F_892_3": 20.520353317260742
}