{
    "F_644_3": 20.004640579223633, 
    "F_551_3": 20.243959426879883, 
    "F_861_3": 20.512962341308594, 
    "id": "spec-6677-56385-0489-QSOs-hz", 
    "F_675_3": 19.942373275756836, 
    "F_737_3": 20.49713897705078, 
    "F_396_3": 21.59969139099121, 
    "F_365_3": 21.39179039001465, 
    "F_613_3": 20.496620178222656, 
    "F_706_3": 20.286148071289062, 
    "F_923_3": 20.424480438232422, 
    "F_458_3": 20.839323043823242, 
    "F_768_3": 20.48088836669922, 
    "Z": 3.2860095500946045, 
    "F_799_3": 20.32456398010254, 
    "F_427_3": 21.079469680786133, 
    "F_489_3": 21.06393814086914, 
    "F_954_3": 20.174692153930664, 
    "F_830_3": 20.31928825378418, 
    "F_582_3": 20.481924057006836, 
    "F_520_3": 19.8200740814209, 
    "F_892_3": 20.408662796020508
}