{
    "F_644_3": 22.614513397216797, 
    "F_551_3": 22.843664169311523, 
    "F_861_3": Infinity, 
    "id": "spec-5791-56255-0866-QSOs-hz", 
    "F_675_3": 22.90402603149414, 
    "F_737_3": 23.045068740844727, 
    "F_396_3": 22.70734405517578, 
    "F_365_3": 22.019290924072266, 
    "F_613_3": 22.41136360168457, 
    "F_706_3": 23.002288818359375, 
    "F_923_3": 22.904022216796875, 
    "F_458_3": 23.070724487304688, 
    "F_768_3": 22.841577529907227, 
    "Z": 3.058387041091919, 
    "F_799_3": 23.106897354125977, 
    "F_427_3": 22.68984603881836, 
    "F_489_3": 22.129497528076172, 
    "F_954_3": Infinity, 
    "F_830_3": 23.125871658325195, 
    "F_582_3": 22.643146514892578, 
    "F_520_3": 22.886796951293945, 
    "F_892_3": Infinity
}