{
    "F_644_3": 19.88671112060547, 
    "F_551_3": 20.121057510375977, 
    "F_861_3": 19.782203674316406, 
    "id": "spec-5429-55979-0813-QSOs-hz", 
    "F_675_3": 19.96831512451172, 
    "F_737_3": 19.878917694091797, 
    "F_396_3": 20.979694366455078, 
    "F_365_3": 20.95615577697754, 
    "F_613_3": 19.866518020629883, 
    "F_706_3": 19.93646812438965, 
    "F_923_3": 19.70773696899414, 
    "F_458_3": 20.687129974365234, 
    "F_768_3": 19.62046241760254, 
    "Z": 3.061555862426758, 
    "F_799_3": 19.828454971313477, 
    "F_427_3": 20.649019241333008, 
    "F_489_3": 19.782384872436523, 
    "F_954_3": 19.563329696655273, 
    "F_830_3": 19.794553756713867, 
    "F_582_3": 20.099075317382812, 
    "F_520_3": 20.18718719482422, 
    "F_892_3": 19.724369049072266
}