{
    "F_644_3": 21.926055908203125, 
    "F_551_3": 22.19112777709961, 
    "F_861_3": Infinity, 
    "id": "spec-4345-55569-0410-QSOs-301", 
    "F_675_3": 22.176517486572266, 
    "F_737_3": 22.224849700927734, 
    "F_396_3": 22.35716438293457, 
    "F_365_3": 22.120655059814453, 
    "F_613_3": 21.725461959838867, 
    "F_706_3": 22.091110229492188, 
    "F_923_3": 21.973520278930664, 
    "F_458_3": 22.54411506652832, 
    "F_768_3": 21.96494483947754, 
    "Z": 3.0238866806030273, 
    "F_799_3": 22.165225982666016, 
    "F_427_3": 22.4157772064209, 
    "F_489_3": 21.51168441772461, 
    "F_954_3": Infinity, 
    "F_830_3": 22.204330444335938, 
    "F_582_3": 22.11713409423828, 
    "F_520_3": 22.28205680847168, 
    "F_892_3": 22.25812339782715
}