{
    "F_644_3": 21.211170196533203, 
    "F_551_3": 21.505861282348633, 
    "F_861_3": 21.2266902923584, 
    "id": "spec-3981-55603-0998-QSOs-hz", 
    "F_675_3": 21.38567543029785, 
    "F_737_3": 21.413455963134766, 
    "F_396_3": 22.20379066467285, 
    "F_365_3": 21.869384765625, 
    "F_613_3": 21.145917892456055, 
    "F_706_3": 21.503164291381836, 
    "F_923_3": 21.174449920654297, 
    "F_458_3": 22.20233154296875, 
    "F_768_3": 21.07307243347168, 
    "Z": 3.0584723949432373, 
    "F_799_3": 21.379701614379883, 
    "F_427_3": 21.980070114135742, 
    "F_489_3": 20.9431095123291, 
    "F_954_3": 20.769365310668945, 
    "F_830_3": 21.281543731689453, 
    "F_582_3": 21.50895881652832, 
    "F_520_3": 21.641536712646484, 
    "F_892_3": 21.136096954345703
}