{
    "F_644_3": 19.997995376586914, 
    "F_551_3": 20.353782653808594, 
    "F_861_3": 19.976001739501953, 
    "id": "spec-4277-55506-0794-QSOs-hz", 
    "F_675_3": 20.097246170043945, 
    "F_737_3": 20.02022933959961, 
    "F_396_3": 21.170963287353516, 
    "F_365_3": 21.384315490722656, 
    "F_613_3": 20.087779998779297, 
    "F_706_3": 20.073787689208984, 
    "F_923_3": 19.931318283081055, 
    "F_458_3": 20.97686767578125, 
    "F_768_3": 19.731252670288086, 
    "Z": 3.0602400302886963, 
    "F_799_3": 20.038593292236328, 
    "F_427_3": 21.000036239624023, 
    "F_489_3": 20.13355827331543, 
    "F_954_3": 19.822046279907227, 
    "F_830_3": 19.99834442138672, 
    "F_582_3": 20.28083038330078, 
    "F_520_3": 20.361045837402344, 
    "F_892_3": 19.90935707092285
}