{
    "F_644_3": 20.776287078857422, 
    "F_551_3": 21.35011863708496, 
    "F_861_3": 21.07841682434082, 
    "id": "spec-4531-55563-0932-QSOs-hz", 
    "F_675_3": 21.04876708984375, 
    "F_737_3": 21.126985549926758, 
    "F_396_3": 22.062545776367188, 
    "F_365_3": 21.95444679260254, 
    "F_613_3": 20.644845962524414, 
    "F_706_3": 21.174148559570312, 
    "F_923_3": 20.9346923828125, 
    "F_458_3": 21.950220108032227, 
    "F_768_3": 20.902259826660156, 
    "Z": 3.0598247051239014, 
    "F_799_3": 21.203516006469727, 
    "F_427_3": 21.65877914428711, 
    "F_489_3": 20.6048583984375, 
    "F_954_3": 20.833171844482422, 
    "F_830_3": 21.152597427368164, 
    "F_582_3": 21.24077606201172, 
    "F_520_3": 21.27488899230957, 
    "F_892_3": 21.02579689025879
}