{
    "F_644_3": 21.083799362182617, 
    "F_551_3": 21.026683807373047, 
    "F_861_3": 21.00273323059082, 
    "id": "spec-3615-56544-0598-QSOs-301", 
    "F_675_3": 21.177703857421875, 
    "F_737_3": 20.975252151489258, 
    "F_396_3": 22.26275634765625, 
    "F_365_3": 21.957765579223633, 
    "F_613_3": 20.551755905151367, 
    "F_706_3": 21.127197265625, 
    "F_923_3": 20.79410743713379, 
    "F_458_3": 22.252878189086914, 
    "F_768_3": 20.56471824645996, 
    "Z": 3.0139312744140625, 
    "F_799_3": 21.14399528503418, 
    "F_427_3": 21.52655601501465, 
    "F_489_3": 20.297195434570312, 
    "F_954_3": 20.665081024169922, 
    "F_830_3": 20.987262725830078, 
    "F_582_3": 21.277488708496094, 
    "F_520_3": 21.296539306640625, 
    "F_892_3": 21.061965942382812
}