{
    "F_644_3": 20.604549407958984, 
    "F_551_3": 20.722148895263672, 
    "F_861_3": 20.475648880004883, 
    "id": "spec-5775-56009-0260-QSOs-301", 
    "F_675_3": 20.645994186401367, 
    "F_737_3": 20.528715133666992, 
    "F_396_3": 21.10824966430664, 
    "F_365_3": 21.245494842529297, 
    "F_613_3": 20.357454299926758, 
    "F_706_3": 20.602025985717773, 
    "F_923_3": 20.26471710205078, 
    "F_458_3": 21.269256591796875, 
    "F_768_3": 20.276121139526367, 
    "Z": 3.0117552280426025, 
    "F_799_3": 20.572792053222656, 
    "F_427_3": 21.123071670532227, 
    "F_489_3": 20.122289657592773, 
    "F_954_3": 20.076738357543945, 
    "F_830_3": 20.515172958374023, 
    "F_582_3": 20.85823631286621, 
    "F_520_3": 20.847820281982422, 
    "F_892_3": 20.38271713256836
}