{
    "F_644_3": 20.531890869140625, 
    "F_551_3": 20.912439346313477, 
    "F_861_3": 20.576374053955078, 
    "id": "spec-6583-56566-0450-QSOs-hz", 
    "F_675_3": 20.627458572387695, 
    "F_737_3": 20.6441593170166, 
    "F_396_3": 21.75076675415039, 
    "F_365_3": 21.84780502319336, 
    "F_613_3": 20.651639938354492, 
    "F_706_3": 20.68999481201172, 
    "F_923_3": 20.54443359375, 
    "F_458_3": 21.517431259155273, 
    "F_768_3": 20.3861141204834, 
    "Z": 3.0580389499664307, 
    "F_799_3": 20.593168258666992, 
    "F_427_3": 21.432147979736328, 
    "F_489_3": 20.558868408203125, 
    "F_954_3": 20.275039672851562, 
    "F_830_3": 20.60992431640625, 
    "F_582_3": 20.818878173828125, 
    "F_520_3": 20.868648529052734, 
    "F_892_3": 20.582963943481445
}