{
    "F_644_3": 19.625946044921875, 
    "F_551_3": 19.789079666137695, 
    "F_861_3": 19.538040161132812, 
    "id": "spec-6457-56330-0722-QSOs-hz", 
    "F_675_3": 19.65756607055664, 
    "F_737_3": 19.583005905151367, 
    "F_396_3": 20.66020965576172, 
    "F_365_3": 21.23693084716797, 
    "F_613_3": 19.646934509277344, 
    "F_706_3": 19.63055992126465, 
    "F_923_3": 19.49959945678711, 
    "F_458_3": 20.33797264099121, 
    "F_768_3": 19.40327262878418, 
    "Z": 3.058664560317993, 
    "F_799_3": 19.583354949951172, 
    "F_427_3": 20.207056045532227, 
    "F_489_3": 19.680315017700195, 
    "F_954_3": 19.424095153808594, 
    "F_830_3": 19.561288833618164, 
    "F_582_3": 19.803071975708008, 
    "F_520_3": 19.7814884185791, 
    "F_892_3": 19.5518798828125
}