{
    "F_644_3": 19.77349090576172, 
    "F_551_3": 19.900333404541016, 
    "F_861_3": 19.65825080871582, 
    "id": "spec-7038-56571-0282-QSOs-301", 
    "F_675_3": 19.787899017333984, 
    "F_737_3": 19.608322143554688, 
    "F_396_3": 21.059066772460938, 
    "F_365_3": 21.552276611328125, 
    "F_613_3": 19.65028953552246, 
    "F_706_3": 19.744529724121094, 
    "F_923_3": 19.539546966552734, 
    "F_458_3": 20.630634307861328, 
    "F_768_3": 19.527891159057617, 
    "Z": 3.0151336193084717, 
    "F_799_3": 19.690147399902344, 
    "F_427_3": 20.76327896118164, 
    "F_489_3": 19.872337341308594, 
    "F_954_3": 19.463294982910156, 
    "F_830_3": 19.624820709228516, 
    "F_582_3": 19.994543075561523, 
    "F_520_3": 20.13516616821289, 
    "F_892_3": 19.616090774536133
}