{
    "F_644_3": 20.643999099731445, 
    "F_551_3": 20.831575393676758, 
    "F_861_3": 20.779577255249023, 
    "id": "spec-5006-55706-0036-QSOs-hz", 
    "F_675_3": 20.786100387573242, 
    "F_737_3": 20.77262306213379, 
    "F_396_3": 21.430992126464844, 
    "F_365_3": 21.560836791992188, 
    "F_613_3": 20.58767318725586, 
    "F_706_3": 20.818206787109375, 
    "F_923_3": 20.72513771057129, 
    "F_458_3": 21.350860595703125, 
    "F_768_3": 20.544408798217773, 
    "Z": 3.058549404144287, 
    "F_799_3": 20.8082332611084, 
    "F_427_3": 21.17580795288086, 
    "F_489_3": 20.381607055664062, 
    "F_954_3": 20.552175521850586, 
    "F_830_3": 20.76973533630371, 
    "F_582_3": 20.90475082397461, 
    "F_520_3": 20.908226013183594, 
    "F_892_3": 20.816669464111328
}