{
    "F_644_3": 20.635025024414062, 
    "F_551_3": 20.836999893188477, 
    "F_861_3": 21.02332878112793, 
    "id": "spec-5176-56221-0586-QSOs-hz", 
    "F_675_3": 20.802764892578125, 
    "F_737_3": 20.856090545654297, 
    "F_396_3": 21.143896102905273, 
    "F_365_3": 21.173425674438477, 
    "F_613_3": 20.57151222229004, 
    "F_706_3": 20.860143661499023, 
    "F_923_3": 21.002504348754883, 
    "F_458_3": 21.361501693725586, 
    "F_768_3": 20.696430206298828, 
    "Z": 3.058523416519165, 
    "F_799_3": 20.885435104370117, 
    "F_427_3": 21.051572799682617, 
    "F_489_3": 20.352018356323242, 
    "F_954_3": 21.014535903930664, 
    "F_830_3": 20.931795120239258, 
    "F_582_3": 20.84845733642578, 
    "F_520_3": 20.889205932617188, 
    "F_892_3": 21.045467376708984
}