{
    "F_644_3": 21.970088958740234, 
    "F_551_3": 21.955101013183594, 
    "F_861_3": Infinity, 
    "id": "spec-4836-55689-0942-QSOs-301", 
    "F_675_3": 22.232728958129883, 
    "F_737_3": 22.3135986328125, 
    "F_396_3": 22.57815933227539, 
    "F_365_3": 22.254146575927734, 
    "F_613_3": 21.564964294433594, 
    "F_706_3": 22.16366958618164, 
    "F_923_3": 22.30286407470703, 
    "F_458_3": 22.535499572753906, 
    "F_768_3": 21.969375610351562, 
    "Z": 3.010319232940674, 
    "F_799_3": 22.21712875366211, 
    "F_427_3": 22.45524787902832, 
    "F_489_3": 21.54815673828125, 
    "F_954_3": Infinity, 
    "F_830_3": 22.263883590698242, 
    "F_582_3": 22.108373641967773, 
    "F_520_3": 22.17435073852539, 
    "F_892_3": Infinity
}