{
    "F_644_3": 20.247390747070312, 
    "F_551_3": 20.297420501708984, 
    "F_861_3": 20.419017791748047, 
    "id": "spec-5189-56074-0187-QSOs-hz", 
    "F_675_3": 20.398744583129883, 
    "F_737_3": 20.419822692871094, 
    "F_396_3": 20.652851104736328, 
    "F_365_3": 20.811939239501953, 
    "F_613_3": 20.179201126098633, 
    "F_706_3": 20.43000602722168, 
    "F_923_3": 20.302021026611328, 
    "F_458_3": 20.66888427734375, 
    "F_768_3": 20.20844841003418, 
    "Z": 3.0609681606292725, 
    "F_799_3": 20.42267417907715, 
    "F_427_3": 20.42498207092285, 
    "F_489_3": 19.882301330566406, 
    "F_954_3": 20.201934814453125, 
    "F_830_3": 20.390811920166016, 
    "F_582_3": 20.30751609802246, 
    "F_520_3": 20.30184555053711, 
    "F_892_3": 20.446880340576172
}