{
    "F_644_3": 21.326059341430664, 
    "F_551_3": 21.463239669799805, 
    "F_861_3": 21.491235733032227, 
    "id": "spec-4221-55443-0844-QSOs-301", 
    "F_675_3": 21.36178207397461, 
    "F_737_3": 21.470375061035156, 
    "F_396_3": 21.894113540649414, 
    "F_365_3": 21.685434341430664, 
    "F_613_3": 21.0253963470459, 
    "F_706_3": 21.470685958862305, 
    "F_923_3": 21.23871612548828, 
    "F_458_3": 21.927749633789062, 
    "F_768_3": 21.311498641967773, 
    "Z": 3.0179576873779297, 
    "F_799_3": 21.472793579101562, 
    "F_427_3": 21.658266067504883, 
    "F_489_3": 20.908926010131836, 
    "F_954_3": 21.27857208251953, 
    "F_830_3": 21.537179946899414, 
    "F_582_3": 21.587982177734375, 
    "F_520_3": 21.572895050048828, 
    "F_892_3": 21.472515106201172
}