{
    "F_644_3": 20.1260986328125, 
    "F_551_3": 20.409109115600586, 
    "F_861_3": 20.318012237548828, 
    "id": "spec-0647-52553-0242-QSOs-301", 
    "F_675_3": 20.24757194519043, 
    "F_737_3": 20.217721939086914, 
    "F_396_3": 21.03391456604004, 
    "F_365_3": 20.732011795043945, 
    "F_613_3": 19.824079513549805, 
    "F_706_3": 20.2779483795166, 
    "F_923_3": 20.003751754760742, 
    "F_458_3": 20.934175491333008, 
    "F_768_3": 20.010295867919922, 
    "Z": 3.0164058208465576, 
    "F_799_3": 20.339431762695312, 
    "F_427_3": 20.749435424804688, 
    "F_489_3": 19.773038864135742, 
    "F_954_3": Infinity, 
    "F_830_3": 20.214380264282227, 
    "F_582_3": 20.51214599609375, 
    "F_520_3": 20.410730361938477, 
    "F_892_3": 19.99005699157715
}