{
    "F_644_3": 20.00258445739746, 
    "F_551_3": 20.049705505371094, 
    "F_861_3": 19.880083084106445, 
    "id": "spec-4773-55648-0594-QSOs-301", 
    "F_675_3": 20.02125358581543, 
    "F_737_3": 19.856163024902344, 
    "F_396_3": 20.640605926513672, 
    "F_365_3": 20.732038497924805, 
    "F_613_3": 19.832120895385742, 
    "F_706_3": 19.975582122802734, 
    "F_923_3": 19.785612106323242, 
    "F_458_3": 20.587444305419922, 
    "F_768_3": 19.69450569152832, 
    "Z": 3.0109176635742188, 
    "F_799_3": 19.931886672973633, 
    "F_427_3": 20.438751220703125, 
    "F_489_3": 19.673683166503906, 
    "F_954_3": 19.722423553466797, 
    "F_830_3": 19.867687225341797, 
    "F_582_3": 20.12251853942871, 
    "F_520_3": 20.123764038085938, 
    "F_892_3": 19.926631927490234
}