{
    "F_644_3": 20.049253463745117, 
    "F_551_3": 20.36716079711914, 
    "F_861_3": 19.988698959350586, 
    "id": "spec-3760-55268-0898-QSOs-hz", 
    "F_675_3": 20.148258209228516, 
    "F_737_3": 20.13901138305664, 
    "F_396_3": 21.10929298400879, 
    "F_365_3": 21.69503402709961, 
    "F_613_3": 20.02517318725586, 
    "F_706_3": 20.19818687438965, 
    "F_923_3": 19.90118408203125, 
    "F_458_3": 20.90697479248047, 
    "F_768_3": 19.930288314819336, 
    "Z": 3.058241128921509, 
    "F_799_3": 20.06941032409668, 
    "F_427_3": 20.757091522216797, 
    "F_489_3": 20.036815643310547, 
    "F_954_3": 19.787288665771484, 
    "F_830_3": 20.017147064208984, 
    "F_582_3": 20.361984252929688, 
    "F_520_3": 20.361122131347656, 
    "F_892_3": 19.93021583557129
}