{
    "F_644_3": 21.728954315185547, 
    "F_551_3": 21.788354873657227, 
    "F_861_3": 22.104482650756836, 
    "id": "spec-7131-56570-0264-QSOs-301", 
    "F_675_3": 21.855026245117188, 
    "F_737_3": 21.97121238708496, 
    "F_396_3": 21.995378494262695, 
    "F_365_3": 21.69355583190918, 
    "F_613_3": 21.300004959106445, 
    "F_706_3": 22.03695297241211, 
    "F_923_3": 21.96637725830078, 
    "F_458_3": 22.223329544067383, 
    "F_768_3": 21.682598114013672, 
    "Z": 3.011443614959717, 
    "F_799_3": 22.109533309936523, 
    "F_427_3": 21.94198989868164, 
    "F_489_3": 21.10813331604004, 
    "F_954_3": 21.595779418945312, 
    "F_830_3": 22.082279205322266, 
    "F_582_3": 21.918701171875, 
    "F_520_3": 21.89957046508789, 
    "F_892_3": 21.962961196899414
}