{
    "F_644_3": 20.42575454711914, 
    "F_551_3": 20.83867073059082, 
    "F_861_3": 20.509700775146484, 
    "id": "spec-6492-56362-0710-QSOs-hz", 
    "F_675_3": 20.56381607055664, 
    "F_737_3": 20.615142822265625, 
    "F_396_3": 21.676925659179688, 
    "F_365_3": 21.74420166015625, 
    "F_613_3": 20.42801856994629, 
    "F_706_3": 20.59766387939453, 
    "F_923_3": 20.35445785522461, 
    "F_458_3": 21.390350341796875, 
    "F_768_3": 20.29130744934082, 
    "Z": 3.0591912269592285, 
    "F_799_3": 20.57972526550293, 
    "F_427_3": 21.303754806518555, 
    "F_489_3": 20.18263053894043, 
    "F_954_3": 20.241836547851562, 
    "F_830_3": 20.50734519958496, 
    "F_582_3": 20.748214721679688, 
    "F_520_3": 20.692590713500977, 
    "F_892_3": 20.414039611816406
}