{
    "F_644_3": 21.285953521728516, 
    "F_551_3": 21.406593322753906, 
    "F_861_3": 21.26576042175293, 
    "id": "spec-4094-55481-0915-QSOs-301", 
    "F_675_3": 21.395341873168945, 
    "F_737_3": 21.307540893554688, 
    "F_396_3": 22.14574432373047, 
    "F_365_3": 22.25784683227539, 
    "F_613_3": 21.043426513671875, 
    "F_706_3": 21.372804641723633, 
    "F_923_3": 21.25407600402832, 
    "F_458_3": 21.918359756469727, 
    "F_768_3": 21.076766967773438, 
    "Z": 3.013899087905884, 
    "F_799_3": 21.32353973388672, 
    "F_427_3": 21.869564056396484, 
    "F_489_3": 20.78350830078125, 
    "F_954_3": 21.1478328704834, 
    "F_830_3": 21.28449058532715, 
    "F_582_3": 21.482439041137695, 
    "F_520_3": 21.574182510375977, 
    "F_892_3": 21.354692459106445
}