{
    "F_644_3": 21.00753402709961, 
    "F_551_3": 21.1824951171875, 
    "F_861_3": 21.12134552001953, 
    "id": "spec-5053-56213-0272-QSOs-hz", 
    "F_675_3": 21.190988540649414, 
    "F_737_3": 21.121152877807617, 
    "F_396_3": 21.81416893005371, 
    "F_365_3": 21.6734676361084, 
    "F_613_3": 20.967899322509766, 
    "F_706_3": 21.217294692993164, 
    "F_923_3": 20.992969512939453, 
    "F_458_3": 21.82362937927246, 
    "F_768_3": 20.88158416748047, 
    "Z": 3.058457374572754, 
    "F_799_3": 21.136085510253906, 
    "F_427_3": 21.637882232666016, 
    "F_489_3": 20.860633850097656, 
    "F_954_3": 20.421775817871094, 
    "F_830_3": 21.136701583862305, 
    "F_582_3": 21.2933406829834, 
    "F_520_3": 21.283235549926758, 
    "F_892_3": 20.919198989868164
}