{
    "F_644_3": 20.947988510131836, 
    "F_551_3": 21.243331909179688, 
    "F_861_3": 20.81351661682129, 
    "id": "spec-6724-56416-0222-QSOs-301", 
    "F_675_3": 21.121379852294922, 
    "F_737_3": 20.99790382385254, 
    "F_396_3": 21.723440170288086, 
    "F_365_3": 21.870939254760742, 
    "F_613_3": 20.775136947631836, 
    "F_706_3": 21.12411117553711, 
    "F_923_3": 20.652767181396484, 
    "F_458_3": 21.649934768676758, 
    "F_768_3": 20.872926712036133, 
    "Z": 3.0147111415863037, 
    "F_799_3": 20.90045738220215, 
    "F_427_3": 21.531742095947266, 
    "F_489_3": 20.69071388244629, 
    "F_954_3": 20.417545318603516, 
    "F_830_3": 20.84958267211914, 
    "F_582_3": 21.25902557373047, 
    "F_520_3": 21.276710510253906, 
    "F_892_3": 20.734054565429688
}