{
    "F_644_3": 20.72073745727539, 
    "F_551_3": 20.844663619995117, 
    "F_861_3": 20.754335403442383, 
    "id": "spec-4504-55571-0674-QSOs-hz", 
    "F_675_3": 20.61852264404297, 
    "F_737_3": 20.922016143798828, 
    "F_396_3": 21.663557052612305, 
    "F_365_3": 21.69532012939453, 
    "F_613_3": 20.98756217956543, 
    "F_706_3": 20.814937591552734, 
    "F_923_3": 20.739103317260742, 
    "F_458_3": 21.334749221801758, 
    "F_768_3": 20.933311462402344, 
    "Z": 3.286879301071167, 
    "F_799_3": 20.66679573059082, 
    "F_427_3": 21.435882568359375, 
    "F_489_3": 21.55177879333496, 
    "F_954_3": 20.58356475830078, 
    "F_830_3": 20.528594970703125, 
    "F_582_3": 20.904748916625977, 
    "F_520_3": 20.182567596435547, 
    "F_892_3": 20.651470184326172
}