{
    "F_644_3": 20.985322952270508, 
    "F_551_3": 21.128625869750977, 
    "F_861_3": 21.063535690307617, 
    "id": "spec-4493-55585-0070-QSOs-301", 
    "F_675_3": 21.13092613220215, 
    "F_737_3": 21.09795379638672, 
    "F_396_3": 21.76026725769043, 
    "F_365_3": 21.900087356567383, 
    "F_613_3": 20.719947814941406, 
    "F_706_3": 21.180368423461914, 
    "F_923_3": 21.006711959838867, 
    "F_458_3": 21.653564453125, 
    "F_768_3": 20.9310302734375, 
    "Z": 3.0226590633392334, 
    "F_799_3": 21.1282901763916, 
    "F_427_3": 21.492361068725586, 
    "F_489_3": 20.640222549438477, 
    "F_954_3": 20.8341007232666, 
    "F_830_3": 21.027875900268555, 
    "F_582_3": 21.223581314086914, 
    "F_520_3": 21.26254653930664, 
    "F_892_3": 21.089799880981445
}