{
    "F_644_3": 22.0130558013916, 
    "F_551_3": 22.27073860168457, 
    "F_861_3": Infinity, 
    "id": "spec-4208-55476-0834-QSOs-301", 
    "F_675_3": 22.133098602294922, 
    "F_737_3": 22.074386596679688, 
    "F_396_3": 22.46661376953125, 
    "F_365_3": 22.02125358581543, 
    "F_613_3": 21.599782943725586, 
    "F_706_3": 22.198345184326172, 
    "F_923_3": 21.635608673095703, 
    "F_458_3": 22.721872329711914, 
    "F_768_3": 21.84641456604004, 
    "Z": 3.0114097595214844, 
    "F_799_3": Infinity, 
    "F_427_3": 22.556610107421875, 
    "F_489_3": 21.68994903564453, 
    "F_954_3": 21.409929275512695, 
    "F_830_3": Infinity, 
    "F_582_3": 22.271329879760742, 
    "F_520_3": 22.447879791259766, 
    "F_892_3": 21.964252471923828
}