{
    "F_644_3": 21.19549560546875, 
    "F_551_3": 21.51277732849121, 
    "F_861_3": 21.24054527282715, 
    "id": "spec-4052-55600-0707-QSOs-hz", 
    "F_675_3": 21.389860153198242, 
    "F_737_3": 21.366796493530273, 
    "F_396_3": 22.061195373535156, 
    "F_365_3": 21.916091918945312, 
    "F_613_3": 21.074371337890625, 
    "F_706_3": 21.518239974975586, 
    "F_923_3": 21.09623146057129, 
    "F_458_3": 22.08904457092285, 
    "F_768_3": 21.027971267700195, 
    "Z": 3.062673330307007, 
    "F_799_3": 21.259933471679688, 
    "F_427_3": 22.071205139160156, 
    "F_489_3": 21.059961318969727, 
    "F_954_3": 20.625463485717773, 
    "F_830_3": 21.285680770874023, 
    "F_582_3": 21.48372459411621, 
    "F_520_3": 21.642433166503906, 
    "F_892_3": 21.103185653686523
}