{
    "F_644_3": 21.83321762084961, 
    "F_551_3": 21.940135955810547, 
    "F_861_3": 21.83061981201172, 
    "id": "spec-4214-55451-0823-QSOs-301", 
    "F_675_3": 21.99890899658203, 
    "F_737_3": 21.75691795349121, 
    "F_396_3": 22.257484436035156, 
    "F_365_3": 21.78812599182129, 
    "F_613_3": 21.44011878967285, 
    "F_706_3": 21.935503005981445, 
    "F_923_3": 21.577547073364258, 
    "F_458_3": 22.604341506958008, 
    "F_768_3": 21.483457565307617, 
    "Z": 3.0114336013793945, 
    "F_799_3": 21.778676986694336, 
    "F_427_3": 22.301118850708008, 
    "F_489_3": 21.409048080444336, 
    "F_954_3": 21.220996856689453, 
    "F_830_3": 21.704998016357422, 
    "F_582_3": 22.06906509399414, 
    "F_520_3": 22.267179489135742, 
    "F_892_3": 21.632705688476562
}