{
    "F_644_3": 22.046308517456055, 
    "F_551_3": 22.211971282958984, 
    "F_861_3": Infinity, 
    "id": "spec-3789-55269-0396-QSOs-hz", 
    "F_675_3": 22.18910789489746, 
    "F_737_3": 22.30035400390625, 
    "F_396_3": 22.336450576782227, 
    "F_365_3": 22.0914363861084, 
    "F_613_3": 21.913976669311523, 
    "F_706_3": 22.2713565826416, 
    "F_923_3": 22.4979305267334, 
    "F_458_3": 22.614633560180664, 
    "F_768_3": 22.129051208496094, 
    "Z": 3.0606303215026855, 
    "F_799_3": 22.40116310119629, 
    "F_427_3": 22.34086036682129, 
    "F_489_3": 21.634031295776367, 
    "F_954_3": Infinity, 
    "F_830_3": 22.51898193359375, 
    "F_582_3": 22.18986701965332, 
    "F_520_3": 22.13988494873047, 
    "F_892_3": Infinity
}