{
    "F_644_3": 21.633609771728516, 
    "F_551_3": 21.904560089111328, 
    "F_861_3": 21.795385360717773, 
    "id": "spec-6001-56072-0120-QSOs-hz", 
    "F_675_3": 21.751745223999023, 
    "F_737_3": 21.803190231323242, 
    "F_396_3": 22.222728729248047, 
    "F_365_3": 21.65691566467285, 
    "F_613_3": 21.661849975585938, 
    "F_706_3": 21.744285583496094, 
    "F_923_3": 21.76955223083496, 
    "F_458_3": 22.49176788330078, 
    "F_768_3": 21.529726028442383, 
    "Z": 3.060767412185669, 
    "F_799_3": 21.776708602905273, 
    "F_427_3": 22.126148223876953, 
    "F_489_3": 21.56569480895996, 
    "F_954_3": 21.61187744140625, 
    "F_830_3": 21.8369083404541, 
    "F_582_3": 21.828201293945312, 
    "F_520_3": 21.94124984741211, 
    "F_892_3": 22.062898635864258
}