{
    "F_644_3": 19.52042579650879, 
    "F_551_3": 19.78130340576172, 
    "F_861_3": 19.41474723815918, 
    "id": "spec-6712-56421-0601-QSOs-hz", 
    "F_675_3": 19.46922492980957, 
    "F_737_3": 19.516260147094727, 
    "F_396_3": 20.90837860107422, 
    "F_365_3": 20.816701889038086, 
    "F_613_3": 19.708431243896484, 
    "F_706_3": 19.55756950378418, 
    "F_923_3": 19.382780075073242, 
    "F_458_3": 20.408302307128906, 
    "F_768_3": 19.48276138305664, 
    "Z": 3.286172389984131, 
    "F_799_3": 19.247724533081055, 
    "F_427_3": 20.48964500427246, 
    "F_489_3": 20.351472854614258, 
    "F_954_3": 19.418806076049805, 
    "F_830_3": 19.270727157592773, 
    "F_582_3": 19.753684997558594, 
    "F_520_3": 19.4110107421875, 
    "F_892_3": 19.383647918701172
}