{
    "F_644_3": 21.827674865722656, 
    "F_551_3": 21.82678985595703, 
    "F_861_3": 21.782655715942383, 
    "id": "spec-4237-55478-0164-QSOs-301", 
    "F_675_3": 21.888399124145508, 
    "F_737_3": 21.813440322875977, 
    "F_396_3": 22.180994033813477, 
    "F_365_3": 22.114608764648438, 
    "F_613_3": 21.28310775756836, 
    "F_706_3": 21.89238929748535, 
    "F_923_3": 21.424592971801758, 
    "F_458_3": 22.360261917114258, 
    "F_768_3": 21.68026351928711, 
    "Z": 3.0147995948791504, 
    "F_799_3": 21.884227752685547, 
    "F_427_3": 22.119218826293945, 
    "F_489_3": 21.20588493347168, 
    "F_954_3": 20.98616600036621, 
    "F_830_3": 21.843061447143555, 
    "F_582_3": 21.91849136352539, 
    "F_520_3": 21.956802368164062, 
    "F_892_3": 21.45887565612793
}