{
    "F_644_3": 20.958433151245117, 
    "F_551_3": 21.287622451782227, 
    "F_861_3": 21.149507522583008, 
    "id": "spec-4374-55883-0976-QSOs-hz", 
    "F_675_3": 21.29665756225586, 
    "F_737_3": 21.266925811767578, 
    "F_396_3": 22.185043334960938, 
    "F_365_3": 21.995574951171875, 
    "F_613_3": 21.017921447753906, 
    "F_706_3": 21.304943084716797, 
    "F_923_3": 21.1342716217041, 
    "F_458_3": 22.139179229736328, 
    "F_768_3": 20.993587493896484, 
    "Z": 3.067009925842285, 
    "F_799_3": 21.207029342651367, 
    "F_427_3": 21.886917114257812, 
    "F_489_3": 21.05714225769043, 
    "F_954_3": 20.709423065185547, 
    "F_830_3": 21.217592239379883, 
    "F_582_3": 21.40240478515625, 
    "F_520_3": 21.56344223022461, 
    "F_892_3": 21.159543991088867
}