{
    "F_644_3": 20.55776023864746, 
    "F_551_3": 20.82581901550293, 
    "F_861_3": 20.4936466217041, 
    "id": "spec-4773-55648-0808-QSOs-hz", 
    "F_675_3": 20.569456100463867, 
    "F_737_3": 20.605539321899414, 
    "F_396_3": 21.676504135131836, 
    "F_365_3": 21.788957595825195, 
    "F_613_3": 20.81785011291504, 
    "F_706_3": 20.63915252685547, 
    "F_923_3": 20.450044631958008, 
    "F_458_3": 21.33165740966797, 
    "F_768_3": 20.56759262084961, 
    "Z": 3.286684513092041, 
    "F_799_3": 20.333168029785156, 
    "F_427_3": 21.17669677734375, 
    "F_489_3": 21.326377868652344, 
    "F_954_3": 20.295560836791992, 
    "F_830_3": 20.361835479736328, 
    "F_582_3": 20.823585510253906, 
    "F_520_3": 20.409690856933594, 
    "F_892_3": 20.41547203063965
}