{
    "F_644_3": 20.120349884033203, 
    "F_551_3": 20.3310546875, 
    "F_861_3": 20.10857582092285, 
    "id": "spec-4061-55362-0916-QSOs-hz", 
    "F_675_3": 20.238143920898438, 
    "F_737_3": 20.198593139648438, 
    "F_396_3": 20.98674774169922, 
    "F_365_3": 21.099267959594727, 
    "F_613_3": 20.140140533447266, 
    "F_706_3": 20.25118637084961, 
    "F_923_3": 20.094284057617188, 
    "F_458_3": 20.805278778076172, 
    "F_768_3": 19.945743560791016, 
    "Z": 3.0581424236297607, 
    "F_799_3": 20.136592864990234, 
    "F_427_3": 20.780683517456055, 
    "F_489_3": 19.91910171508789, 
    "F_954_3": 20.01045799255371, 
    "F_830_3": 20.106605529785156, 
    "F_582_3": 20.364559173583984, 
    "F_520_3": 20.38190460205078, 
    "F_892_3": 20.129549026489258
}