{
    "F_644_3": 21.569246292114258, 
    "F_551_3": 21.791385650634766, 
    "F_861_3": 22.266143798828125, 
    "id": "spec-4225-55455-0376-QSOs-hz", 
    "F_675_3": 21.91744613647461, 
    "F_737_3": 22.14445686340332, 
    "F_396_3": 21.83051300048828, 
    "F_365_3": 21.5090389251709, 
    "F_613_3": 21.571311950683594, 
    "F_706_3": 22.106582641601562, 
    "F_923_3": 21.997976303100586, 
    "F_458_3": 22.00511360168457, 
    "F_768_3": 21.898853302001953, 
    "Z": 3.0589797496795654, 
    "F_799_3": 22.26515007019043, 
    "F_427_3": 21.721355438232422, 
    "F_489_3": 20.893442153930664, 
    "F_954_3": 21.64092254638672, 
    "F_830_3": 22.296295166015625, 
    "F_582_3": 21.7781982421875, 
    "F_520_3": 21.654617309570312, 
    "F_892_3": 22.255271911621094
}