{
    "F_644_3": 20.396913528442383, 
    "F_551_3": 20.633609771728516, 
    "F_861_3": 20.14954948425293, 
    "id": "spec-4079-55363-0120-QSOs-301", 
    "F_675_3": 20.41899871826172, 
    "F_737_3": 20.341567993164062, 
    "F_396_3": 21.32107162475586, 
    "F_365_3": 21.48607063293457, 
    "F_613_3": 20.17475700378418, 
    "F_706_3": 20.39769744873047, 
    "F_923_3": 19.916893005371094, 
    "F_458_3": 21.267559051513672, 
    "F_768_3": 20.092334747314453, 
    "Z": 3.016380548477173, 
    "F_799_3": 20.26380157470703, 
    "F_427_3": 21.06782341003418, 
    "F_489_3": 19.819293975830078, 
    "F_954_3": 19.938087463378906, 
    "F_830_3": 20.182409286499023, 
    "F_582_3": 20.709585189819336, 
    "F_520_3": 20.66534996032715, 
    "F_892_3": 20.132112503051758
}