{
    "F_644_3": 21.423442840576172, 
    "F_551_3": 21.53255271911621, 
    "F_861_3": 22.01829719543457, 
    "id": "spec-4068-55445-0698-QSOs-hz", 
    "F_675_3": 21.440942764282227, 
    "F_737_3": 21.977672576904297, 
    "F_396_3": 21.659273147583008, 
    "F_365_3": 21.333934783935547, 
    "F_613_3": 21.766212463378906, 
    "F_706_3": 21.779264450073242, 
    "F_923_3": 21.959522247314453, 
    "F_458_3": 21.493131637573242, 
    "F_768_3": 21.986080169677734, 
    "Z": 3.2862350940704346, 
    "F_799_3": 21.827163696289062, 
    "F_427_3": 21.673452377319336, 
    "F_489_3": 21.852474212646484, 
    "F_954_3": 21.556194305419922, 
    "F_830_3": 21.8736629486084, 
    "F_582_3": 21.66714859008789, 
    "F_520_3": 20.765588760375977, 
    "F_892_3": 21.963336944580078
}