{
    "F_644_3": 20.72852897644043, 
    "F_551_3": 20.630001068115234, 
    "F_861_3": 20.879322052001953, 
    "id": "spec-4606-56223-0754-QSOs-301", 
    "F_675_3": 20.79632568359375, 
    "F_737_3": 20.80788230895996, 
    "F_396_3": 21.103450775146484, 
    "F_365_3": 21.04881477355957, 
    "F_613_3": 20.414880752563477, 
    "F_706_3": 20.82638168334961, 
    "F_923_3": 20.736860275268555, 
    "F_458_3": 21.182140350341797, 
    "F_768_3": 20.639982223510742, 
    "Z": 3.0127828121185303, 
    "F_799_3": 20.835783004760742, 
    "F_427_3": 20.903528213500977, 
    "F_489_3": 20.146753311157227, 
    "F_954_3": 20.689977645874023, 
    "F_830_3": 20.77659034729004, 
    "F_582_3": 20.73218536376953, 
    "F_520_3": 20.700716018676758, 
    "F_892_3": 20.92337989807129
}