{
    "F_644_3": 21.692611694335938, 
    "F_551_3": 21.740942001342773, 
    "F_861_3": 21.889236450195312, 
    "id": "spec-5354-55927-0632-QSOs-301", 
    "F_675_3": 21.899560928344727, 
    "F_737_3": 22.002979278564453, 
    "F_396_3": 22.119909286499023, 
    "F_365_3": 21.90032196044922, 
    "F_613_3": 21.06157112121582, 
    "F_706_3": 22.10243034362793, 
    "F_923_3": 21.65103530883789, 
    "F_458_3": 22.240659713745117, 
    "F_768_3": 21.766969680786133, 
    "Z": 3.010225534439087, 
    "F_799_3": 21.92629623413086, 
    "F_427_3": 21.936283111572266, 
    "F_489_3": 20.8616886138916, 
    "F_954_3": 21.502042770385742, 
    "F_830_3": 21.934843063354492, 
    "F_582_3": 21.874818801879883, 
    "F_520_3": 21.83480453491211, 
    "F_892_3": 21.757139205932617
}