{
    "F_644_3": 19.650333404541016, 
    "F_551_3": 19.816024780273438, 
    "F_861_3": 19.637855529785156, 
    "id": "spec-4993-55738-0874-QSOs-hz", 
    "F_675_3": 19.45693588256836, 
    "F_737_3": 19.677541732788086, 
    "F_396_3": 20.883150100708008, 
    "F_365_3": 21.280445098876953, 
    "F_613_3": 19.760364532470703, 
    "F_706_3": 19.615995407104492, 
    "F_923_3": 19.65764617919922, 
    "F_458_3": 20.32590103149414, 
    "F_768_3": 19.63559913635254, 
    "Z": 3.287257194519043, 
    "F_799_3": 19.50467300415039, 
    "F_427_3": 20.621294021606445, 
    "F_489_3": 20.61380386352539, 
    "F_954_3": 19.701717376708984, 
    "F_830_3": 19.403335571289062, 
    "F_582_3": 19.865217208862305, 
    "F_520_3": 19.47413444519043, 
    "F_892_3": 19.60236358642578
}