{
    "F_644_3": 21.68992042541504, 
    "F_551_3": 21.984586715698242, 
    "F_861_3": 21.813186645507812, 
    "id": "spec-3859-55246-0812-QSOs-hz", 
    "F_675_3": 21.90022087097168, 
    "F_737_3": 22.001985549926758, 
    "F_396_3": 22.397031784057617, 
    "F_365_3": 22.232952117919922, 
    "F_613_3": 21.555814743041992, 
    "F_706_3": 22.02425193786621, 
    "F_923_3": 21.668874740600586, 
    "F_458_3": 22.35451889038086, 
    "F_768_3": 21.741697311401367, 
    "Z": 3.0626611709594727, 
    "F_799_3": 21.949495315551758, 
    "F_427_3": 22.021648406982422, 
    "F_489_3": 21.4102783203125, 
    "F_954_3": 21.55518341064453, 
    "F_830_3": 21.847414016723633, 
    "F_582_3": 21.905765533447266, 
    "F_520_3": 21.873722076416016, 
    "F_892_3": 21.775985717773438
}