{
    "F_644_3": 22.18844223022461, 
    "F_551_3": 21.701868057250977, 
    "F_861_3": Infinity, 
    "id": "spec-5852-56034-0496-QSOs-301", 
    "F_675_3": 22.308425903320312, 
    "F_737_3": 22.504741668701172, 
    "F_396_3": 22.233064651489258, 
    "F_365_3": 21.972103118896484, 
    "F_613_3": 21.829357147216797, 
    "F_706_3": 22.30132484436035, 
    "F_923_3": 21.347585678100586, 
    "F_458_3": 22.453109741210938, 
    "F_768_3": Infinity, 
    "Z": 3.012097120285034, 
    "F_799_3": Infinity, 
    "F_427_3": 22.466041564941406, 
    "F_489_3": 21.683210372924805, 
    "F_954_3": 20.68207550048828, 
    "F_830_3": 22.19125747680664, 
    "F_582_3": 22.25422477722168, 
    "F_520_3": 22.264780044555664, 
    "F_892_3": 21.79061508178711
}