{
    "F_644_3": 23.834259033203125, 
    "F_551_3": 23.621625900268555, 
    "F_861_3": Infinity, 
    "id": "spec-6299-56478-0472-QSOs-hz", 
    "F_675_3": 23.98797607421875, 
    "F_737_3": 24.153888702392578, 
    "F_396_3": 23.482223510742188, 
    "F_365_3": 22.71949577331543, 
    "F_613_3": 23.607131958007812, 
    "F_706_3": 24.11163902282715, 
    "F_923_3": Infinity, 
    "F_458_3": 23.815744400024414, 
    "F_768_3": Infinity, 
    "Z": 3.0613133907318115, 
    "F_799_3": Infinity, 
    "F_427_3": 23.7340030670166, 
    "F_489_3": 23.332218170166016, 
    "F_954_3": Infinity, 
    "F_830_3": Infinity, 
    "F_582_3": 23.67898941040039, 
    "F_520_3": 23.8659725189209, 
    "F_892_3": Infinity
}