{
    "F_644_3": 21.477298736572266, 
    "F_551_3": 21.717016220092773, 
    "F_861_3": 21.56744956970215, 
    "id": "spec-4848-55955-0718-QSOs-hz", 
    "F_675_3": 21.61669921875, 
    "F_737_3": 21.571182250976562, 
    "F_396_3": 22.16075325012207, 
    "F_365_3": 21.987573623657227, 
    "F_613_3": 21.47633934020996, 
    "F_706_3": 21.604389190673828, 
    "F_923_3": 21.362075805664062, 
    "F_458_3": 22.180036544799805, 
    "F_768_3": 21.40186309814453, 
    "Z": 3.05847430229187, 
    "F_799_3": 21.63562774658203, 
    "F_427_3": 21.894886016845703, 
    "F_489_3": 21.250476837158203, 
    "F_954_3": 21.305612564086914, 
    "F_830_3": 21.54600715637207, 
    "F_582_3": 21.533004760742188, 
    "F_520_3": 21.70403480529785, 
    "F_892_3": 21.557628631591797
}