{
    "F_644_3": 19.23235511779785, 
    "F_551_3": 19.689504623413086, 
    "F_861_3": 19.06942367553711, 
    "id": "spec-4364-55855-0764-QSOs-hz", 
    "F_675_3": 19.251846313476562, 
    "F_737_3": 19.14019012451172, 
    "F_396_3": 20.746450424194336, 
    "F_365_3": 20.927173614501953, 
    "F_613_3": 19.945167541503906, 
    "F_706_3": 19.205102920532227, 
    "F_923_3": 18.938093185424805, 
    "F_458_3": 20.214672088623047, 
    "F_768_3": 18.921539306640625, 
    "Z": 3.0609445571899414, 
    "F_799_3": 19.09853744506836, 
    "F_427_3": 20.11011505126953, 
    "F_489_3": 19.948659896850586, 
    "F_954_3": 18.750385284423828, 
    "F_830_3": 19.081302642822266, 
    "F_582_3": 19.465700149536133, 
    "F_520_3": 19.48554801940918, 
    "F_892_3": 19.04878807067871
}