{
    "F_644_3": 21.840106964111328, 
    "F_551_3": 22.20204734802246, 
    "F_861_3": 21.789520263671875, 
    "id": "spec-4603-55999-0238-QSOs-hz", 
    "F_675_3": 22.03223419189453, 
    "F_737_3": 22.090383529663086, 
    "F_396_3": 22.65290069580078, 
    "F_365_3": 22.16089630126953, 
    "F_613_3": 21.81021499633789, 
    "F_706_3": 22.21822166442871, 
    "F_923_3": 21.525753021240234, 
    "F_458_3": 22.63217544555664, 
    "F_768_3": 21.777729034423828, 
    "Z": 3.0609381198883057, 
    "F_799_3": 21.91498374938965, 
    "F_427_3": 22.639827728271484, 
    "F_489_3": 21.972829818725586, 
    "F_954_3": 20.788814544677734, 
    "F_830_3": 21.82215118408203, 
    "F_582_3": 22.135679244995117, 
    "F_520_3": 22.29252815246582, 
    "F_892_3": 21.46892547607422
}