{
    "F_644_3": 20.485193252563477, 
    "F_551_3": 20.619163513183594, 
    "F_861_3": 20.41294288635254, 
    "id": "spec-4867-55924-0306-QSOs-301", 
    "F_675_3": 20.534191131591797, 
    "F_737_3": 20.429109573364258, 
    "F_396_3": 21.280593872070312, 
    "F_365_3": 21.655744552612305, 
    "F_613_3": 20.37074089050293, 
    "F_706_3": 20.47260093688965, 
    "F_923_3": 20.272472381591797, 
    "F_458_3": 21.211023330688477, 
    "F_768_3": 20.165821075439453, 
    "Z": 3.0137717723846436, 
    "F_799_3": 20.45383644104004, 
    "F_427_3": 21.12690544128418, 
    "F_489_3": 20.5211124420166, 
    "F_954_3": 19.989778518676758, 
    "F_830_3": 20.345502853393555, 
    "F_582_3": 20.598825454711914, 
    "F_520_3": 20.675098419189453, 
    "F_892_3": 20.307109832763672
}