{
    "F_644_3": 19.960262298583984, 
    "F_551_3": 19.94271469116211, 
    "F_861_3": 19.921213150024414, 
    "id": "spec-6649-56364-0472-QSOs-301", 
    "F_675_3": 19.982683181762695, 
    "F_737_3": 19.845787048339844, 
    "F_396_3": 20.5782470703125, 
    "F_365_3": 20.757396697998047, 
    "F_613_3": 19.780176162719727, 
    "F_706_3": 19.908790588378906, 
    "F_923_3": 19.870952606201172, 
    "F_458_3": 20.396242141723633, 
    "F_768_3": 19.693361282348633, 
    "Z": 3.014646053314209, 
    "F_799_3": 19.89217185974121, 
    "F_427_3": 20.503976821899414, 
    "F_489_3": 19.78125762939453, 
    "F_954_3": 19.834299087524414, 
    "F_830_3": 19.894729614257812, 
    "F_582_3": 20.067697525024414, 
    "F_520_3": 20.08356285095215, 
    "F_892_3": 19.946388244628906
}