{
    "F_644_3": 20.95125389099121, 
    "F_551_3": 21.126956939697266, 
    "F_861_3": 21.065656661987305, 
    "id": "spec-4275-55501-0511-QSOs-hz", 
    "F_675_3": 21.16954803466797, 
    "F_737_3": 21.15863037109375, 
    "F_396_3": 21.903913497924805, 
    "F_365_3": 21.929122924804688, 
    "F_613_3": 20.89345359802246, 
    "F_706_3": 21.141149520874023, 
    "F_923_3": 20.89447021484375, 
    "F_458_3": 21.851234436035156, 
    "F_768_3": 20.862674713134766, 
    "Z": 3.060568332672119, 
    "F_799_3": 21.085296630859375, 
    "F_427_3": 21.55663299560547, 
    "F_489_3": 20.60098648071289, 
    "F_954_3": 20.622501373291016, 
    "F_830_3": 21.06978988647461, 
    "F_582_3": 21.159711837768555, 
    "F_520_3": 21.201303482055664, 
    "F_892_3": 20.938430786132812
}