{
    "F_644_3": 19.972747802734375, 
    "F_551_3": 19.98067855834961, 
    "F_861_3": 20.043466567993164, 
    "id": "spec-7117-56685-0530-QSOs-301", 
    "F_675_3": 20.068124771118164, 
    "F_737_3": 20.04139518737793, 
    "F_396_3": 20.31072998046875, 
    "F_365_3": 20.313631057739258, 
    "F_613_3": 19.72121238708496, 
    "F_706_3": 20.069868087768555, 
    "F_923_3": 19.918869018554688, 
    "F_458_3": 20.343250274658203, 
    "F_768_3": 19.822925567626953, 
    "Z": 3.013707399368286, 
    "F_799_3": 20.1077880859375, 
    "F_427_3": 20.192317962646484, 
    "F_489_3": 19.40673065185547, 
    "F_954_3": 19.805143356323242, 
    "F_830_3": 20.01531410217285, 
    "F_582_3": 20.064966201782227, 
    "F_520_3": 20.025184631347656, 
    "F_892_3": 20.043170928955078
}