{
    "F_644_3": 19.034160614013672, 
    "F_551_3": 19.220823287963867, 
    "F_861_3": 19.10495376586914, 
    "id": "spec-4420-55883-0782-QSOs-hz", 
    "F_675_3": 18.950529098510742, 
    "F_737_3": 19.0974063873291, 
    "F_396_3": 20.710308074951172, 
    "F_365_3": 21.56045150756836, 
    "F_613_3": 19.18408966064453, 
    "F_706_3": 19.079734802246094, 
    "F_923_3": 19.104833602905273, 
    "F_458_3": 19.71315574645996, 
    "F_768_3": 19.08005714416504, 
    "Z": 3.286698579788208, 
    "F_799_3": 18.946203231811523, 
    "F_427_3": 19.927946090698242, 
    "F_489_3": 19.782054901123047, 
    "F_954_3": 19.081911087036133, 
    "F_830_3": 18.917503356933594, 
    "F_582_3": 19.25263214111328, 
    "F_520_3": 18.9126033782959, 
    "F_892_3": 19.04926109313965
}