{
    "F_644_3": 21.37665367126465, 
    "F_551_3": 21.742937088012695, 
    "F_861_3": 21.6761474609375, 
    "id": "spec-5402-55927-0104-QSOs-hz", 
    "F_675_3": 21.345502853393555, 
    "F_737_3": 21.603960037231445, 
    "F_396_3": 22.61069107055664, 
    "F_365_3": 22.38435173034668, 
    "F_613_3": 21.567840576171875, 
    "F_706_3": 21.52179718017578, 
    "F_923_3": 21.48750877380371, 
    "F_458_3": 22.209697723388672, 
    "F_768_3": 21.582439422607422, 
    "Z": 3.28657865524292, 
    "F_799_3": 21.44547462463379, 
    "F_427_3": 22.296249389648438, 
    "F_489_3": 22.276805877685547, 
    "F_954_3": 21.51386833190918, 
    "F_830_3": 21.4238338470459, 
    "F_582_3": 21.75039291381836, 
    "F_520_3": 21.096656799316406, 
    "F_892_3": 21.617488861083984
}