{
    "F_644_3": 21.524229049682617, 
    "F_551_3": 21.633378982543945, 
    "F_861_3": 21.786115646362305, 
    "id": "spec-6603-56567-0050-QSOs-301", 
    "F_675_3": 21.699066162109375, 
    "F_737_3": 21.709699630737305, 
    "F_396_3": 22.014183044433594, 
    "F_365_3": 21.754594802856445, 
    "F_613_3": 21.256139755249023, 
    "F_706_3": 21.77576446533203, 
    "F_923_3": 21.649763107299805, 
    "F_458_3": 22.2097110748291, 
    "F_768_3": 21.499074935913086, 
    "Z": 3.0151476860046387, 
    "F_799_3": 21.76117706298828, 
    "F_427_3": 21.858177185058594, 
    "F_489_3": 21.147926330566406, 
    "F_954_3": 21.495790481567383, 
    "F_830_3": 21.721065521240234, 
    "F_582_3": 21.719423294067383, 
    "F_520_3": 21.757320404052734, 
    "F_892_3": 21.698259353637695
}