{
    "F_644_3": 20.745262145996094, 
    "F_551_3": 20.990629196166992, 
    "F_861_3": 20.84291648864746, 
    "id": "spec-4190-55686-0544-QSOs-hz", 
    "F_675_3": 20.904722213745117, 
    "F_737_3": 20.9160099029541, 
    "F_396_3": 21.45709228515625, 
    "F_365_3": 21.312498092651367, 
    "F_613_3": 20.56280517578125, 
    "F_706_3": 20.97063636779785, 
    "F_923_3": 20.714046478271484, 
    "F_458_3": 21.447757720947266, 
    "F_768_3": 20.541698455810547, 
    "Z": 3.0585362911224365, 
    "F_799_3": 20.926284790039062, 
    "F_427_3": 21.109140396118164, 
    "F_489_3": 20.19146728515625, 
    "F_954_3": 20.447277069091797, 
    "F_830_3": 20.89801788330078, 
    "F_582_3": 21.020498275756836, 
    "F_520_3": 20.9766845703125, 
    "F_892_3": 20.740753173828125
}