{
    "F_644_3": 19.9808349609375, 
    "F_551_3": 20.064306259155273, 
    "F_861_3": 20.00659942626953, 
    "id": "spec-4379-55881-0597-QSOs-hz", 
    "F_675_3": 20.06351661682129, 
    "F_737_3": 20.017322540283203, 
    "F_396_3": 20.881284713745117, 
    "F_365_3": 20.868465423583984, 
    "F_613_3": 19.999771118164062, 
    "F_706_3": 20.053874969482422, 
    "F_923_3": 19.94333267211914, 
    "F_458_3": 20.677936553955078, 
    "F_768_3": 19.80840492248535, 
    "Z": 3.060037851333618, 
    "F_799_3": 20.038650512695312, 
    "F_427_3": 20.414709091186523, 
    "F_489_3": 19.714839935302734, 
    "F_954_3": 19.88982391357422, 
    "F_830_3": 20.01706886291504, 
    "F_582_3": 20.087459564208984, 
    "F_520_3": 20.030006408691406, 
    "F_892_3": 20.045391082763672
}