{
    "F_644_3": 19.91423797607422, 
    "F_551_3": 19.942214965820312, 
    "F_861_3": 19.635162353515625, 
    "id": "spec-3615-56544-0556-QSOs-301", 
    "F_675_3": 19.84261131286621, 
    "F_737_3": 19.697341918945312, 
    "F_396_3": 20.679750442504883, 
    "F_365_3": 21.19596290588379, 
    "F_613_3": 19.92572593688965, 
    "F_706_3": 19.77149200439453, 
    "F_923_3": 19.693477630615234, 
    "F_458_3": 20.421356201171875, 
    "F_768_3": 19.627840042114258, 
    "Z": 3.0178539752960205, 
    "F_799_3": 19.658658981323242, 
    "F_427_3": 20.553056716918945, 
    "F_489_3": 20.13669776916504, 
    "F_954_3": 19.58902359008789, 
    "F_830_3": 19.62348747253418, 
    "F_582_3": 19.91643524169922, 
    "F_520_3": 19.9940242767334, 
    "F_892_3": 19.655879974365234
}