{
    "F_644_3": 20.62201690673828, 
    "F_551_3": 20.63532257080078, 
    "F_861_3": 20.731477737426758, 
    "id": "spec-4454-55536-0212-QSOs-301", 
    "F_675_3": 20.787960052490234, 
    "F_737_3": 20.626296997070312, 
    "F_396_3": 21.014019012451172, 
    "F_365_3": 21.321352005004883, 
    "F_613_3": 20.237855911254883, 
    "F_706_3": 20.775890350341797, 
    "F_923_3": 20.575551986694336, 
    "F_458_3": 20.841697692871094, 
    "F_768_3": 20.629589080810547, 
    "Z": 3.01190447807312, 
    "F_799_3": 20.749460220336914, 
    "F_427_3": 20.86784553527832, 
    "F_489_3": 20.493610382080078, 
    "F_954_3": 20.430952072143555, 
    "F_830_3": 20.680831909179688, 
    "F_582_3": 20.771686553955078, 
    "F_520_3": 20.689851760864258, 
    "F_892_3": 20.660917282104492
}