{
    "F_644_3": 20.046117782592773, 
    "F_551_3": 19.999229431152344, 
    "F_861_3": 20.373441696166992, 
    "id": "spec-4452-55536-0354-QSOs-301", 
    "F_675_3": 20.197734832763672, 
    "F_737_3": 20.252517700195312, 
    "F_396_3": 20.283016204833984, 
    "F_365_3": 20.4010066986084, 
    "F_613_3": 19.811830520629883, 
    "F_706_3": 20.248140335083008, 
    "F_923_3": 20.338092803955078, 
    "F_458_3": 20.20647621154785, 
    "F_768_3": 20.086666107177734, 
    "Z": 3.0239551067352295, 
    "F_799_3": 20.340816497802734, 
    "F_427_3": 20.068614959716797, 
    "F_489_3": 19.38361167907715, 
    "F_954_3": 20.256879806518555, 
    "F_830_3": 20.32634925842285, 
    "F_582_3": 20.096843719482422, 
    "F_520_3": 19.954992294311523, 
    "F_892_3": 20.362709045410156
}