{
    "F_644_3": 19.953763961791992, 
    "F_551_3": 19.967561721801758, 
    "F_861_3": 19.964876174926758, 
    "id": "spec-7098-56661-0608-QSOs-301", 
    "F_675_3": 19.95899772644043, 
    "F_737_3": 19.842134475708008, 
    "F_396_3": 20.590944290161133, 
    "F_365_3": 20.72713279724121, 
    "F_613_3": 19.77407455444336, 
    "F_706_3": 19.92736053466797, 
    "F_923_3": 19.878543853759766, 
    "F_458_3": 20.45594024658203, 
    "F_768_3": 19.678064346313477, 
    "Z": 3.0104432106018066, 
    "F_799_3": 19.924243927001953, 
    "F_427_3": 20.37381362915039, 
    "F_489_3": 19.593616485595703, 
    "F_954_3": 19.857473373413086, 
    "F_830_3": 19.893508911132812, 
    "F_582_3": 20.07646942138672, 
    "F_520_3": 20.05905532836914, 
    "F_892_3": 20.01152801513672
}