{
    "F_644_3": 19.32893943786621, 
    "F_551_3": 19.51658058166504, 
    "F_861_3": 19.390371322631836, 
    "id": "spec-6689-56396-0373-QSOs-301", 
    "F_675_3": 19.435367584228516, 
    "F_737_3": 19.34650230407715, 
    "F_396_3": 20.154592514038086, 
    "F_365_3": 20.502735137939453, 
    "F_613_3": 19.10740089416504, 
    "F_706_3": 19.440399169921875, 
    "F_923_3": 19.26137924194336, 
    "F_458_3": 19.95724868774414, 
    "F_768_3": 19.126344680786133, 
    "Z": 3.015169143676758, 
    "F_799_3": 19.42293357849121, 
    "F_427_3": 19.925458908081055, 
    "F_489_3": 18.90716552734375, 
    "F_954_3": 19.231552124023438, 
    "F_830_3": 19.352426528930664, 
    "F_582_3": 19.610010147094727, 
    "F_520_3": 19.595239639282227, 
    "F_892_3": 19.35934066772461
}