{
    "F_644_3": 20.547901153564453, 
    "F_551_3": 20.82851791381836, 
    "F_861_3": 20.44319725036621, 
    "id": "spec-4871-55928-0318-QSOs-301", 
    "F_675_3": 20.591495513916016, 
    "F_737_3": 20.45949935913086, 
    "F_396_3": 21.743852615356445, 
    "F_365_3": 22.07364845275879, 
    "F_613_3": 20.345884323120117, 
    "F_706_3": 20.55488395690918, 
    "F_923_3": 20.25496482849121, 
    "F_458_3": 21.506317138671875, 
    "F_768_3": 20.271442413330078, 
    "Z": 3.0148894786834717, 
    "F_799_3": 20.475971221923828, 
    "F_427_3": 21.78331184387207, 
    "F_489_3": 20.62389373779297, 
    "F_954_3": 20.15471076965332, 
    "F_830_3": 20.43391990661621, 
    "F_582_3": 20.8389892578125, 
    "F_520_3": 21.011999130249023, 
    "F_892_3": 20.34025764465332
}