{
    "F_644_3": 20.787254333496094, 
    "F_551_3": 20.949254989624023, 
    "F_861_3": 20.65557098388672, 
    "id": "spec-7130-56568-0074-QSOs-hz", 
    "F_675_3": 20.87851905822754, 
    "F_737_3": 20.803701400756836, 
    "F_396_3": 21.565256118774414, 
    "F_365_3": 21.742586135864258, 
    "F_613_3": 20.696500778198242, 
    "F_706_3": 20.804563522338867, 
    "F_923_3": 20.5384464263916, 
    "F_458_3": 21.517108917236328, 
    "F_768_3": 20.492433547973633, 
    "Z": 3.0584259033203125, 
    "F_799_3": 20.737565994262695, 
    "F_427_3": 21.368072509765625, 
    "F_489_3": 20.47795867919922, 
    "F_954_3": 20.49076271057129, 
    "F_830_3": 20.679885864257812, 
    "F_582_3": 20.924800872802734, 
    "F_520_3": 20.981815338134766, 
    "F_892_3": 20.70752716064453
}