{
    "F_644_3": 21.227436065673828, 
    "F_551_3": 21.382553100585938, 
    "F_861_3": Infinity, 
    "id": "spec-5780-56274-0422-QSOs-hz", 
    "F_675_3": 21.434032440185547, 
    "F_737_3": 21.605628967285156, 
    "F_396_3": 21.469669342041016, 
    "F_365_3": 21.237018585205078, 
    "F_613_3": 21.20443344116211, 
    "F_706_3": 21.57841682434082, 
    "F_923_3": Infinity, 
    "F_458_3": 21.56167221069336, 
    "F_768_3": 21.320749282836914, 
    "Z": 3.0603766441345215, 
    "F_799_3": 21.742347717285156, 
    "F_427_3": 21.304363250732422, 
    "F_489_3": 20.844018936157227, 
    "F_954_3": Infinity, 
    "F_830_3": 21.703853607177734, 
    "F_582_3": 21.336898803710938, 
    "F_520_3": 21.280256271362305, 
    "F_892_3": Infinity
}