{
    "F_644_3": 20.661392211914062, 
    "F_551_3": 20.90175437927246, 
    "F_861_3": 21.018831253051758, 
    "id": "spec-5853-56045-0928-QSOs-301", 
    "F_675_3": 20.877216339111328, 
    "F_737_3": 20.890363693237305, 
    "F_396_3": 21.48600196838379, 
    "F_365_3": 21.305849075317383, 
    "F_613_3": 20.34201431274414, 
    "F_706_3": 20.897863388061523, 
    "F_923_3": 20.996673583984375, 
    "F_458_3": 21.325145721435547, 
    "F_768_3": 20.764659881591797, 
    "Z": 3.013923406600952, 
    "F_799_3": 20.987220764160156, 
    "F_427_3": 21.204648971557617, 
    "F_489_3": 20.375450134277344, 
    "F_954_3": 20.927711486816406, 
    "F_830_3": 20.97744369506836, 
    "F_582_3": 20.934751510620117, 
    "F_520_3": 20.90552520751953, 
    "F_892_3": 21.044694900512695
}