{
    "F_644_3": 21.410226821899414, 
    "F_551_3": 21.898582458496094, 
    "F_861_3": 21.573284149169922, 
    "id": "spec-6493-56338-0838-QSOs-hz", 
    "F_675_3": 21.49773597717285, 
    "F_737_3": 21.70754051208496, 
    "F_396_3": 22.368925094604492, 
    "F_365_3": 21.998516082763672, 
    "F_613_3": 21.325475692749023, 
    "F_706_3": 21.73502540588379, 
    "F_923_3": 21.52837562561035, 
    "F_458_3": 22.409536361694336, 
    "F_768_3": 21.512414932250977, 
    "Z": 3.058037519454956, 
    "F_799_3": 21.64520263671875, 
    "F_427_3": 22.21526336669922, 
    "F_489_3": 21.017112731933594, 
    "F_954_3": 21.303743362426758, 
    "F_830_3": 21.614233016967773, 
    "F_582_3": 21.773269653320312, 
    "F_520_3": 21.828447341918945, 
    "F_892_3": 21.509029388427734
}