{
    "F_644_3": 20.952606201171875, 
    "F_551_3": 21.006099700927734, 
    "F_861_3": 20.8251953125, 
    "id": "spec-4407-55884-0312-QSOs-301", 
    "F_675_3": 21.045486450195312, 
    "F_737_3": 20.941892623901367, 
    "F_396_3": 21.411396026611328, 
    "F_365_3": 21.53793716430664, 
    "F_613_3": 20.7103271484375, 
    "F_706_3": 21.073001861572266, 
    "F_923_3": 20.71519660949707, 
    "F_458_3": 21.51877784729004, 
    "F_768_3": 20.70033073425293, 
    "Z": 3.0234625339508057, 
    "F_799_3": 20.946195602416992, 
    "F_427_3": 21.341638565063477, 
    "F_489_3": 20.502103805541992, 
    "F_954_3": 20.34038543701172, 
    "F_830_3": 20.854541778564453, 
    "F_582_3": 21.098148345947266, 
    "F_520_3": 21.1236515045166, 
    "F_892_3": 20.8146915435791
}