{
    "F_644_3": 21.867961883544922, 
    "F_551_3": 21.867473602294922, 
    "F_861_3": 22.073360443115234, 
    "id": "spec-4204-55470-0328-QSOs-301", 
    "F_675_3": 22.027565002441406, 
    "F_737_3": 21.9807071685791, 
    "F_396_3": 22.260730743408203, 
    "F_365_3": 22.010143280029297, 
    "F_613_3": 21.521465301513672, 
    "F_706_3": 22.023548126220703, 
    "F_923_3": 21.917068481445312, 
    "F_458_3": 22.432294845581055, 
    "F_768_3": 21.800146102905273, 
    "Z": 3.0202581882476807, 
    "F_799_3": 22.095216751098633, 
    "F_427_3": 22.13526153564453, 
    "F_489_3": 21.372028350830078, 
    "F_954_3": 21.64946746826172, 
    "F_830_3": 22.084327697753906, 
    "F_582_3": 22.026941299438477, 
    "F_520_3": 21.986696243286133, 
    "F_892_3": 22.148405075073242
}