{
    "F_644_3": 20.55634307861328, 
    "F_551_3": 20.65481948852539, 
    "F_861_3": 20.623428344726562, 
    "id": "spec-3944-55660-0704-QSOs-301", 
    "F_675_3": 20.648723602294922, 
    "F_737_3": 20.594221115112305, 
    "F_396_3": 21.552410125732422, 
    "F_365_3": 21.75214385986328, 
    "F_613_3": 20.324466705322266, 
    "F_706_3": 20.658985137939453, 
    "F_923_3": 20.46157455444336, 
    "F_458_3": 21.29064178466797, 
    "F_768_3": 20.404125213623047, 
    "Z": 3.0160090923309326, 
    "F_799_3": 20.583229064941406, 
    "F_427_3": 21.29373550415039, 
    "F_489_3": 20.27124786376953, 
    "F_954_3": 20.292194366455078, 
    "F_830_3": 20.54323959350586, 
    "F_582_3": 20.71002197265625, 
    "F_520_3": 20.799396514892578, 
    "F_892_3": 20.49433135986328
}