{
    "F_644_3": 22.167451858520508, 
    "F_551_3": 22.405271530151367, 
    "F_861_3": 22.131088256835938, 
    "id": "spec-5812-56354-0992-QSOs-301", 
    "F_675_3": 22.3070011138916, 
    "F_737_3": 22.271392822265625, 
    "F_396_3": 22.427030563354492, 
    "F_365_3": 22.095069885253906, 
    "F_613_3": 22.096012115478516, 
    "F_706_3": 22.438438415527344, 
    "F_923_3": 21.857919692993164, 
    "F_458_3": 22.68761444091797, 
    "F_768_3": 22.094850540161133, 
    "Z": 3.0144119262695312, 
    "F_799_3": 22.154705047607422, 
    "F_427_3": 22.52313232421875, 
    "F_489_3": 22.042057037353516, 
    "F_954_3": 21.31692886352539, 
    "F_830_3": 22.263919830322266, 
    "F_582_3": 22.45874786376953, 
    "F_520_3": 22.65821075439453, 
    "F_892_3": 21.867584228515625
}