{
    "F_644_3": 20.570289611816406, 
    "F_551_3": 20.61145782470703, 
    "F_861_3": 20.44883155822754, 
    "id": "spec-3848-55647-0132-QSOs-301", 
    "F_675_3": 20.609033584594727, 
    "F_737_3": 20.470584869384766, 
    "F_396_3": 21.271202087402344, 
    "F_365_3": 21.14478302001953, 
    "F_613_3": 20.458694458007812, 
    "F_706_3": 20.56800651550293, 
    "F_923_3": 20.305620193481445, 
    "F_458_3": 21.176963806152344, 
    "F_768_3": 20.207887649536133, 
    "Z": 3.0238559246063232, 
    "F_799_3": 20.50901985168457, 
    "F_427_3": 21.086078643798828, 
    "F_489_3": 20.23861312866211, 
    "F_954_3": 20.167766571044922, 
    "F_830_3": 20.435548782348633, 
    "F_582_3": 20.776235580444336, 
    "F_520_3": 20.739452362060547, 
    "F_892_3": 20.452024459838867
}