{
    "F_644_3": 19.787565231323242, 
    "F_551_3": 20.132343292236328, 
    "F_861_3": 19.986555099487305, 
    "id": "spec-4068-55445-0932-QSOs-hz", 
    "F_675_3": 20.01332664489746, 
    "F_737_3": 20.089088439941406, 
    "F_396_3": 20.701175689697266, 
    "F_365_3": 20.8878116607666, 
    "F_613_3": 19.90744972229004, 
    "F_706_3": 20.092365264892578, 
    "F_923_3": 19.896028518676758, 
    "F_458_3": 20.503929138183594, 
    "F_768_3": 19.8472900390625, 
    "Z": 3.0644776821136475, 
    "F_799_3": 20.096094131469727, 
    "F_427_3": 20.31409454345703, 
    "F_489_3": 19.36820411682129, 
    "F_954_3": 19.712923049926758, 
    "F_830_3": 20.039770126342773, 
    "F_582_3": 20.07301902770996, 
    "F_520_3": 19.94935417175293, 
    "F_892_3": 20.032989501953125
}