{
    "F_644_3": 20.472063064575195, 
    "F_551_3": 20.570920944213867, 
    "F_861_3": 20.638763427734375, 
    "id": "spec-4620-55652-0906-QSOs-301", 
    "F_675_3": 20.586273193359375, 
    "F_737_3": 20.523427963256836, 
    "F_396_3": 20.966548919677734, 
    "F_365_3": 20.848798751831055, 
    "F_613_3": 20.209383010864258, 
    "F_706_3": 20.57620620727539, 
    "F_923_3": 20.474807739257812, 
    "F_458_3": 20.969833374023438, 
    "F_768_3": 20.400588989257812, 
    "Z": 3.0112054347991943, 
    "F_799_3": 20.578468322753906, 
    "F_427_3": 20.658884048461914, 
    "F_489_3": 19.82274055480957, 
    "F_954_3": 20.5157527923584, 
    "F_830_3": 20.51853370666504, 
    "F_582_3": 20.677478790283203, 
    "F_520_3": 20.624040603637695, 
    "F_892_3": 20.609664916992188
}