{
    "F_644_3": 20.764469146728516, 
    "F_551_3": 20.80900764465332, 
    "F_861_3": 21.01262664794922, 
    "id": "spec-4231-55444-0064-QSOs-hz", 
    "F_675_3": 20.910308837890625, 
    "F_737_3": 20.928871154785156, 
    "F_396_3": 20.94817352294922, 
    "F_365_3": 21.184486389160156, 
    "F_613_3": 20.67708969116211, 
    "F_706_3": 20.885934829711914, 
    "F_923_3": 21.001920700073242, 
    "F_458_3": 21.105297088623047, 
    "F_768_3": 20.649126052856445, 
    "Z": 3.0582361221313477, 
    "F_799_3": 20.973649978637695, 
    "F_427_3": 20.926498413085938, 
    "F_489_3": 20.19690704345703, 
    "F_954_3": 20.682510375976562, 
    "F_830_3": 20.991825103759766, 
    "F_582_3": 20.843103408813477, 
    "F_520_3": 20.768404006958008, 
    "F_892_3": 21.06283187866211
}