{
    "F_644_3": 21.504114151000977, 
    "F_551_3": 21.635740280151367, 
    "F_861_3": 21.528671264648438, 
    "id": "spec-4198-55480-0322-QSOs-301", 
    "F_675_3": 21.65974998474121, 
    "F_737_3": 21.588356018066406, 
    "F_396_3": 22.071701049804688, 
    "F_365_3": 22.006622314453125, 
    "F_613_3": 20.933067321777344, 
    "F_706_3": 21.655742645263672, 
    "F_923_3": 21.386964797973633, 
    "F_458_3": 22.050338745117188, 
    "F_768_3": 21.377376556396484, 
    "Z": 3.0148582458496094, 
    "F_799_3": 21.57521629333496, 
    "F_427_3": 22.084754943847656, 
    "F_489_3": 20.884464263916016, 
    "F_954_3": 21.069276809692383, 
    "F_830_3": 21.543121337890625, 
    "F_582_3": 21.70366096496582, 
    "F_520_3": 21.726774215698242, 
    "F_892_3": 21.524843215942383
}