{
    "F_644_3": 20.835166931152344, 
    "F_551_3": 21.087421417236328, 
    "F_861_3": 20.534015655517578, 
    "id": "spec-4074-55679-0790-QSOs-301", 
    "F_675_3": 20.823545455932617, 
    "F_737_3": 20.717952728271484, 
    "F_396_3": 21.728118896484375, 
    "F_365_3": 21.715469360351562, 
    "F_613_3": 20.651554107666016, 
    "F_706_3": 20.757675170898438, 
    "F_923_3": 20.321308135986328, 
    "F_458_3": 21.713302612304688, 
    "F_768_3": 20.54728889465332, 
    "Z": 3.015749454498291, 
    "F_799_3": 20.689680099487305, 
    "F_427_3": 21.65911293029785, 
    "F_489_3": 20.499038696289062, 
    "F_954_3": 20.175872802734375, 
    "F_830_3": 20.591394424438477, 
    "F_582_3": 21.15839385986328, 
    "F_520_3": 21.210124969482422, 
    "F_892_3": 20.424894332885742
}