{
    "F_644_3": 21.8682861328125, 
    "F_551_3": 22.144126892089844, 
    "F_861_3": 21.610307693481445, 
    "id": "spec-6507-56478-0428-QSOs-hz", 
    "F_675_3": 21.851518630981445, 
    "F_737_3": 21.788869857788086, 
    "F_396_3": 22.353931427001953, 
    "F_365_3": 22.255271911621094, 
    "F_613_3": 21.73334312438965, 
    "F_706_3": 21.781482696533203, 
    "F_923_3": 21.434738159179688, 
    "F_458_3": 22.46564483642578, 
    "F_768_3": 21.50267791748047, 
    "Z": 3.058525800704956, 
    "F_799_3": 21.702980041503906, 
    "F_427_3": 22.24372673034668, 
    "F_489_3": 21.454601287841797, 
    "F_954_3": 21.16690444946289, 
    "F_830_3": 21.654428482055664, 
    "F_582_3": 22.034469604492188, 
    "F_520_3": 22.067752838134766, 
    "F_892_3": 21.51927375793457
}