{
    "F_644_3": 19.609840393066406, 
    "F_551_3": 19.878196716308594, 
    "F_861_3": 19.50949478149414, 
    "id": "spec-3865-55272-0656-QSOs-301", 
    "F_675_3": 19.643033981323242, 
    "F_737_3": 19.472732543945312, 
    "F_396_3": 20.922475814819336, 
    "F_365_3": 21.248844146728516, 
    "F_613_3": 19.551530838012695, 
    "F_706_3": 19.613943099975586, 
    "F_923_3": 19.39352798461914, 
    "F_458_3": 20.468591690063477, 
    "F_768_3": 19.34408950805664, 
    "Z": 3.0167946815490723, 
    "F_799_3": 19.502622604370117, 
    "F_427_3": 20.570831298828125, 
    "F_489_3": 19.76558494567871, 
    "F_954_3": 19.34144401550293, 
    "F_830_3": 19.45144271850586, 
    "F_582_3": 19.878549575805664, 
    "F_520_3": 19.957212448120117, 
    "F_892_3": 19.490148544311523
}