{
    "F_644_3": 21.496171951293945, 
    "F_551_3": 21.82903480529785, 
    "F_861_3": 21.655128479003906, 
    "id": "spec-5154-55864-0226-QSOs-hz", 
    "F_675_3": 21.755157470703125, 
    "F_737_3": 21.873573303222656, 
    "F_396_3": 22.492555618286133, 
    "F_365_3": 22.02260398864746, 
    "F_613_3": 21.4119815826416, 
    "F_706_3": 21.930044174194336, 
    "F_923_3": 21.4494571685791, 
    "F_458_3": 22.42715072631836, 
    "F_768_3": 21.634456634521484, 
    "Z": 3.0596470832824707, 
    "F_799_3": 21.690317153930664, 
    "F_427_3": 22.31037139892578, 
    "F_489_3": 21.255861282348633, 
    "F_954_3": 20.684999465942383, 
    "F_830_3": 21.694787979125977, 
    "F_582_3": 21.817462921142578, 
    "F_520_3": 21.996179580688477, 
    "F_892_3": 21.353782653808594
}