{
    "F_644_3": 20.14614486694336, 
    "F_551_3": 20.2878360748291, 
    "F_861_3": 19.923776626586914, 
    "id": "spec-5412-55981-0278-QSOs-hz", 
    "F_675_3": 20.149900436401367, 
    "F_737_3": 20.01523208618164, 
    "F_396_3": 20.952625274658203, 
    "F_365_3": 21.258983612060547, 
    "F_613_3": 20.095504760742188, 
    "F_706_3": 20.091312408447266, 
    "F_923_3": 19.813547134399414, 
    "F_458_3": 20.88347816467285, 
    "F_768_3": 19.81745147705078, 
    "Z": 3.058464765548706, 
    "F_799_3": 19.968006134033203, 
    "F_427_3": 20.816638946533203, 
    "F_489_3": 20.093570709228516, 
    "F_954_3": 19.430551528930664, 
    "F_830_3": 19.945545196533203, 
    "F_582_3": 20.29065704345703, 
    "F_520_3": 20.358503341674805, 
    "F_892_3": 19.76358413696289
}