{
    "F_644_3": 20.261751174926758, 
    "F_551_3": 20.50147819519043, 
    "F_861_3": 20.326478958129883, 
    "id": "spec-4701-55709-0656-QSOs-hz", 
    "F_675_3": 20.256248474121094, 
    "F_737_3": 20.433116912841797, 
    "F_396_3": 21.79710578918457, 
    "F_365_3": 22.13102912902832, 
    "F_613_3": 20.52887535095215, 
    "F_706_3": 20.383974075317383, 
    "F_923_3": 20.252727508544922, 
    "F_458_3": 21.136484146118164, 
    "F_768_3": 20.405576705932617, 
    "Z": 3.2865073680877686, 
    "F_799_3": 20.136796951293945, 
    "F_427_3": 21.174800872802734, 
    "F_489_3": 21.13566780090332, 
    "F_954_3": 20.27471923828125, 
    "F_830_3": 20.10072898864746, 
    "F_582_3": 20.496713638305664, 
    "F_520_3": 19.98768424987793, 
    "F_892_3": 20.278461456298828
}