{
    "F_644_3": 21.353130340576172, 
    "F_551_3": 21.404605865478516, 
    "F_861_3": 21.181543350219727, 
    "id": "spec-4069-55365-0538-QSOs-hz", 
    "F_675_3": 21.30182647705078, 
    "F_737_3": 21.225481033325195, 
    "F_396_3": 21.870128631591797, 
    "F_365_3": 21.711246490478516, 
    "F_613_3": 21.340076446533203, 
    "F_706_3": 21.259456634521484, 
    "F_923_3": 21.237754821777344, 
    "F_458_3": 21.917530059814453, 
    "F_768_3": 21.06977653503418, 
    "Z": 3.0653185844421387, 
    "F_799_3": 21.208913803100586, 
    "F_427_3": 21.678255081176758, 
    "F_489_3": 21.198209762573242, 
    "F_954_3": 21.031925201416016, 
    "F_830_3": 21.237398147583008, 
    "F_582_3": 21.483137130737305, 
    "F_520_3": 21.47986602783203, 
    "F_892_3": 21.20000648498535
}