{
    "F_644_3": 21.22867202758789, 
    "F_551_3": 21.52605438232422, 
    "F_861_3": 21.356914520263672, 
    "id": "spec-4862-55685-0194-QSOs-hz", 
    "F_675_3": 21.466501235961914, 
    "F_737_3": 21.48441505432129, 
    "F_396_3": 21.796545028686523, 
    "F_365_3": 21.57742691040039, 
    "F_613_3": 21.099714279174805, 
    "F_706_3": 21.51615333557129, 
    "F_923_3": 21.294029235839844, 
    "F_458_3": 21.9710636138916, 
    "F_768_3": 21.24227523803711, 
    "Z": 3.060164213180542, 
    "F_799_3": 21.446069717407227, 
    "F_427_3": 21.54386329650879, 
    "F_489_3": 20.916015625, 
    "F_954_3": 21.01967430114746, 
    "F_830_3": 21.367267608642578, 
    "F_582_3": 21.490507125854492, 
    "F_520_3": 21.522689819335938, 
    "F_892_3": 21.314294815063477
}