{
    "F_644_3": 22.52338409423828, 
    "F_551_3": 22.503442764282227, 
    "F_861_3": Infinity, 
    "id": "spec-3774-55244-0100-QSOs-301", 
    "F_675_3": 22.7598934173584, 
    "F_737_3": 22.863468170166016, 
    "F_396_3": 22.702672958374023, 
    "F_365_3": 22.199317932128906, 
    "F_613_3": 22.031768798828125, 
    "F_706_3": 22.838979721069336, 
    "F_923_3": 22.72360610961914, 
    "F_458_3": 23.018356323242188, 
    "F_768_3": 22.577810287475586, 
    "Z": 3.0181164741516113, 
    "F_799_3": 22.85795021057129, 
    "F_427_3": 22.844148635864258, 
    "F_489_3": 21.57020378112793, 
    "F_954_3": Infinity, 
    "F_830_3": 22.670490264892578, 
    "F_582_3": 22.733497619628906, 
    "F_520_3": 22.86383819580078, 
    "F_892_3": 22.542640686035156
}