{
    "F_644_3": 20.050445556640625, 
    "F_551_3": 20.2537784576416, 
    "F_861_3": 20.026639938354492, 
    "id": "spec-4406-55858-0200-QSOs-301", 
    "F_675_3": 20.113569259643555, 
    "F_737_3": 20.05031394958496, 
    "F_396_3": 20.705434799194336, 
    "F_365_3": 20.834362030029297, 
    "F_613_3": 20.012714385986328, 
    "F_706_3": 20.083642959594727, 
    "F_923_3": 19.95537757873535, 
    "F_458_3": 20.793933868408203, 
    "F_768_3": 19.818058013916016, 
    "Z": 3.02510666847229, 
    "F_799_3": 20.072635650634766, 
    "F_427_3": 20.621923446655273, 
    "F_489_3": 19.931406021118164, 
    "F_954_3": 19.804948806762695, 
    "F_830_3": 20.062040328979492, 
    "F_582_3": 20.23371696472168, 
    "F_520_3": 20.26188087463379, 
    "F_892_3": 20.078765869140625
}