{
    "F_644_3": 20.198326110839844, 
    "F_551_3": 20.351985931396484, 
    "F_861_3": 20.05806541442871, 
    "id": "spec-2604-54484-0565-QSOs-hz", 
    "F_675_3": 20.121614456176758, 
    "F_737_3": 20.098657608032227, 
    "F_396_3": 21.298017501831055, 
    "F_365_3": 21.10257339477539, 
    "F_613_3": 20.30388641357422, 
    "F_706_3": 20.14118194580078, 
    "F_923_3": 20.09088134765625, 
    "F_458_3": 20.86128044128418, 
    "F_768_3": 20.09454917907715, 
    "Z": 3.2864720821380615, 
    "F_799_3": 19.845291137695312, 
    "F_427_3": 21.00058937072754, 
    "F_489_3": 20.81511116027832, 
    "F_954_3": Infinity, 
    "F_830_3": 19.912364959716797, 
    "F_582_3": 20.33245849609375, 
    "F_520_3": 20.08218002319336, 
    "F_892_3": 20.058605194091797
}