{
    "F_644_3": 20.337663650512695, 
    "F_551_3": 20.52871322631836, 
    "F_861_3": 20.425518035888672, 
    "id": "spec-4481-55630-0209-QSOs-hz", 
    "F_675_3": 20.441923141479492, 
    "F_737_3": 20.45619773864746, 
    "F_396_3": 20.902788162231445, 
    "F_365_3": 21.067049026489258, 
    "F_613_3": 20.287519454956055, 
    "F_706_3": 20.43215560913086, 
    "F_923_3": 20.359289169311523, 
    "F_458_3": 20.941137313842773, 
    "F_768_3": 20.286287307739258, 
    "Z": 3.05843186378479, 
    "F_799_3": 20.432645797729492, 
    "F_427_3": 20.797998428344727, 
    "F_489_3": 20.193174362182617, 
    "F_954_3": 20.288415908813477, 
    "F_830_3": 20.442832946777344, 
    "F_582_3": 20.577821731567383, 
    "F_520_3": 20.552663803100586, 
    "F_892_3": 20.417264938354492
}