{
    "F_644_3": 19.637487411499023, 
    "F_551_3": 19.7268009185791, 
    "F_861_3": 19.649864196777344, 
    "id": "spec-4208-55476-0901-QSOs-hz", 
    "F_675_3": 19.66444206237793, 
    "F_737_3": 19.59874725341797, 
    "F_396_3": 20.443832397460938, 
    "F_365_3": 20.5980167388916, 
    "F_613_3": 19.599576950073242, 
    "F_706_3": 19.617115020751953, 
    "F_923_3": 19.697904586791992, 
    "F_458_3": 20.17723274230957, 
    "F_768_3": 19.450223922729492, 
    "Z": 3.060617208480835, 
    "F_799_3": 19.611099243164062, 
    "F_427_3": 20.13831329345703, 
    "F_489_3": 19.64368438720703, 
    "F_954_3": 19.706253051757812, 
    "F_830_3": 19.643287658691406, 
    "F_582_3": 19.723384857177734, 
    "F_520_3": 19.784753799438477, 
    "F_892_3": 19.739164352416992
}