{
    "F_644_3": 19.656570434570312, 
    "F_551_3": 19.85982894897461, 
    "F_861_3": 19.780834197998047, 
    "id": "spec-4771-55925-0276-QSOs-hz", 
    "F_675_3": 19.70269775390625, 
    "F_737_3": 19.7908935546875, 
    "F_396_3": 20.969453811645508, 
    "F_365_3": 21.764354705810547, 
    "F_613_3": 19.864646911621094, 
    "F_706_3": 19.77076530456543, 
    "F_923_3": 19.714941024780273, 
    "F_458_3": 20.388147354125977, 
    "F_768_3": 19.778709411621094, 
    "Z": 3.2864720821380615, 
    "F_799_3": 19.563804626464844, 
    "F_427_3": 20.4189510345459, 
    "F_489_3": 20.43590545654297, 
    "F_954_3": 19.64668083190918, 
    "F_830_3": 19.559202194213867, 
    "F_582_3": 19.91036033630371, 
    "F_520_3": 19.540468215942383, 
    "F_892_3": 19.71082878112793
}