{
    "F_644_3": 21.07676124572754, 
    "F_551_3": 21.352617263793945, 
    "F_861_3": 20.89811134338379, 
    "id": "spec-6409-56306-0974-QSOs-301", 
    "F_675_3": 21.12824821472168, 
    "F_737_3": 21.015926361083984, 
    "F_396_3": 22.26613998413086, 
    "F_365_3": 22.58013343811035, 
    "F_613_3": 21.07331657409668, 
    "F_706_3": 21.052318572998047, 
    "F_923_3": 20.84193229675293, 
    "F_458_3": 21.973857879638672, 
    "F_768_3": 20.748031616210938, 
    "Z": 3.011038064956665, 
    "F_799_3": 21.045202255249023, 
    "F_427_3": 22.034372329711914, 
    "F_489_3": 20.958980560302734, 
    "F_954_3": 20.705318450927734, 
    "F_830_3": 20.958845138549805, 
    "F_582_3": 21.394132614135742, 
    "F_520_3": 21.35743522644043, 
    "F_892_3": 20.943666458129883
}