{
    "F_644_3": 20.84250831604004, 
    "F_551_3": 20.828710556030273, 
    "F_861_3": 20.989652633666992, 
    "id": "spec-5715-56657-0380-QSOs-301", 
    "F_675_3": 20.983489990234375, 
    "F_737_3": 20.9173641204834, 
    "F_396_3": 21.054960250854492, 
    "F_365_3": 20.977638244628906, 
    "F_613_3": 20.275779724121094, 
    "F_706_3": 21.029674530029297, 
    "F_923_3": 20.786651611328125, 
    "F_458_3": 21.245119094848633, 
    "F_768_3": 20.631446838378906, 
    "Z": 3.010867118835449, 
    "F_799_3": 21.044248580932617, 
    "F_427_3": 21.076576232910156, 
    "F_489_3": 19.958288192749023, 
    "F_954_3": 20.558414459228516, 
    "F_830_3": 20.977815628051758, 
    "F_582_3": 21.05883026123047, 
    "F_520_3": 20.904155731201172, 
    "F_892_3": 20.884000778198242
}