{
    "F_644_3": 22.997154235839844, 
    "F_551_3": 22.892070770263672, 
    "F_861_3": Infinity, 
    "id": "spec-3842-55565-0170-QSOs-301", 
    "F_675_3": 23.165008544921875, 
    "F_737_3": Infinity, 
    "F_396_3": 22.795780181884766, 
    "F_365_3": 22.600040435791016, 
    "F_613_3": 22.2391357421875, 
    "F_706_3": 23.289634704589844, 
    "F_923_3": Infinity, 
    "F_458_3": 23.149873733520508, 
    "F_768_3": Infinity, 
    "Z": 3.0250632762908936, 
    "F_799_3": Infinity, 
    "F_427_3": 22.56406021118164, 
    "F_489_3": 21.73927116394043, 
    "F_954_3": Infinity, 
    "F_830_3": 23.068016052246094, 
    "F_582_3": 22.823928833007812, 
    "F_520_3": 22.93444061279297, 
    "F_892_3": Infinity
}