{
    "F_644_3": 19.065505981445312, 
    "F_551_3": 19.084257125854492, 
    "F_861_3": Infinity, 
    "id": "spec-4233-55449-0071-QSOs-hz", 
    "F_675_3": 19.054691314697266, 
    "F_737_3": 19.219573974609375, 
    "F_396_3": 19.826101303100586, 
    "F_365_3": 20.47768783569336, 
    "F_613_3": 19.169357299804688, 
    "F_706_3": 19.169668197631836, 
    "F_923_3": Infinity, 
    "F_458_3": 19.416215896606445, 
    "F_768_3": 19.207658767700195, 
    "Z": 3.2864866256713867, 
    "F_799_3": 19.04952049255371, 
    "F_427_3": 19.462507247924805, 
    "F_489_3": 19.491714477539062, 
    "F_954_3": Infinity, 
    "F_830_3": 19.047510147094727, 
    "F_582_3": 19.160629272460938, 
    "F_520_3": 18.650333404541016, 
    "F_892_3": Infinity
}