{
    "F_644_3": 20.855344772338867, 
    "F_551_3": 20.905614852905273, 
    "F_861_3": 20.97480010986328, 
    "id": "spec-3854-55247-0226-QSOs-301", 
    "F_675_3": 21.03264808654785, 
    "F_737_3": 20.984519958496094, 
    "F_396_3": 21.45090103149414, 
    "F_365_3": 21.674060821533203, 
    "F_613_3": 20.55483055114746, 
    "F_706_3": 21.06151008605957, 
    "F_923_3": 20.834640502929688, 
    "F_458_3": 21.39655876159668, 
    "F_768_3": 20.75298500061035, 
    "Z": 3.017063856124878, 
    "F_799_3": 21.042917251586914, 
    "F_427_3": 21.22115135192871, 
    "F_489_3": 20.40003204345703, 
    "F_954_3": 20.668054580688477, 
    "F_830_3": 20.908716201782227, 
    "F_582_3": 20.99580192565918, 
    "F_520_3": 21.00061798095703, 
    "F_892_3": 20.925996780395508
}