{
    "F_644_3": 21.996503829956055, 
    "F_551_3": 22.03401756286621, 
    "F_861_3": 21.868541717529297, 
    "id": "spec-4800-55674-0158-QSOs-301", 
    "F_675_3": 22.087310791015625, 
    "F_737_3": 22.05035400390625, 
    "F_396_3": 22.08890724182129, 
    "F_365_3": 21.69681167602539, 
    "F_613_3": 21.48910903930664, 
    "F_706_3": 22.055814743041992, 
    "F_923_3": 21.652559280395508, 
    "F_458_3": 22.445520401000977, 
    "F_768_3": 21.781375885009766, 
    "Z": 3.01008677482605, 
    "F_799_3": 22.027637481689453, 
    "F_427_3": 22.1191463470459, 
    "F_489_3": 21.199556350708008, 
    "F_954_3": 21.594545364379883, 
    "F_830_3": 21.949777603149414, 
    "F_582_3": 22.1883544921875, 
    "F_520_3": 22.18523597717285, 
    "F_892_3": 21.908227920532227
}