{
    "F_644_3": 21.280000686645508, 
    "F_551_3": 21.58119010925293, 
    "F_861_3": 21.363746643066406, 
    "id": "spec-3677-55205-0004-QSOs-hz", 
    "F_675_3": 21.368431091308594, 
    "F_737_3": 21.490657806396484, 
    "F_396_3": 22.492769241333008, 
    "F_365_3": 22.41791343688965, 
    "F_613_3": 21.13841438293457, 
    "F_706_3": 21.43912696838379, 
    "F_923_3": 21.03652572631836, 
    "F_458_3": 22.32826042175293, 
    "F_768_3": 21.282941818237305, 
    "Z": 3.0615363121032715, 
    "F_799_3": 21.386829376220703, 
    "F_427_3": 22.222089767456055, 
    "F_489_3": 21.015962600708008, 
    "F_954_3": 20.874958038330078, 
    "F_830_3": 21.35968589782715, 
    "F_582_3": 21.5860595703125, 
    "F_520_3": 21.724843978881836, 
    "F_892_3": 21.22229766845703
}