{
    "F_644_3": 21.036346435546875, 
    "F_551_3": 21.25124740600586, 
    "F_861_3": 21.08799171447754, 
    "id": "spec-6426-56334-0239-QSOs-301", 
    "F_675_3": 21.136194229125977, 
    "F_737_3": 21.02468490600586, 
    "F_396_3": 21.80451011657715, 
    "F_365_3": 21.786237716674805, 
    "F_613_3": 20.82304573059082, 
    "F_706_3": 21.141311645507812, 
    "F_923_3": 20.958770751953125, 
    "F_458_3": 21.98940658569336, 
    "F_768_3": 20.836299896240234, 
    "Z": 3.013437509536743, 
    "F_799_3": 21.07059669494629, 
    "F_427_3": 21.742830276489258, 
    "F_489_3": 20.921724319458008, 
    "F_954_3": 20.69586181640625, 
    "F_830_3": 21.04224395751953, 
    "F_582_3": 21.385974884033203, 
    "F_520_3": 21.388051986694336, 
    "F_892_3": 20.95741844177246
}