{
    "F_644_3": 20.998136520385742, 
    "F_551_3": 21.120040893554688, 
    "F_861_3": 20.958656311035156, 
    "id": "spec-3971-55322-0252-QSOs-hz", 
    "F_675_3": 20.88286018371582, 
    "F_737_3": 21.0017147064209, 
    "F_396_3": 22.27720832824707, 
    "F_365_3": 22.262737274169922, 
    "F_613_3": 21.16330337524414, 
    "F_706_3": 21.059045791625977, 
    "F_923_3": 20.943058013916016, 
    "F_458_3": 21.594390869140625, 
    "F_768_3": 20.98891830444336, 
    "Z": 3.2869887351989746, 
    "F_799_3": 20.828369140625, 
    "F_427_3": 21.955814361572266, 
    "F_489_3": 21.83916664123535, 
    "F_954_3": 20.821016311645508, 
    "F_830_3": 20.797719955444336, 
    "F_582_3": 21.239734649658203, 
    "F_520_3": 20.922115325927734, 
    "F_892_3": 20.845518112182617
}