{
    "F_644_3": 21.31952667236328, 
    "F_551_3": 21.424884796142578, 
    "F_861_3": 21.442398071289062, 
    "id": "spec-6265-56248-0971-QSOs-hz", 
    "F_675_3": 21.458066940307617, 
    "F_737_3": 21.500097274780273, 
    "F_396_3": 21.266342163085938, 
    "F_365_3": 21.33004379272461, 
    "F_613_3": 21.17901039123535, 
    "F_706_3": 21.55310821533203, 
    "F_923_3": 21.46255111694336, 
    "F_458_3": 21.515689849853516, 
    "F_768_3": 21.20665740966797, 
    "Z": 3.058515787124634, 
    "F_799_3": 21.528276443481445, 
    "F_427_3": 21.292810440063477, 
    "F_489_3": 20.682903289794922, 
    "F_954_3": 21.13091468811035, 
    "F_830_3": 21.557573318481445, 
    "F_582_3": 21.449932098388672, 
    "F_520_3": 21.330297470092773, 
    "F_892_3": 21.400609970092773
}