{
    "F_644_3": 20.89167594909668, 
    "F_551_3": 21.0634822845459, 
    "F_861_3": 20.719688415527344, 
    "id": "spec-5001-55719-0766-QSOs-301", 
    "F_675_3": 20.896808624267578, 
    "F_737_3": 20.70209503173828, 
    "F_396_3": 21.985294342041016, 
    "F_365_3": 21.75168800354004, 
    "F_613_3": 20.83458709716797, 
    "F_706_3": 20.852825164794922, 
    "F_923_3": 20.640352249145508, 
    "F_458_3": 21.85210418701172, 
    "F_768_3": 20.56209373474121, 
    "Z": 3.0141265392303467, 
    "F_799_3": 20.71920394897461, 
    "F_427_3": 21.807966232299805, 
    "F_489_3": 21.0428466796875, 
    "F_954_3": 20.441722869873047, 
    "F_830_3": 20.7168025970459, 
    "F_582_3": 21.158044815063477, 
    "F_520_3": 21.24516487121582, 
    "F_892_3": 20.66436195373535
}