{
    "F_644_3": 20.201505661010742, 
    "F_551_3": 20.648984909057617, 
    "F_861_3": 20.284337997436523, 
    "id": "spec-7131-56570-0398-QSOs-hz", 
    "F_675_3": 20.40770721435547, 
    "F_737_3": 20.38600730895996, 
    "F_396_3": 21.50706672668457, 
    "F_365_3": 21.61246681213379, 
    "F_613_3": 20.312511444091797, 
    "F_706_3": 20.446062088012695, 
    "F_923_3": 20.277917861938477, 
    "F_458_3": 21.279743194580078, 
    "F_768_3": 20.070058822631836, 
    "Z": 3.0584053993225098, 
    "F_799_3": 20.3221378326416, 
    "F_427_3": 21.224777221679688, 
    "F_489_3": 20.162872314453125, 
    "F_954_3": 20.17555809020996, 
    "F_830_3": 20.347942352294922, 
    "F_582_3": 20.56344985961914, 
    "F_520_3": 20.54743003845215, 
    "F_892_3": 20.320068359375
}