{
    "F_644_3": 21.062664031982422, 
    "F_551_3": 21.662586212158203, 
    "F_861_3": 21.732019424438477, 
    "id": "spec-4277-55506-0290-QSOs-hz", 
    "F_675_3": 21.538028717041016, 
    "F_737_3": 21.69020652770996, 
    "F_396_3": 22.243730545043945, 
    "F_365_3": 22.069501876831055, 
    "F_613_3": 20.975765228271484, 
    "F_706_3": 21.75481414794922, 
    "F_923_3": 21.666955947875977, 
    "F_458_3": 22.33916664123535, 
    "F_768_3": 21.23598289489746, 
    "Z": 3.060109853744507, 
    "F_799_3": 21.702383041381836, 
    "F_427_3": 21.86782455444336, 
    "F_489_3": 20.76759147644043, 
    "F_954_3": 21.284860610961914, 
    "F_830_3": 21.772884368896484, 
    "F_582_3": 21.66010093688965, 
    "F_520_3": 21.669851303100586, 
    "F_892_3": 21.590429306030273
}