{
    "F_644_3": 20.51873207092285, 
    "F_551_3": 20.820850372314453, 
    "F_861_3": 20.629602432250977, 
    "id": "spec-5125-55863-0732-QSOs-hz", 
    "F_675_3": 20.547090530395508, 
    "F_737_3": 20.734888076782227, 
    "F_396_3": 21.719512939453125, 
    "F_365_3": 22.0701904296875, 
    "F_613_3": 20.842748641967773, 
    "F_706_3": 20.669281005859375, 
    "F_923_3": 20.556482315063477, 
    "F_458_3": 21.323991775512695, 
    "F_768_3": 20.71703338623047, 
    "Z": 3.2875232696533203, 
    "F_799_3": 20.530500411987305, 
    "F_427_3": 21.371606826782227, 
    "F_489_3": 21.34773826599121, 
    "F_954_3": 20.42580223083496, 
    "F_830_3": 20.445066452026367, 
    "F_582_3": 20.861942291259766, 
    "F_520_3": 20.110939025878906, 
    "F_892_3": 20.531341552734375
}