{
    "F_644_3": 22.498563766479492, 
    "F_551_3": 22.4423828125, 
    "F_861_3": 22.67989730834961, 
    "id": "spec-5733-56575-0376-QSOs-301", 
    "F_675_3": 22.799222946166992, 
    "F_737_3": 22.866453170776367, 
    "F_396_3": 22.327869415283203, 
    "F_365_3": 21.85249137878418, 
    "F_613_3": 21.952585220336914, 
    "F_706_3": 22.767745971679688, 
    "F_923_3": 22.294193267822266, 
    "F_458_3": 22.810335159301758, 
    "F_768_3": 22.45580291748047, 
    "Z": 3.014458656311035, 
    "F_799_3": 22.53140640258789, 
    "F_427_3": 22.466020584106445, 
    "F_489_3": 21.717329025268555, 
    "F_954_3": 21.47132682800293, 
    "F_830_3": 22.508575439453125, 
    "F_582_3": 22.715044021606445, 
    "F_520_3": 22.72389030456543, 
    "F_892_3": 22.074203491210938
}