{
    "F_644_3": 21.759389877319336, 
    "F_551_3": 21.75265884399414, 
    "F_861_3": 21.833436965942383, 
    "id": "spec-6760-56425-0878-QSOs-301", 
    "F_675_3": 21.857723236083984, 
    "F_737_3": 21.742233276367188, 
    "F_396_3": 22.49951934814453, 
    "F_365_3": 22.283823013305664, 
    "F_613_3": 21.418609619140625, 
    "F_706_3": 21.86214828491211, 
    "F_923_3": 21.84543800354004, 
    "F_458_3": 22.381532669067383, 
    "F_768_3": 21.598527908325195, 
    "Z": 3.014801263809204, 
    "F_799_3": 21.796100616455078, 
    "F_427_3": 22.254690170288086, 
    "F_489_3": 21.379392623901367, 
    "F_954_3": 21.60143280029297, 
    "F_830_3": 21.807838439941406, 
    "F_582_3": 21.86685562133789, 
    "F_520_3": 21.95125389099121, 
    "F_892_3": 21.887351989746094
}