{
    "F_644_3": 21.6760196685791, 
    "F_551_3": 21.89864730834961, 
    "F_861_3": 21.614471435546875, 
    "id": "spec-4203-55447-0712-QSOs-301", 
    "F_675_3": 21.82196807861328, 
    "F_737_3": 21.780517578125, 
    "F_396_3": 22.0935001373291, 
    "F_365_3": 21.63634490966797, 
    "F_613_3": 21.282800674438477, 
    "F_706_3": 21.86069107055664, 
    "F_923_3": 21.307886123657227, 
    "F_458_3": 22.299732208251953, 
    "F_768_3": 21.556747436523438, 
    "Z": 3.013559341430664, 
    "F_799_3": 21.753665924072266, 
    "F_427_3": 22.132524490356445, 
    "F_489_3": 21.16396713256836, 
    "F_954_3": 20.93065071105957, 
    "F_830_3": 21.662094116210938, 
    "F_582_3": 21.978946685791016, 
    "F_520_3": 21.95621109008789, 
    "F_892_3": 21.43550682067871
}