{
    "F_644_3": 20.484743118286133, 
    "F_551_3": 20.568845748901367, 
    "F_861_3": 20.633258819580078, 
    "id": "spec-4648-55673-0306-QSOs-301", 
    "F_675_3": 20.57608985900879, 
    "F_737_3": 20.550968170166016, 
    "F_396_3": 21.390716552734375, 
    "F_365_3": 21.500205993652344, 
    "F_613_3": 20.195175170898438, 
    "F_706_3": 20.573795318603516, 
    "F_923_3": 20.622968673706055, 
    "F_458_3": 21.115636825561523, 
    "F_768_3": 20.368837356567383, 
    "Z": 3.013080596923828, 
    "F_799_3": 20.661592483520508, 
    "F_427_3": 21.084741592407227, 
    "F_489_3": 20.04192352294922, 
    "F_954_3": 20.435768127441406, 
    "F_830_3": 20.634597778320312, 
    "F_582_3": 20.714597702026367, 
    "F_520_3": 20.649890899658203, 
    "F_892_3": 20.690587997436523
}