{
    "F_644_3": 20.91888999938965, 
    "F_551_3": 20.980300903320312, 
    "F_861_3": 21.126054763793945, 
    "id": "spec-5957-56210-0484-QSOs-301", 
    "F_675_3": 21.134986877441406, 
    "F_737_3": 21.116819381713867, 
    "F_396_3": 21.581144332885742, 
    "F_365_3": 21.50228500366211, 
    "F_613_3": 20.578800201416016, 
    "F_706_3": 21.135326385498047, 
    "F_923_3": 20.77991485595703, 
    "F_458_3": 21.565994262695312, 
    "F_768_3": 20.923107147216797, 
    "Z": 3.01206636428833, 
    "F_799_3": 21.2144775390625, 
    "F_427_3": 21.36869239807129, 
    "F_489_3": 20.468490600585938, 
    "F_954_3": 20.66091537475586, 
    "F_830_3": 21.17127227783203, 
    "F_582_3": 21.180225372314453, 
    "F_520_3": 21.19137954711914, 
    "F_892_3": 21.202438354492188
}