{
    "F_644_3": 22.08188819885254, 
    "F_551_3": 22.11076545715332, 
    "F_861_3": 21.735939025878906, 
    "id": "spec-6486-56328-0902-QSOs-301", 
    "F_675_3": 22.112651824951172, 
    "F_737_3": 21.71280288696289, 
    "F_396_3": 22.780534744262695, 
    "F_365_3": 22.38371467590332, 
    "F_613_3": 21.753158569335938, 
    "F_706_3": 22.012868881225586, 
    "F_923_3": 21.58112144470215, 
    "F_458_3": 22.862092971801758, 
    "F_768_3": 21.408763885498047, 
    "Z": 3.0107147693634033, 
    "F_799_3": 21.847219467163086, 
    "F_427_3": 22.64359474182129, 
    "F_489_3": 21.425355911254883, 
    "F_954_3": 21.523052215576172, 
    "F_830_3": 21.732357025146484, 
    "F_582_3": 22.402437210083008, 
    "F_520_3": 22.322303771972656, 
    "F_892_3": 21.77902603149414
}