{
    "F_644_3": 20.711612701416016, 
    "F_551_3": 21.242876052856445, 
    "F_861_3": 20.83449363708496, 
    "id": "spec-5783-56017-0798-QSOs-hz", 
    "F_675_3": 20.925861358642578, 
    "F_737_3": 20.932783126831055, 
    "F_396_3": 21.742422103881836, 
    "F_365_3": 21.435871124267578, 
    "F_613_3": 20.676198959350586, 
    "F_706_3": 21.039230346679688, 
    "F_923_3": 20.735761642456055, 
    "F_458_3": 21.777618408203125, 
    "F_768_3": 20.58888053894043, 
    "Z": 3.0598676204681396, 
    "F_799_3": 20.953638076782227, 
    "F_427_3": 21.4217472076416, 
    "F_489_3": 20.441448211669922, 
    "F_954_3": 20.578807830810547, 
    "F_830_3": 20.890850067138672, 
    "F_582_3": 21.180906295776367, 
    "F_520_3": 21.15616226196289, 
    "F_892_3": 20.82224464416504
}