{
    "F_644_3": 20.59242057800293, 
    "F_551_3": 20.86135482788086, 
    "F_861_3": 20.411006927490234, 
    "id": "spec-3854-55247-0940-QSOs-hz", 
    "F_675_3": 20.541391372680664, 
    "F_737_3": 20.46048355102539, 
    "F_396_3": 21.422075271606445, 
    "F_365_3": 21.66587257385254, 
    "F_613_3": 20.59944725036621, 
    "F_706_3": 20.437807083129883, 
    "F_923_3": 20.42332649230957, 
    "F_458_3": 21.279714584350586, 
    "F_768_3": 20.26165199279785, 
    "Z": 3.0581626892089844, 
    "F_799_3": 20.418025970458984, 
    "F_427_3": 21.27035903930664, 
    "F_489_3": 20.587038040161133, 
    "F_954_3": 20.569204330444336, 
    "F_830_3": 20.44572639465332, 
    "F_582_3": 20.713092803955078, 
    "F_520_3": 20.753644943237305, 
    "F_892_3": 20.55916404724121
}