{
    "F_644_3": 20.485431671142578, 
    "F_551_3": 20.787057876586914, 
    "F_861_3": 20.47118377685547, 
    "id": "spec-4623-55621-0656-QSOs-hz", 
    "F_675_3": 20.579341888427734, 
    "F_737_3": 20.581579208374023, 
    "F_396_3": 21.421463012695312, 
    "F_365_3": 21.344907760620117, 
    "F_613_3": 20.477266311645508, 
    "F_706_3": 20.55719757080078, 
    "F_923_3": 20.40346908569336, 
    "F_458_3": 21.376367568969727, 
    "F_768_3": 20.329425811767578, 
    "Z": 3.0607833862304688, 
    "F_799_3": 20.509735107421875, 
    "F_427_3": 21.169466018676758, 
    "F_489_3": 20.391338348388672, 
    "F_954_3": 20.341703414916992, 
    "F_830_3": 20.484073638916016, 
    "F_582_3": 20.65728187561035, 
    "F_520_3": 20.782154083251953, 
    "F_892_3": 20.544034957885742
}