{
    "F_644_3": 19.77381134033203, 
    "F_551_3": 19.667543411254883, 
    "F_861_3": 19.87019157409668, 
    "id": "spec-7300-56707-0964-QSOs-301", 
    "F_675_3": 19.857776641845703, 
    "F_737_3": 19.84453010559082, 
    "F_396_3": 19.535505294799805, 
    "F_365_3": 19.698041915893555, 
    "F_613_3": 19.511348724365234, 
    "F_706_3": 19.858407974243164, 
    "F_923_3": 19.726280212402344, 
    "F_458_3": 19.839542388916016, 
    "F_768_3": 19.623598098754883, 
    "Z": 3.0104005336761475, 
    "F_799_3": 19.904296875, 
    "F_427_3": 19.602724075317383, 
    "F_489_3": 19.00030517578125, 
    "F_954_3": 19.693361282348633, 
    "F_830_3": 19.8692684173584, 
    "F_582_3": 19.826208114624023, 
    "F_520_3": 19.71528434753418, 
    "F_892_3": 19.846147537231445
}