{
    "F_644_3": 18.019254684448242, 
    "F_551_3": 18.2385196685791, 
    "F_861_3": 17.95944595336914, 
    "id": "spec-6424-56272-0069-QSOs-301", 
    "F_675_3": 18.064836502075195, 
    "F_737_3": 17.97006607055664, 
    "F_396_3": 19.21074867248535, 
    "F_365_3": 19.886215209960938, 
    "F_613_3": 17.833229064941406, 
    "F_706_3": 18.04498863220215, 
    "F_923_3": 17.813440322875977, 
    "F_458_3": 19.66155433654785, 
    "F_768_3": 17.78034019470215, 
    "Z": 3.015017509460449, 
    "F_799_3": 17.984241485595703, 
    "F_427_3": 18.921789169311523, 
    "F_489_3": 17.91362953186035, 
    "F_954_3": 17.800331115722656, 
    "F_830_3": 17.937074661254883, 
    "F_582_3": 18.294998168945312, 
    "F_520_3": 18.339200973510742, 
    "F_892_3": 17.954309463500977
}