{
    "F_644_3": 21.58616065979004, 
    "F_551_3": 21.973447799682617, 
    "F_861_3": 22.026927947998047, 
    "id": "spec-5039-56220-0912-QSOs-hz", 
    "F_675_3": 21.57707405090332, 
    "F_737_3": 21.99454116821289, 
    "F_396_3": 23.023839950561523, 
    "F_365_3": 22.999156951904297, 
    "F_613_3": 21.992218017578125, 
    "F_706_3": 21.883329391479492, 
    "F_923_3": 22.012170791625977, 
    "F_458_3": 22.35573959350586, 
    "F_768_3": 22.021541595458984, 
    "Z": 3.286600351333618, 
    "F_799_3": 21.695058822631836, 
    "F_427_3": 22.487972259521484, 
    "F_489_3": 22.529022216796875, 
    "F_954_3": 21.824621200561523, 
    "F_830_3": 21.742713928222656, 
    "F_582_3": 22.040563583374023, 
    "F_520_3": 21.05061149597168, 
    "F_892_3": 21.966899871826172
}