{
    "F_644_3": 20.9962158203125, 
    "F_551_3": 21.45355796813965, 
    "F_861_3": 21.150104522705078, 
    "id": "spec-4965-55721-0378-QSOs-hz", 
    "F_675_3": 21.185579299926758, 
    "F_737_3": 21.274555206298828, 
    "F_396_3": 22.179908752441406, 
    "F_365_3": 21.93096351623535, 
    "F_613_3": 21.119768142700195, 
    "F_706_3": 21.294286727905273, 
    "F_923_3": 21.028200149536133, 
    "F_458_3": 22.183069229125977, 
    "F_768_3": 20.90342903137207, 
    "Z": 3.061685085296631, 
    "F_799_3": 21.236949920654297, 
    "F_427_3": 22.057029724121094, 
    "F_489_3": 21.156347274780273, 
    "F_954_3": 20.959409713745117, 
    "F_830_3": 21.185590744018555, 
    "F_582_3": 21.486452102661133, 
    "F_520_3": 21.560781478881836, 
    "F_892_3": 21.094547271728516
}