{
    "F_644_3": 21.927492141723633, 
    "F_551_3": 21.971385955810547, 
    "F_861_3": 21.216861724853516, 
    "id": "spec-3667-55566-0272-QSOs-301", 
    "F_675_3": 21.913471221923828, 
    "F_737_3": 21.858301162719727, 
    "F_396_3": 22.078725814819336, 
    "F_365_3": 21.810335159301758, 
    "F_613_3": 21.886259078979492, 
    "F_706_3": 21.838579177856445, 
    "F_923_3": 21.420337677001953, 
    "F_458_3": 22.07561492919922, 
    "F_768_3": 21.63167953491211, 
    "Z": 3.017113208770752, 
    "F_799_3": 21.626407623291016, 
    "F_427_3": 22.01990509033203, 
    "F_489_3": 21.37748908996582, 
    "F_954_3": 21.132217407226562, 
    "F_830_3": 21.533931732177734, 
    "F_582_3": 21.873680114746094, 
    "F_520_3": 22.029502868652344, 
    "F_892_3": 21.289026260375977
}