{
    "F_644_3": 20.47914695739746, 
    "F_551_3": 20.702882766723633, 
    "F_861_3": 20.469463348388672, 
    "id": "spec-5864-56047-0672-QSOs-301", 
    "F_675_3": 20.57653045654297, 
    "F_737_3": 20.532072067260742, 
    "F_396_3": 21.270069122314453, 
    "F_365_3": 21.374935150146484, 
    "F_613_3": 20.193910598754883, 
    "F_706_3": 20.552417755126953, 
    "F_923_3": 20.284631729125977, 
    "F_458_3": 21.219600677490234, 
    "F_768_3": 20.30535888671875, 
    "Z": 3.014864444732666, 
    "F_799_3": 20.601417541503906, 
    "F_427_3": 21.117673873901367, 
    "F_489_3": 20.015100479125977, 
    "F_954_3": 20.267562866210938, 
    "F_830_3": 20.44434928894043, 
    "F_582_3": 20.754606246948242, 
    "F_520_3": 20.735416412353516, 
    "F_892_3": 20.443965911865234
}