{
    "F_644_3": 20.893373489379883, 
    "F_551_3": 21.110918045043945, 
    "F_861_3": 20.8415470123291, 
    "id": "spec-6734-56386-0078-QSOs-301", 
    "F_675_3": 21.077999114990234, 
    "F_737_3": 20.993043899536133, 
    "F_396_3": 22.115432739257812, 
    "F_365_3": 22.317546844482422, 
    "F_613_3": 20.49784278869629, 
    "F_706_3": 21.01406478881836, 
    "F_923_3": 20.69205665588379, 
    "F_458_3": 21.651668548583984, 
    "F_768_3": 20.747053146362305, 
    "Z": 3.0127651691436768, 
    "F_799_3": 20.94200897216797, 
    "F_427_3": 21.62883186340332, 
    "F_489_3": 20.35382652282715, 
    "F_954_3": 20.653079986572266, 
    "F_830_3": 20.905405044555664, 
    "F_582_3": 21.131649017333984, 
    "F_520_3": 21.18170928955078, 
    "F_892_3": 20.771488189697266
}