{
    "F_644_3": 21.948802947998047, 
    "F_551_3": 22.036563873291016, 
    "F_861_3": 21.64170265197754, 
    "id": "spec-5108-55888-0956-QSOs-301", 
    "F_675_3": 21.972925186157227, 
    "F_737_3": 21.818437576293945, 
    "F_396_3": 22.521137237548828, 
    "F_365_3": 22.336009979248047, 
    "F_613_3": 21.73480796813965, 
    "F_706_3": 21.95549964904785, 
    "F_923_3": 21.55579948425293, 
    "F_458_3": 22.54141616821289, 
    "F_768_3": 21.68075942993164, 
    "Z": 3.0133602619171143, 
    "F_799_3": 21.815723419189453, 
    "F_427_3": 22.462467193603516, 
    "F_489_3": 21.625242233276367, 
    "F_954_3": 21.393423080444336, 
    "F_830_3": 21.704023361206055, 
    "F_582_3": 22.270322799682617, 
    "F_520_3": 22.244247436523438, 
    "F_892_3": 21.46944808959961
}