{
    "F_644_3": 21.636959075927734, 
    "F_551_3": 21.805397033691406, 
    "F_861_3": 21.761316299438477, 
    "id": "spec-5861-56069-0553-QSOs-hz", 
    "F_675_3": 21.829286575317383, 
    "F_737_3": 21.726137161254883, 
    "F_396_3": 22.336137771606445, 
    "F_365_3": 22.164335250854492, 
    "F_613_3": 21.492931365966797, 
    "F_706_3": 21.893756866455078, 
    "F_923_3": 21.702068328857422, 
    "F_458_3": 22.377073287963867, 
    "F_768_3": 21.527366638183594, 
    "Z": 3.0583980083465576, 
    "F_799_3": 21.806798934936523, 
    "F_427_3": 22.16753578186035, 
    "F_489_3": 21.194664001464844, 
    "F_954_3": 21.652572631835938, 
    "F_830_3": 21.779083251953125, 
    "F_582_3": 21.975387573242188, 
    "F_520_3": 21.93442153930664, 
    "F_892_3": 21.72927474975586
}