{
    "F_644_3": 21.416141510009766, 
    "F_551_3": 21.699861526489258, 
    "F_861_3": 21.501386642456055, 
    "id": "spec-5983-56310-0169-QSOs-hz", 
    "F_675_3": 21.546918869018555, 
    "F_737_3": 21.617441177368164, 
    "F_396_3": 22.037038803100586, 
    "F_365_3": 21.92498016357422, 
    "F_613_3": 21.3115291595459, 
    "F_706_3": 21.605985641479492, 
    "F_923_3": 21.340179443359375, 
    "F_458_3": 22.031736373901367, 
    "F_768_3": 21.34112548828125, 
    "Z": 3.0583550930023193, 
    "F_799_3": 21.623882293701172, 
    "F_427_3": 21.92615509033203, 
    "F_489_3": 20.95671844482422, 
    "F_954_3": 20.845680236816406, 
    "F_830_3": 21.530813217163086, 
    "F_582_3": 21.667362213134766, 
    "F_520_3": 21.668025970458984, 
    "F_892_3": 21.311498641967773
}