{
    "F_644_3": 21.506473541259766, 
    "F_551_3": 21.758573532104492, 
    "F_861_3": 21.57027244567871, 
    "id": "spec-6520-56541-0302-QSOs-301", 
    "F_675_3": 21.626628875732422, 
    "F_737_3": 21.57503318786621, 
    "F_396_3": 22.179479598999023, 
    "F_365_3": 22.014089584350586, 
    "F_613_3": 21.233665466308594, 
    "F_706_3": 21.630937576293945, 
    "F_923_3": 21.38604736328125, 
    "F_458_3": 22.10317039489746, 
    "F_768_3": 21.33556365966797, 
    "Z": 3.010681390762329, 
    "F_799_3": 21.52589225769043, 
    "F_427_3": 22.082717895507812, 
    "F_489_3": 21.325592041015625, 
    "F_954_3": 21.052953720092773, 
    "F_830_3": 21.549942016601562, 
    "F_582_3": 21.727336883544922, 
    "F_520_3": 21.818008422851562, 
    "F_892_3": 21.450857162475586
}