{
    "F_644_3": 21.369081497192383, 
    "F_551_3": 21.668060302734375, 
    "F_861_3": Infinity, 
    "id": "spec-5429-55979-0466-QSOs-hz", 
    "F_675_3": 21.85427474975586, 
    "F_737_3": 21.897336959838867, 
    "F_396_3": 22.068920135498047, 
    "F_365_3": 21.618057250976562, 
    "F_613_3": 21.27499008178711, 
    "F_706_3": 21.9592342376709, 
    "F_923_3": 21.703548431396484, 
    "F_458_3": 22.32027244567871, 
    "F_768_3": 21.55472755432129, 
    "Z": 3.0593230724334717, 
    "F_799_3": 22.05314826965332, 
    "F_427_3": 21.97550392150879, 
    "F_489_3": 21.165634155273438, 
    "F_954_3": 21.2812442779541, 
    "F_830_3": 21.92383575439453, 
    "F_582_3": 21.729694366455078, 
    "F_520_3": 21.736530303955078, 
    "F_892_3": 21.6981258392334
}