{
    "F_644_3": 20.277294158935547, 
    "F_551_3": 20.616907119750977, 
    "F_861_3": 20.367969512939453, 
    "id": "spec-3761-55272-0519-QSOs-301", 
    "F_675_3": 20.421512603759766, 
    "F_737_3": 20.429231643676758, 
    "F_396_3": 21.646711349487305, 
    "F_365_3": 21.65712547302246, 
    "F_613_3": 20.21169090270996, 
    "F_706_3": 20.41861343383789, 
    "F_923_3": 20.326820373535156, 
    "F_458_3": 21.404001235961914, 
    "F_768_3": 20.179231643676758, 
    "Z": 3.0232162475585938, 
    "F_799_3": 20.394365310668945, 
    "F_427_3": 21.46381378173828, 
    "F_489_3": 20.447254180908203, 
    "F_954_3": 20.210193634033203, 
    "F_830_3": 20.363494873046875, 
    "F_582_3": 20.794986724853516, 
    "F_520_3": 20.809980392456055, 
    "F_892_3": 20.396974563598633
}