{
    "F_644_3": 21.624717712402344, 
    "F_551_3": 21.78537368774414, 
    "F_861_3": 21.650732040405273, 
    "id": "spec-4228-55484-0672-QSOs-301", 
    "F_675_3": 21.77274513244629, 
    "F_737_3": 21.77260398864746, 
    "F_396_3": 22.04801368713379, 
    "F_365_3": 21.855289459228516, 
    "F_613_3": 21.314279556274414, 
    "F_706_3": 21.86651039123535, 
    "F_923_3": 21.360933303833008, 
    "F_458_3": 22.22894287109375, 
    "F_768_3": 21.667510986328125, 
    "Z": 3.0205748081207275, 
    "F_799_3": 21.770788192749023, 
    "F_427_3": 22.016033172607422, 
    "F_489_3": 21.10506820678711, 
    "F_954_3": 21.163768768310547, 
    "F_830_3": 21.73177719116211, 
    "F_582_3": 22.004671096801758, 
    "F_520_3": 21.845659255981445, 
    "F_892_3": 21.626157760620117
}