{
    "F_644_3": 19.208019256591797, 
    "F_551_3": 19.285037994384766, 
    "F_861_3": 19.187114715576172, 
    "id": "spec-5893-56034-0814-QSOs-301", 
    "F_675_3": 19.262832641601562, 
    "F_737_3": 19.209308624267578, 
    "F_396_3": 19.821016311645508, 
    "F_365_3": 19.86624526977539, 
    "F_613_3": 18.98956298828125, 
    "F_706_3": 19.253442764282227, 
    "F_923_3": 19.091320037841797, 
    "F_458_3": 19.700115203857422, 
    "F_768_3": 19.038597106933594, 
    "Z": 3.0123181343078613, 
    "F_799_3": 19.21693992614746, 
    "F_427_3": 19.62531852722168, 
    "F_489_3": 18.83504295349121, 
    "F_954_3": 19.017444610595703, 
    "F_830_3": 19.180627822875977, 
    "F_582_3": 19.348915100097656, 
    "F_520_3": 19.37297821044922, 
    "F_892_3": 19.15576934814453
}