{
    "F_644_3": 21.364776611328125, 
    "F_551_3": 21.289459228515625, 
    "F_861_3": 20.715805053710938, 
    "id": "spec-5118-55830-0008-QSOs-hz", 
    "F_675_3": 21.025636672973633, 
    "F_737_3": 20.841930389404297, 
    "F_396_3": 23.5964412689209, 
    "F_365_3": 22.827661514282227, 
    "F_613_3": 21.290924072265625, 
    "F_706_3": 21.034332275390625, 
    "F_923_3": 20.53436851501465, 
    "F_458_3": 22.518497467041016, 
    "F_768_3": 20.87798309326172, 
    "Z": 3.287473678588867, 
    "F_799_3": 20.53997230529785, 
    "F_427_3": 23.060884475708008, 
    "F_489_3": 22.220287322998047, 
    "F_954_3": 20.125455856323242, 
    "F_830_3": 20.70599937438965, 
    "F_582_3": 21.546281814575195, 
    "F_520_3": 21.444374084472656, 
    "F_892_3": 20.534303665161133
}