{
    "F_644_3": 20.147607803344727, 
    "F_551_3": 20.411561965942383, 
    "F_861_3": 20.22332191467285, 
    "id": "spec-6637-56370-0178-QSOs-hz", 
    "F_675_3": 20.281314849853516, 
    "F_737_3": 20.268783569335938, 
    "F_396_3": 21.04897689819336, 
    "F_365_3": 21.375015258789062, 
    "F_613_3": 20.280372619628906, 
    "F_706_3": 20.27298355102539, 
    "F_923_3": 20.167600631713867, 
    "F_458_3": 20.87205696105957, 
    "F_768_3": 20.03929328918457, 
    "Z": 3.0611536502838135, 
    "F_799_3": 20.23796272277832, 
    "F_427_3": 20.81804084777832, 
    "F_489_3": 20.345386505126953, 
    "F_954_3": 20.10246467590332, 
    "F_830_3": 20.213708877563477, 
    "F_582_3": 20.38357925415039, 
    "F_520_3": 20.378583908081055, 
    "F_892_3": 20.252483367919922
}