{
    "F_644_3": 20.999801635742188, 
    "F_551_3": 21.166584014892578, 
    "F_861_3": 21.038455963134766, 
    "id": "spec-3986-55329-0434-QSOs-hz", 
    "F_675_3": 21.04887580871582, 
    "F_737_3": 21.110891342163086, 
    "F_396_3": 21.861034393310547, 
    "F_365_3": 21.81276512145996, 
    "F_613_3": 20.991397857666016, 
    "F_706_3": 21.04008674621582, 
    "F_923_3": 21.029329299926758, 
    "F_458_3": 21.713266372680664, 
    "F_768_3": 20.775644302368164, 
    "Z": 3.0630083084106445, 
    "F_799_3": 21.016565322875977, 
    "F_427_3": 21.549272537231445, 
    "F_489_3": 20.875160217285156, 
    "F_954_3": 21.00429916381836, 
    "F_830_3": 21.00908851623535, 
    "F_582_3": 21.128232955932617, 
    "F_520_3": 21.22800636291504, 
    "F_892_3": 21.08150291442871
}