{
    "F_644_3": 21.641759872436523, 
    "F_551_3": 21.86349868774414, 
    "F_861_3": 21.45156478881836, 
    "id": "spec-5168-56035-0836-QSOs-301", 
    "F_675_3": 21.69859504699707, 
    "F_737_3": 21.443349838256836, 
    "F_396_3": 22.34450912475586, 
    "F_365_3": 21.98927116394043, 
    "F_613_3": 21.420406341552734, 
    "F_706_3": 21.670255661010742, 
    "F_923_3": 21.32110595703125, 
    "F_458_3": 22.366886138916016, 
    "F_768_3": 21.33103370666504, 
    "Z": 3.01066255569458, 
    "F_799_3": 21.48578453063965, 
    "F_427_3": 22.353069305419922, 
    "F_489_3": 21.567296981811523, 
    "F_954_3": 21.004131317138672, 
    "F_830_3": 21.442279815673828, 
    "F_582_3": 21.93617057800293, 
    "F_520_3": 22.045818328857422, 
    "F_892_3": 21.395933151245117
}