{
    "F_644_3": 19.49738121032715, 
    "F_551_3": 19.623065948486328, 
    "F_861_3": 19.435285568237305, 
    "id": "spec-4722-55735-0042-QSOs-301", 
    "F_675_3": 19.534780502319336, 
    "F_737_3": 19.42829132080078, 
    "F_396_3": 20.71944808959961, 
    "F_365_3": 21.26349639892578, 
    "F_613_3": 19.282958984375, 
    "F_706_3": 19.503582000732422, 
    "F_923_3": 19.34099006652832, 
    "F_458_3": 20.322032928466797, 
    "F_768_3": 19.115699768066406, 
    "Z": 3.0148568153381348, 
    "F_799_3": 19.450639724731445, 
    "F_427_3": 20.37612533569336, 
    "F_489_3": 19.220741271972656, 
    "F_954_3": 19.262697219848633, 
    "F_830_3": 19.386035919189453, 
    "F_582_3": 19.778886795043945, 
    "F_520_3": 19.753860473632812, 
    "F_892_3": 19.437854766845703
}