{
    "F_644_3": 20.869539260864258, 
    "F_551_3": 21.047924041748047, 
    "F_861_3": 20.991867065429688, 
    "id": "spec-4666-55832-0370-QSOs-hz", 
    "F_675_3": 20.850948333740234, 
    "F_737_3": 21.007375717163086, 
    "F_396_3": 21.801406860351562, 
    "F_365_3": 21.90133285522461, 
    "F_613_3": 21.017274856567383, 
    "F_706_3": 20.936813354492188, 
    "F_923_3": 21.106470108032227, 
    "F_458_3": 21.35660171508789, 
    "F_768_3": 20.958770751953125, 
    "Z": 3.2867980003356934, 
    "F_799_3": 20.778915405273438, 
    "F_427_3": 21.44788360595703, 
    "F_489_3": 21.566423416137695, 
    "F_954_3": 20.986831665039062, 
    "F_830_3": 20.771997451782227, 
    "F_582_3": 21.072826385498047, 
    "F_520_3": 20.68657112121582, 
    "F_892_3": 20.95591163635254
}