{
    "F_644_3": 19.14478874206543, 
    "F_551_3": 19.24791145324707, 
    "F_861_3": 19.060222625732422, 
    "id": "spec-0488-51914-0178-QSOs-101", 
    "F_675_3": 19.12459945678711, 
    "F_737_3": 19.132566452026367, 
    "F_396_3": 19.67436981201172, 
    "F_365_3": 19.655813217163086, 
    "F_613_3": 19.22757339477539, 
    "F_706_3": 19.125473022460938, 
    "F_923_3": 18.974857330322266, 
    "F_458_3": 19.674848556518555, 
    "F_768_3": 19.163345336914062, 
    "Z": 1.0128744840621948, 
    "F_799_3": 19.215368270874023, 
    "F_427_3": 19.748172760009766, 
    "F_489_3": 19.486324310302734, 
    "F_954_3": Infinity, 
    "F_830_3": 19.189085006713867, 
    "F_582_3": 19.219154357910156, 
    "F_520_3": 19.438682556152344, 
    "F_892_3": 19.0639705657959
}