{
    "F_644_3": 21.07688331604004, 
    "F_551_3": 21.168359756469727, 
    "F_861_3": 20.725955963134766, 
    "id": "spec-6781-56274-0965-QSOs-101", 
    "F_675_3": 21.087045669555664, 
    "F_737_3": 21.028606414794922, 
    "F_396_3": 21.91866111755371, 
    "F_365_3": 21.6037540435791, 
    "F_613_3": 21.212305068969727, 
    "F_706_3": 21.070777893066406, 
    "F_923_3": 20.530698776245117, 
    "F_458_3": 21.729694366455078, 
    "F_768_3": 20.95493507385254, 
    "Z": 1.010790467262268, 
    "F_799_3": 20.87523078918457, 
    "F_427_3": 21.917617797851562, 
    "F_489_3": 21.544248580932617, 
    "F_954_3": 20.530834197998047, 
    "F_830_3": 20.86981964111328, 
    "F_582_3": 21.18776512145996, 
    "F_520_3": 21.461807250976562, 
    "F_892_3": 20.616329193115234
}