{
    "F_644_3": 18.727102279663086, 
    "F_551_3": 19.00868034362793, 
    "F_861_3": 18.544757843017578, 
    "id": "spec-2596-54207-0367-QSOs-101", 
    "F_675_3": 18.657699584960938, 
    "F_737_3": 18.54957389831543, 
    "F_396_3": 18.990724563598633, 
    "F_365_3": 19.078580856323242, 
    "F_613_3": 18.761859893798828, 
    "F_706_3": 18.478713989257812, 
    "F_923_3": 18.691591262817383, 
    "F_458_3": 19.015024185180664, 
    "F_768_3": 18.636674880981445, 
    "Z": 1.5015114545822144, 
    "F_799_3": 18.5345516204834, 
    "F_427_3": 19.1093807220459, 
    "F_489_3": 18.90863037109375, 
    "F_954_3": Infinity, 
    "F_830_3": 18.55612564086914, 
    "F_582_3": 18.893613815307617, 
    "F_520_3": 18.981170654296875, 
    "F_892_3": 18.60424041748047
}