{
    "F_644_3": 20.51496696472168, 
    "F_551_3": 20.452518463134766, 
    "F_861_3": 20.331119537353516, 
    "id": "spec-7298-56661-0704-QSOs-101", 
    "F_675_3": 20.543373107910156, 
    "F_737_3": 20.556459426879883, 
    "F_396_3": 20.370555877685547, 
    "F_365_3": 20.33910369873047, 
    "F_613_3": 20.572542190551758, 
    "F_706_3": 20.575056076049805, 
    "F_923_3": 20.234519958496094, 
    "F_458_3": 20.665584564208984, 
    "F_768_3": 20.49373435974121, 
    "Z": 1.0110893249511719, 
    "F_799_3": 20.47410774230957, 
    "F_427_3": 20.591312408447266, 
    "F_489_3": 20.571687698364258, 
    "F_954_3": 20.166664123535156, 
    "F_830_3": 20.429744720458984, 
    "F_582_3": 20.479793548583984, 
    "F_520_3": 20.57548713684082, 
    "F_892_3": 20.24507713317871
}