{
    "F_644_3": 21.10810661315918, 
    "F_551_3": 20.957386016845703, 
    "F_861_3": 20.782020568847656, 
    "id": "spec-7409-56809-0978-QSOs-101", 
    "F_675_3": 21.068870544433594, 
    "F_737_3": 21.12938117980957, 
    "F_396_3": 21.35076141357422, 
    "F_365_3": 21.134021759033203, 
    "F_613_3": 21.196304321289062, 
    "F_706_3": 21.128450393676758, 
    "F_923_3": 20.546733856201172, 
    "F_458_3": 21.463062286376953, 
    "F_768_3": 21.116960525512695, 
    "Z": 1.0132330656051636, 
    "F_799_3": 21.017356872558594, 
    "F_427_3": 21.453310012817383, 
    "F_489_3": 21.357585906982422, 
    "F_954_3": 20.51662254333496, 
    "F_830_3": 20.908784866333008, 
    "F_582_3": 21.02975845336914, 
    "F_520_3": 21.260210037231445, 
    "F_892_3": 20.721006393432617
}