{
    "F_644_3": 20.532268524169922, 
    "F_551_3": 20.553911209106445, 
    "F_861_3": 20.356719970703125, 
    "id": "spec-5460-56000-0196-QSOs-101", 
    "F_675_3": 20.50974464416504, 
    "F_737_3": 20.483455657958984, 
    "F_396_3": 21.231468200683594, 
    "F_365_3": 21.33109474182129, 
    "F_613_3": 20.660844802856445, 
    "F_706_3": 20.51150894165039, 
    "F_923_3": 20.209388732910156, 
    "F_458_3": 21.186016082763672, 
    "F_768_3": 20.54315185546875, 
    "Z": 1.0116369724273682, 
    "F_799_3": 20.547475814819336, 
    "F_427_3": 21.32094383239746, 
    "F_489_3": 20.93172264099121, 
    "F_954_3": 20.144187927246094, 
    "F_830_3": 20.473739624023438, 
    "F_582_3": 20.59331703186035, 
    "F_520_3": 20.84100341796875, 
    "F_892_3": 20.30032730102539
}