{
    "F_644_3": 20.935550689697266, 
    "F_551_3": 20.5183162689209, 
    "F_861_3": 21.119516372680664, 
    "id": "spec-6424-56272-0865-QSOs-101", 
    "F_675_3": 21.002408981323242, 
    "F_737_3": 21.097902297973633, 
    "F_396_3": 21.370662689208984, 
    "F_365_3": 21.49808692932129, 
    "F_613_3": 21.045595169067383, 
    "F_706_3": 21.051746368408203, 
    "F_923_3": 21.024442672729492, 
    "F_458_3": 21.22113609313965, 
    "F_768_3": 21.09050750732422, 
    "Z": 1.012518286705017, 
    "F_799_3": 21.288475036621094, 
    "F_427_3": 21.429710388183594, 
    "F_489_3": 20.915395736694336, 
    "F_954_3": 21.295089721679688, 
    "F_830_3": 21.23748016357422, 
    "F_582_3": 20.696186065673828, 
    "F_520_3": 20.9199161529541, 
    "F_892_3": 21.10788917541504
}