{
    "F_644_3": 18.917015075683594, 
    "F_551_3": 19.03040885925293, 
    "F_861_3": 19.022167205810547, 
    "id": "spec-0616-52442-0397-QSOs-101", 
    "F_675_3": 18.829753875732422, 
    "F_737_3": 18.877180099487305, 
    "F_396_3": 19.579620361328125, 
    "F_365_3": 19.91669464111328, 
    "F_613_3": 18.8963623046875, 
    "F_706_3": 18.86227798461914, 
    "F_923_3": 18.841035842895508, 
    "F_458_3": 19.444948196411133, 
    "F_768_3": 18.90252113342285, 
    "Z": 1.0934123992919922, 
    "F_799_3": 18.944421768188477, 
    "F_427_3": 19.562028884887695, 
    "F_489_3": 19.25258445739746, 
    "F_954_3": Infinity, 
    "F_830_3": 18.961925506591797, 
    "F_582_3": 18.748884201049805, 
    "F_520_3": 19.071245193481445, 
    "F_892_3": 18.854421615600586
}