{
    "F_644_3": 18.19648551940918, 
    "F_551_3": 18.113296508789062, 
    "F_861_3": 18.339208602905273, 
    "id": "spec-0480-51989-0620-QSOs-101", 
    "F_675_3": 18.227251052856445, 
    "F_737_3": 18.288331985473633, 
    "F_396_3": 18.343814849853516, 
    "F_365_3": 18.061935424804688, 
    "F_613_3": 18.251386642456055, 
    "F_706_3": 18.25779914855957, 
    "F_923_3": 18.241891860961914, 
    "F_458_3": 18.408447265625, 
    "F_768_3": 18.32805633544922, 
    "Z": 1.0146546363830566, 
    "F_799_3": 18.380901336669922, 
    "F_427_3": 18.42801284790039, 
    "F_489_3": 18.30216407775879, 
    "F_954_3": Infinity, 
    "F_830_3": 18.395580291748047, 
    "F_582_3": 18.12708854675293, 
    "F_520_3": 18.273761749267578, 
    "F_892_3": 18.306781768798828
}