{
    "F_644_3": 20.923532485961914, 
    "F_551_3": 20.87799835205078, 
    "F_861_3": 20.3867130279541, 
    "id": "spec-7235-56603-0577-QSOs-101", 
    "F_675_3": 20.892059326171875, 
    "F_737_3": 20.709577560424805, 
    "F_396_3": 21.535724639892578, 
    "F_365_3": 21.25242805480957, 
    "F_613_3": 20.94379234313965, 
    "F_706_3": 20.897579193115234, 
    "F_923_3": 20.30855369567871, 
    "F_458_3": 21.401912689208984, 
    "F_768_3": 20.649227142333984, 
    "Z": 1.01060950756073, 
    "F_799_3": 20.550579071044922, 
    "F_427_3": 21.567949295043945, 
    "F_489_3": 21.273386001586914, 
    "F_954_3": 20.24476432800293, 
    "F_830_3": 20.499788284301758, 
    "F_582_3": 20.842496871948242, 
    "F_520_3": 21.182092666625977, 
    "F_892_3": 20.302396774291992
}