{
    "F_644_3": 19.284259796142578, 
    "F_551_3": 19.33179473876953, 
    "F_861_3": 19.187185287475586, 
    "id": "spec-0435-51882-0224-QSOs-101", 
    "F_675_3": 19.318368911743164, 
    "F_737_3": 19.35264015197754, 
    "F_396_3": 19.87433433532715, 
    "F_365_3": 19.586519241333008, 
    "F_613_3": 19.39571762084961, 
    "F_706_3": 19.352994918823242, 
    "F_923_3": 18.99063491821289, 
    "F_458_3": 19.80527687072754, 
    "F_768_3": 19.35792350769043, 
    "Z": 1.012011170387268, 
    "F_799_3": 19.354305267333984, 
    "F_427_3": 19.879716873168945, 
    "F_489_3": 19.645647048950195, 
    "F_954_3": Infinity, 
    "F_830_3": 19.292884826660156, 
    "F_582_3": 19.327882766723633, 
    "F_520_3": 19.546295166015625, 
    "F_892_3": 19.084943771362305
}