{
    "F_644_3": 16.41015625, 
    "F_551_3": 16.40789794921875, 
    "F_861_3": 16.469179153442383, 
    "id": "spec-1384-53121-0051-QSOs-101", 
    "F_675_3": 16.416732788085938, 
    "F_737_3": 16.430967330932617, 
    "F_396_3": 16.734844207763672, 
    "F_365_3": 16.607025146484375, 
    "F_613_3": 16.48247528076172, 
    "F_706_3": 16.41990852355957, 
    "F_923_3": 16.462505340576172, 
    "F_458_3": 16.698562622070312, 
    "F_768_3": 16.471630096435547, 
    "Z": 1.0116112232208252, 
    "F_799_3": 16.537771224975586, 
    "F_427_3": 16.76506805419922, 
    "F_489_3": 16.58046531677246, 
    "F_954_3": Infinity, 
    "F_830_3": 16.536117553710938, 
    "F_582_3": 16.42348289489746, 
    "F_520_3": 16.57089614868164, 
    "F_892_3": 16.479639053344727
}