{
    "F_644_3": 21.776594161987305, 
    "F_551_3": 22.003429412841797, 
    "F_861_3": 21.60529136657715, 
    "id": "spec-7422-56799-0416-QSOs-101", 
    "F_675_3": 21.769134521484375, 
    "F_737_3": 21.73246955871582, 
    "F_396_3": 21.862667083740234, 
    "F_365_3": 21.85614585876465, 
    "F_613_3": 21.787681579589844, 
    "F_706_3": 21.49368667602539, 
    "F_923_3": 21.516876220703125, 
    "F_458_3": 22.108264923095703, 
    "F_768_3": 21.651103973388672, 
    "Z": 1.501471757888794, 
    "F_799_3": 21.586225509643555, 
    "F_427_3": 22.18814468383789, 
    "F_489_3": 22.01797103881836, 
    "F_954_3": 21.51796531677246, 
    "F_830_3": 21.566513061523438, 
    "F_582_3": 21.844837188720703, 
    "F_520_3": 22.150964736938477, 
    "F_892_3": 21.59076690673828
}