{
    "F_644_3": 16.947124481201172, 
    "F_551_3": Infinity, 
    "F_861_3": 17.069551467895508, 
    "id": "spec-0596-52370-0382-QSOs-101", 
    "F_675_3": 16.969820022583008, 
    "F_737_3": 17.033323287963867, 
    "F_396_3": Infinity, 
    "F_365_3": Infinity, 
    "F_613_3": 17.014009475708008, 
    "F_706_3": 16.995037078857422, 
    "F_923_3": 16.998516082763672, 
    "F_458_3": Infinity, 
    "F_768_3": 17.055604934692383, 
    "Z": 1.0110931396484375, 
    "F_799_3": 17.130035400390625, 
    "F_427_3": Infinity, 
    "F_489_3": Infinity, 
    "F_954_3": Infinity, 
    "F_830_3": 17.134044647216797, 
    "F_582_3": 16.929475784301758, 
    "F_520_3": Infinity, 
    "F_892_3": 17.067781448364258
}