{
    "F_644_3": 20.98824119567871, 
    "F_551_3": 20.842405319213867, 
    "F_861_3": 20.83420181274414, 
    "id": "spec-7377-56741-0290-QSOs-101", 
    "F_675_3": 21.001474380493164, 
    "F_737_3": 20.96198081970215, 
    "F_396_3": 21.28841781616211, 
    "F_365_3": 21.162078857421875, 
    "F_613_3": 21.092824935913086, 
    "F_706_3": 21.038654327392578, 
    "F_923_3": 20.689640045166016, 
    "F_458_3": 21.398386001586914, 
    "F_768_3": 20.96572494506836, 
    "Z": 1.0126725435256958, 
    "F_799_3": 20.981204986572266, 
    "F_427_3": 21.473379135131836, 
    "F_489_3": 21.212533950805664, 
    "F_954_3": 20.458288192749023, 
    "F_830_3": 20.92190933227539, 
    "F_582_3": 20.978496551513672, 
    "F_520_3": 21.156667709350586, 
    "F_892_3": 20.723411560058594
}