{
    "F_644_3": 18.989728927612305, 
    "F_551_3": 19.27313804626465, 
    "F_861_3": 18.500577926635742, 
    "id": "spec-0271-51883-0428-QSOs-101", 
    "F_675_3": 18.935117721557617, 
    "F_737_3": 18.845144271850586, 
    "F_396_3": 20.543197631835938, 
    "F_365_3": 20.474876403808594, 
    "F_613_3": 19.19887924194336, 
    "F_706_3": 18.886188507080078, 
    "F_923_3": 18.335060119628906, 
    "F_458_3": 20.164005279541016, 
    "F_768_3": 18.763792037963867, 
    "Z": 1.0105607509613037, 
    "F_799_3": 18.721595764160156, 
    "F_427_3": 20.4134521484375, 
    "F_489_3": 19.822940826416016, 
    "F_954_3": Infinity, 
    "F_830_3": 18.654863357543945, 
    "F_582_3": 19.188337326049805, 
    "F_520_3": 19.643024444580078, 
    "F_892_3": 18.45375633239746
}