{
    "F_644_3": 20.064619064331055, 
    "F_551_3": 20.022136688232422, 
    "F_861_3": 19.9721736907959, 
    "id": "spec-3938-55328-0456-QSOs-101", 
    "F_675_3": 20.079315185546875, 
    "F_737_3": 20.074918746948242, 
    "F_396_3": 20.241199493408203, 
    "F_365_3": 20.282331466674805, 
    "F_613_3": 20.14789581298828, 
    "F_706_3": 20.069055557250977, 
    "F_923_3": 19.85508155822754, 
    "F_458_3": 20.30683708190918, 
    "F_768_3": 20.079227447509766, 
    "Z": 1.0106251239776611, 
    "F_799_3": 20.120601654052734, 
    "F_427_3": 20.323699951171875, 
    "F_489_3": 20.21416473388672, 
    "F_954_3": 20.047483444213867, 
    "F_830_3": 20.11691665649414, 
    "F_582_3": 20.08016014099121, 
    "F_520_3": 20.219810485839844, 
    "F_892_3": 19.982303619384766
}