{
    "F_644_3": 18.675888061523438, 
    "F_551_3": 18.755027770996094, 
    "F_861_3": 18.693035125732422, 
    "id": "spec-2497-54154-0637-QSOs-101", 
    "F_675_3": 18.575042724609375, 
    "F_737_3": 18.580623626708984, 
    "F_396_3": 18.818649291992188, 
    "F_365_3": 19.15865135192871, 
    "F_613_3": 18.667316436767578, 
    "F_706_3": 18.5695858001709, 
    "F_923_3": 18.611291885375977, 
    "F_458_3": 18.98866081237793, 
    "F_768_3": 18.573638916015625, 
    "Z": 1.0923172235488892, 
    "F_799_3": 18.605043411254883, 
    "F_427_3": 18.980661392211914, 
    "F_489_3": 18.836767196655273, 
    "F_954_3": Infinity, 
    "F_830_3": 18.656198501586914, 
    "F_582_3": 18.52878761291504, 
    "F_520_3": 18.760499954223633, 
    "F_892_3": 18.571365356445312
}