{
    "F_644_3": 21.208667755126953, 
    "F_551_3": 21.223426818847656, 
    "F_861_3": 20.807750701904297, 
    "id": "spec-6670-56389-0856-QSOs-101", 
    "F_675_3": 21.188833236694336, 
    "F_737_3": 21.08245277404785, 
    "F_396_3": 21.944461822509766, 
    "F_365_3": 21.717540740966797, 
    "F_613_3": 21.361474990844727, 
    "F_706_3": 21.220125198364258, 
    "F_923_3": 20.674394607543945, 
    "F_458_3": 21.932870864868164, 
    "F_768_3": 21.000072479248047, 
    "Z": 1.011913537979126, 
    "F_799_3": 20.932424545288086, 
    "F_427_3": 22.164260864257812, 
    "F_489_3": 21.66427230834961, 
    "F_954_3": 20.598217010498047, 
    "F_830_3": 20.919410705566406, 
    "F_582_3": 21.171289443969727, 
    "F_520_3": 21.540016174316406, 
    "F_892_3": 20.723848342895508
}