{
    "F_644_3": 19.303743362426758, 
    "F_551_3": 19.138792037963867, 
    "F_861_3": 19.3030948638916, 
    "id": "spec-1400-53470-0464-QSOs-101", 
    "F_675_3": 19.308528900146484, 
    "F_737_3": 19.27972412109375, 
    "F_396_3": 19.728410720825195, 
    "F_365_3": 19.38808250427246, 
    "F_613_3": 19.424890518188477, 
    "F_706_3": 19.29016876220703, 
    "F_923_3": 19.29110336303711, 
    "F_458_3": 19.682199478149414, 
    "F_768_3": 19.358917236328125, 
    "Z": 1.0114866495132446, 
    "F_799_3": 19.430051803588867, 
    "F_427_3": 19.832334518432617, 
    "F_489_3": 19.448131561279297, 
    "F_954_3": Infinity, 
    "F_830_3": 19.39537811279297, 
    "F_582_3": 19.173784255981445, 
    "F_520_3": 19.399173736572266, 
    "F_892_3": 19.281482696533203
}