{
    "F_644_3": 19.178749084472656, 
    "F_551_3": 19.172042846679688, 
    "F_861_3": 18.815275192260742, 
    "id": "spec-2529-54585-0319-QSOs-101", 
    "F_675_3": 19.130598068237305, 
    "F_737_3": 19.054935455322266, 
    "F_396_3": 19.791484832763672, 
    "F_365_3": 19.488357543945312, 
    "F_613_3": 19.290294647216797, 
    "F_706_3": 19.093029022216797, 
    "F_923_3": 18.790674209594727, 
    "F_458_3": 19.685836791992188, 
    "F_768_3": 19.034879684448242, 
    "Z": 1.0123536586761475, 
    "F_799_3": 19.00333023071289, 
    "F_427_3": 19.869144439697266, 
    "F_489_3": 19.45058822631836, 
    "F_954_3": Infinity, 
    "F_830_3": 18.92741584777832, 
    "F_582_3": 19.207866668701172, 
    "F_520_3": 19.430593490600586, 
    "F_892_3": 18.757701873779297
}