{
    "F_644_3": 17.885581970214844, 
    "F_551_3": 17.97796630859375, 
    "F_861_3": 17.81525230407715, 
    "id": "spec-2584-54153-0348-QSOs-101", 
    "F_675_3": 17.857568740844727, 
    "F_737_3": 17.858531951904297, 
    "F_396_3": 18.221406936645508, 
    "F_365_3": 17.86997413635254, 
    "F_613_3": 17.97211456298828, 
    "F_706_3": 17.869340896606445, 
    "F_923_3": 17.705276489257812, 
    "F_458_3": 18.27981185913086, 
    "F_768_3": 17.891433715820312, 
    "Z": 1.012712836265564, 
    "F_799_3": 17.93419647216797, 
    "F_427_3": 18.313337326049805, 
    "F_489_3": 18.154111862182617, 
    "F_954_3": Infinity, 
    "F_830_3": 17.92353057861328, 
    "F_582_3": 17.964929580688477, 
    "F_520_3": 18.130401611328125, 
    "F_892_3": 17.805747985839844
}