{
    "F_644_3": 20.296409606933594, 
    "F_551_3": 20.285303115844727, 
    "F_861_3": 20.261899948120117, 
    "id": "spec-0544-52201-0096-QSOs-101", 
    "F_675_3": 20.332059860229492, 
    "F_737_3": 20.452392578125, 
    "F_396_3": 20.63205337524414, 
    "F_365_3": 20.272146224975586, 
    "F_613_3": 20.41746711730957, 
    "F_706_3": 20.382732391357422, 
    "F_923_3": 20.153223037719727, 
    "F_458_3": 20.756591796875, 
    "F_768_3": 20.37632179260254, 
    "Z": 1.010488748550415, 
    "F_799_3": 20.46441078186035, 
    "F_427_3": 20.853879928588867, 
    "F_489_3": 20.59168815612793, 
    "F_954_3": Infinity, 
    "F_830_3": 20.40683937072754, 
    "F_582_3": 20.289644241333008, 
    "F_520_3": 20.536880493164062, 
    "F_892_3": 20.111427307128906
}