{
    "F_644_3": 18.50748062133789, 
    "F_551_3": 18.430397033691406, 
    "F_861_3": 18.64308738708496, 
    "id": "spec-2878-54465-0538-QSOs-101", 
    "F_675_3": 18.51229476928711, 
    "F_737_3": 18.5609073638916, 
    "F_396_3": 18.493385314941406, 
    "F_365_3": 18.239328384399414, 
    "F_613_3": 18.57386016845703, 
    "F_706_3": 18.53608512878418, 
    "F_923_3": 18.58791160583496, 
    "F_458_3": 18.635509490966797, 
    "F_768_3": 18.599517822265625, 
    "Z": 1.012946605682373, 
    "F_799_3": 18.662614822387695, 
    "F_427_3": 18.64561653137207, 
    "F_489_3": 18.569786071777344, 
    "F_954_3": Infinity, 
    "F_830_3": 18.675317764282227, 
    "F_582_3": 18.47069549560547, 
    "F_520_3": 18.576662063598633, 
    "F_892_3": 18.70421028137207
}