{
    "F_644_3": 19.419937133789062, 
    "F_551_3": 19.62506103515625, 
    "F_861_3": 19.189699172973633, 
    "id": "spec-0345-51690-0546-QSOs-101", 
    "F_675_3": 19.37592887878418, 
    "F_737_3": 19.288434982299805, 
    "F_396_3": 19.493637084960938, 
    "F_365_3": 19.678003311157227, 
    "F_613_3": 19.445938110351562, 
    "F_706_3": 19.18536949157715, 
    "F_923_3": 19.252912521362305, 
    "F_458_3": 19.54708480834961, 
    "F_768_3": 19.2999210357666, 
    "Z": 1.5054755210876465, 
    "F_799_3": 19.23050308227539, 
    "F_427_3": 19.586965560913086, 
    "F_489_3": 19.50922966003418, 
    "F_954_3": NaN, 
    "F_830_3": 19.1887149810791, 
    "F_582_3": 19.532419204711914, 
    "F_520_3": 19.599042892456055, 
    "F_892_3": 19.187236785888672
}