{
    "F_644_3": 22.097518920898438, 
    "F_551_3": 22.193641662597656, 
    "F_861_3": 21.6154727935791, 
    "id": "spec-6782-56572-0267-QSOs-101", 
    "F_675_3": 22.005964279174805, 
    "F_737_3": 21.97620391845703, 
    "F_396_3": 22.33485221862793, 
    "F_365_3": 21.953794479370117, 
    "F_613_3": 22.0260066986084, 
    "F_706_3": 21.975004196166992, 
    "F_923_3": 21.374298095703125, 
    "F_458_3": 22.678016662597656, 
    "F_768_3": 21.801342010498047, 
    "Z": 1.0921844244003296, 
    "F_799_3": 21.81035614013672, 
    "F_427_3": 22.674510955810547, 
    "F_489_3": 22.39887046813965, 
    "F_954_3": 20.436988830566406, 
    "F_830_3": 21.678604125976562, 
    "F_582_3": 21.894033432006836, 
    "F_520_3": 22.31606674194336, 
    "F_892_3": 21.419414520263672
}