{
    "F_644_3": 19.774978637695312, 
    "F_551_3": 19.954212188720703, 
    "F_861_3": 19.521472930908203, 
    "id": "spec-1103-52873-0364-QSOs-101", 
    "F_675_3": 19.760086059570312, 
    "F_737_3": 19.708465576171875, 
    "F_396_3": 20.25191879272461, 
    "F_365_3": 19.89972686767578, 
    "F_613_3": 19.885425567626953, 
    "F_706_3": 19.73958396911621, 
    "F_923_3": 19.34596061706543, 
    "F_458_3": 20.3143367767334, 
    "F_768_3": 19.658884048461914, 
    "Z": 1.0144388675689697, 
    "F_799_3": 19.691089630126953, 
    "F_427_3": 20.363487243652344, 
    "F_489_3": 20.145063400268555, 
    "F_954_3": Infinity, 
    "F_830_3": 19.61859703063965, 
    "F_582_3": 19.924955368041992, 
    "F_520_3": 20.122888565063477, 
    "F_892_3": 19.316068649291992
}