{
    "F_644_3": 19.912919998168945, 
    "F_551_3": 19.999773025512695, 
    "F_861_3": 19.78720474243164, 
    "id": "spec-3948-55331-0186-QSOs-101", 
    "F_675_3": 19.912311553955078, 
    "F_737_3": 19.935924530029297, 
    "F_396_3": 20.25461196899414, 
    "F_365_3": 20.40494728088379, 
    "F_613_3": 19.996551513671875, 
    "F_706_3": 19.929330825805664, 
    "F_923_3": 19.674678802490234, 
    "F_458_3": 20.39443016052246, 
    "F_768_3": 19.943721771240234, 
    "Z": 1.012271761894226, 
    "F_799_3": 19.96129608154297, 
    "F_427_3": 20.420185089111328, 
    "F_489_3": 20.253803253173828, 
    "F_954_3": 19.767976760864258, 
    "F_830_3": 19.910905838012695, 
    "F_582_3": 19.94786262512207, 
    "F_520_3": 20.216310501098633, 
    "F_892_3": 19.769746780395508
}