{
    "F_644_3": 20.73346710205078, 
    "F_551_3": 20.711523056030273, 
    "F_861_3": 20.621631622314453, 
    "id": "spec-7417-56753-0946-QSOs-101", 
    "F_675_3": 20.761398315429688, 
    "F_737_3": 20.792917251586914, 
    "F_396_3": 21.071901321411133, 
    "F_365_3": 20.716825485229492, 
    "F_613_3": 20.859037399291992, 
    "F_706_3": 20.798158645629883, 
    "F_923_3": 20.48478126525879, 
    "F_458_3": 21.09893035888672, 
    "F_768_3": 20.777639389038086, 
    "Z": 1.0101159811019897, 
    "F_799_3": 20.73708724975586, 
    "F_427_3": 21.09393882751465, 
    "F_489_3": 20.967716217041016, 
    "F_954_3": 20.51688575744629, 
    "F_830_3": 20.732040405273438, 
    "F_582_3": 20.817060470581055, 
    "F_520_3": 20.91031837463379, 
    "F_892_3": 20.626514434814453
}