{
    "F_644_3": 20.017629623413086, 
    "F_551_3": 20.03995704650879, 
    "F_861_3": 20.071636199951172, 
    "id": "spec-0416-51811-0493-QSOs-101", 
    "F_675_3": 19.921035766601562, 
    "F_737_3": 20.037275314331055, 
    "F_396_3": 20.042829513549805, 
    "F_365_3": 20.286121368408203, 
    "F_613_3": 19.89759063720703, 
    "F_706_3": 20.004047393798828, 
    "F_923_3": 19.80974578857422, 
    "F_458_3": 20.36659812927246, 
    "F_768_3": 20.08594512939453, 
    "Z": 1.0921809673309326, 
    "F_799_3": 19.920106887817383, 
    "F_427_3": 20.308916091918945, 
    "F_489_3": 20.17814064025879, 
    "F_954_3": Infinity, 
    "F_830_3": 19.96092987060547, 
    "F_582_3": 19.673933029174805, 
    "F_520_3": 20.04554557800293, 
    "F_892_3": 19.898616790771484
}