{
    "F_644_3": 20.14137840270996, 
    "F_551_3": 20.38150978088379, 
    "F_861_3": 19.877531051635742, 
    "id": "spec-5450-55986-0010-QSOs-101", 
    "F_675_3": 20.028717041015625, 
    "F_737_3": 19.982484817504883, 
    "F_396_3": 20.985828399658203, 
    "F_365_3": 20.983129501342773, 
    "F_613_3": 20.228971481323242, 
    "F_706_3": 20.022062301635742, 
    "F_923_3": 19.8165225982666, 
    "F_458_3": 20.865646362304688, 
    "F_768_3": 19.950206756591797, 
    "Z": 1.0918978452682495, 
    "F_799_3": 19.90729522705078, 
    "F_427_3": 20.933374404907227, 
    "F_489_3": 20.700334548950195, 
    "F_954_3": 19.61062240600586, 
    "F_830_3": 19.910301208496094, 
    "F_582_3": 20.173715591430664, 
    "F_520_3": 20.523778915405273, 
    "F_892_3": 19.67110824584961
}