{
    "F_644_3": 18.79814338684082, 
    "F_551_3": 18.87123680114746, 
    "F_861_3": 18.845226287841797, 
    "id": "spec-0413-51821-0129-QSOs-101", 
    "F_675_3": 18.716907501220703, 
    "F_737_3": 18.745586395263672, 
    "F_396_3": 19.052623748779297, 
    "F_365_3": 19.36018943786621, 
    "F_613_3": 18.74629020690918, 
    "F_706_3": 18.749549865722656, 
    "F_923_3": 18.677488327026367, 
    "F_458_3": 19.11247444152832, 
    "F_768_3": 18.77692222595215, 
    "Z": 1.092236042022705, 
    "F_799_3": 18.801671981811523, 
    "F_427_3": 19.112014770507812, 
    "F_489_3": 18.995567321777344, 
    "F_954_3": Infinity, 
    "F_830_3": 18.868892669677734, 
    "F_582_3": 18.63396453857422, 
    "F_520_3": 18.888029098510742, 
    "F_892_3": 18.824127197265625
}