{
    "F_644_3": 18.415433883666992, 
    "F_551_3": 18.507402420043945, 
    "F_861_3": 18.433975219726562, 
    "id": "spec-2515-54180-0621-QSOs-101", 
    "F_675_3": 18.324111938476562, 
    "F_737_3": 18.311662673950195, 
    "F_396_3": 18.61171531677246, 
    "F_365_3": 18.7343807220459, 
    "F_613_3": 18.414323806762695, 
    "F_706_3": 18.319442749023438, 
    "F_923_3": 18.254404067993164, 
    "F_458_3": 18.764114379882812, 
    "F_768_3": 18.30413818359375, 
    "Z": 1.091803789138794, 
    "F_799_3": 18.363967895507812, 
    "F_427_3": 18.7517147064209, 
    "F_489_3": 18.61148452758789, 
    "F_954_3": Infinity, 
    "F_830_3": 18.418472290039062, 
    "F_582_3": 18.24001121520996, 
    "F_520_3": 18.520063400268555, 
    "F_892_3": 18.435997009277344
}