{
    "F_644_3": 19.825353622436523, 
    "F_551_3": 19.90875816345215, 
    "F_861_3": 19.79312515258789, 
    "id": "spec-4498-55615-0054-QSOs-101", 
    "F_675_3": 19.878692626953125, 
    "F_737_3": 19.860183715820312, 
    "F_396_3": 20.521215438842773, 
    "F_365_3": 20.658227920532227, 
    "F_613_3": 19.925811767578125, 
    "F_706_3": 19.88759994506836, 
    "F_923_3": 19.696924209594727, 
    "F_458_3": 20.308149337768555, 
    "F_768_3": 19.870481491088867, 
    "Z": 1.0112228393554688, 
    "F_799_3": 19.913280487060547, 
    "F_427_3": 20.41592025756836, 
    "F_489_3": 20.1213321685791, 
    "F_954_3": 19.77916145324707, 
    "F_830_3": 19.889026641845703, 
    "F_582_3": 19.837894439697266, 
    "F_520_3": 20.048398971557617, 
    "F_892_3": 19.77155303955078
}