{
    "F_644_3": 18.644367218017578, 
    "F_551_3": 18.46315574645996, 
    "F_861_3": 18.731388092041016, 
    "id": "spec-0335-52000-0297-QSOs-101", 
    "F_675_3": 18.650922775268555, 
    "F_737_3": 18.680912017822266, 
    "F_396_3": 19.130422592163086, 
    "F_365_3": 18.681659698486328, 
    "F_613_3": 18.736854553222656, 
    "F_706_3": 18.668954849243164, 
    "F_923_3": 18.687416076660156, 
    "F_458_3": 19.030271530151367, 
    "F_768_3": 18.700685501098633, 
    "Z": 1.0144459009170532, 
    "F_799_3": 18.795927047729492, 
    "F_427_3": 19.147188186645508, 
    "F_489_3": 18.837488174438477, 
    "F_954_3": Infinity, 
    "F_830_3": 18.8134765625, 
    "F_582_3": 18.50318145751953, 
    "F_520_3": 18.787233352661133, 
    "F_892_3": 18.757274627685547
}