{
    "F_644_3": 22.584522247314453, 
    "F_551_3": 22.67365074157715, 
    "F_861_3": 22.44805335998535, 
    "id": "spec-7334-56656-0206-QSOs-101", 
    "F_675_3": 22.713401794433594, 
    "F_737_3": 22.6484317779541, 
    "F_396_3": 23.192968368530273, 
    "F_365_3": 23.015148162841797, 
    "F_613_3": 22.657123565673828, 
    "F_706_3": 22.70162582397461, 
    "F_923_3": 22.31886100769043, 
    "F_458_3": 23.241918563842773, 
    "F_768_3": 22.615863800048828, 
    "Z": 1.0136139392852783, 
    "F_799_3": 22.588481903076172, 
    "F_427_3": 23.318593978881836, 
    "F_489_3": 23.053251266479492, 
    "F_954_3": 22.19573211669922, 
    "F_830_3": 22.585567474365234, 
    "F_582_3": 22.650108337402344, 
    "F_520_3": 22.97014808654785, 
    "F_892_3": 22.349760055541992
}