{
    "F_644_3": 20.254457473754883, 
    "F_551_3": 20.33534812927246, 
    "F_861_3": 20.070507049560547, 
    "id": "spec-4091-55498-0034-QSOs-101", 
    "F_675_3": 20.20241355895996, 
    "F_737_3": 20.191184997558594, 
    "F_396_3": 20.61419677734375, 
    "F_365_3": 20.665508270263672, 
    "F_613_3": 20.348628997802734, 
    "F_706_3": 20.215303421020508, 
    "F_923_3": 20.021617889404297, 
    "F_458_3": 20.691835403442383, 
    "F_768_3": 20.2200870513916, 
    "Z": 1.0104475021362305, 
    "F_799_3": 20.219959259033203, 
    "F_427_3": 20.750423431396484, 
    "F_489_3": 20.50819969177246, 
    "F_954_3": 20.114351272583008, 
    "F_830_3": 20.1883544921875, 
    "F_582_3": 20.354480743408203, 
    "F_520_3": 20.498003005981445, 
    "F_892_3": 20.09956169128418
}