{
    "F_644_3": 20.878164291381836, 
    "F_551_3": 20.63104248046875, 
    "F_861_3": 20.620227813720703, 
    "id": "spec-7380-56753-0314-QSOs-101", 
    "F_675_3": 20.84571075439453, 
    "F_737_3": 20.838891983032227, 
    "F_396_3": 21.552547454833984, 
    "F_365_3": 21.411951065063477, 
    "F_613_3": 20.961122512817383, 
    "F_706_3": 20.933246612548828, 
    "F_923_3": 20.412057876586914, 
    "F_458_3": 21.389867782592773, 
    "F_768_3": 20.811981201171875, 
    "Z": 1.0106372833251953, 
    "F_799_3": 20.815526962280273, 
    "F_427_3": 21.58299446105957, 
    "F_489_3": 21.11892318725586, 
    "F_954_3": 20.236801147460938, 
    "F_830_3": 20.765039443969727, 
    "F_582_3": 20.718595504760742, 
    "F_520_3": 21.005760192871094, 
    "F_892_3": 20.466936111450195
}