{
    "F_644_3": 20.240829467773438, 
    "F_551_3": 20.31727409362793, 
    "F_861_3": 20.16961097717285, 
    "id": "spec-6838-56429-0955-QSOs-101", 
    "F_675_3": 20.222055435180664, 
    "F_737_3": 20.22772789001465, 
    "F_396_3": 20.92436981201172, 
    "F_365_3": 20.908796310424805, 
    "F_613_3": 20.299516677856445, 
    "F_706_3": 20.217466354370117, 
    "F_923_3": 20.09079360961914, 
    "F_458_3": 20.756608963012695, 
    "F_768_3": 20.221282958984375, 
    "Z": 1.010308861732483, 
    "F_799_3": 20.243440628051758, 
    "F_427_3": 20.872081756591797, 
    "F_489_3": 20.56527328491211, 
    "F_954_3": 20.286548614501953, 
    "F_830_3": 20.226009368896484, 
    "F_582_3": 20.30177116394043, 
    "F_520_3": 20.516756057739258, 
    "F_892_3": 20.16825294494629
}