{
    "F_644_3": 18.639423370361328, 
    "F_551_3": 18.66206169128418, 
    "F_861_3": 18.56940269470215, 
    "id": "spec-1997-53442-0449-QSOs-101", 
    "F_675_3": 18.63753890991211, 
    "F_737_3": 18.64820671081543, 
    "F_396_3": 19.094478607177734, 
    "F_365_3": 19.185461044311523, 
    "F_613_3": 18.757587432861328, 
    "F_706_3": 18.66289520263672, 
    "F_923_3": 18.547603607177734, 
    "F_458_3": 19.04763412475586, 
    "F_768_3": 18.663808822631836, 
    "Z": 1.0113993883132935, 
    "F_799_3": 18.718101501464844, 
    "F_427_3": 19.14103889465332, 
    "F_489_3": 18.85828399658203, 
    "F_954_3": Infinity, 
    "F_830_3": 18.65390396118164, 
    "F_582_3": 18.65036392211914, 
    "F_520_3": 18.834754943847656, 
    "F_892_3": 18.575824737548828
}