{
    "F_644_3": 20.116683959960938, 
    "F_551_3": 20.42013931274414, 
    "F_861_3": 19.899580001831055, 
    "id": "spec-1117-52885-0108-QSOs-101", 
    "F_675_3": 20.027624130249023, 
    "F_737_3": 20.031551361083984, 
    "F_396_3": 20.207565307617188, 
    "F_365_3": 20.334672927856445, 
    "F_613_3": 20.15932846069336, 
    "F_706_3": 19.626270294189453, 
    "F_923_3": 19.920377731323242, 
    "F_458_3": 20.599563598632812, 
    "F_768_3": 20.07166290283203, 
    "Z": 1.5044867992401123, 
    "F_799_3": 19.91960334777832, 
    "F_427_3": 20.73180389404297, 
    "F_489_3": 20.435161590576172, 
    "F_954_3": Infinity, 
    "F_830_3": 19.971158981323242, 
    "F_582_3": 20.257596969604492, 
    "F_520_3": 20.482437133789062, 
    "F_892_3": 19.931838989257812
}