{
    "F_644_3": 18.56271743774414, 
    "F_551_3": 18.50311279296875, 
    "F_861_3": 18.651479721069336, 
    "id": "spec-2350-53765-0534-QSOs-101", 
    "F_675_3": 18.585430145263672, 
    "F_737_3": 18.638689041137695, 
    "F_396_3": 18.7757568359375, 
    "F_365_3": 18.47030258178711, 
    "F_613_3": 18.65147590637207, 
    "F_706_3": 18.606412887573242, 
    "F_923_3": 18.627857208251953, 
    "F_458_3": 18.85379409790039, 
    "F_768_3": 18.683883666992188, 
    "Z": 1.0124002695083618, 
    "F_799_3": 18.755409240722656, 
    "F_427_3": 18.91050148010254, 
    "F_489_3": 18.713363647460938, 
    "F_954_3": Infinity, 
    "F_830_3": 18.709575653076172, 
    "F_582_3": 18.5030574798584, 
    "F_520_3": 18.67935562133789, 
    "F_892_3": 18.639911651611328
}