{
    "F_644_3": 20.140705108642578, 
    "F_551_3": 20.2598934173584, 
    "F_861_3": 20.083282470703125, 
    "id": "spec-6389-56270-0855-QSOs-101", 
    "F_675_3": 20.060091018676758, 
    "F_737_3": 20.05341339111328, 
    "F_396_3": 20.526477813720703, 
    "F_365_3": 20.751575469970703, 
    "F_613_3": 20.124841690063477, 
    "F_706_3": 20.05664825439453, 
    "F_923_3": 19.909805297851562, 
    "F_458_3": 20.596162796020508, 
    "F_768_3": 20.04397201538086, 
    "Z": 1.09235680103302, 
    "F_799_3": 20.05231285095215, 
    "F_427_3": 20.618688583374023, 
    "F_489_3": 20.41164779663086, 
    "F_954_3": 19.906116485595703, 
    "F_830_3": 20.093387603759766, 
    "F_582_3": 20.03353500366211, 
    "F_520_3": 20.291019439697266, 
    "F_892_3": 19.991546630859375
}