{
    "F_644_3": 20.759122848510742, 
    "F_551_3": 20.576557159423828, 
    "F_861_3": 20.80575942993164, 
    "id": "spec-1585-52962-0418-QSOs-101", 
    "F_675_3": 20.783340454101562, 
    "F_737_3": 20.840303421020508, 
    "F_396_3": 21.272388458251953, 
    "F_365_3": 20.944692611694336, 
    "F_613_3": 20.917293548583984, 
    "F_706_3": 20.85406494140625, 
    "F_923_3": 20.522518157958984, 
    "F_458_3": 21.212549209594727, 
    "F_768_3": 20.842208862304688, 
    "Z": 1.0116938352584839, 
    "F_799_3": 20.90505027770996, 
    "F_427_3": 21.380456924438477, 
    "F_489_3": 20.964466094970703, 
    "F_954_3": Infinity, 
    "F_830_3": 20.91593360900879, 
    "F_582_3": 20.660388946533203, 
    "F_520_3": 20.8845272064209, 
    "F_892_3": 20.634437561035156
}