{
    "F_644_3": 17.024831771850586, 
    "F_551_3": 16.92813491821289, 
    "F_861_3": 17.25213050842285, 
    "id": "spec-1046-52460-0440-QSOs-101", 
    "F_675_3": 17.035282135009766, 
    "F_737_3": 17.068819046020508, 
    "F_396_3": 17.19243812561035, 
    "F_365_3": 17.076038360595703, 
    "F_613_3": 17.093578338623047, 
    "F_706_3": 17.04665184020996, 
    "F_923_3": 17.276716232299805, 
    "F_458_3": 17.232797622680664, 
    "F_768_3": 17.137062072753906, 
    "Z": 1.012671709060669, 
    "F_799_3": 17.24121856689453, 
    "F_427_3": 17.273082733154297, 
    "F_489_3": 17.126615524291992, 
    "F_954_3": Infinity, 
    "F_830_3": 17.260223388671875, 
    "F_582_3": 16.973690032958984, 
    "F_520_3": 17.112268447875977, 
    "F_892_3": 17.25033187866211
}