{
    "F_644_3": 18.435110092163086, 
    "F_551_3": 18.61240577697754, 
    "F_861_3": 18.378459930419922, 
    "id": "spec-0299-51671-0308-QSOs-101", 
    "F_675_3": 18.38273048400879, 
    "F_737_3": 18.330839157104492, 
    "F_396_3": 18.713605880737305, 
    "F_365_3": 18.71082878112793, 
    "F_613_3": 18.439233779907227, 
    "F_706_3": 18.20296859741211, 
    "F_923_3": 18.528417587280273, 
    "F_458_3": 18.533092498779297, 
    "F_768_3": 18.404394149780273, 
    "Z": 1.5058605670928955, 
    "F_799_3": 18.32040786743164, 
    "F_427_3": 18.674428939819336, 
    "F_489_3": 18.49848175048828, 
    "F_954_3": Infinity, 
    "F_830_3": 18.349287033081055, 
    "F_582_3": 18.501558303833008, 
    "F_520_3": 18.559471130371094, 
    "F_892_3": 18.502805709838867
}