{
    "F_644_3": 18.878597259521484, 
    "F_551_3": 18.959596633911133, 
    "F_861_3": 18.846376419067383, 
    "id": "spec-6782-56572-0190-QSOs-101", 
    "F_675_3": 18.886552810668945, 
    "F_737_3": 18.94416046142578, 
    "F_396_3": 19.511682510375977, 
    "F_365_3": 19.580764770507812, 
    "F_613_3": 19.014665603637695, 
    "F_706_3": 18.90289878845215, 
    "F_923_3": 18.715904235839844, 
    "F_458_3": 19.473495483398438, 
    "F_768_3": 18.95854377746582, 
    "Z": 1.0114083290100098, 
    "F_799_3": 18.98221778869629, 
    "F_427_3": 19.56584358215332, 
    "F_489_3": 19.282854080200195, 
    "F_954_3": 18.775049209594727, 
    "F_830_3": 18.959562301635742, 
    "F_582_3": 18.951244354248047, 
    "F_520_3": 19.187288284301758, 
    "F_892_3": 18.798521041870117
}