{
    "F_644_3": 20.89790153503418, 
    "F_551_3": 20.988977432250977, 
    "F_861_3": 20.936376571655273, 
    "id": "spec-4448-55538-0466-QSOs-101", 
    "F_675_3": 20.878053665161133, 
    "F_737_3": 20.845815658569336, 
    "F_396_3": 20.388050079345703, 
    "F_365_3": 20.576478958129883, 
    "F_613_3": 20.86196517944336, 
    "F_706_3": 20.636919021606445, 
    "F_923_3": 20.900617599487305, 
    "F_458_3": 20.72107696533203, 
    "F_768_3": 20.908111572265625, 
    "Z": 1.5004675388336182, 
    "F_799_3": 20.845067977905273, 
    "F_427_3": 20.68892478942871, 
    "F_489_3": 20.753005981445312, 
    "F_954_3": 20.771682739257812, 
    "F_830_3": 20.90265655517578, 
    "F_582_3": 20.870981216430664, 
    "F_520_3": 20.96036720275879, 
    "F_892_3": 20.909900665283203
}