{
    "F_644_3": 21.071170806884766, 
    "F_551_3": 20.836519241333008, 
    "F_861_3": 20.980043411254883, 
    "id": "spec-7306-56684-0026-QSOs-101", 
    "F_675_3": 21.179990768432617, 
    "F_737_3": 21.215547561645508, 
    "F_396_3": 21.225282669067383, 
    "F_365_3": 21.190454483032227, 
    "F_613_3": 21.22580337524414, 
    "F_706_3": 21.25518226623535, 
    "F_923_3": 20.831281661987305, 
    "F_458_3": 21.428503036499023, 
    "F_768_3": 21.202898025512695, 
    "Z": 1.0122356414794922, 
    "F_799_3": 21.156301498413086, 
    "F_427_3": 21.48990249633789, 
    "F_489_3": 21.232698440551758, 
    "F_954_3": 20.787904739379883, 
    "F_830_3": 21.041915893554688, 
    "F_582_3": 20.970661163330078, 
    "F_520_3": 21.188161849975586, 
    "F_892_3": 20.798688888549805
}