{
    "F_644_3": 19.202791213989258, 
    "F_551_3": 19.250835418701172, 
    "F_861_3": 19.28290557861328, 
    "id": "spec-0982-52466-0585-QSOs-101", 
    "F_675_3": 19.135889053344727, 
    "F_737_3": 19.111360549926758, 
    "F_396_3": 19.65605354309082, 
    "F_365_3": 19.784332275390625, 
    "F_613_3": 19.16836929321289, 
    "F_706_3": 19.11812400817871, 
    "F_923_3": 19.20472526550293, 
    "F_458_3": 19.612201690673828, 
    "F_768_3": 19.13939666748047, 
    "Z": 1.0920448303222656, 
    "F_799_3": 19.16755485534668, 
    "F_427_3": 19.66504669189453, 
    "F_489_3": 19.421302795410156, 
    "F_954_3": Infinity, 
    "F_830_3": 19.191312789916992, 
    "F_582_3": 19.010475158691406, 
    "F_520_3": 19.286457061767578, 
    "F_892_3": 19.262056350708008
}