{
    "F_644_3": 19.410070419311523, 
    "F_551_3": 19.37417221069336, 
    "F_861_3": 19.273746490478516, 
    "id": "spec-3923-55325-0791-QSOs-101", 
    "F_675_3": 19.337739944458008, 
    "F_737_3": 19.41409683227539, 
    "F_396_3": 19.8981990814209, 
    "F_365_3": 20.14275360107422, 
    "F_613_3": 19.50590705871582, 
    "F_706_3": 19.41291046142578, 
    "F_923_3": 19.237932205200195, 
    "F_458_3": 19.918506622314453, 
    "F_768_3": 19.334943771362305, 
    "Z": 1.0121726989746094, 
    "F_799_3": 19.428842544555664, 
    "F_427_3": 20.050050735473633, 
    "F_489_3": 19.728534698486328, 
    "F_954_3": 19.196720123291016, 
    "F_830_3": 19.393571853637695, 
    "F_582_3": 19.424257278442383, 
    "F_520_3": 19.680437088012695, 
    "F_892_3": 19.26423454284668
}