{
    "F_644_3": 20.67386245727539, 
    "F_551_3": 20.62369728088379, 
    "F_861_3": 20.654645919799805, 
    "id": "spec-5145-55835-0114-QSOs-101", 
    "F_675_3": 20.681406021118164, 
    "F_737_3": 20.66444206237793, 
    "F_396_3": 20.87907600402832, 
    "F_365_3": 20.80107879638672, 
    "F_613_3": 20.78101921081543, 
    "F_706_3": 20.673940658569336, 
    "F_923_3": 20.509592056274414, 
    "F_458_3": 21.04506492614746, 
    "F_768_3": 20.6917667388916, 
    "Z": 1.0134475231170654, 
    "F_799_3": 20.724925994873047, 
    "F_427_3": 21.034427642822266, 
    "F_489_3": 20.893394470214844, 
    "F_954_3": 20.365041732788086, 
    "F_830_3": 20.70848846435547, 
    "F_582_3": 20.660783767700195, 
    "F_520_3": 20.88600730895996, 
    "F_892_3": 20.609838485717773
}