{
    "F_644_3": 21.090103149414062, 
    "F_551_3": 20.729816436767578, 
    "F_861_3": 21.134634017944336, 
    "id": "spec-3931-55350-0092-QSOs-101", 
    "F_675_3": 21.088115692138672, 
    "F_737_3": 21.190601348876953, 
    "F_396_3": 20.96657943725586, 
    "F_365_3": 21.019779205322266, 
    "F_613_3": 21.112899780273438, 
    "F_706_3": 21.121126174926758, 
    "F_923_3": 21.087743759155273, 
    "F_458_3": 21.141239166259766, 
    "F_768_3": 21.133869171142578, 
    "Z": 1.0135191679000854, 
    "F_799_3": 21.1849308013916, 
    "F_427_3": 21.1652774810791, 
    "F_489_3": 21.046295166015625, 
    "F_954_3": 21.261276245117188, 
    "F_830_3": 21.116928100585938, 
    "F_582_3": 20.962854385375977, 
    "F_520_3": 21.054636001586914, 
    "F_892_3": 21.08254051208496
}