{
    "F_644_3": 19.729894638061523, 
    "F_551_3": 20.001657485961914, 
    "F_861_3": 19.446182250976562, 
    "id": "spec-6739-56393-0681-QSOs-101", 
    "F_675_3": 19.553462982177734, 
    "F_737_3": 19.529205322265625, 
    "F_396_3": 20.36996841430664, 
    "F_365_3": 20.527164459228516, 
    "F_613_3": 19.72059440612793, 
    "F_706_3": 19.3696346282959, 
    "F_923_3": 19.489736557006836, 
    "F_458_3": 20.07132911682129, 
    "F_768_3": 19.532604217529297, 
    "Z": 1.5002241134643555, 
    "F_799_3": 19.4451961517334, 
    "F_427_3": 20.301746368408203, 
    "F_489_3": 19.999589920043945, 
    "F_954_3": 19.47351837158203, 
    "F_830_3": 19.46590805053711, 
    "F_582_3": 19.860097885131836, 
    "F_520_3": 20.02672004699707, 
    "F_892_3": 19.4749698638916
}