{
    "F_644_3": 19.610872268676758, 
    "F_551_3": 19.83369255065918, 
    "F_861_3": 19.505826950073242, 
    "id": "spec-0977-52410-0432-QSOs-101", 
    "F_675_3": 19.56482696533203, 
    "F_737_3": 19.541662216186523, 
    "F_396_3": 19.768495559692383, 
    "F_365_3": 19.67253875732422, 
    "F_613_3": 19.636831283569336, 
    "F_706_3": 19.38443946838379, 
    "F_923_3": 19.43305015563965, 
    "F_458_3": 19.795347213745117, 
    "F_768_3": 19.591995239257812, 
    "Z": 1.5013495683670044, 
    "F_799_3": 19.505544662475586, 
    "F_427_3": 19.883459091186523, 
    "F_489_3": 19.768474578857422, 
    "F_954_3": Infinity, 
    "F_830_3": 19.482826232910156, 
    "F_582_3": 19.7281436920166, 
    "F_520_3": 19.799697875976562, 
    "F_892_3": 19.55738067626953
}