{
    "F_644_3": 18.72827911376953, 
    "F_551_3": 18.61737823486328, 
    "F_861_3": 18.893972396850586, 
    "id": "spec-2004-53737-0272-QSOs-101", 
    "F_675_3": 18.764896392822266, 
    "F_737_3": 18.845748901367188, 
    "F_396_3": 19.008880615234375, 
    "F_365_3": 18.68409538269043, 
    "F_613_3": 18.81641387939453, 
    "F_706_3": 18.807363510131836, 
    "F_923_3": 18.78529930114746, 
    "F_458_3": 18.98220443725586, 
    "F_768_3": 18.905879974365234, 
    "Z": 1.0128034353256226, 
    "F_799_3": 19.016155242919922, 
    "F_427_3": 19.057708740234375, 
    "F_489_3": 18.84626007080078, 
    "F_954_3": Infinity, 
    "F_830_3": 18.99573516845703, 
    "F_582_3": 18.653160095214844, 
    "F_520_3": 18.84185218811035, 
    "F_892_3": 18.947952270507812
}