{
    "F_644_3": 17.78379249572754, 
    "F_551_3": 17.708293914794922, 
    "F_861_3": 17.893901824951172, 
    "id": "spec-1717-53883-0454-QSOs-101", 
    "F_675_3": 17.797365188598633, 
    "F_737_3": 17.823299407958984, 
    "F_396_3": 18.063152313232422, 
    "F_365_3": 17.75355339050293, 
    "F_613_3": 17.87131690979004, 
    "F_706_3": 17.831382751464844, 
    "F_923_3": 17.836957931518555, 
    "F_458_3": 18.105039596557617, 
    "F_768_3": 17.87989616394043, 
    "Z": 1.0107296705245972, 
    "F_799_3": 17.94976234436035, 
    "F_427_3": 18.15537452697754, 
    "F_489_3": 17.9692440032959, 
    "F_954_3": Infinity, 
    "F_830_3": 17.947507858276367, 
    "F_582_3": 17.75990867614746, 
    "F_520_3": 17.95417594909668, 
    "F_892_3": 17.87952995300293
}