{
    "F_644_3": 19.233394622802734, 
    "F_551_3": 19.454486846923828, 
    "F_861_3": 19.027379989624023, 
    "id": "spec-0977-52410-0452-QSOs-101", 
    "F_675_3": 19.168468475341797, 
    "F_737_3": 19.120738983154297, 
    "F_396_3": 19.27528953552246, 
    "F_365_3": 19.319684982299805, 
    "F_613_3": 19.251161575317383, 
    "F_706_3": 18.98361587524414, 
    "F_923_3": 18.867647171020508, 
    "F_458_3": 19.477813720703125, 
    "F_768_3": 19.145875930786133, 
    "Z": 1.5050296783447266, 
    "F_799_3": 19.07205581665039, 
    "F_427_3": 19.52376937866211, 
    "F_489_3": 19.385957717895508, 
    "F_954_3": Infinity, 
    "F_830_3": 19.060739517211914, 
    "F_582_3": 19.32931900024414, 
    "F_520_3": 19.455326080322266, 
    "F_892_3": 18.998186111450195
}