{
    "F_644_3": 18.460926055908203, 
    "F_551_3": 18.641109466552734, 
    "F_861_3": 18.475872039794922, 
    "id": "spec-1343-52790-0152-QSOs-101", 
    "F_675_3": 18.39507484436035, 
    "F_737_3": 18.393510818481445, 
    "F_396_3": 18.304889678955078, 
    "F_365_3": 18.380043029785156, 
    "F_613_3": 18.456451416015625, 
    "F_706_3": 18.17578125, 
    "F_923_3": 18.583953857421875, 
    "F_458_3": 18.52573585510254, 
    "F_768_3": 18.47665786743164, 
    "Z": 1.5051859617233276, 
    "F_799_3": 18.410001754760742, 
    "F_427_3": 18.550622940063477, 
    "F_489_3": 18.497224807739258, 
    "F_954_3": Infinity, 
    "F_830_3": 18.437551498413086, 
    "F_582_3": 18.53235626220703, 
    "F_520_3": 18.57379722595215, 
    "F_892_3": 18.532079696655273
}