{
    "F_644_3": 21.176387786865234, 
    "F_551_3": 21.026870727539062, 
    "F_861_3": 21.349166870117188, 
    "id": "spec-6713-56402-0832-QSOs-101", 
    "F_675_3": 21.20221519470215, 
    "F_737_3": 21.302051544189453, 
    "F_396_3": 21.231218338012695, 
    "F_365_3": 20.927627563476562, 
    "F_613_3": 21.30543327331543, 
    "F_706_3": 21.263038635253906, 
    "F_923_3": 21.25391960144043, 
    "F_458_3": 21.38480567932129, 
    "F_768_3": 21.37601089477539, 
    "Z": 1.0126497745513916, 
    "F_799_3": 21.450927734375, 
    "F_427_3": 21.359220504760742, 
    "F_489_3": 21.23628044128418, 
    "F_954_3": 21.252635955810547, 
    "F_830_3": 21.41265106201172, 
    "F_582_3": 21.158523559570312, 
    "F_520_3": 21.21591567993164, 
    "F_892_3": 21.294870376586914
}