{
    "F_644_3": 18.586803436279297, 
    "F_551_3": 18.593603134155273, 
    "F_861_3": 18.56883430480957, 
    "id": "spec-2142-54208-0060-QSOs-101", 
    "F_675_3": 18.514976501464844, 
    "F_737_3": 18.579126358032227, 
    "F_396_3": 18.549034118652344, 
    "F_365_3": 18.67850685119629, 
    "F_613_3": 18.51860809326172, 
    "F_706_3": 18.547250747680664, 
    "F_923_3": 18.40022087097168, 
    "F_458_3": 18.7374210357666, 
    "F_768_3": 18.600902557373047, 
    "Z": 1.0926787853240967, 
    "F_799_3": 18.582128524780273, 
    "F_427_3": 18.660114288330078, 
    "F_489_3": 18.634973526000977, 
    "F_954_3": Infinity, 
    "F_830_3": 18.580907821655273, 
    "F_582_3": 18.42053985595703, 
    "F_520_3": 18.578502655029297, 
    "F_892_3": 18.497684478759766
}