{
    "F_644_3": Infinity, 
    "F_551_3": 20.09716033935547, 
    "F_861_3": Infinity, 
    "id": "spec-0500-51994-0012-QSOs-101", 
    "F_675_3": Infinity, 
    "F_737_3": Infinity, 
    "F_396_3": 20.261438369750977, 
    "F_365_3": 19.945898056030273, 
    "F_613_3": 20.12734603881836, 
    "F_706_3": Infinity, 
    "F_923_3": Infinity, 
    "F_458_3": 20.292482376098633, 
    "F_768_3": Infinity, 
    "Z": 1.0182617902755737, 
    "F_799_3": Infinity, 
    "F_427_3": 20.298683166503906, 
    "F_489_3": 20.181032180786133, 
    "F_954_3": Infinity, 
    "F_830_3": Infinity, 
    "F_582_3": 20.051349639892578, 
    "F_520_3": 20.169485092163086, 
    "F_892_3": Infinity
}