{
    "F_644_3": 21.53744125366211, 
    "F_551_3": 21.436832427978516, 
    "F_861_3": 20.99480438232422, 
    "id": "spec-6015-56096-0816-QSOs-101", 
    "F_675_3": 21.57052230834961, 
    "F_737_3": 21.442399978637695, 
    "F_396_3": 22.04206085205078, 
    "F_365_3": 21.679718017578125, 
    "F_613_3": 21.595684051513672, 
    "F_706_3": 21.495466232299805, 
    "F_923_3": 20.76413345336914, 
    "F_458_3": 22.228158950805664, 
    "F_768_3": 21.30972671508789, 
    "Z": 1.012117624282837, 
    "F_799_3": 21.19171905517578, 
    "F_427_3": 22.319120407104492, 
    "F_489_3": 21.995187759399414, 
    "F_954_3": 20.76064682006836, 
    "F_830_3": 21.101991653442383, 
    "F_582_3": 21.443443298339844, 
    "F_520_3": 21.86285972595215, 
    "F_892_3": 20.878890991210938
}