{
    "F_644_3": 20.09107208251953, 
    "F_551_3": 20.07132911682129, 
    "F_861_3": 19.980194091796875, 
    "id": "spec-4203-55447-0804-QSOs-101", 
    "F_675_3": 20.106061935424805, 
    "F_737_3": 20.09272575378418, 
    "F_396_3": 20.543460845947266, 
    "F_365_3": 20.455703735351562, 
    "F_613_3": 20.211410522460938, 
    "F_706_3": 20.10901641845703, 
    "F_923_3": 19.865400314331055, 
    "F_458_3": 20.599632263183594, 
    "F_768_3": 20.082698822021484, 
    "Z": 1.010094165802002, 
    "F_799_3": 20.127992630004883, 
    "F_427_3": 20.6709041595459, 
    "F_489_3": 20.44730567932129, 
    "F_954_3": 19.8382625579834, 
    "F_830_3": 20.09050750732422, 
    "F_582_3": 20.07308578491211, 
    "F_520_3": 20.37544822692871, 
    "F_892_3": 19.947107315063477
}