{
    "F_644_3": 20.780656814575195, 
    "F_551_3": 20.791305541992188, 
    "F_861_3": 20.897899627685547, 
    "id": "spec-7238-56660-0127-QSOs-101", 
    "F_675_3": 20.807476043701172, 
    "F_737_3": 20.77065658569336, 
    "F_396_3": 21.519027709960938, 
    "F_365_3": 21.449100494384766, 
    "F_613_3": 20.90313148498535, 
    "F_706_3": 20.81978988647461, 
    "F_923_3": 20.848337173461914, 
    "F_458_3": 21.2677059173584, 
    "F_768_3": 20.823684692382812, 
    "Z": 1.0102636814117432, 
    "F_799_3": 20.94904136657715, 
    "F_427_3": 21.424373626708984, 
    "F_489_3": 21.088207244873047, 
    "F_954_3": 20.825958251953125, 
    "F_830_3": 20.95237159729004, 
    "F_582_3": 20.84284782409668, 
    "F_520_3": 21.04608726501465, 
    "F_892_3": 20.900806427001953
}