{
    "F_644_3": 19.747438430786133, 
    "F_551_3": 19.706096649169922, 
    "F_861_3": 19.796640396118164, 
    "id": "spec-6156-56239-0634-QSOs-101", 
    "F_675_3": 19.772811889648438, 
    "F_737_3": 19.770145416259766, 
    "F_396_3": 19.865631103515625, 
    "F_365_3": 19.872976303100586, 
    "F_613_3": 19.82238006591797, 
    "F_706_3": 19.790714263916016, 
    "F_923_3": 19.73811912536621, 
    "F_458_3": 19.958045959472656, 
    "F_768_3": 19.81976890563965, 
    "Z": 1.0133209228515625, 
    "F_799_3": 19.86687469482422, 
    "F_427_3": 19.952255249023438, 
    "F_489_3": 19.863412857055664, 
    "F_954_3": 19.75990104675293, 
    "F_830_3": 19.859607696533203, 
    "F_582_3": 19.748653411865234, 
    "F_520_3": 19.862035751342773, 
    "F_892_3": 19.79545783996582
}