{
    "F_644_3": 17.81048011779785, 
    "F_551_3": 17.892929077148438, 
    "F_861_3": 17.838687896728516, 
    "id": "spec-0667-52163-0510-QSOs-101", 
    "F_675_3": 17.729339599609375, 
    "F_737_3": 17.78777313232422, 
    "F_396_3": 17.906789779663086, 
    "F_365_3": 18.09600257873535, 
    "F_613_3": 17.74505043029785, 
    "F_706_3": 17.74051856994629, 
    "F_923_3": 17.673608779907227, 
    "F_458_3": 18.13157081604004, 
    "F_768_3": 17.807985305786133, 
    "Z": 1.0940214395523071, 
    "F_799_3": 17.819549560546875, 
    "F_427_3": 18.135852813720703, 
    "F_489_3": 18.010618209838867, 
    "F_954_3": Infinity, 
    "F_830_3": 17.84821891784668, 
    "F_582_3": 17.61821746826172, 
    "F_520_3": 17.91234016418457, 
    "F_892_3": 17.784099578857422
}