{
    "F_644_3": 20.65431022644043, 
    "F_551_3": 21.241012573242188, 
    "F_861_3": 20.244403839111328, 
    "id": "spec-1116-52932-0361-QSOs-101", 
    "F_675_3": 20.542343139648438, 
    "F_737_3": 20.360673904418945, 
    "F_396_3": 21.766557693481445, 
    "F_365_3": 22.013050079345703, 
    "F_613_3": 20.77910041809082, 
    "F_706_3": 20.21932029724121, 
    "F_923_3": 20.12145233154297, 
    "F_458_3": 21.54288101196289, 
    "F_768_3": 20.357776641845703, 
    "Z": 1.5022670030593872, 
    "F_799_3": 20.26410484313965, 
    "F_427_3": 21.84061622619629, 
    "F_489_3": 21.39457130432129, 
    "F_954_3": Infinity, 
    "F_830_3": 20.277299880981445, 
    "F_582_3": 21.0014591217041, 
    "F_520_3": 21.352258682250977, 
    "F_892_3": 20.148874282836914
}