{
    "F_644_3": 19.2967529296875, 
    "F_551_3": 18.993505477905273, 
    "F_861_3": 19.451953887939453, 
    "id": "spec-0571-52286-0447-QSOs-101", 
    "F_675_3": 19.313209533691406, 
    "F_737_3": 19.37422752380371, 
    "F_396_3": 19.551950454711914, 
    "F_365_3": 19.127534866333008, 
    "F_613_3": 19.44380760192871, 
    "F_706_3": 19.337343215942383, 
    "F_923_3": 19.391794204711914, 
    "F_458_3": 19.56612777709961, 
    "F_768_3": 19.426427841186523, 
    "Z": 1.011136531829834, 
    "F_799_3": 19.539793014526367, 
    "F_427_3": 19.682857513427734, 
    "F_489_3": 19.355165481567383, 
    "F_954_3": Infinity, 
    "F_830_3": 19.567228317260742, 
    "F_582_3": 19.136106491088867, 
    "F_520_3": 19.313251495361328, 
    "F_892_3": 19.339773178100586
}