{
    "F_644_3": 19.457109451293945, 
    "F_551_3": 19.328777313232422, 
    "F_861_3": 19.49986457824707, 
    "id": "spec-0940-52670-0350-QSOs-101", 
    "F_675_3": 19.475156784057617, 
    "F_737_3": 19.57605743408203, 
    "F_396_3": 19.66726303100586, 
    "F_365_3": 19.368467330932617, 
    "F_613_3": 19.53822898864746, 
    "F_706_3": 19.54006576538086, 
    "F_923_3": 19.189212799072266, 
    "F_458_3": 19.73951530456543, 
    "F_768_3": 19.5855712890625, 
    "Z": 1.0104998350143433, 
    "F_799_3": 19.64076042175293, 
    "F_427_3": 19.773513793945312, 
    "F_489_3": 19.594383239746094, 
    "F_954_3": Infinity, 
    "F_830_3": 19.689727783203125, 
    "F_582_3": 19.36821174621582, 
    "F_520_3": 19.563737869262695, 
    "F_892_3": 19.342044830322266
}