{
    "F_644_3": 19.37257194519043, 
    "F_551_3": 19.294912338256836, 
    "F_861_3": 19.484891891479492, 
    "id": "spec-0573-52325-0608-QSOs-101", 
    "F_675_3": 19.387052536010742, 
    "F_737_3": 19.349994659423828, 
    "F_396_3": 19.858430862426758, 
    "F_365_3": 19.579153060913086, 
    "F_613_3": 19.479026794433594, 
    "F_706_3": 19.405439376831055, 
    "F_923_3": 19.461790084838867, 
    "F_458_3": 19.778425216674805, 
    "F_768_3": 19.463356018066406, 
    "Z": 1.012186884880066, 
    "F_799_3": 19.505577087402344, 
    "F_427_3": 19.886878967285156, 
    "F_489_3": 19.581525802612305, 
    "F_954_3": Infinity, 
    "F_830_3": 19.5286922454834, 
    "F_582_3": 19.317888259887695, 
    "F_520_3": 19.544876098632812, 
    "F_892_3": 19.469358444213867
}