{
    "F_644_3": 20.06877899169922, 
    "F_551_3": 19.874929428100586, 
    "F_861_3": 20.23069190979004, 
    "id": "spec-0550-51959-0158-QSOs-101", 
    "F_675_3": 20.093080520629883, 
    "F_737_3": 20.136653900146484, 
    "F_396_3": 20.16679573059082, 
    "F_365_3": 20.288728713989258, 
    "F_613_3": 20.115337371826172, 
    "F_706_3": 20.137054443359375, 
    "F_923_3": 20.236045837402344, 
    "F_458_3": 20.183582305908203, 
    "F_768_3": 20.197229385375977, 
    "Z": 1.013322114944458, 
    "F_799_3": 20.285240173339844, 
    "F_427_3": 20.251062393188477, 
    "F_489_3": 20.068023681640625, 
    "F_954_3": Infinity, 
    "F_830_3": 20.287273406982422, 
    "F_582_3": 19.98219108581543, 
    "F_520_3": 20.070476531982422, 
    "F_892_3": 20.27303695678711
}