{
    "F_644_3": 18.443727493286133, 
    "F_551_3": 18.679113388061523, 
    "F_861_3": 18.2970027923584, 
    "id": "spec-0548-51986-0039-QSOs-101", 
    "F_675_3": 18.40843963623047, 
    "F_737_3": 18.340862274169922, 
    "F_396_3": 18.4726505279541, 
    "F_365_3": 18.46649932861328, 
    "F_613_3": 18.446144104003906, 
    "F_706_3": 18.23719596862793, 
    "F_923_3": 18.308773040771484, 
    "F_458_3": 18.638303756713867, 
    "F_768_3": 18.3774356842041, 
    "Z": 1.50230872631073, 
    "F_799_3": 18.30498504638672, 
    "F_427_3": 18.69706153869629, 
    "F_489_3": 18.554964065551758, 
    "F_954_3": Infinity, 
    "F_830_3": 18.297626495361328, 
    "F_582_3": 18.574970245361328, 
    "F_520_3": 18.649072647094727, 
    "F_892_3": 18.305023193359375
}