{
    "F_644_3": Infinity, 
    "F_551_3": 19.84017562866211, 
    "F_861_3": Infinity, 
    "id": "spec-2366-53741-0217-QSOs-101", 
    "F_675_3": Infinity, 
    "F_737_3": Infinity, 
    "F_396_3": 20.163576126098633, 
    "F_365_3": 20.030298233032227, 
    "F_613_3": 20.158100128173828, 
    "F_706_3": Infinity, 
    "F_923_3": Infinity, 
    "F_458_3": 20.29991340637207, 
    "F_768_3": Infinity, 
    "Z": 1.0120571851730347, 
    "F_799_3": Infinity, 
    "F_427_3": 20.32813262939453, 
    "F_489_3": 20.14615249633789, 
    "F_954_3": Infinity, 
    "F_830_3": Infinity, 
    "F_582_3": 19.83534049987793, 
    "F_520_3": 20.088520050048828, 
    "F_892_3": Infinity
}