{
    "F_644_3": 20.067602157592773, 
    "F_551_3": 19.884443283081055, 
    "F_861_3": 20.285675048828125, 
    "id": "spec-7517-56772-0276-QSOs-101", 
    "F_675_3": 20.112735748291016, 
    "F_737_3": 20.148590087890625, 
    "F_396_3": 20.223024368286133, 
    "F_365_3": 20.225797653198242, 
    "F_613_3": 20.18345069885254, 
    "F_706_3": 20.140987396240234, 
    "F_923_3": 20.260988235473633, 
    "F_458_3": 20.36107063293457, 
    "F_768_3": 20.184396743774414, 
    "Z": 1.012109637260437, 
    "F_799_3": 20.33305549621582, 
    "F_427_3": 20.40152359008789, 
    "F_489_3": 20.204133987426758, 
    "F_954_3": 20.290637969970703, 
    "F_830_3": 20.334218978881836, 
    "F_582_3": 19.98711585998535, 
    "F_520_3": 20.179079055786133, 
    "F_892_3": 20.27594566345215
}