{
    "F_644_3": 18.606176376342773, 
    "F_551_3": 18.632761001586914, 
    "F_861_3": 18.543869018554688, 
    "id": "spec-2352-53770-0134-QSOs-101", 
    "F_675_3": 18.564266204833984, 
    "F_737_3": 18.585533142089844, 
    "F_396_3": 18.873027801513672, 
    "F_365_3": 18.729482650756836, 
    "F_613_3": 18.66459083557129, 
    "F_706_3": 18.596054077148438, 
    "F_923_3": 18.534799575805664, 
    "F_458_3": 18.89125633239746, 
    "F_768_3": 18.594816207885742, 
    "Z": 1.0108696222305298, 
    "F_799_3": 18.626218795776367, 
    "F_427_3": 18.922151565551758, 
    "F_489_3": 18.773122787475586, 
    "F_954_3": Infinity, 
    "F_830_3": 18.561607360839844, 
    "F_582_3": 18.658010482788086, 
    "F_520_3": 18.76494789123535, 
    "F_892_3": 18.55826187133789
}