{
    "F_644_3": 19.849990844726562, 
    "F_551_3": 20.16571044921875, 
    "F_861_3": 19.47903823852539, 
    "id": "spec-6418-56354-0988-QSOs-101", 
    "F_675_3": 19.74585723876953, 
    "F_737_3": 19.6539249420166, 
    "F_396_3": 21.42544174194336, 
    "F_365_3": 21.438766479492188, 
    "F_613_3": 19.98589515686035, 
    "F_706_3": 19.72842788696289, 
    "F_923_3": 19.38770866394043, 
    "F_458_3": 20.968402862548828, 
    "F_768_3": 19.627159118652344, 
    "Z": 1.010279893875122, 
    "F_799_3": 19.589008331298828, 
    "F_427_3": 21.268287658691406, 
    "F_489_3": 20.6555118560791, 
    "F_954_3": 19.39618492126465, 
    "F_830_3": 19.561609268188477, 
    "F_582_3": 20.0666446685791, 
    "F_520_3": 20.51117706298828, 
    "F_892_3": 19.450647354125977
}