{
    "F_644_3": 21.740615844726562, 
    "F_551_3": 21.47665023803711, 
    "F_861_3": 21.29570960998535, 
    "id": "spec-4225-55455-0119-QSOs-101", 
    "F_675_3": 21.675840377807617, 
    "F_737_3": 21.465728759765625, 
    "F_396_3": 22.213172912597656, 
    "F_365_3": 22.007911682128906, 
    "F_613_3": 21.810501098632812, 
    "F_706_3": 21.660425186157227, 
    "F_923_3": 21.137226104736328, 
    "F_458_3": 22.194143295288086, 
    "F_768_3": 21.456737518310547, 
    "Z": 1.0116645097732544, 
    "F_799_3": 21.470325469970703, 
    "F_427_3": 22.336990356445312, 
    "F_489_3": 21.937889099121094, 
    "F_954_3": 21.083097457885742, 
    "F_830_3": 21.46851921081543, 
    "F_582_3": 21.647754669189453, 
    "F_520_3": 21.949031829833984, 
    "F_892_3": 21.319616317749023
}