{
    "F_644_3": 20.606821060180664, 
    "F_551_3": 20.57767677307129, 
    "F_861_3": 20.69385528564453, 
    "id": "spec-7393-56749-0137-QSOs-101", 
    "F_675_3": 20.630294799804688, 
    "F_737_3": 20.616310119628906, 
    "F_396_3": 20.709636688232422, 
    "F_365_3": 20.650615692138672, 
    "F_613_3": 20.69978904724121, 
    "F_706_3": 20.632925033569336, 
    "F_923_3": 20.559940338134766, 
    "F_458_3": 20.87904167175293, 
    "F_768_3": 20.693988800048828, 
    "Z": 1.013572335243225, 
    "F_799_3": 20.790998458862305, 
    "F_427_3": 20.891263961791992, 
    "F_489_3": 20.782323837280273, 
    "F_954_3": 20.615036010742188, 
    "F_830_3": 20.754112243652344, 
    "F_582_3": 20.634933471679688, 
    "F_520_3": 20.765953063964844, 
    "F_892_3": 20.691970825195312
}