{
    "F_644_3": 17.756284713745117, 
    "F_551_3": 17.71257781982422, 
    "F_861_3": 17.920801162719727, 
    "id": "spec-2020-53431-0589-QSOs-101", 
    "F_675_3": 17.787899017333984, 
    "F_737_3": 17.84174919128418, 
    "F_396_3": 17.90829086303711, 
    "F_365_3": 17.542827606201172, 
    "F_613_3": 17.82756805419922, 
    "F_706_3": 17.811595916748047, 
    "F_923_3": 17.927019119262695, 
    "F_458_3": 18.02747344970703, 
    "F_768_3": 17.89370346069336, 
    "Z": 1.0120998620986938, 
    "F_799_3": 17.981151580810547, 
    "F_427_3": 18.05121421813965, 
    "F_489_3": 17.89491081237793, 
    "F_954_3": Infinity, 
    "F_830_3": 18.001340866088867, 
    "F_582_3": 17.725324630737305, 
    "F_520_3": 17.893041610717773, 
    "F_892_3": 17.936368942260742
}