{
    "F_644_3": 19.64493179321289, 
    "F_551_3": 19.59580421447754, 
    "F_861_3": 19.676631927490234, 
    "id": "spec-7420-56753-0676-QSOs-101", 
    "F_675_3": 19.649688720703125, 
    "F_737_3": 19.674468994140625, 
    "F_396_3": 20.013154983520508, 
    "F_365_3": 20.030303955078125, 
    "F_613_3": 19.75614356994629, 
    "F_706_3": 19.665719985961914, 
    "F_923_3": 19.646663665771484, 
    "F_458_3": 19.982242584228516, 
    "F_768_3": 19.692567825317383, 
    "Z": 1.012817144393921, 
    "F_799_3": 19.76905632019043, 
    "F_427_3": 20.063369750976562, 
    "F_489_3": 19.856006622314453, 
    "F_954_3": 19.72456169128418, 
    "F_830_3": 19.762218475341797, 
    "F_582_3": 19.643383026123047, 
    "F_520_3": 19.7871150970459, 
    "F_892_3": 19.688339233398438
}