{
    "F_644_3": 19.252357482910156, 
    "F_551_3": 19.217702865600586, 
    "F_861_3": 19.242977142333984, 
    "id": "spec-6781-56599-0992-QSOs-101", 
    "F_675_3": 19.229381561279297, 
    "F_737_3": 19.17801856994629, 
    "F_396_3": 19.986940383911133, 
    "F_365_3": 20.136587142944336, 
    "F_613_3": 19.350053787231445, 
    "F_706_3": 19.208309173583984, 
    "F_923_3": 19.16358757019043, 
    "F_458_3": 19.79106330871582, 
    "F_768_3": 19.231225967407227, 
    "Z": 1.0123459100723267, 
    "F_799_3": 19.298049926757812, 
    "F_427_3": 19.944072723388672, 
    "F_489_3": 19.564491271972656, 
    "F_954_3": 19.12514305114746, 
    "F_830_3": 19.2915096282959, 
    "F_582_3": 19.18099594116211, 
    "F_520_3": 19.477561950683594, 
    "F_892_3": 19.164213180541992
}