{
    "F_644_3": 18.10295867919922, 
    "F_551_3": 18.043853759765625, 
    "F_861_3": 18.23657989501953, 
    "id": "spec-1679-53149-0391-QSOs-101", 
    "F_675_3": 18.134918212890625, 
    "F_737_3": 18.21990203857422, 
    "F_396_3": 18.132286071777344, 
    "F_365_3": 18.040802001953125, 
    "F_613_3": 18.150949478149414, 
    "F_706_3": 18.167522430419922, 
    "F_923_3": 18.11880111694336, 
    "F_458_3": 18.255001068115234, 
    "F_768_3": 18.239038467407227, 
    "Z": 1.0124788284301758, 
    "F_799_3": 18.296043395996094, 
    "F_427_3": 18.243953704833984, 
    "F_489_3": 18.178298950195312, 
    "F_954_3": Infinity, 
    "F_830_3": 18.319421768188477, 
    "F_582_3": 18.045583724975586, 
    "F_520_3": 18.18735122680664, 
    "F_892_3": 18.19328498840332
}