{
    "F_644_3": 19.285329818725586, 
    "F_551_3": 19.565629959106445, 
    "F_861_3": 19.178848266601562, 
    "id": "spec-1392-52822-0476-QSOs-101", 
    "F_675_3": 19.238689422607422, 
    "F_737_3": 19.18333625793457, 
    "F_396_3": 19.389732360839844, 
    "F_365_3": 19.99204444885254, 
    "F_613_3": 19.304086685180664, 
    "F_706_3": 19.003992080688477, 
    "F_923_3": 19.294620513916016, 
    "F_458_3": 19.527122497558594, 
    "F_768_3": 19.241838455200195, 
    "Z": 1.503671407699585, 
    "F_799_3": 19.119592666625977, 
    "F_427_3": 19.608972549438477, 
    "F_489_3": 19.48851776123047, 
    "F_954_3": Infinity, 
    "F_830_3": 19.16322135925293, 
    "F_582_3": 19.399200439453125, 
    "F_520_3": 19.531007766723633, 
    "F_892_3": 19.21105194091797
}