{
    "F_644_3": 18.338802337646484, 
    "F_551_3": 18.242952346801758, 
    "F_861_3": 18.592662811279297, 
    "id": "spec-2646-54479-0501-QSOs-101", 
    "F_675_3": 18.39839744567871, 
    "F_737_3": 18.5413818359375, 
    "F_396_3": 18.344511032104492, 
    "F_365_3": 18.237594604492188, 
    "F_613_3": 18.380159378051758, 
    "F_706_3": 18.44380760192871, 
    "F_923_3": 18.32382583618164, 
    "F_458_3": 18.42783546447754, 
    "F_768_3": 18.584360122680664, 
    "Z": 1.0127437114715576, 
    "F_799_3": 18.64143943786621, 
    "F_427_3": 18.40357208251953, 
    "F_489_3": 18.349658966064453, 
    "F_954_3": Infinity, 
    "F_830_3": 18.656158447265625, 
    "F_582_3": 18.254926681518555, 
    "F_520_3": 18.34792137145996, 
    "F_892_3": 18.577919006347656
}