{
    "F_644_3": 19.580081939697266, 
    "F_551_3": 19.50804901123047, 
    "F_861_3": 19.581275939941406, 
    "id": "spec-2020-53431-0358-QSOs-101", 
    "F_675_3": 19.57937240600586, 
    "F_737_3": 19.63336944580078, 
    "F_396_3": 19.702577590942383, 
    "F_365_3": 19.466672897338867, 
    "F_613_3": 19.624839782714844, 
    "F_706_3": 19.59296226501465, 
    "F_923_3": 19.576875686645508, 
    "F_458_3": 19.787460327148438, 
    "F_768_3": 19.5954532623291, 
    "Z": 1.0132006406784058, 
    "F_799_3": 19.696388244628906, 
    "F_427_3": 19.793684005737305, 
    "F_489_3": 19.696636199951172, 
    "F_954_3": Infinity, 
    "F_830_3": 19.63381004333496, 
    "F_582_3": 19.531911849975586, 
    "F_520_3": 19.702938079833984, 
    "F_892_3": 19.559534072875977
}