{
    "F_644_3": 21.310625076293945, 
    "F_551_3": 21.051843643188477, 
    "F_861_3": 20.97947883605957, 
    "id": "spec-6782-56576-0994-QSOs-101", 
    "F_675_3": 21.33625030517578, 
    "F_737_3": 21.160497665405273, 
    "F_396_3": 21.829586029052734, 
    "F_365_3": 21.462217330932617, 
    "F_613_3": 21.340579986572266, 
    "F_706_3": 21.310945510864258, 
    "F_923_3": 20.882869720458984, 
    "F_458_3": 21.74151611328125, 
    "F_768_3": 21.142194747924805, 
    "Z": 1.0118563175201416, 
    "F_799_3": 21.14813995361328, 
    "F_427_3": 21.890911102294922, 
    "F_489_3": 21.58184242248535, 
    "F_954_3": 20.606870651245117, 
    "F_830_3": 21.142629623413086, 
    "F_582_3": 21.148107528686523, 
    "F_520_3": 21.513336181640625, 
    "F_892_3": 20.873638153076172
}