{
    "F_644_3": 21.20940399169922, 
    "F_551_3": 20.919469833374023, 
    "F_861_3": 21.053714752197266, 
    "id": "spec-4451-55537-0968-QSOs-101", 
    "F_675_3": 21.19156265258789, 
    "F_737_3": 21.29709243774414, 
    "F_396_3": 20.990083694458008, 
    "F_365_3": 20.933000564575195, 
    "F_613_3": 21.20919418334961, 
    "F_706_3": 21.225400924682617, 
    "F_923_3": 20.898523330688477, 
    "F_458_3": 21.14533233642578, 
    "F_768_3": 21.148534774780273, 
    "Z": 1.012628436088562, 
    "F_799_3": 21.11851692199707, 
    "F_427_3": 21.135568618774414, 
    "F_489_3": 21.122257232666016, 
    "F_954_3": 20.812519073486328, 
    "F_830_3": 21.104551315307617, 
    "F_582_3": 21.072683334350586, 
    "F_520_3": 21.196918487548828, 
    "F_892_3": 20.955995559692383
}