{
    "F_644_3": 20.175880432128906, 
    "F_551_3": 20.6102294921875, 
    "F_861_3": 20.00180435180664, 
    "id": "spec-1581-53149-0048-QSOs-101", 
    "F_675_3": 20.081348419189453, 
    "F_737_3": 20.07098960876465, 
    "F_396_3": 20.58067512512207, 
    "F_365_3": 20.247446060180664, 
    "F_613_3": 20.21595001220703, 
    "F_706_3": 19.7967529296875, 
    "F_923_3": Infinity, 
    "F_458_3": 20.67915916442871, 
    "F_768_3": 20.235898971557617, 
    "Z": 1.5045651197433472, 
    "F_799_3": 20.10272789001465, 
    "F_427_3": 20.90270233154297, 
    "F_489_3": 20.52893829345703, 
    "F_954_3": Infinity, 
    "F_830_3": 20.08986473083496, 
    "F_582_3": 20.363908767700195, 
    "F_520_3": 20.623394012451172, 
    "F_892_3": Infinity
}