{
    "F_644_3": 18.847328186035156, 
    "F_551_3": 19.111392974853516, 
    "F_861_3": 18.635168075561523, 
    "id": "spec-1389-53135-0636-QSOs-101", 
    "F_675_3": 18.75957489013672, 
    "F_737_3": 18.726581573486328, 
    "F_396_3": 18.784095764160156, 
    "F_365_3": 18.735671997070312, 
    "F_613_3": 18.900026321411133, 
    "F_706_3": 18.59438705444336, 
    "F_923_3": 18.730207443237305, 
    "F_458_3": 19.120567321777344, 
    "F_768_3": 18.74662971496582, 
    "Z": 1.5043768882751465, 
    "F_799_3": 18.68145751953125, 
    "F_427_3": 19.160871505737305, 
    "F_489_3": 19.072513580322266, 
    "F_954_3": Infinity, 
    "F_830_3": 18.665983200073242, 
    "F_582_3": 19.077516555786133, 
    "F_520_3": 19.143457412719727, 
    "F_892_3": 18.628639221191406
}