{
    "F_644_3": 20.552143096923828, 
    "F_551_3": 20.535961151123047, 
    "F_861_3": 20.38427734375, 
    "id": "spec-6795-56425-0314-QSOs-101", 
    "F_675_3": 20.547555923461914, 
    "F_737_3": 20.572656631469727, 
    "F_396_3": 21.007125854492188, 
    "F_365_3": 20.925281524658203, 
    "F_613_3": 20.685388565063477, 
    "F_706_3": 20.594905853271484, 
    "F_923_3": 20.22920036315918, 
    "F_458_3": 20.981584548950195, 
    "F_768_3": 20.50893211364746, 
    "Z": 1.0109280347824097, 
    "F_799_3": 20.517141342163086, 
    "F_427_3": 21.089521408081055, 
    "F_489_3": 20.81226921081543, 
    "F_954_3": 20.179319381713867, 
    "F_830_3": 20.520925521850586, 
    "F_582_3": 20.597211837768555, 
    "F_520_3": 20.793601989746094, 
    "F_892_3": 20.312671661376953
}