{
    "F_644_3": 20.766559600830078, 
    "F_551_3": 20.758813858032227, 
    "F_861_3": 20.91397476196289, 
    "id": "spec-6638-56370-0551-QSOs-101", 
    "F_675_3": 20.754535675048828, 
    "F_737_3": 20.759511947631836, 
    "F_396_3": 20.93112564086914, 
    "F_365_3": 20.91840362548828, 
    "F_613_3": 20.847003936767578, 
    "F_706_3": 20.766740798950195, 
    "F_923_3": 20.937009811401367, 
    "F_458_3": 21.04118537902832, 
    "F_768_3": 20.860036849975586, 
    "Z": 1.0100780725479126, 
    "F_799_3": 20.988361358642578, 
    "F_427_3": 21.100345611572266, 
    "F_489_3": 20.915546417236328, 
    "F_954_3": 20.879669189453125, 
    "F_830_3": 20.991741180419922, 
    "F_582_3": 20.80752944946289, 
    "F_520_3": 20.937625885009766, 
    "F_892_3": 20.999069213867188
}