{
    "F_644_3": 18.66446304321289, 
    "F_551_3": 18.740081787109375, 
    "F_861_3": 18.69693946838379, 
    "id": "spec-2140-53858-0507-QSOs-101", 
    "F_675_3": 18.57708168029785, 
    "F_737_3": 18.619998931884766, 
    "F_396_3": 18.746477127075195, 
    "F_365_3": 18.91428565979004, 
    "F_613_3": 18.62563133239746, 
    "F_706_3": 18.590166091918945, 
    "F_923_3": 18.50092315673828, 
    "F_458_3": 18.954755783081055, 
    "F_768_3": 18.640390396118164, 
    "Z": 1.0921831130981445, 
    "F_799_3": 18.65601921081543, 
    "F_427_3": 18.9371280670166, 
    "F_489_3": 18.831039428710938, 
    "F_954_3": Infinity, 
    "F_830_3": 18.69305419921875, 
    "F_582_3": 18.49553680419922, 
    "F_520_3": 18.750019073486328, 
    "F_892_3": 18.66183090209961
}