{
    "F_644_3": 18.193954467773438, 
    "F_551_3": Infinity, 
    "F_861_3": 18.31064224243164, 
    "id": "spec-0994-52725-0522-QSOs-101", 
    "F_675_3": 18.108182907104492, 
    "F_737_3": 18.188108444213867, 
    "F_396_3": Infinity, 
    "F_365_3": Infinity, 
    "F_613_3": 18.11513328552246, 
    "F_706_3": 18.14170265197754, 
    "F_923_3": 18.093656539916992, 
    "F_458_3": Infinity, 
    "F_768_3": 18.228803634643555, 
    "Z": 1.091093897819519, 
    "F_799_3": 18.217693328857422, 
    "F_427_3": Infinity, 
    "F_489_3": Infinity, 
    "F_954_3": Infinity, 
    "F_830_3": 18.269845962524414, 
    "F_582_3": 17.986169815063477, 
    "F_520_3": Infinity, 
    "F_892_3": 18.256973266601562
}