{
    "F_644_3": 19.6180419921875, 
    "F_551_3": 19.71514320373535, 
    "F_861_3": 19.538742065429688, 
    "id": "spec-1191-52674-0546-QSOs-101", 
    "F_675_3": 19.52619171142578, 
    "F_737_3": 19.57040786743164, 
    "F_396_3": 20.04313850402832, 
    "F_365_3": 20.363296508789062, 
    "F_613_3": 19.6291446685791, 
    "F_706_3": 19.551807403564453, 
    "F_923_3": 19.52250862121582, 
    "F_458_3": 20.068470001220703, 
    "F_768_3": 19.554710388183594, 
    "Z": 1.0913591384887695, 
    "F_799_3": 19.590200424194336, 
    "F_427_3": 20.149606704711914, 
    "F_489_3": 19.892005920410156, 
    "F_954_3": Infinity, 
    "F_830_3": 19.640859603881836, 
    "F_582_3": 19.5233097076416, 
    "F_520_3": 19.800817489624023, 
    "F_892_3": 19.484514236450195
}