{
    "F_644_3": 20.784015655517578, 
    "F_551_3": 21.060283660888672, 
    "F_861_3": 20.512781143188477, 
    "id": "spec-2961-54550-0492-QSOs-101", 
    "F_675_3": 20.710105895996094, 
    "F_737_3": 20.587182998657227, 
    "F_396_3": 21.065134048461914, 
    "F_365_3": 21.427743911743164, 
    "F_613_3": 20.811832427978516, 
    "F_706_3": 20.426422119140625, 
    "F_923_3": 20.448026657104492, 
    "F_458_3": 21.113428115844727, 
    "F_768_3": 20.640522003173828, 
    "Z": 1.5013418197631836, 
    "F_799_3": 20.506759643554688, 
    "F_427_3": 21.21636962890625, 
    "F_489_3": 20.983081817626953, 
    "F_954_3": Infinity, 
    "F_830_3": 20.54128074645996, 
    "F_582_3": 20.88216781616211, 
    "F_520_3": 21.06494903564453, 
    "F_892_3": 20.553688049316406
}