{
    "F_644_3": 20.30035400390625, 
    "F_551_3": 20.507659912109375, 
    "F_861_3": 20.21727752685547, 
    "id": "spec-6385-56356-0079-QSOs-101", 
    "F_675_3": 20.254148483276367, 
    "F_737_3": 20.287147521972656, 
    "F_396_3": 20.361968994140625, 
    "F_365_3": 20.85591697692871, 
    "F_613_3": 20.300622940063477, 
    "F_706_3": 19.96555519104004, 
    "F_923_3": 20.269851684570312, 
    "F_458_3": 20.517847061157227, 
    "F_768_3": 20.342451095581055, 
    "Z": 1.5003501176834106, 
    "F_799_3": 20.220129013061523, 
    "F_427_3": 20.64628028869629, 
    "F_489_3": 20.421676635742188, 
    "F_954_3": 20.415908813476562, 
    "F_830_3": 20.279123306274414, 
    "F_582_3": 20.392963409423828, 
    "F_520_3": 20.51356315612793, 
    "F_892_3": 20.319904327392578
}