{
    "F_644_3": 20.19391632080078, 
    "F_551_3": 20.146240234375, 
    "F_861_3": 20.185401916503906, 
    "id": "spec-0471-51924-0485-QSOs-101", 
    "F_675_3": 20.199710845947266, 
    "F_737_3": 20.250526428222656, 
    "F_396_3": 20.069128036499023, 
    "F_365_3": 19.687707901000977, 
    "F_613_3": 20.257173538208008, 
    "F_706_3": 20.193702697753906, 
    "F_923_3": 20.074451446533203, 
    "F_458_3": 20.362367630004883, 
    "F_768_3": 20.241933822631836, 
    "Z": 1.0195955038070679, 
    "F_799_3": 20.32652473449707, 
    "F_427_3": 20.251741409301758, 
    "F_489_3": 20.22842025756836, 
    "F_954_3": Infinity, 
    "F_830_3": 20.273283004760742, 
    "F_582_3": 20.057987213134766, 
    "F_520_3": 20.26207160949707, 
    "F_892_3": 20.150251388549805
}