{
    "F_644_3": 19.353729248046875, 
    "F_551_3": 19.66427230834961, 
    "F_861_3": 19.254985809326172, 
    "id": "spec-1870-53383-0310-QSOs-101", 
    "F_675_3": 19.221759796142578, 
    "F_737_3": 19.178781509399414, 
    "F_396_3": 19.707874298095703, 
    "F_365_3": 19.777589797973633, 
    "F_613_3": 19.350038528442383, 
    "F_706_3": 19.21961212158203, 
    "F_923_3": 19.154376983642578, 
    "F_458_3": 19.8806095123291, 
    "F_768_3": 19.23050880432129, 
    "Z": 1.0926663875579834, 
    "F_799_3": 19.17943572998047, 
    "F_427_3": 19.810129165649414, 
    "F_489_3": 19.73334503173828, 
    "F_954_3": Infinity, 
    "F_830_3": 19.219440460205078, 
    "F_582_3": 19.52193260192871, 
    "F_520_3": 19.638431549072266, 
    "F_892_3": 19.20376205444336
}