{
    "F_644_3": 19.4307804107666, 
    "F_551_3": 19.278213500976562, 
    "F_861_3": 19.368270874023438, 
    "id": "spec-0426-51882-0284-QSOs-101", 
    "F_675_3": 19.35843849182129, 
    "F_737_3": 19.35065269470215, 
    "F_396_3": 19.726329803466797, 
    "F_365_3": 19.52386474609375, 
    "F_613_3": 19.35505485534668, 
    "F_706_3": 19.323040008544922, 
    "F_923_3": 19.290571212768555, 
    "F_458_3": 19.63170051574707, 
    "F_768_3": 19.36630630493164, 
    "Z": 1.0105079412460327, 
    "F_799_3": 19.46661949157715, 
    "F_427_3": 19.773494720458984, 
    "F_489_3": 19.508337020874023, 
    "F_954_3": Infinity, 
    "F_830_3": 19.47148895263672, 
    "F_582_3": 19.28105926513672, 
    "F_520_3": 19.46647834777832, 
    "F_892_3": 19.38934898376465
}