{
    "F_644_3": 20.011272430419922, 
    "F_551_3": 20.052221298217773, 
    "F_861_3": 19.966678619384766, 
    "id": "spec-0700-52199-0335-QSOs-101", 
    "F_675_3": 19.907655715942383, 
    "F_737_3": 19.99016761779785, 
    "F_396_3": 20.204221725463867, 
    "F_365_3": 20.361791610717773, 
    "F_613_3": 19.9415340423584, 
    "F_706_3": 19.926809310913086, 
    "F_923_3": 19.771326065063477, 
    "F_458_3": 20.372201919555664, 
    "F_768_3": 19.94951820373535, 
    "Z": 1.091858148574829, 
    "F_799_3": 19.959077835083008, 
    "F_427_3": 20.440950393676758, 
    "F_489_3": 20.17608642578125, 
    "F_954_3": Infinity, 
    "F_830_3": 19.969688415527344, 
    "F_582_3": 19.70926284790039, 
    "F_520_3": 20.074037551879883, 
    "F_892_3": 19.834177017211914
}