{
    "F_644_3": 19.580413818359375, 
    "F_551_3": 19.5910587310791, 
    "F_861_3": 19.460886001586914, 
    "id": "spec-7090-56659-0316-QSOs-101", 
    "F_675_3": 19.496910095214844, 
    "F_737_3": 19.51970863342285, 
    "F_396_3": 19.598453521728516, 
    "F_365_3": 19.820545196533203, 
    "F_613_3": 19.53760528564453, 
    "F_706_3": 19.53282356262207, 
    "F_923_3": 19.31549644470215, 
    "F_458_3": 19.705965042114258, 
    "F_768_3": 19.505645751953125, 
    "Z": 1.09270179271698, 
    "F_799_3": 19.465721130371094, 
    "F_427_3": 19.634662628173828, 
    "F_489_3": 19.61927604675293, 
    "F_954_3": 19.177419662475586, 
    "F_830_3": 19.45774269104004, 
    "F_582_3": 19.42805290222168, 
    "F_520_3": 19.55394744873047, 
    "F_892_3": 19.32569122314453
}