{
    "F_644_3": Infinity, 
    "F_551_3": 17.78389549255371, 
    "F_861_3": Infinity, 
    "id": "spec-2237-53828-0268-QSOs-101", 
    "F_675_3": Infinity, 
    "F_737_3": Infinity, 
    "F_396_3": 18.033039093017578, 
    "F_365_3": 17.726404190063477, 
    "F_613_3": 17.913707733154297, 
    "F_706_3": Infinity, 
    "F_923_3": Infinity, 
    "F_458_3": 18.101058959960938, 
    "F_768_3": Infinity, 
    "Z": 1.0128899812698364, 
    "F_799_3": Infinity, 
    "F_427_3": 18.11358070373535, 
    "F_489_3": 17.994216918945312, 
    "F_954_3": Infinity, 
    "F_830_3": Infinity, 
    "F_582_3": 17.79929542541504, 
    "F_520_3": 17.978933334350586, 
    "F_892_3": Infinity
}