{
    "F_644_3": 21.509065628051758, 
    "F_551_3": 21.670860290527344, 
    "F_861_3": 21.508798599243164, 
    "id": "spec-6309-56485-0945-QSOs-101", 
    "F_675_3": 21.485883712768555, 
    "F_737_3": 21.438215255737305, 
    "F_396_3": 22.706607818603516, 
    "F_365_3": 22.18687629699707, 
    "F_613_3": 21.62723159790039, 
    "F_706_3": 21.399059295654297, 
    "F_923_3": 21.29149627685547, 
    "F_458_3": 22.55987548828125, 
    "F_768_3": 21.466026306152344, 
    "Z": 1.013545274734497, 
    "F_799_3": 21.559932708740234, 
    "F_427_3": 22.765583038330078, 
    "F_489_3": 22.2387752532959, 
    "F_954_3": 20.87445640563965, 
    "F_830_3": 21.503515243530273, 
    "F_582_3": 21.540563583374023, 
    "F_520_3": 22.17538833618164, 
    "F_892_3": 21.48986053466797
}