{
    "F_644_3": 19.127883911132812, 
    "F_551_3": 19.08462142944336, 
    "F_861_3": 18.99095916748047, 
    "id": "spec-7381-56717-0005-QSOs-101", 
    "F_675_3": 19.072649002075195, 
    "F_737_3": 19.042633056640625, 
    "F_396_3": 19.76329803466797, 
    "F_365_3": 19.95265007019043, 
    "F_613_3": 19.217815399169922, 
    "F_706_3": 19.082944869995117, 
    "F_923_3": 18.998878479003906, 
    "F_458_3": 19.526479721069336, 
    "F_768_3": 19.05428123474121, 
    "Z": 1.0134449005126953, 
    "F_799_3": 19.117450714111328, 
    "F_427_3": 19.68016242980957, 
    "F_489_3": 19.337444305419922, 
    "F_954_3": 18.915990829467773, 
    "F_830_3": 19.092370986938477, 
    "F_582_3": 19.172393798828125, 
    "F_520_3": 19.32481575012207, 
    "F_892_3": 18.984333038330078
}