{
    "F_644_3": 21.342082977294922, 
    "F_551_3": 21.452072143554688, 
    "F_861_3": 21.180124282836914, 
    "id": "spec-7239-56693-0213-QSOs-101", 
    "F_675_3": 21.315519332885742, 
    "F_737_3": 21.33066177368164, 
    "F_396_3": 21.836946487426758, 
    "F_365_3": 21.65656852722168, 
    "F_613_3": 21.456241607666016, 
    "F_706_3": 21.331527709960938, 
    "F_923_3": 20.838274002075195, 
    "F_458_3": 21.851350784301758, 
    "F_768_3": 21.31671905517578, 
    "Z": 1.0115821361541748, 
    "F_799_3": 21.259300231933594, 
    "F_427_3": 21.914947509765625, 
    "F_489_3": 21.686635971069336, 
    "F_954_3": 20.900876998901367, 
    "F_830_3": 21.167938232421875, 
    "F_582_3": 21.508947372436523, 
    "F_520_3": 21.642215728759766, 
    "F_892_3": 21.056861877441406
}