{
    "F_644_3": 20.661333084106445, 
    "F_551_3": 20.557153701782227, 
    "F_861_3": 20.64596176147461, 
    "id": "spec-7300-56707-0298-QSOs-101", 
    "F_675_3": 20.66950225830078, 
    "F_737_3": 20.677440643310547, 
    "F_396_3": 20.742271423339844, 
    "F_365_3": 20.71190643310547, 
    "F_613_3": 20.766315460205078, 
    "F_706_3": 20.69570541381836, 
    "F_923_3": 20.436492919921875, 
    "F_458_3": 20.962427139282227, 
    "F_768_3": 20.709169387817383, 
    "Z": 1.0124025344848633, 
    "F_799_3": 20.76218032836914, 
    "F_427_3": 20.976892471313477, 
    "F_489_3": 20.841955184936523, 
    "F_954_3": 20.171796798706055, 
    "F_830_3": 20.70811653137207, 
    "F_582_3": 20.646831512451172, 
    "F_520_3": 20.844802856445312, 
    "F_892_3": 20.48929786682129
}