{
    "F_644_3": 19.69424819946289, 
    "F_551_3": 19.640939712524414, 
    "F_861_3": 19.832569122314453, 
    "id": "spec-7093-56657-0208-QSOs-101", 
    "F_675_3": 19.709728240966797, 
    "F_737_3": 19.765886306762695, 
    "F_396_3": 20.077768325805664, 
    "F_365_3": 20.237075805664062, 
    "F_613_3": 19.777957916259766, 
    "F_706_3": 19.740921020507812, 
    "F_923_3": 19.760358810424805, 
    "F_458_3": 20.016578674316406, 
    "F_768_3": 19.81341552734375, 
    "Z": 1.011196255683899, 
    "F_799_3": 19.889724731445312, 
    "F_427_3": 20.11863136291504, 
    "F_489_3": 19.8608455657959, 
    "F_954_3": 19.60750389099121, 
    "F_830_3": 19.903898239135742, 
    "F_582_3": 19.67703628540039, 
    "F_520_3": 19.827739715576172, 
    "F_892_3": 19.782800674438477
}