{
    "F_644_3": 21.2982234954834, 
    "F_551_3": 21.174753189086914, 
    "F_861_3": 21.357789993286133, 
    "id": "spec-4263-55484-0360-QSOs-101", 
    "F_675_3": 21.26194953918457, 
    "F_737_3": 21.360607147216797, 
    "F_396_3": 21.190658569335938, 
    "F_365_3": 21.143829345703125, 
    "F_613_3": 21.197999954223633, 
    "F_706_3": 21.346033096313477, 
    "F_923_3": 21.310440063476562, 
    "F_458_3": 21.44343376159668, 
    "F_768_3": 21.317272186279297, 
    "Z": 1.0919342041015625, 
    "F_799_3": 21.335304260253906, 
    "F_427_3": 21.428653717041016, 
    "F_489_3": 21.300451278686523, 
    "F_954_3": 21.304180145263672, 
    "F_830_3": 21.34470558166504, 
    "F_582_3": 20.97525978088379, 
    "F_520_3": 21.204896926879883, 
    "F_892_3": 21.358135223388672
}