{
    "F_644_3": 19.736623764038086, 
    "F_551_3": 19.845081329345703, 
    "F_861_3": 19.65660285949707, 
    "id": "spec-6387-56328-0200-QSOs-101", 
    "F_675_3": 19.632278442382812, 
    "F_737_3": 19.67921257019043, 
    "F_396_3": 19.91838264465332, 
    "F_365_3": 20.042558670043945, 
    "F_613_3": 19.701875686645508, 
    "F_706_3": 19.647781372070312, 
    "F_923_3": 19.46359634399414, 
    "F_458_3": 20.094532012939453, 
    "F_768_3": 19.68377113342285, 
    "Z": 1.0930280685424805, 
    "F_799_3": 19.657379150390625, 
    "F_427_3": 20.057287216186523, 
    "F_489_3": 19.956993103027344, 
    "F_954_3": 19.34475326538086, 
    "F_830_3": 19.672990798950195, 
    "F_582_3": 19.614662170410156, 
    "F_520_3": 19.85916519165039, 
    "F_892_3": 19.567848205566406
}