{
    "F_644_3": 17.84731101989746, 
    "F_551_3": 17.752208709716797, 
    "F_861_3": 18.044858932495117, 
    "id": "spec-1297-52963-0342-QSOs-101", 
    "F_675_3": 17.85848617553711, 
    "F_737_3": 17.908361434936523, 
    "F_396_3": 18.1934757232666, 
    "F_365_3": 17.966814041137695, 
    "F_613_3": 17.917617797851562, 
    "F_706_3": 17.89991569519043, 
    "F_923_3": 17.969051361083984, 
    "F_458_3": 18.147205352783203, 
    "F_768_3": 17.98065185546875, 
    "Z": 1.0114226341247559, 
    "F_799_3": 18.051376342773438, 
    "F_427_3": 18.228574752807617, 
    "F_489_3": 18.002304077148438, 
    "F_954_3": Infinity, 
    "F_830_3": 18.101184844970703, 
    "F_582_3": 17.75688934326172, 
    "F_520_3": 17.966455459594727, 
    "F_892_3": 18.058671951293945
}