{
    "F_644_3": 18.39198875427246, 
    "F_551_3": 18.36435890197754, 
    "F_861_3": 18.52627182006836, 
    "id": "spec-1187-52708-0474-QSOs-101", 
    "F_675_3": 18.37259864807129, 
    "F_737_3": 18.380582809448242, 
    "F_396_3": 18.803651809692383, 
    "F_365_3": 18.75117301940918, 
    "F_613_3": 18.4634952545166, 
    "F_706_3": 18.36880111694336, 
    "F_923_3": 18.61378288269043, 
    "F_458_3": 18.688037872314453, 
    "F_768_3": 18.441394805908203, 
    "Z": 1.011833667755127, 
    "F_799_3": 18.525251388549805, 
    "F_427_3": 18.7984676361084, 
    "F_489_3": 18.54545783996582, 
    "F_954_3": Infinity, 
    "F_830_3": 18.571517944335938, 
    "F_582_3": 18.399188995361328, 
    "F_520_3": 18.508346557617188, 
    "F_892_3": 18.533817291259766
}