{
    "F_644_3": 19.781490325927734, 
    "F_551_3": 20.00666046142578, 
    "F_861_3": 19.598400115966797, 
    "id": "spec-0864-52320-0078-QSOs-101", 
    "F_675_3": 19.694530487060547, 
    "F_737_3": 19.694936752319336, 
    "F_396_3": 19.63736915588379, 
    "F_365_3": 19.451499938964844, 
    "F_613_3": 19.792572021484375, 
    "F_706_3": 19.495277404785156, 
    "F_923_3": 19.642974853515625, 
    "F_458_3": 19.90801429748535, 
    "F_768_3": 19.73488998413086, 
    "Z": 1.5000554323196411, 
    "F_799_3": 19.663476943969727, 
    "F_427_3": 19.971759796142578, 
    "F_489_3": 19.90102767944336, 
    "F_954_3": Infinity, 
    "F_830_3": 19.64339828491211, 
    "F_582_3": 19.893579483032227, 
    "F_520_3": 19.970094680786133, 
    "F_892_3": 19.56955909729004
}