{
    "F_644_3": 19.006532669067383, 
    "F_551_3": 19.295167922973633, 
    "F_861_3": 18.771961212158203, 
    "id": "spec-1375-53084-0564-QSOs-101", 
    "F_675_3": 18.929553985595703, 
    "F_737_3": 18.87173080444336, 
    "F_396_3": 19.22100830078125, 
    "F_365_3": 19.332767486572266, 
    "F_613_3": 19.024616241455078, 
    "F_706_3": 18.745540618896484, 
    "F_923_3": 18.88591957092285, 
    "F_458_3": 19.3033390045166, 
    "F_768_3": 18.91022300720215, 
    "Z": 1.5045452117919922, 
    "F_799_3": 18.7938232421875, 
    "F_427_3": 19.367780685424805, 
    "F_489_3": 19.207555770874023, 
    "F_954_3": Infinity, 
    "F_830_3": 18.81267547607422, 
    "F_582_3": 19.170671463012695, 
    "F_520_3": 19.28594207763672, 
    "F_892_3": 18.797252655029297
}