{
    "F_644_3": 20.053131103515625, 
    "F_551_3": 19.947315216064453, 
    "F_861_3": 20.716297149658203, 
    "id": "spec-0943-52376-0366-QSOs-101", 
    "F_675_3": 20.176414489746094, 
    "F_737_3": 20.263521194458008, 
    "F_396_3": 20.254955291748047, 
    "F_365_3": 20.060527801513672, 
    "F_613_3": 20.225120544433594, 
    "F_706_3": 20.21504783630371, 
    "F_923_3": 20.533775329589844, 
    "F_458_3": 20.317331314086914, 
    "F_768_3": 20.401338577270508, 
    "Z": 1.0134012699127197, 
    "F_799_3": 20.574302673339844, 
    "F_427_3": 20.384540557861328, 
    "F_489_3": 20.19919204711914, 
    "F_954_3": Infinity, 
    "F_830_3": 20.572097778320312, 
    "F_582_3": 20.022348403930664, 
    "F_520_3": 20.227628707885742, 
    "F_892_3": 20.680023193359375
}