{
    "F_644_3": 20.0721378326416, 
    "F_551_3": 19.901140213012695, 
    "F_861_3": 20.05915069580078, 
    "id": "spec-6759-56416-0035-QSOs-101", 
    "F_675_3": 20.088903427124023, 
    "F_737_3": 20.144861221313477, 
    "F_396_3": 20.177780151367188, 
    "F_365_3": 20.18509292602539, 
    "F_613_3": 20.17279624938965, 
    "F_706_3": 20.12229347229004, 
    "F_923_3": 19.968645095825195, 
    "F_458_3": 20.26752471923828, 
    "F_768_3": 20.157854080200195, 
    "Z": 1.0116029977798462, 
    "F_799_3": 20.20716667175293, 
    "F_427_3": 20.311918258666992, 
    "F_489_3": 20.14350128173828, 
    "F_954_3": 20.03890609741211, 
    "F_830_3": 20.12311553955078, 
    "F_582_3": 19.998106002807617, 
    "F_520_3": 20.13273811340332, 
    "F_892_3": 19.953235626220703
}