{
    "F_644_3": 20.184682846069336, 
    "F_551_3": 20.143360137939453, 
    "F_861_3": 19.98358154296875, 
    "id": "spec-6780-56605-0720-QSOs-101", 
    "F_675_3": 20.17839241027832, 
    "F_737_3": 20.14914894104004, 
    "F_396_3": Infinity, 
    "F_365_3": Infinity, 
    "F_613_3": 20.24086570739746, 
    "F_706_3": 20.19409942626953, 
    "F_923_3": 19.84598159790039, 
    "F_458_3": Infinity, 
    "F_768_3": 20.15494155883789, 
    "Z": 1.0114079713821411, 
    "F_799_3": 20.151254653930664, 
    "F_427_3": Infinity, 
    "F_489_3": Infinity, 
    "F_954_3": 19.795574188232422, 
    "F_830_3": 20.06433868408203, 
    "F_582_3": 20.17576026916504, 
    "F_520_3": 20.34242057800293, 
    "F_892_3": 19.922353744506836
}