{
    "F_644_3": 19.947425842285156, 
    "F_551_3": 20.1411190032959, 
    "F_861_3": 19.62421226501465, 
    "id": "spec-7513-56780-0746-QSOs-101", 
    "F_675_3": 19.896509170532227, 
    "F_737_3": 19.831119537353516, 
    "F_396_3": 21.039981842041016, 
    "F_365_3": 21.088542938232422, 
    "F_613_3": 20.060209274291992, 
    "F_706_3": 19.861772537231445, 
    "F_923_3": 19.4600830078125, 
    "F_458_3": 20.750938415527344, 
    "F_768_3": 19.76797103881836, 
    "Z": 1.0128048658370972, 
    "F_799_3": 19.771318435668945, 
    "F_427_3": 20.934885025024414, 
    "F_489_3": 20.52037811279297, 
    "F_954_3": 19.586578369140625, 
    "F_830_3": 19.704254150390625, 
    "F_582_3": 20.078834533691406, 
    "F_520_3": 20.40374183654785, 
    "F_892_3": 19.594999313354492
}