{
    "F_644_3": 21.758211135864258, 
    "F_551_3": 21.810728073120117, 
    "F_861_3": 21.392976760864258, 
    "id": "spec-6262-56267-0656-QSOs-101", 
    "F_675_3": 21.85198402404785, 
    "F_737_3": 21.790956497192383, 
    "F_396_3": 22.034299850463867, 
    "F_365_3": 21.70616340637207, 
    "F_613_3": 21.880817413330078, 
    "F_706_3": 21.832000732421875, 
    "F_923_3": 21.18523406982422, 
    "F_458_3": 22.167255401611328, 
    "F_768_3": 21.655609130859375, 
    "Z": 1.0124598741531372, 
    "F_799_3": 21.537704467773438, 
    "F_427_3": 22.219343185424805, 
    "F_489_3": 21.976076126098633, 
    "F_954_3": 21.181005477905273, 
    "F_830_3": 21.442096710205078, 
    "F_582_3": 21.800016403198242, 
    "F_520_3": 22.035154342651367, 
    "F_892_3": 21.313634872436523
}