{
    "F_644_3": 20.287261962890625, 
    "F_551_3": 20.314651489257812, 
    "F_861_3": 20.354717254638672, 
    "id": "spec-6783-56284-0140-QSOs-101", 
    "F_675_3": 20.274486541748047, 
    "F_737_3": 20.385822296142578, 
    "F_396_3": 20.561628341674805, 
    "F_365_3": 20.66837501525879, 
    "F_613_3": 20.392080307006836, 
    "F_706_3": 20.316513061523438, 
    "F_923_3": 20.23624610900879, 
    "F_458_3": 20.608070373535156, 
    "F_768_3": 20.379905700683594, 
    "Z": 1.0102344751358032, 
    "F_799_3": 20.456697463989258, 
    "F_427_3": 20.617151260375977, 
    "F_489_3": 20.515371322631836, 
    "F_954_3": 20.216432571411133, 
    "F_830_3": 20.409481048583984, 
    "F_582_3": 20.378883361816406, 
    "F_520_3": 20.504230499267578, 
    "F_892_3": 20.386028289794922
}