{
    "F_644_3": 21.625076293945312, 
    "F_551_3": 21.364200592041016, 
    "F_861_3": 21.692575454711914, 
    "id": "spec-4381-55824-0139-QSOs-101", 
    "F_675_3": 21.69696617126465, 
    "F_737_3": 21.729434967041016, 
    "F_396_3": 21.63184356689453, 
    "F_365_3": 21.55095100402832, 
    "F_613_3": 21.787538528442383, 
    "F_706_3": 21.603103637695312, 
    "F_923_3": 21.38591194152832, 
    "F_458_3": 21.720882415771484, 
    "F_768_3": 21.71267318725586, 
    "Z": 1.0108399391174316, 
    "F_799_3": 21.786474227905273, 
    "F_427_3": 21.828411102294922, 
    "F_489_3": 21.593429565429688, 
    "F_954_3": 21.407386779785156, 
    "F_830_3": 21.587738037109375, 
    "F_582_3": 21.607824325561523, 
    "F_520_3": 21.64238929748535, 
    "F_892_3": 21.659469604492188
}