{
    "F_644_3": 20.30347442626953, 
    "F_551_3": 20.264324188232422, 
    "F_861_3": 20.376522064208984, 
    "id": "spec-3930-55332-0952-QSOs-101", 
    "F_675_3": 20.316055297851562, 
    "F_737_3": 20.35052490234375, 
    "F_396_3": 20.785566329956055, 
    "F_365_3": 20.796892166137695, 
    "F_613_3": 20.396137237548828, 
    "F_706_3": 20.33406639099121, 
    "F_923_3": 20.288766860961914, 
    "F_458_3": 20.707948684692383, 
    "F_768_3": 20.3779239654541, 
    "Z": 1.0123074054718018, 
    "F_799_3": 20.4343318939209, 
    "F_427_3": 20.81053352355957, 
    "F_489_3": 20.539072036743164, 
    "F_954_3": 20.31369972229004, 
    "F_830_3": 20.438886642456055, 
    "F_582_3": 20.313793182373047, 
    "F_520_3": 20.47823715209961, 
    "F_892_3": 20.366579055786133
}