{
    "F_644_3": 20.13713836669922, 
    "F_551_3": 19.987653732299805, 
    "F_861_3": 20.10283088684082, 
    "id": "spec-7380-56753-0071-QSOs-101", 
    "F_675_3": 20.153379440307617, 
    "F_737_3": 20.1604061126709, 
    "F_396_3": 20.357378005981445, 
    "F_365_3": 20.460546493530273, 
    "F_613_3": 20.217235565185547, 
    "F_706_3": 20.161846160888672, 
    "F_923_3": 20.0284481048584, 
    "F_458_3": 20.391983032226562, 
    "F_768_3": 20.163957595825195, 
    "Z": 1.0126349925994873, 
    "F_799_3": 20.179800033569336, 
    "F_427_3": 20.443790435791016, 
    "F_489_3": 20.306365966796875, 
    "F_954_3": 20.08674430847168, 
    "F_830_3": 20.184783935546875, 
    "F_582_3": 20.13738441467285, 
    "F_520_3": 20.267745971679688, 
    "F_892_3": 20.087072372436523
}