{
    "F_644_3": 18.04834747314453, 
    "F_551_3": 18.105321884155273, 
    "F_861_3": 18.129934310913086, 
    "id": "spec-1843-53816-0546-QSOs-101", 
    "F_675_3": 17.971569061279297, 
    "F_737_3": 18.04937171936035, 
    "F_396_3": 18.08469009399414, 
    "F_365_3": 18.211835861206055, 
    "F_613_3": 18.002214431762695, 
    "F_706_3": 18.012453079223633, 
    "F_923_3": 17.98816680908203, 
    "F_458_3": 18.287025451660156, 
    "F_768_3": 18.07313346862793, 
    "Z": 1.0918744802474976, 
    "F_799_3": 18.083847045898438, 
    "F_427_3": 18.22437858581543, 
    "F_489_3": 18.183488845825195, 
    "F_954_3": Infinity, 
    "F_830_3": 18.10679054260254, 
    "F_582_3": 17.857521057128906, 
    "F_520_3": 18.111122131347656, 
    "F_892_3": 18.049591064453125
}