{
    "F_644_3": Infinity, 
    "F_551_3": 19.08479881286621, 
    "F_861_3": Infinity, 
    "id": "spec-0458-51929-0569-QSOs-101", 
    "F_675_3": Infinity, 
    "F_737_3": Infinity, 
    "F_396_3": 19.319332122802734, 
    "F_365_3": 19.148578643798828, 
    "F_613_3": 19.236003875732422, 
    "F_706_3": Infinity, 
    "F_923_3": Infinity, 
    "F_458_3": 19.39058494567871, 
    "F_768_3": Infinity, 
    "Z": 1.0145986080169678, 
    "F_799_3": Infinity, 
    "F_427_3": 19.363340377807617, 
    "F_489_3": 19.280935287475586, 
    "F_954_3": Infinity, 
    "F_830_3": Infinity, 
    "F_582_3": 19.092899322509766, 
    "F_520_3": 19.252490997314453, 
    "F_892_3": Infinity
}