{
    "F_644_3": 20.644224166870117, 
    "F_551_3": 20.47467041015625, 
    "F_861_3": 20.427339553833008, 
    "id": "spec-7315-56685-0370-QSOs-101", 
    "F_675_3": 20.655248641967773, 
    "F_737_3": 20.613672256469727, 
    "F_396_3": 21.135156631469727, 
    "F_365_3": 21.196685791015625, 
    "F_613_3": 20.756813049316406, 
    "F_706_3": 20.67770767211914, 
    "F_923_3": 20.379343032836914, 
    "F_458_3": 21.13091278076172, 
    "F_768_3": 20.604387283325195, 
    "Z": 1.0127849578857422, 
    "F_799_3": 20.621225357055664, 
    "F_427_3": 21.23672103881836, 
    "F_489_3": 20.924663543701172, 
    "F_954_3": 20.494625091552734, 
    "F_830_3": 20.604999542236328, 
    "F_582_3": 20.560056686401367, 
    "F_520_3": 20.865903854370117, 
    "F_892_3": 20.4182186126709
}