{
    "F_644_3": 20.521251678466797, 
    "F_551_3": 20.701030731201172, 
    "F_861_3": 20.143407821655273, 
    "id": "spec-1279-52736-0528-QSOs-101", 
    "F_675_3": 20.485275268554688, 
    "F_737_3": 20.29477882385254, 
    "F_396_3": 21.990705490112305, 
    "F_365_3": 21.664169311523438, 
    "F_613_3": 20.591323852539062, 
    "F_706_3": 20.3873291015625, 
    "F_923_3": 19.975852966308594, 
    "F_458_3": 21.28840446472168, 
    "F_768_3": 20.251068115234375, 
    "Z": 1.011637568473816, 
    "F_799_3": 20.245805740356445, 
    "F_427_3": 21.597185134887695, 
    "F_489_3": 21.104738235473633, 
    "F_954_3": Infinity, 
    "F_830_3": 20.117216110229492, 
    "F_582_3": 20.57032012939453, 
    "F_520_3": 20.91815185546875, 
    "F_892_3": 20.111021041870117
}