{
    "F_644_3": 17.767513275146484, 
    "F_551_3": 17.71977996826172, 
    "F_861_3": 17.785297393798828, 
    "id": "spec-0335-52000-0324-QSOs-101", 
    "F_675_3": 17.805110931396484, 
    "F_737_3": 17.853504180908203, 
    "F_396_3": 18.159849166870117, 
    "F_365_3": 18.098709106445312, 
    "F_613_3": 17.859039306640625, 
    "F_706_3": 17.8020076751709, 
    "F_923_3": 17.676904678344727, 
    "F_458_3": 18.000516891479492, 
    "F_768_3": 17.844280242919922, 
    "Z": 1.0140794515609741, 
    "F_799_3": 17.8674259185791, 
    "F_427_3": 18.082059860229492, 
    "F_489_3": 17.838993072509766, 
    "F_954_3": Infinity, 
    "F_830_3": 17.870861053466797, 
    "F_582_3": 17.727638244628906, 
    "F_520_3": 17.84423828125, 
    "F_892_3": 17.77827262878418
}