{
    "F_644_3": 19.091327667236328, 
    "F_551_3": 19.11211395263672, 
    "F_861_3": 19.08021354675293, 
    "id": "spec-0326-52375-0202-QSOs-101", 
    "F_675_3": 19.096769332885742, 
    "F_737_3": 19.16106414794922, 
    "F_396_3": 19.4050235748291, 
    "F_365_3": 19.240087509155273, 
    "F_613_3": 19.16333770751953, 
    "F_706_3": 19.11418914794922, 
    "F_923_3": 18.994985580444336, 
    "F_458_3": 19.453964233398438, 
    "F_768_3": 19.15496826171875, 
    "Z": 1.0172033309936523, 
    "F_799_3": 19.175352096557617, 
    "F_427_3": 19.471839904785156, 
    "F_489_3": 19.329601287841797, 
    "F_954_3": Infinity, 
    "F_830_3": 19.169851303100586, 
    "F_582_3": 19.069673538208008, 
    "F_520_3": 19.245615005493164, 
    "F_892_3": 18.99991798400879
}