{
    "F_644_3": 19.88888168334961, 
    "F_551_3": 20.123525619506836, 
    "F_861_3": 19.831918716430664, 
    "id": "spec-4056-55357-0562-QSOs-101", 
    "F_675_3": 19.84297752380371, 
    "F_737_3": 19.811464309692383, 
    "F_396_3": 20.07927703857422, 
    "F_365_3": 20.29351806640625, 
    "F_613_3": 19.912660598754883, 
    "F_706_3": 19.645065307617188, 
    "F_923_3": 19.904842376708984, 
    "F_458_3": 20.111042022705078, 
    "F_768_3": 19.875530242919922, 
    "Z": 1.5003005266189575, 
    "F_799_3": 19.791799545288086, 
    "F_427_3": 20.194049835205078, 
    "F_489_3": 20.029443740844727, 
    "F_954_3": 20.007600784301758, 
    "F_830_3": 19.815744400024414, 
    "F_582_3": 19.983747482299805, 
    "F_520_3": 20.099340438842773, 
    "F_892_3": 19.921897888183594
}