{
    "F_644_3": 18.86311912536621, 
    "F_551_3": 18.82822608947754, 
    "F_861_3": 18.939414978027344, 
    "id": "spec-2582-54139-0392-QSOs-101", 
    "F_675_3": 18.87567901611328, 
    "F_737_3": 18.885377883911133, 
    "F_396_3": 19.030826568603516, 
    "F_365_3": 18.720172882080078, 
    "F_613_3": 18.942106246948242, 
    "F_706_3": 18.903141021728516, 
    "F_923_3": 18.6807861328125, 
    "F_458_3": 19.148340225219727, 
    "F_768_3": 18.90816307067871, 
    "Z": 1.0117106437683105, 
    "F_799_3": 19.01771354675293, 
    "F_427_3": 19.179338455200195, 
    "F_489_3": 19.01311492919922, 
    "F_954_3": Infinity, 
    "F_830_3": 19.00437355041504, 
    "F_582_3": 18.847959518432617, 
    "F_520_3": 18.99085807800293, 
    "F_892_3": 18.904296875
}