{
    "F_644_3": 19.169986724853516, 
    "F_551_3": 19.15638542175293, 
    "F_861_3": 19.249570846557617, 
    "id": "spec-2649-54212-0512-QSOs-101", 
    "F_675_3": 19.165977478027344, 
    "F_737_3": 19.162302017211914, 
    "F_396_3": 19.33483123779297, 
    "F_365_3": 19.093257904052734, 
    "F_613_3": 19.240087509155273, 
    "F_706_3": 19.162111282348633, 
    "F_923_3": 19.08350944519043, 
    "F_458_3": 19.426191329956055, 
    "F_768_3": 19.23944091796875, 
    "Z": 1.0129423141479492, 
    "F_799_3": 19.325584411621094, 
    "F_427_3": 19.472000122070312, 
    "F_489_3": 19.312726974487305, 
    "F_954_3": Infinity, 
    "F_830_3": 19.302215576171875, 
    "F_582_3": 19.169692993164062, 
    "F_520_3": 19.293621063232422, 
    "F_892_3": 19.269460678100586
}