{
    "F_644_3": 18.853260040283203, 
    "F_551_3": 18.681203842163086, 
    "F_861_3": 19.03000259399414, 
    "id": "spec-0301-51942-0477-QSOs-101", 
    "F_675_3": 18.8602237701416, 
    "F_737_3": 18.871173858642578, 
    "F_396_3": 19.04955291748047, 
    "F_365_3": 18.773090362548828, 
    "F_613_3": 18.947248458862305, 
    "F_706_3": 18.863977432250977, 
    "F_923_3": 19.021495819091797, 
    "F_458_3": 19.121858596801758, 
    "F_768_3": 18.948862075805664, 
    "Z": 1.013089656829834, 
    "F_799_3": 19.046314239501953, 
    "F_427_3": 19.227306365966797, 
    "F_489_3": 18.956512451171875, 
    "F_954_3": Infinity, 
    "F_830_3": 19.0839786529541, 
    "F_582_3": 18.706710815429688, 
    "F_520_3": 18.933650970458984, 
    "F_892_3": 18.91883087158203
}