{
    "F_644_3": 22.5533447265625, 
    "F_551_3": 22.635244369506836, 
    "F_861_3": 21.98332405090332, 
    "id": "spec-5373-56010-0816-QSOs-101", 
    "F_675_3": 22.574748992919922, 
    "F_737_3": 22.44482421875, 
    "F_396_3": 22.843976974487305, 
    "F_365_3": 22.227783203125, 
    "F_613_3": 22.656280517578125, 
    "F_706_3": 22.515880584716797, 
    "F_923_3": 21.501903533935547, 
    "F_458_3": 23.120487213134766, 
    "F_768_3": 22.296798706054688, 
    "Z": 1.013040542602539, 
    "F_799_3": 22.197141647338867, 
    "F_427_3": 23.021636962890625, 
    "F_489_3": 23.07279396057129, 
    "F_954_3": 21.370847702026367, 
    "F_830_3": 22.077512741088867, 
    "F_582_3": 22.776851654052734, 
    "F_520_3": 23.100061416625977, 
    "F_892_3": 21.709447860717773
}