{
    "F_644_3": Infinity, 
    "F_551_3": 18.518306732177734, 
    "F_861_3": Infinity, 
    "id": "spec-1797-54507-0376-QSOs-101", 
    "F_675_3": Infinity, 
    "F_737_3": Infinity, 
    "F_396_3": 18.73221206665039, 
    "F_365_3": 18.515371322631836, 
    "F_613_3": 18.639230728149414, 
    "F_706_3": Infinity, 
    "F_923_3": Infinity, 
    "F_458_3": 18.846378326416016, 
    "F_768_3": Infinity, 
    "Z": 1.0121530294418335, 
    "F_799_3": Infinity, 
    "F_427_3": 18.883331298828125, 
    "F_489_3": 18.733531951904297, 
    "F_954_3": Infinity, 
    "F_830_3": Infinity, 
    "F_582_3": 18.527679443359375, 
    "F_520_3": 18.708599090576172, 
    "F_892_3": Infinity
}