{
    "F_644_3": 19.803743362426758, 
    "F_551_3": 19.810400009155273, 
    "F_861_3": 19.897241592407227, 
    "id": "spec-6780-56267-0320-QSOs-101", 
    "F_675_3": 19.76897430419922, 
    "F_737_3": 19.78590965270996, 
    "F_396_3": 20.094545364379883, 
    "F_365_3": 20.071643829345703, 
    "F_613_3": 19.90560531616211, 
    "F_706_3": 19.763200759887695, 
    "F_923_3": 19.824914932250977, 
    "F_458_3": 20.179080963134766, 
    "F_768_3": 19.85817527770996, 
    "Z": 1.010888695716858, 
    "F_799_3": 19.965383529663086, 
    "F_427_3": 20.264360427856445, 
    "F_489_3": 20.03231430053711, 
    "F_954_3": 19.461502075195312, 
    "F_830_3": 19.95844268798828, 
    "F_582_3": 19.883939743041992, 
    "F_520_3": 20.03329849243164, 
    "F_892_3": 19.756752014160156
}