{
    "F_644_3": 19.943464279174805, 
    "F_551_3": 20.04561996459961, 
    "F_861_3": 19.938888549804688, 
    "id": "spec-6414-56306-0996-QSOs-101", 
    "F_675_3": 19.846925735473633, 
    "F_737_3": 19.770423889160156, 
    "F_396_3": 20.66093635559082, 
    "F_365_3": 20.89069938659668, 
    "F_613_3": 19.933637619018555, 
    "F_706_3": 19.783536911010742, 
    "F_923_3": 19.73833656311035, 
    "F_458_3": 20.59778594970703, 
    "F_768_3": 19.71860694885254, 
    "Z": 1.092542290687561, 
    "F_799_3": 19.773221969604492, 
    "F_427_3": 20.78590965270996, 
    "F_489_3": 20.21281623840332, 
    "F_954_3": 19.90178108215332, 
    "F_830_3": 19.904056549072266, 
    "F_582_3": 19.58140754699707, 
    "F_520_3": 20.035320281982422, 
    "F_892_3": 19.893863677978516
}