{
    "F_644_3": 20.734792709350586, 
    "F_551_3": 20.784217834472656, 
    "F_861_3": 20.656368255615234, 
    "id": "spec-4233-55449-0150-QSOs-101", 
    "F_675_3": 20.675905227661133, 
    "F_737_3": 20.6488094329834, 
    "F_396_3": 21.664247512817383, 
    "F_365_3": 21.656808853149414, 
    "F_613_3": 20.834630966186523, 
    "F_706_3": 20.650178909301758, 
    "F_923_3": 20.51943588256836, 
    "F_458_3": 21.393260955810547, 
    "F_768_3": 20.688444137573242, 
    "Z": 1.0100520849227905, 
    "F_799_3": 20.76052474975586, 
    "F_427_3": 21.61336326599121, 
    "F_489_3": 21.124855041503906, 
    "F_954_3": 20.494808197021484, 
    "F_830_3": 20.745771408081055, 
    "F_582_3": 20.800546646118164, 
    "F_520_3": 21.06338882446289, 
    "F_892_3": 20.64401626586914
}