{
    "F_644_3": Infinity, 
    "F_551_3": 19.78553009033203, 
    "F_861_3": Infinity, 
    "id": "spec-0559-52316-0046-QSOs-101", 
    "F_675_3": Infinity, 
    "F_737_3": Infinity, 
    "F_396_3": 19.468034744262695, 
    "F_365_3": 19.555341720581055, 
    "F_613_3": 19.571237564086914, 
    "F_706_3": Infinity, 
    "F_923_3": Infinity, 
    "F_458_3": 19.64950942993164, 
    "F_768_3": Infinity, 
    "Z": 1.5022133588790894, 
    "F_799_3": Infinity, 
    "F_427_3": 19.724380493164062, 
    "F_489_3": 19.610719680786133, 
    "F_954_3": Infinity, 
    "F_830_3": Infinity, 
    "F_582_3": 19.650020599365234, 
    "F_520_3": 19.74502182006836, 
    "F_892_3": Infinity
}