{
    "F_644_3": 18.456645965576172, 
    "F_551_3": Infinity, 
    "F_861_3": 18.46982765197754, 
    "id": "spec-2757-54509-0044-QSOs-101", 
    "F_675_3": 18.427486419677734, 
    "F_737_3": 18.38629722595215, 
    "F_396_3": Infinity, 
    "F_365_3": Infinity, 
    "F_613_3": 18.550106048583984, 
    "F_706_3": 18.405887603759766, 
    "F_923_3": 18.619169235229492, 
    "F_458_3": Infinity, 
    "F_768_3": 18.420866012573242, 
    "Z": 1.0121369361877441, 
    "F_799_3": 18.48048973083496, 
    "F_427_3": Infinity, 
    "F_489_3": Infinity, 
    "F_954_3": Infinity, 
    "F_830_3": 18.53853416442871, 
    "F_582_3": 18.60589599609375, 
    "F_520_3": Infinity, 
    "F_892_3": 18.49050521850586
}