{
    "F_644_3": 19.29161262512207, 
    "F_551_3": 19.255146026611328, 
    "F_861_3": 19.198307037353516, 
    "id": "spec-3782-55244-0829-QSOs-101", 
    "F_675_3": 19.298858642578125, 
    "F_737_3": 19.31476593017578, 
    "F_396_3": 19.147096633911133, 
    "F_365_3": 19.115659713745117, 
    "F_613_3": 19.348403930664062, 
    "F_706_3": 19.295244216918945, 
    "F_923_3": 19.10131072998047, 
    "F_458_3": 19.43079948425293, 
    "F_768_3": 19.30792999267578, 
    "Z": 1.0124510526657104, 
    "F_799_3": 19.335437774658203, 
    "F_427_3": 19.378543853759766, 
    "F_489_3": 19.35628890991211, 
    "F_954_3": 19.255104064941406, 
    "F_830_3": 19.30553436279297, 
    "F_582_3": 19.280696868896484, 
    "F_520_3": 19.39175033569336, 
    "F_892_3": 19.20790672302246
}