{
    "F_644_3": 20.833101272583008, 
    "F_551_3": 20.638111114501953, 
    "F_861_3": 20.98519515991211, 
    "id": "spec-7117-56685-0482-QSOs-101", 
    "F_675_3": 20.926733016967773, 
    "F_737_3": 21.11092185974121, 
    "F_396_3": 21.446441650390625, 
    "F_365_3": 21.197282791137695, 
    "F_613_3": 20.896121978759766, 
    "F_706_3": 20.985074996948242, 
    "F_923_3": 20.793973922729492, 
    "F_458_3": 21.23268699645996, 
    "F_768_3": 21.096466064453125, 
    "Z": 1.0107909440994263, 
    "F_799_3": 21.149356842041016, 
    "F_427_3": 21.45905113220215, 
    "F_489_3": 20.970317840576172, 
    "F_954_3": 20.566299438476562, 
    "F_830_3": 21.15666961669922, 
    "F_582_3": 20.681459426879883, 
    "F_520_3": 20.91222381591797, 
    "F_892_3": 21.021915435791016
}