{
    "F_644_3": 21.235809326171875, 
    "F_551_3": 20.95806121826172, 
    "F_861_3": 20.76627540588379, 
    "id": "spec-6435-56341-0740-QSOs-101", 
    "F_675_3": 21.227672576904297, 
    "F_737_3": 21.17289924621582, 
    "F_396_3": 21.690296173095703, 
    "F_365_3": 21.5438232421875, 
    "F_613_3": 21.26681137084961, 
    "F_706_3": 21.266401290893555, 
    "F_923_3": 20.562702178955078, 
    "F_458_3": 21.67087745666504, 
    "F_768_3": 21.143896102905273, 
    "Z": 1.0127452611923218, 
    "F_799_3": 20.987340927124023, 
    "F_427_3": 21.82607078552246, 
    "F_489_3": Infinity, 
    "F_954_3": 20.563278198242188, 
    "F_830_3": 20.89691734313965, 
    "F_582_3": 21.039644241333008, 
    "F_520_3": 21.479602813720703, 
    "F_892_3": 20.649944305419922
}