{
    "F_644_3": 18.72319984436035, 
    "F_551_3": 18.8308048248291, 
    "F_861_3": 18.730371475219727, 
    "id": "spec-1231-52725-0246-QSOs-101", 
    "F_675_3": 18.65806007385254, 
    "F_737_3": 18.677410125732422, 
    "F_396_3": 19.030298233032227, 
    "F_365_3": 19.251510620117188, 
    "F_613_3": 18.694326400756836, 
    "F_706_3": 18.66292953491211, 
    "F_923_3": 18.419042587280273, 
    "F_458_3": 19.14353370666504, 
    "F_768_3": 18.64792251586914, 
    "Z": 1.0908526182174683, 
    "F_799_3": 18.67990493774414, 
    "F_427_3": 19.210437774658203, 
    "F_489_3": 18.91469955444336, 
    "F_954_3": Infinity, 
    "F_830_3": 18.713895797729492, 
    "F_582_3": 18.552534103393555, 
    "F_520_3": 18.79780387878418, 
    "F_892_3": 18.591947555541992
}