{
    "F_644_3": Infinity, 
    "F_551_3": 18.655385971069336, 
    "F_861_3": Infinity, 
    "id": "spec-0812-52352-0307-QSOs-101", 
    "F_675_3": Infinity, 
    "F_737_3": Infinity, 
    "F_396_3": 18.89893341064453, 
    "F_365_3": 18.590848922729492, 
    "F_613_3": 18.75937843322754, 
    "F_706_3": Infinity, 
    "F_923_3": Infinity, 
    "F_458_3": 18.99951171875, 
    "F_768_3": Infinity, 
    "Z": 1.013245701789856, 
    "F_799_3": Infinity, 
    "F_427_3": 19.03955841064453, 
    "F_489_3": 18.876623153686523, 
    "F_954_3": Infinity, 
    "F_830_3": Infinity, 
    "F_582_3": 18.644880294799805, 
    "F_520_3": 18.861621856689453, 
    "F_892_3": Infinity
}