{
    "F_644_3": 21.417539596557617, 
    "F_551_3": 21.352039337158203, 
    "F_861_3": 21.310861587524414, 
    "id": "spec-6872-56540-0126-QSOs-101", 
    "F_675_3": 21.492908477783203, 
    "F_737_3": 21.56862449645996, 
    "F_396_3": 21.548294067382812, 
    "F_365_3": 21.4672908782959, 
    "F_613_3": 21.47960662841797, 
    "F_706_3": 21.478769302368164, 
    "F_923_3": 21.126462936401367, 
    "F_458_3": 21.723657608032227, 
    "F_768_3": 21.560895919799805, 
    "Z": 1.0102630853652954, 
    "F_799_3": 21.47887420654297, 
    "F_427_3": 21.681310653686523, 
    "F_489_3": 21.543987274169922, 
    "F_954_3": 21.262752532958984, 
    "F_830_3": 21.46087646484375, 
    "F_582_3": 21.40961456298828, 
    "F_520_3": 21.541868209838867, 
    "F_892_3": 21.32756233215332
}