{
    "F_644_3": 19.873058319091797, 
    "F_551_3": 20.02566146850586, 
    "F_861_3": 19.608192443847656, 
    "id": "spec-7408-56780-0096-QSOs-101", 
    "F_675_3": 19.793264389038086, 
    "F_737_3": 19.73738670349121, 
    "F_396_3": 20.77983856201172, 
    "F_365_3": 20.843338012695312, 
    "F_613_3": 20.04790496826172, 
    "F_706_3": 19.78668785095215, 
    "F_923_3": 19.469453811645508, 
    "F_458_3": 20.7229061126709, 
    "F_768_3": 19.742900848388672, 
    "Z": 1.0106215476989746, 
    "F_799_3": 19.772205352783203, 
    "F_427_3": 20.826021194458008, 
    "F_489_3": 20.506032943725586, 
    "F_954_3": 19.527851104736328, 
    "F_830_3": 19.7348690032959, 
    "F_582_3": 20.011226654052734, 
    "F_520_3": 20.381450653076172, 
    "F_892_3": 19.585609436035156
}