{
    "F_644_3": 19.66632843017578, 
    "F_551_3": 19.687318801879883, 
    "F_861_3": 19.680160522460938, 
    "id": "spec-0495-51988-0625-QSOs-101", 
    "F_675_3": 19.60999298095703, 
    "F_737_3": 19.640329360961914, 
    "F_396_3": 19.74339485168457, 
    "F_365_3": 19.947412490844727, 
    "F_613_3": 19.617185592651367, 
    "F_706_3": 19.64370346069336, 
    "F_923_3": 19.374597549438477, 
    "F_458_3": 20.096923828125, 
    "F_768_3": 19.657360076904297, 
    "Z": 1.0949925184249878, 
    "F_799_3": 19.65576934814453, 
    "F_427_3": 20.187511444091797, 
    "F_489_3": 19.863805770874023, 
    "F_954_3": Infinity, 
    "F_830_3": 19.705984115600586, 
    "F_582_3": 19.268157958984375, 
    "F_520_3": 19.660062789916992, 
    "F_892_3": 19.576385498046875
}