{
    "F_644_3": 18.891523361206055, 
    "F_551_3": 18.766735076904297, 
    "F_861_3": 19.012107849121094, 
    "id": "spec-0397-51794-0088-QSOs-101", 
    "F_675_3": 18.88747215270996, 
    "F_737_3": 18.918445587158203, 
    "F_396_3": 19.439741134643555, 
    "F_365_3": 19.199880599975586, 
    "F_613_3": 18.969409942626953, 
    "F_706_3": 18.904155731201172, 
    "F_923_3": 18.99222183227539, 
    "F_458_3": 19.334638595581055, 
    "F_768_3": 18.93705177307129, 
    "Z": 1.0108826160430908, 
    "F_799_3": 19.001434326171875, 
    "F_427_3": 19.479022979736328, 
    "F_489_3": 19.105947494506836, 
    "F_954_3": Infinity, 
    "F_830_3": 19.049880981445312, 
    "F_582_3": 18.80921745300293, 
    "F_520_3": 19.016414642333984, 
    "F_892_3": 19.004486083984375
}