{
    "F_644_3": 18.75227165222168, 
    "F_551_3": 18.691499710083008, 
    "F_861_3": 18.703004837036133, 
    "id": "spec-7034-56564-0388-QSOs-101", 
    "F_675_3": 18.76551628112793, 
    "F_737_3": 18.711170196533203, 
    "F_396_3": 19.476421356201172, 
    "F_365_3": 19.63455581665039, 
    "F_613_3": 18.865453720092773, 
    "F_706_3": 18.741256713867188, 
    "F_923_3": 18.749820709228516, 
    "F_458_3": 19.217254638671875, 
    "F_768_3": 18.71562957763672, 
    "Z": 1.0136010646820068, 
    "F_799_3": 18.76380157470703, 
    "F_427_3": 19.418132781982422, 
    "F_489_3": 18.948020935058594, 
    "F_954_3": 18.787668228149414, 
    "F_830_3": 18.70687484741211, 
    "F_582_3": 18.74867057800293, 
    "F_520_3": 18.896743774414062, 
    "F_892_3": 18.544374465942383
}