{
    "F_644_3": 19.308874130249023, 
    "F_551_3": 19.588787078857422, 
    "F_861_3": 19.094223022460938, 
    "id": "spec-1591-52976-0576-QSOs-101", 
    "F_675_3": 19.23368263244629, 
    "F_737_3": 19.092817306518555, 
    "F_396_3": 19.413732528686523, 
    "F_365_3": 19.308752059936523, 
    "F_613_3": 19.33867073059082, 
    "F_706_3": 18.973791122436523, 
    "F_923_3": 19.247438430786133, 
    "F_458_3": 19.524415969848633, 
    "F_768_3": 19.195714950561523, 
    "Z": 1.5031145811080933, 
    "F_799_3": 19.024658203125, 
    "F_427_3": 19.617401123046875, 
    "F_489_3": 19.471588134765625, 
    "F_954_3": Infinity, 
    "F_830_3": 19.111207962036133, 
    "F_582_3": 19.46350860595703, 
    "F_520_3": 19.539552688598633, 
    "F_892_3": 19.109365463256836
}