{
    "F_644_3": 20.0786075592041, 
    "F_551_3": 20.015113830566406, 
    "F_861_3": 20.018617630004883, 
    "id": "spec-4563-55617-0278-QSOs-101", 
    "F_675_3": 20.08735466003418, 
    "F_737_3": 20.157344818115234, 
    "F_396_3": 19.98225975036621, 
    "F_365_3": 19.926692962646484, 
    "F_613_3": 20.161489486694336, 
    "F_706_3": 20.131938934326172, 
    "F_923_3": 19.983436584472656, 
    "F_458_3": 20.212703704833984, 
    "F_768_3": 20.130672454833984, 
    "Z": 1.0116037130355835, 
    "F_799_3": 20.182435989379883, 
    "F_427_3": 20.185176849365234, 
    "F_489_3": 20.11124038696289, 
    "F_954_3": 20.083860397338867, 
    "F_830_3": 20.140159606933594, 
    "F_582_3": 20.07605743408203, 
    "F_520_3": 20.157190322875977, 
    "F_892_3": 20.050830841064453
}