{
    "F_644_3": 18.9678955078125, 
    "F_551_3": 18.955759048461914, 
    "F_861_3": 19.019262313842773, 
    "id": "spec-0282-51658-0521-QSOs-101", 
    "F_675_3": 18.928598403930664, 
    "F_737_3": 18.874835968017578, 
    "F_396_3": 19.68632698059082, 
    "F_365_3": 19.39785385131836, 
    "F_613_3": 19.071147918701172, 
    "F_706_3": 18.916013717651367, 
    "F_923_3": 19.012222290039062, 
    "F_458_3": 19.507856369018555, 
    "F_768_3": 18.87095069885254, 
    "Z": 1.0196062326431274, 
    "F_799_3": 19.028657913208008, 
    "F_427_3": 19.722078323364258, 
    "F_489_3": 19.28261947631836, 
    "F_954_3": Infinity, 
    "F_830_3": 19.06788444519043, 
    "F_582_3": 18.924076080322266, 
    "F_520_3": 19.220252990722656, 
    "F_892_3": 18.995853424072266
}