{
    "F_644_3": 18.75086212158203, 
    "F_551_3": 18.748249053955078, 
    "F_861_3": 18.830150604248047, 
    "id": "spec-1735-53035-0355-QSOs-101", 
    "F_675_3": 18.76665687561035, 
    "F_737_3": 18.839805603027344, 
    "F_396_3": 18.99251937866211, 
    "F_365_3": 18.710859298706055, 
    "F_613_3": 18.867612838745117, 
    "F_706_3": 18.791961669921875, 
    "F_923_3": 18.65159034729004, 
    "F_458_3": 19.08409309387207, 
    "F_768_3": 18.882566452026367, 
    "Z": 1.013250708580017, 
    "F_799_3": 18.969770431518555, 
    "F_427_3": 19.099876403808594, 
    "F_489_3": 18.92612075805664, 
    "F_954_3": Infinity, 
    "F_830_3": 18.940671920776367, 
    "F_582_3": 18.728052139282227, 
    "F_520_3": 18.907133102416992, 
    "F_892_3": 18.76493263244629
}