{
    "F_644_3": 19.9073429107666, 
    "F_551_3": 19.80288314819336, 
    "F_861_3": 20.001741409301758, 
    "id": "spec-6969-56420-0440-QSOs-101", 
    "F_675_3": 19.91219139099121, 
    "F_737_3": 19.979480743408203, 
    "F_396_3": 19.94623565673828, 
    "F_365_3": 19.990333557128906, 
    "F_613_3": 20.043264389038086, 
    "F_706_3": 19.977622985839844, 
    "F_923_3": 19.83224105834961, 
    "F_458_3": 20.12994384765625, 
    "F_768_3": 20.028770446777344, 
    "Z": 1.013115644454956, 
    "F_799_3": 20.10432243347168, 
    "F_427_3": 20.132614135742188, 
    "F_489_3": 20.028610229492188, 
    "F_954_3": 19.860445022583008, 
    "F_830_3": 20.093032836914062, 
    "F_582_3": 19.842329025268555, 
    "F_520_3": 20.03668975830078, 
    "F_892_3": 19.929628372192383
}