{
    "F_644_3": 19.846519470214844, 
    "F_551_3": 19.607297897338867, 
    "F_861_3": 19.763626098632812, 
    "id": "spec-1668-53433-0248-QSOs-101", 
    "F_675_3": 19.85342025756836, 
    "F_737_3": 19.817733764648438, 
    "F_396_3": 20.106657028198242, 
    "F_365_3": 19.912569046020508, 
    "F_613_3": 19.94493865966797, 
    "F_706_3": 19.869606018066406, 
    "F_923_3": 19.592777252197266, 
    "F_458_3": 20.21735191345215, 
    "F_768_3": 19.875009536743164, 
    "Z": 1.0123337507247925, 
    "F_799_3": 19.9008846282959, 
    "F_427_3": 20.38494300842285, 
    "F_489_3": 19.987056732177734, 
    "F_954_3": Infinity, 
    "F_830_3": 19.890621185302734, 
    "F_582_3": 19.59836769104004, 
    "F_520_3": 19.93404769897461, 
    "F_892_3": 19.57243537902832
}