{
    "F_644_3": 19.478534698486328, 
    "F_551_3": 19.772254943847656, 
    "F_861_3": 19.281169891357422, 
    "id": "spec-1608-53138-0161-QSOs-101", 
    "F_675_3": 19.364761352539062, 
    "F_737_3": 19.326562881469727, 
    "F_396_3": 19.959381103515625, 
    "F_365_3": 20.361713409423828, 
    "F_613_3": 19.511188507080078, 
    "F_706_3": 19.065717697143555, 
    "F_923_3": 19.382619857788086, 
    "F_458_3": 19.973859786987305, 
    "F_768_3": 19.36277961730957, 
    "Z": 1.5042916536331177, 
    "F_799_3": 19.298734664916992, 
    "F_427_3": 20.1823673248291, 
    "F_489_3": 19.797657012939453, 
    "F_954_3": Infinity, 
    "F_830_3": 19.32625961303711, 
    "F_582_3": 19.611783981323242, 
    "F_520_3": 19.865825653076172, 
    "F_892_3": 19.28461265563965
}