{
    "F_644_3": Infinity, 
    "F_551_3": 18.16303253173828, 
    "F_861_3": Infinity, 
    "id": "spec-2110-53467-0505-QSOs-101", 
    "F_675_3": Infinity, 
    "F_737_3": Infinity, 
    "F_396_3": 17.99858283996582, 
    "F_365_3": 18.173276901245117, 
    "F_613_3": 18.082237243652344, 
    "F_706_3": Infinity, 
    "F_923_3": Infinity, 
    "F_458_3": 18.298574447631836, 
    "F_768_3": Infinity, 
    "Z": 1.0920027494430542, 
    "F_799_3": Infinity, 
    "F_427_3": 18.20500946044922, 
    "F_489_3": 18.185195922851562, 
    "F_954_3": Infinity, 
    "F_830_3": Infinity, 
    "F_582_3": 17.943683624267578, 
    "F_520_3": 18.141401290893555, 
    "F_892_3": Infinity
}