{
    "F_644_3": 19.997154235839844, 
    "F_551_3": 19.91836166381836, 
    "F_861_3": 20.293899536132812, 
    "id": "spec-2950-54559-0332-QSOs-101", 
    "F_675_3": 20.01309585571289, 
    "F_737_3": 19.970624923706055, 
    "F_396_3": 20.397476196289062, 
    "F_365_3": 19.944835662841797, 
    "F_613_3": 20.063678741455078, 
    "F_706_3": 19.984756469726562, 
    "F_923_3": 20.154211044311523, 
    "F_458_3": 20.345542907714844, 
    "F_768_3": 20.101728439331055, 
    "Z": 1.0138802528381348, 
    "F_799_3": 20.247947692871094, 
    "F_427_3": 20.433212280273438, 
    "F_489_3": 20.152355194091797, 
    "F_954_3": Infinity, 
    "F_830_3": 20.23695182800293, 
    "F_582_3": 19.97570037841797, 
    "F_520_3": 20.1113338470459, 
    "F_892_3": 20.274255752563477
}