{
    "F_644_3": 17.962656021118164, 
    "F_551_3": 17.98220443725586, 
    "F_861_3": 17.91947364807129, 
    "id": "spec-2157-54242-0151-QSOs-101", 
    "F_675_3": 17.957561492919922, 
    "F_737_3": 17.989137649536133, 
    "F_396_3": 18.612085342407227, 
    "F_365_3": 18.410961151123047, 
    "F_613_3": 18.047405242919922, 
    "F_706_3": 17.970911026000977, 
    "F_923_3": 17.864498138427734, 
    "F_458_3": 18.44470977783203, 
    "F_768_3": 18.000255584716797, 
    "Z": 1.0112156867980957, 
    "F_799_3": 18.02492332458496, 
    "F_427_3": 18.573577880859375, 
    "F_489_3": 18.258708953857422, 
    "F_954_3": Infinity, 
    "F_830_3": 18.015718460083008, 
    "F_582_3": 17.989519119262695, 
    "F_520_3": 18.196510314941406, 
    "F_892_3": 17.938438415527344
}