{
    "F_644_3": 18.97187042236328, 
    "F_551_3": 19.218542098999023, 
    "F_861_3": 18.945993423461914, 
    "id": "spec-2493-54115-0123-QSOs-101", 
    "F_675_3": 18.894350051879883, 
    "F_737_3": 18.88913345336914, 
    "F_396_3": 19.056737899780273, 
    "F_365_3": 19.033803939819336, 
    "F_613_3": 19.003904342651367, 
    "F_706_3": 18.739490509033203, 
    "F_923_3": 19.037763595581055, 
    "F_458_3": 19.199792861938477, 
    "F_768_3": 18.905807495117188, 
    "Z": 1.5014909505844116, 
    "F_799_3": 18.868568420410156, 
    "F_427_3": 19.264795303344727, 
    "F_489_3": 19.163124084472656, 
    "F_954_3": Infinity, 
    "F_830_3": 18.89414405822754, 
    "F_582_3": 19.11949920654297, 
    "F_520_3": 19.226926803588867, 
    "F_892_3": 18.998783111572266
}