{
    "F_644_3": 18.81663703918457, 
    "F_551_3": 19.141618728637695, 
    "F_861_3": 18.53049087524414, 
    "id": "spec-1398-53146-0476-QSOs-101", 
    "F_675_3": 18.710351943969727, 
    "F_737_3": 18.67943572998047, 
    "F_396_3": 19.09980010986328, 
    "F_365_3": 19.36417007446289, 
    "F_613_3": 18.829622268676758, 
    "F_706_3": 18.487398147583008, 
    "F_923_3": 18.541147232055664, 
    "F_458_3": 19.242883682250977, 
    "F_768_3": 18.700054168701172, 
    "Z": 1.502698540687561, 
    "F_799_3": 18.60616683959961, 
    "F_427_3": 19.33268165588379, 
    "F_489_3": 19.167922973632812, 
    "F_954_3": Infinity, 
    "F_830_3": 18.602140426635742, 
    "F_582_3": 18.93756103515625, 
    "F_520_3": 19.188098907470703, 
    "F_892_3": 18.544517517089844
}