{
    "F_644_3": 19.832578659057617, 
    "F_551_3": 19.901037216186523, 
    "F_861_3": 19.821311950683594, 
    "id": "spec-1976-53401-0576-QSOs-101", 
    "F_675_3": 19.754196166992188, 
    "F_737_3": 19.66019058227539, 
    "F_396_3": 20.365219116210938, 
    "F_365_3": 19.98064613342285, 
    "F_613_3": 19.938074111938477, 
    "F_706_3": 19.74847984313965, 
    "F_923_3": 19.699928283691406, 
    "F_458_3": 20.359142303466797, 
    "F_768_3": 19.75480842590332, 
    "Z": 1.013196349143982, 
    "F_799_3": 19.927776336669922, 
    "F_427_3": 20.460769653320312, 
    "F_489_3": 20.1667423248291, 
    "F_954_3": Infinity, 
    "F_830_3": 19.88485336303711, 
    "F_582_3": 19.91161346435547, 
    "F_520_3": 20.100984573364258, 
    "F_892_3": 19.717041015625
}