{
    "F_644_3": 20.347606658935547, 
    "F_551_3": 20.30140495300293, 
    "F_861_3": 20.25074577331543, 
    "id": "spec-7425-56777-0314-QSOs-101", 
    "F_675_3": 20.400806427001953, 
    "F_737_3": 20.41498374938965, 
    "F_396_3": 20.793642044067383, 
    "F_365_3": 20.636734008789062, 
    "F_613_3": 20.49156379699707, 
    "F_706_3": 20.4439697265625, 
    "F_923_3": 20.05581283569336, 
    "F_458_3": 20.813180923461914, 
    "F_768_3": 20.36379623413086, 
    "Z": 1.0126391649246216, 
    "F_799_3": 20.403362274169922, 
    "F_427_3": 20.891311645507812, 
    "F_489_3": 20.634172439575195, 
    "F_954_3": 19.904388427734375, 
    "F_830_3": 20.34955596923828, 
    "F_582_3": 20.3320255279541, 
    "F_520_3": 20.59005355834961, 
    "F_892_3": 20.06553840637207
}