{
    "F_644_3": 19.741680145263672, 
    "F_551_3": 19.613452911376953, 
    "F_861_3": 19.734054565429688, 
    "id": "spec-0872-52339-0151-QSOs-101", 
    "F_675_3": 19.7015438079834, 
    "F_737_3": 19.690818786621094, 
    "F_396_3": 20.168455123901367, 
    "F_365_3": 19.82274627685547, 
    "F_613_3": 19.84479522705078, 
    "F_706_3": 19.706274032592773, 
    "F_923_3": 19.679040908813477, 
    "F_458_3": 20.166366577148438, 
    "F_768_3": 19.753238677978516, 
    "Z": 1.011309266090393, 
    "F_799_3": 19.806922912597656, 
    "F_427_3": 20.273967742919922, 
    "F_489_3": 19.952234268188477, 
    "F_954_3": Infinity, 
    "F_830_3": 19.818981170654297, 
    "F_582_3": 19.67096710205078, 
    "F_520_3": 19.8895206451416, 
    "F_892_3": 19.72056007385254
}