{
    "F_644_3": 18.67096519470215, 
    "F_551_3": 18.76110076904297, 
    "F_861_3": 18.644886016845703, 
    "id": "spec-0362-51999-0170-QSOs-101", 
    "F_675_3": 18.69596290588379, 
    "F_737_3": 18.750545501708984, 
    "F_396_3": 19.050321578979492, 
    "F_365_3": 19.013629913330078, 
    "F_613_3": 18.80059814453125, 
    "F_706_3": 18.714391708374023, 
    "F_923_3": 18.54999542236328, 
    "F_458_3": 19.090839385986328, 
    "F_768_3": 18.729114532470703, 
    "Z": 1.019564151763916, 
    "F_799_3": 18.768295288085938, 
    "F_427_3": 19.141035079956055, 
    "F_489_3": 18.954181671142578, 
    "F_954_3": Infinity, 
    "F_830_3": 18.73977279663086, 
    "F_582_3": 18.689071655273438, 
    "F_520_3": 18.912229537963867, 
    "F_892_3": 18.597740173339844
}