{
    "F_644_3": 20.127567291259766, 
    "F_551_3": 20.212432861328125, 
    "F_861_3": 20.18528175354004, 
    "id": "spec-4175-55680-0616-QSOs-101", 
    "F_675_3": 20.054088592529297, 
    "F_737_3": 20.11189079284668, 
    "F_396_3": 20.333370208740234, 
    "F_365_3": 20.399234771728516, 
    "F_613_3": 20.075584411621094, 
    "F_706_3": 20.080657958984375, 
    "F_923_3": 20.044239044189453, 
    "F_458_3": 20.423484802246094, 
    "F_768_3": 20.127479553222656, 
    "Z": 1.091102123260498, 
    "F_799_3": 20.154922485351562, 
    "F_427_3": 20.41034698486328, 
    "F_489_3": 20.273698806762695, 
    "F_954_3": 20.005298614501953, 
    "F_830_3": 20.170448303222656, 
    "F_582_3": 19.99073600769043, 
    "F_520_3": 20.193342208862305, 
    "F_892_3": 20.134113311767578
}