{
    "F_644_3": 20.241140365600586, 
    "F_551_3": 20.210790634155273, 
    "F_861_3": 20.216716766357422, 
    "id": "spec-5793-56337-0898-QSOs-101", 
    "F_675_3": 20.299285888671875, 
    "F_737_3": 20.289113998413086, 
    "F_396_3": 20.393470764160156, 
    "F_365_3": 20.385257720947266, 
    "F_613_3": 20.3271484375, 
    "F_706_3": 20.269001007080078, 
    "F_923_3": 20.182601928710938, 
    "F_458_3": 20.434955596923828, 
    "F_768_3": 20.28779411315918, 
    "Z": 1.0126276016235352, 
    "F_799_3": 20.314908981323242, 
    "F_427_3": 20.46104621887207, 
    "F_489_3": 20.346054077148438, 
    "F_954_3": 20.34969711303711, 
    "F_830_3": 20.316335678100586, 
    "F_582_3": 20.229816436767578, 
    "F_520_3": 20.34604263305664, 
    "F_892_3": 20.275524139404297
}