{
    "F_644_3": 19.158349990844727, 
    "F_551_3": 19.470134735107422, 
    "F_861_3": 19.07255744934082, 
    "id": "spec-2758-54523-0041-QSOs-101", 
    "F_675_3": 19.092266082763672, 
    "F_737_3": 19.044166564941406, 
    "F_396_3": 20.261503219604492, 
    "F_365_3": 20.145320892333984, 
    "F_613_3": 19.177345275878906, 
    "F_706_3": 19.037086486816406, 
    "F_923_3": 18.94918441772461, 
    "F_458_3": 20.021570205688477, 
    "F_768_3": 19.003780364990234, 
    "Z": 1.0907469987869263, 
    "F_799_3": 19.002473831176758, 
    "F_427_3": 20.19915771484375, 
    "F_489_3": 19.767187118530273, 
    "F_954_3": Infinity, 
    "F_830_3": 19.055301666259766, 
    "F_582_3": 19.156574249267578, 
    "F_520_3": 19.596649169921875, 
    "F_892_3": 19.1330509185791
}