{
    "F_644_3": 18.25468635559082, 
    "F_551_3": 18.408960342407227, 
    "F_861_3": 18.256088256835938, 
    "id": "spec-1178-52825-0116-QSOs-101", 
    "F_675_3": 18.239866256713867, 
    "F_737_3": 18.24923324584961, 
    "F_396_3": 18.715126037597656, 
    "F_365_3": 18.585002899169922, 
    "F_613_3": 18.3452091217041, 
    "F_706_3": 18.24022674560547, 
    "F_923_3": 18.161331176757812, 
    "F_458_3": 18.800647735595703, 
    "F_768_3": 18.271381378173828, 
    "Z": 1.012647032737732, 
    "F_799_3": 18.3685359954834, 
    "F_427_3": 18.86043357849121, 
    "F_489_3": 18.640918731689453, 
    "F_954_3": Infinity, 
    "F_830_3": 18.340404510498047, 
    "F_582_3": 18.362455368041992, 
    "F_520_3": 18.61203956604004, 
    "F_892_3": 18.21272087097168
}