{
    "F_644_3": 18.50179100036621, 
    "F_551_3": 18.739891052246094, 
    "F_861_3": 18.42426872253418, 
    "id": "spec-1951-53389-0167-QSOs-101", 
    "F_675_3": 18.446992874145508, 
    "F_737_3": 18.43280601501465, 
    "F_396_3": 18.391948699951172, 
    "F_365_3": 18.597904205322266, 
    "F_613_3": 18.519697189331055, 
    "F_706_3": 18.120864868164062, 
    "F_923_3": 18.481430053710938, 
    "F_458_3": 18.63763427734375, 
    "F_768_3": 18.50478172302246, 
    "Z": 1.5023961067199707, 
    "F_799_3": 18.405921936035156, 
    "F_427_3": 18.748859405517578, 
    "F_489_3": 18.593929290771484, 
    "F_954_3": Infinity, 
    "F_830_3": 18.454025268554688, 
    "F_582_3": 18.628543853759766, 
    "F_520_3": 18.720975875854492, 
    "F_892_3": 18.481184005737305
}