{
    "F_644_3": 21.11438751220703, 
    "F_551_3": 21.493009567260742, 
    "F_861_3": 20.43941307067871, 
    "id": "spec-4719-55736-0062-QSOs-101", 
    "F_675_3": 20.932527542114258, 
    "F_737_3": 20.734582901000977, 
    "F_396_3": 21.94127655029297, 
    "F_365_3": 22.033828735351562, 
    "F_613_3": 21.221168518066406, 
    "F_706_3": 20.604284286499023, 
    "F_923_3": 20.41423225402832, 
    "F_458_3": 21.814029693603516, 
    "F_768_3": 20.737220764160156, 
    "Z": 1.5004898309707642, 
    "F_799_3": 20.527843475341797, 
    "F_427_3": 22.022336959838867, 
    "F_489_3": 21.67380142211914, 
    "F_954_3": 20.411151885986328, 
    "F_830_3": 20.507925033569336, 
    "F_582_3": 21.34814453125, 
    "F_520_3": 21.655141830444336, 
    "F_892_3": 20.499414443969727
}