{
    "F_644_3": 17.677169799804688, 
    "F_551_3": 17.625396728515625, 
    "F_861_3": 17.75519561767578, 
    "id": "spec-2224-53815-0213-QSOs-101", 
    "F_675_3": 17.70415496826172, 
    "F_737_3": 17.778364181518555, 
    "F_396_3": 17.74610137939453, 
    "F_365_3": 17.539409637451172, 
    "F_613_3": 17.742115020751953, 
    "F_706_3": 17.731462478637695, 
    "F_923_3": 17.692285537719727, 
    "F_458_3": 17.86642837524414, 
    "F_768_3": 17.794172286987305, 
    "Z": 1.0128157138824463, 
    "F_799_3": 17.839031219482422, 
    "F_427_3": 17.84348487854004, 
    "F_489_3": 17.782503128051758, 
    "F_954_3": Infinity, 
    "F_830_3": 17.827043533325195, 
    "F_582_3": 17.629514694213867, 
    "F_520_3": 17.750051498413086, 
    "F_892_3": 17.705692291259766
}