{
    "F_644_3": 19.75922966003418, 
    "F_551_3": 19.74323844909668, 
    "F_861_3": 19.82402801513672, 
    "id": "spec-7404-56776-0128-QSOs-101", 
    "F_675_3": 19.783361434936523, 
    "F_737_3": 19.84346580505371, 
    "F_396_3": 20.143505096435547, 
    "F_365_3": 20.180898666381836, 
    "F_613_3": 19.86424446105957, 
    "F_706_3": 19.7984676361084, 
    "F_923_3": 19.663450241088867, 
    "F_458_3": 20.11448860168457, 
    "F_768_3": 19.872793197631836, 
    "Z": 1.0132198333740234, 
    "F_799_3": 19.95480728149414, 
    "F_427_3": 20.185760498046875, 
    "F_489_3": 19.991981506347656, 
    "F_954_3": 19.795801162719727, 
    "F_830_3": 19.87775230407715, 
    "F_582_3": 19.769920349121094, 
    "F_520_3": 19.944059371948242, 
    "F_892_3": 19.829435348510742
}