{
    "F_644_3": 19.58176612854004, 
    "F_551_3": 19.838531494140625, 
    "F_861_3": 19.37967300415039, 
    "id": "spec-3756-55505-0402-QSOs-101", 
    "F_675_3": 19.51541519165039, 
    "F_737_3": 19.439815521240234, 
    "F_396_3": 19.849151611328125, 
    "F_365_3": 20.48513412475586, 
    "F_613_3": 19.577831268310547, 
    "F_706_3": 19.285036087036133, 
    "F_923_3": 19.40933609008789, 
    "F_458_3": 19.813526153564453, 
    "F_768_3": 19.478551864624023, 
    "Z": 1.5023267269134521, 
    "F_799_3": 19.39944076538086, 
    "F_427_3": 19.900779724121094, 
    "F_489_3": 19.716127395629883, 
    "F_954_3": 19.41438865661621, 
    "F_830_3": 19.401716232299805, 
    "F_582_3": 19.686721801757812, 
    "F_520_3": 19.821395874023438, 
    "F_892_3": 19.4454345703125
}