{
    "F_644_3": 18.076372146606445, 
    "F_551_3": 18.120994567871094, 
    "F_861_3": 18.16187858581543, 
    "id": "spec-0632-52071-0256-QSOs-101", 
    "F_675_3": 17.998952865600586, 
    "F_737_3": 18.04620933532715, 
    "F_396_3": 18.221912384033203, 
    "F_365_3": 18.416107177734375, 
    "F_613_3": 18.022104263305664, 
    "F_706_3": 18.032548904418945, 
    "F_923_3": 17.915172576904297, 
    "F_458_3": 18.333993911743164, 
    "F_768_3": 18.074527740478516, 
    "Z": 1.0920484066009521, 
    "F_799_3": 18.106990814208984, 
    "F_427_3": 18.332469940185547, 
    "F_489_3": 18.18796157836914, 
    "F_954_3": Infinity, 
    "F_830_3": 18.148420333862305, 
    "F_582_3": 17.89287757873535, 
    "F_520_3": 18.116222381591797, 
    "F_892_3": 18.082744598388672
}