{
    "F_644_3": 17.964393615722656, 
    "F_551_3": 18.181676864624023, 
    "F_861_3": 17.787307739257812, 
    "id": "spec-0383-51818-0142-QSOs-101", 
    "F_675_3": 17.92937660217285, 
    "F_737_3": 17.900943756103516, 
    "F_396_3": 18.598562240600586, 
    "F_365_3": 18.480817794799805, 
    "F_613_3": 18.058870315551758, 
    "F_706_3": 17.92511558532715, 
    "F_923_3": 17.776620864868164, 
    "F_458_3": 18.5635986328125, 
    "F_768_3": 17.906949996948242, 
    "Z": 1.0185856819152832, 
    "F_799_3": 17.91146469116211, 
    "F_427_3": 18.648181915283203, 
    "F_489_3": 18.40720558166504, 
    "F_954_3": Infinity, 
    "F_830_3": 17.902816772460938, 
    "F_582_3": 18.038217544555664, 
    "F_520_3": 18.325876235961914, 
    "F_892_3": 17.781204223632812
}