{
    "F_644_3": 19.021148681640625, 
    "F_551_3": 19.10651397705078, 
    "F_861_3": 19.092409133911133, 
    "id": "spec-1940-53383-0437-QSOs-101", 
    "F_675_3": 18.938018798828125, 
    "F_737_3": 18.949172973632812, 
    "F_396_3": 19.05352020263672, 
    "F_365_3": 19.214563369750977, 
    "F_613_3": 19.009510040283203, 
    "F_706_3": 18.947538375854492, 
    "F_923_3": 18.93182945251465, 
    "F_458_3": 19.29642105102539, 
    "F_768_3": 18.95801544189453, 
    "Z": 1.092057704925537, 
    "F_799_3": 19.014972686767578, 
    "F_427_3": 19.222867965698242, 
    "F_489_3": 19.181396484375, 
    "F_954_3": Infinity, 
    "F_830_3": 19.06488609313965, 
    "F_582_3": 18.88929557800293, 
    "F_520_3": 19.106298446655273, 
    "F_892_3": 19.099241256713867
}