{
    "F_644_3": 19.565610885620117, 
    "F_551_3": 19.773313522338867, 
    "F_861_3": 19.221446990966797, 
    "id": "spec-0913-52433-0464-QSOs-101", 
    "F_675_3": 19.507516860961914, 
    "F_737_3": 19.440250396728516, 
    "F_396_3": 20.196216583251953, 
    "F_365_3": 20.416114807128906, 
    "F_613_3": 19.620405197143555, 
    "F_706_3": 19.425012588500977, 
    "F_923_3": 18.955995559692383, 
    "F_458_3": 20.180809020996094, 
    "F_768_3": 19.36189079284668, 
    "Z": 1.0910907983779907, 
    "F_799_3": 19.29168128967285, 
    "F_427_3": 20.311861038208008, 
    "F_489_3": 19.95067596435547, 
    "F_954_3": Infinity, 
    "F_830_3": 19.27234649658203, 
    "F_582_3": 19.456459045410156, 
    "F_520_3": 19.801708221435547, 
    "F_892_3": 19.13141632080078
}