{
    "F_644_3": 20.72058868408203, 
    "F_551_3": 21.567031860351562, 
    "F_861_3": 19.60579490661621, 
    "id": "spec-2236-53729-0018-QSOs-101", 
    "F_675_3": 20.433792114257812, 
    "F_737_3": 19.958539962768555, 
    "F_396_3": 22.265811920166016, 
    "F_365_3": 22.617834091186523, 
    "F_613_3": 21.030202865600586, 
    "F_706_3": 20.088186264038086, 
    "F_923_3": 19.3961181640625, 
    "F_458_3": 22.602664947509766, 
    "F_768_3": 19.807863235473633, 
    "Z": 1.0914521217346191, 
    "F_799_3": 19.729473114013672, 
    "F_427_3": 23.215492248535156, 
    "F_489_3": 22.31109619140625, 
    "F_954_3": Infinity, 
    "F_830_3": 19.649654388427734, 
    "F_582_3": 21.416364669799805, 
    "F_520_3": 21.93734359741211, 
    "F_892_3": 19.42288589477539
}