{
    "F_644_3": 20.180330276489258, 
    "F_551_3": 20.06583023071289, 
    "F_861_3": 20.008968353271484, 
    "id": "spec-7101-56659-0356-QSOs-101", 
    "F_675_3": 20.181455612182617, 
    "F_737_3": 20.133087158203125, 
    "F_396_3": 20.60711669921875, 
    "F_365_3": 20.67238998413086, 
    "F_613_3": 20.313167572021484, 
    "F_706_3": 20.200050354003906, 
    "F_923_3": 19.935941696166992, 
    "F_458_3": 20.62295150756836, 
    "F_768_3": 20.119476318359375, 
    "Z": 1.0131077766418457, 
    "F_799_3": 20.12047576904297, 
    "F_427_3": 20.692670822143555, 
    "F_489_3": 20.457426071166992, 
    "F_954_3": 19.78197479248047, 
    "F_830_3": 20.079652786254883, 
    "F_582_3": 20.106887817382812, 
    "F_520_3": 20.36965560913086, 
    "F_892_3": 19.8872127532959
}