{
    "F_644_3": 18.06553077697754, 
    "F_551_3": 18.07286834716797, 
    "F_861_3": 18.036846160888672, 
    "id": "spec-2024-53503-0589-QSOs-101", 
    "F_675_3": 18.065956115722656, 
    "F_737_3": 18.05333709716797, 
    "F_396_3": 18.205053329467773, 
    "F_365_3": 18.07210922241211, 
    "F_613_3": 18.106666564941406, 
    "F_706_3": 18.064002990722656, 
    "F_923_3": 18.018823623657227, 
    "F_458_3": 18.223491668701172, 
    "F_768_3": 18.054540634155273, 
    "Z": 1.0113228559494019, 
    "F_799_3": 18.081605911254883, 
    "F_427_3": 18.22709083557129, 
    "F_489_3": 18.15555763244629, 
    "F_954_3": Infinity, 
    "F_830_3": 18.07645606994629, 
    "F_582_3": 18.078388214111328, 
    "F_520_3": 18.1496524810791, 
    "F_892_3": 18.045394897460938
}