{
    "F_644_3": 22.269243240356445, 
    "F_551_3": 22.160663604736328, 
    "F_861_3": 21.682880401611328, 
    "id": "spec-6780-56605-0255-QSOs-101", 
    "F_675_3": 22.198009490966797, 
    "F_737_3": 22.035503387451172, 
    "F_396_3": 22.92069435119629, 
    "F_365_3": 22.352022171020508, 
    "F_613_3": 22.320693969726562, 
    "F_706_3": 22.271150588989258, 
    "F_923_3": 21.340726852416992, 
    "F_458_3": 22.970827102661133, 
    "F_768_3": 21.850330352783203, 
    "Z": 1.0118299722671509, 
    "F_799_3": 21.911542892456055, 
    "F_427_3": 23.19847297668457, 
    "F_489_3": 22.702241897583008, 
    "F_954_3": 20.644742965698242, 
    "F_830_3": 21.687379837036133, 
    "F_582_3": 22.215898513793945, 
    "F_520_3": 22.650415420532227, 
    "F_892_3": 21.390357971191406
}