{
    "F_644_3": 21.60651969909668, 
    "F_551_3": 21.69620132446289, 
    "F_861_3": 21.00689125061035, 
    "id": "spec-6801-56487-0260-QSOs-101", 
    "F_675_3": 21.47586441040039, 
    "F_737_3": 21.462291717529297, 
    "F_396_3": 21.69741439819336, 
    "F_365_3": 21.533000946044922, 
    "F_613_3": 21.516422271728516, 
    "F_706_3": 21.4140567779541, 
    "F_923_3": 20.75789451599121, 
    "F_458_3": 21.9548282623291, 
    "F_768_3": 21.326656341552734, 
    "Z": 1.0923895835876465, 
    "F_799_3": 21.17345428466797, 
    "F_427_3": 21.913837432861328, 
    "F_489_3": 21.824560165405273, 
    "F_954_3": 20.378976821899414, 
    "F_830_3": 21.035558700561523, 
    "F_582_3": 21.41682243347168, 
    "F_520_3": 21.70992660522461, 
    "F_892_3": 20.891494750976562
}