{
    "F_644_3": 18.372766494750977, 
    "F_551_3": 18.43754768371582, 
    "F_861_3": 18.292394638061523, 
    "id": "spec-0490-51929-0044-QSOs-101", 
    "F_675_3": 18.366958618164062, 
    "F_737_3": 18.356359481811523, 
    "F_396_3": 18.57350730895996, 
    "F_365_3": 18.187341690063477, 
    "F_613_3": 18.45635414123535, 
    "F_706_3": 18.36508560180664, 
    "F_923_3": 18.191028594970703, 
    "F_458_3": 18.735553741455078, 
    "F_768_3": 18.37030601501465, 
    "Z": 1.0119683742523193, 
    "F_799_3": 18.41893196105957, 
    "F_427_3": 18.74726676940918, 
    "F_489_3": 18.599788665771484, 
    "F_954_3": Infinity, 
    "F_830_3": 18.365171432495117, 
    "F_582_3": 18.414344787597656, 
    "F_520_3": 18.617782592773438, 
    "F_892_3": 18.271821975708008
}