{
    "F_644_3": 20.898088455200195, 
    "F_551_3": 21.07973861694336, 
    "F_861_3": 20.496870040893555, 
    "id": "spec-2001-53493-0419-QSOs-101", 
    "F_675_3": 20.74704933166504, 
    "F_737_3": 20.782323837280273, 
    "F_396_3": 21.215015411376953, 
    "F_365_3": 21.21094512939453, 
    "F_613_3": 20.764080047607422, 
    "F_706_3": 20.779401779174805, 
    "F_923_3": 20.120384216308594, 
    "F_458_3": 21.50501251220703, 
    "F_768_3": 20.677370071411133, 
    "Z": 1.0907806158065796, 
    "F_799_3": 20.69935417175293, 
    "F_427_3": 21.52996063232422, 
    "F_489_3": 21.216819763183594, 
    "F_954_3": Infinity, 
    "F_830_3": 20.665124893188477, 
    "F_582_3": 20.6396541595459, 
    "F_520_3": 21.107345581054688, 
    "F_892_3": 20.30361557006836
}