{
    "F_644_3": 20.9794979095459, 
    "F_551_3": 20.838544845581055, 
    "F_861_3": 20.77189064025879, 
    "id": "spec-2961-54550-0511-QSOs-101", 
    "F_675_3": 20.918134689331055, 
    "F_737_3": 20.957229614257812, 
    "F_396_3": 21.62618637084961, 
    "F_365_3": 21.534854888916016, 
    "F_613_3": 21.110666275024414, 
    "F_706_3": 20.970298767089844, 
    "F_923_3": 20.789106369018555, 
    "F_458_3": 21.446914672851562, 
    "F_768_3": 20.946001052856445, 
    "Z": 1.0108672380447388, 
    "F_799_3": 20.917373657226562, 
    "F_427_3": 21.62162208557129, 
    "F_489_3": 21.2613468170166, 
    "F_954_3": Infinity, 
    "F_830_3": 20.900455474853516, 
    "F_582_3": 20.906953811645508, 
    "F_520_3": 21.209171295166016, 
    "F_892_3": 20.779624938964844
}