{
    "F_644_3": 17.721677780151367, 
    "F_551_3": 17.828479766845703, 
    "F_861_3": 17.53577423095703, 
    "id": "spec-4635-55615-0136-QSOs-101", 
    "F_675_3": 17.69872283935547, 
    "F_737_3": 17.672119140625, 
    "F_396_3": 18.35246467590332, 
    "F_365_3": 18.561063766479492, 
    "F_613_3": 17.80547523498535, 
    "F_706_3": 17.680631637573242, 
    "F_923_3": 17.47549057006836, 
    "F_458_3": 18.15880584716797, 
    "F_768_3": 17.636777877807617, 
    "Z": 1.0104774236679077, 
    "F_799_3": 17.62490463256836, 
    "F_427_3": 18.25420570373535, 
    "F_489_3": 17.9963436126709, 
    "F_954_3": 17.523462295532227, 
    "F_830_3": 17.600921630859375, 
    "F_582_3": 17.7794132232666, 
    "F_520_3": 17.932260513305664, 
    "F_892_3": 17.516029357910156
}