{
    "F_644_3": 21.780391693115234, 
    "F_551_3": 21.67996597290039, 
    "F_861_3": 21.838600158691406, 
    "id": "spec-4558-55569-0287-QSOs-101", 
    "F_675_3": 21.830886840820312, 
    "F_737_3": 21.875789642333984, 
    "F_396_3": 21.913488388061523, 
    "F_365_3": 21.726118087768555, 
    "F_613_3": 21.86936378479004, 
    "F_706_3": 21.879743576049805, 
    "F_923_3": 21.662551879882812, 
    "F_458_3": 22.03961181640625, 
    "F_768_3": 21.779945373535156, 
    "Z": 1.0135986804962158, 
    "F_799_3": 21.931764602661133, 
    "F_427_3": 22.05284881591797, 
    "F_489_3": 21.926727294921875, 
    "F_954_3": 21.34274673461914, 
    "F_830_3": 21.874189376831055, 
    "F_582_3": 21.793672561645508, 
    "F_520_3": 21.933856964111328, 
    "F_892_3": 21.71197509765625
}