{
    "F_644_3": 19.028846740722656, 
    "F_551_3": 19.359582901000977, 
    "F_861_3": 18.72770118713379, 
    "id": "spec-1399-53172-0206-QSOs-101", 
    "F_675_3": 18.944046020507812, 
    "F_737_3": 18.888137817382812, 
    "F_396_3": 19.39270782470703, 
    "F_365_3": 19.57867431640625, 
    "F_613_3": 19.069904327392578, 
    "F_706_3": 18.748092651367188, 
    "F_923_3": 18.798316955566406, 
    "F_458_3": 19.445161819458008, 
    "F_768_3": 18.904611587524414, 
    "Z": 1.503821849822998, 
    "F_799_3": 18.81243324279785, 
    "F_427_3": 19.542579650878906, 
    "F_489_3": 19.302753448486328, 
    "F_954_3": Infinity, 
    "F_830_3": 18.78028678894043, 
    "F_582_3": 19.18474769592285, 
    "F_520_3": 19.34895896911621, 
    "F_892_3": 18.7322940826416
}