{
    "F_644_3": 21.425567626953125, 
    "F_551_3": 21.579029083251953, 
    "F_861_3": 20.693754196166992, 
    "id": "spec-7316-56710-0478-QSOs-101", 
    "F_675_3": 21.314268112182617, 
    "F_737_3": 21.073476791381836, 
    "F_396_3": 22.327348709106445, 
    "F_365_3": 22.169227600097656, 
    "F_613_3": 21.622777938842773, 
    "F_706_3": 21.221242904663086, 
    "F_923_3": 20.473827362060547, 
    "F_458_3": 22.267208099365234, 
    "F_768_3": 21.046884536743164, 
    "Z": 1.0136528015136719, 
    "F_799_3": 20.954275131225586, 
    "F_427_3": 22.419370651245117, 
    "F_489_3": 22.15430450439453, 
    "F_954_3": 20.20490837097168, 
    "F_830_3": 20.80238151550293, 
    "F_582_3": 21.595741271972656, 
    "F_520_3": 21.980255126953125, 
    "F_892_3": 20.585887908935547
}