{
    "F_644_3": 19.937973022460938, 
    "F_551_3": 20.021820068359375, 
    "F_861_3": 19.676877975463867, 
    "id": "spec-3933-55335-0746-QSOs-101", 
    "F_675_3": 19.896005630493164, 
    "F_737_3": 19.832534790039062, 
    "F_396_3": 20.773048400878906, 
    "F_365_3": 20.75724220275879, 
    "F_613_3": 20.085674285888672, 
    "F_706_3": 19.874300003051758, 
    "F_923_3": 19.54292869567871, 
    "F_458_3": 20.655445098876953, 
    "F_768_3": 19.79056167602539, 
    "Z": 1.0131553411483765, 
    "F_799_3": 19.828039169311523, 
    "F_427_3": 20.795169830322266, 
    "F_489_3": 20.412059783935547, 
    "F_954_3": 19.68752670288086, 
    "F_830_3": 19.790172576904297, 
    "F_582_3": 20.00140953063965, 
    "F_520_3": 20.285493850708008, 
    "F_892_3": 19.6507568359375
}