{
    "F_644_3": 18.234973907470703, 
    "F_551_3": 18.332754135131836, 
    "F_861_3": 18.246484756469727, 
    "id": "spec-7103-56661-0746-QSOs-101", 
    "F_675_3": 18.210844039916992, 
    "F_737_3": 18.201082229614258, 
    "F_396_3": 17.962135314941406, 
    "F_365_3": 18.22005844116211, 
    "F_613_3": 18.22633934020996, 
    "F_706_3": 18.04930305480957, 
    "F_923_3": 18.30455780029297, 
    "F_458_3": 18.18212127685547, 
    "F_768_3": 18.268774032592773, 
    "Z": 1.5023647546768188, 
    "F_799_3": 18.21738624572754, 
    "F_427_3": 18.215927124023438, 
    "F_489_3": 18.152992248535156, 
    "F_954_3": 18.320405960083008, 
    "F_830_3": 18.25067138671875, 
    "F_582_3": 18.247840881347656, 
    "F_520_3": 18.2846736907959, 
    "F_892_3": 18.28899383544922
}