{
    "F_644_3": 19.12908172607422, 
    "F_551_3": 18.996139526367188, 
    "F_861_3": 19.32984161376953, 
    "id": "spec-1396-53112-0098-QSOs-101", 
    "F_675_3": 19.166183471679688, 
    "F_737_3": 19.231725692749023, 
    "F_396_3": 19.333829879760742, 
    "F_365_3": 19.113317489624023, 
    "F_613_3": 19.20791244506836, 
    "F_706_3": 19.18191146850586, 
    "F_923_3": 19.305912017822266, 
    "F_458_3": 19.385866165161133, 
    "F_768_3": 19.23882484436035, 
    "Z": 1.0125380754470825, 
    "F_799_3": 19.35105323791504, 
    "F_427_3": 19.449047088623047, 
    "F_489_3": 19.247610092163086, 
    "F_954_3": Infinity, 
    "F_830_3": 19.340770721435547, 
    "F_582_3": 18.999990463256836, 
    "F_520_3": 19.19591522216797, 
    "F_892_3": 19.20870590209961
}