{
    "F_644_3": 21.362747192382812, 
    "F_551_3": 21.140613555908203, 
    "F_861_3": 21.15935707092285, 
    "id": "spec-6183-56210-0090-QSOs-101", 
    "F_675_3": 21.237892150878906, 
    "F_737_3": 21.10860824584961, 
    "F_396_3": 21.976558685302734, 
    "F_365_3": 21.757654190063477, 
    "F_613_3": 21.397436141967773, 
    "F_706_3": 21.212797164916992, 
    "F_923_3": 21.190855026245117, 
    "F_458_3": 21.853857040405273, 
    "F_768_3": 21.15397834777832, 
    "Z": 1.0117305517196655, 
    "F_799_3": 21.288854598999023, 
    "F_427_3": 22.09443473815918, 
    "F_489_3": 21.533117294311523, 
    "F_954_3": 21.033565521240234, 
    "F_830_3": 21.28105926513672, 
    "F_582_3": 21.300533294677734, 
    "F_520_3": 21.49374771118164, 
    "F_892_3": 21.14565658569336
}