{
    "F_644_3": 19.364608764648438, 
    "F_551_3": 19.420129776000977, 
    "F_861_3": 19.472148895263672, 
    "id": "spec-0815-52374-0496-QSOs-101", 
    "F_675_3": 19.31513786315918, 
    "F_737_3": 19.357879638671875, 
    "F_396_3": 19.036136627197266, 
    "F_365_3": 19.069129943847656, 
    "F_613_3": 19.330402374267578, 
    "F_706_3": 19.116920471191406, 
    "F_923_3": 19.729806900024414, 
    "F_458_3": 19.276599884033203, 
    "F_768_3": 19.426393508911133, 
    "Z": 1.5041342973709106, 
    "F_799_3": 19.38176727294922, 
    "F_427_3": 19.280517578125, 
    "F_489_3": 19.22916603088379, 
    "F_954_3": Infinity, 
    "F_830_3": 19.471500396728516, 
    "F_582_3": 19.39812660217285, 
    "F_520_3": 19.360387802124023, 
    "F_892_3": 19.558115005493164
}