{
    "F_644_3": 20.045923233032227, 
    "F_551_3": 20.047771453857422, 
    "F_861_3": 19.875669479370117, 
    "id": "spec-1068-52614-0472-QSOs-101", 
    "F_675_3": 19.99304962158203, 
    "F_737_3": 19.88895606994629, 
    "F_396_3": 20.56516456604004, 
    "F_365_3": 20.54296112060547, 
    "F_613_3": 20.15212631225586, 
    "F_706_3": 19.937204360961914, 
    "F_923_3": 19.99662971496582, 
    "F_458_3": 20.51102638244629, 
    "F_768_3": 19.90195655822754, 
    "Z": 1.01301109790802, 
    "F_799_3": 19.860700607299805, 
    "F_427_3": 20.608245849609375, 
    "F_489_3": 20.359704971313477, 
    "F_954_3": Infinity, 
    "F_830_3": 19.87272071838379, 
    "F_582_3": 20.0211124420166, 
    "F_520_3": 20.26481056213379, 
    "F_892_3": 19.78904914855957
}