{
    "F_644_3": 18.664403915405273, 
    "F_551_3": 18.74224853515625, 
    "F_861_3": 18.552812576293945, 
    "id": "spec-2243-53794-0434-QSOs-101", 
    "F_675_3": 18.653871536254883, 
    "F_737_3": 18.657901763916016, 
    "F_396_3": 19.300966262817383, 
    "F_365_3": 19.04245376586914, 
    "F_613_3": 18.779373168945312, 
    "F_706_3": 18.637928009033203, 
    "F_923_3": 18.409393310546875, 
    "F_458_3": 19.21544647216797, 
    "F_768_3": 18.64435386657715, 
    "Z": 1.0112615823745728, 
    "F_799_3": 18.66452980041504, 
    "F_427_3": 19.343347549438477, 
    "F_489_3": 19.039297103881836, 
    "F_954_3": Infinity, 
    "F_830_3": 18.632478713989258, 
    "F_582_3": 18.727066040039062, 
    "F_520_3": 18.976985931396484, 
    "F_892_3": 18.546239852905273
}