{
    "F_644_3": 20.300352096557617, 
    "F_551_3": 20.194093704223633, 
    "F_861_3": 20.372455596923828, 
    "id": "spec-6418-56354-0970-QSOs-101", 
    "F_675_3": 20.33739471435547, 
    "F_737_3": 20.378719329833984, 
    "F_396_3": 20.40963363647461, 
    "F_365_3": 20.420299530029297, 
    "F_613_3": 20.327207565307617, 
    "F_706_3": 20.352060317993164, 
    "F_923_3": 20.299165725708008, 
    "F_458_3": 20.474227905273438, 
    "F_768_3": 20.392337799072266, 
    "Z": 1.012726068496704, 
    "F_799_3": 20.47050666809082, 
    "F_427_3": 20.470905303955078, 
    "F_489_3": 20.391010284423828, 
    "F_954_3": 20.45941925048828, 
    "F_830_3": 20.472412109375, 
    "F_582_3": 20.280683517456055, 
    "F_520_3": 20.402254104614258, 
    "F_892_3": 20.34648323059082
}