{
    "F_644_3": 16.911678314208984, 
    "F_551_3": 16.957368850708008, 
    "F_861_3": 16.878650665283203, 
    "id": "spec-0431-51877-0580-QSOs-101", 
    "F_675_3": 16.89999008178711, 
    "F_737_3": 16.92361831665039, 
    "F_396_3": 17.156841278076172, 
    "F_365_3": 16.980501174926758, 
    "F_613_3": 16.971691131591797, 
    "F_706_3": 16.91380500793457, 
    "F_923_3": 16.81087875366211, 
    "F_458_3": 17.230350494384766, 
    "F_768_3": 16.90749168395996, 
    "Z": 1.019625186920166, 
    "F_799_3": 16.942588806152344, 
    "F_427_3": 17.248775482177734, 
    "F_489_3": 17.119895935058594, 
    "F_954_3": Infinity, 
    "F_830_3": 16.934762954711914, 
    "F_582_3": 16.90376091003418, 
    "F_520_3": 17.076984405517578, 
    "F_892_3": 16.84100914001465
}