{
    "F_644_3": 20.88225746154785, 
    "F_551_3": 20.72955894470215, 
    "F_861_3": 20.471420288085938, 
    "id": "spec-4724-55742-0650-QSOs-101", 
    "F_675_3": 20.821941375732422, 
    "F_737_3": 20.7390079498291, 
    "F_396_3": 21.65349578857422, 
    "F_365_3": 21.771379470825195, 
    "F_613_3": 20.944278717041016, 
    "F_706_3": 20.80802345275879, 
    "F_923_3": 20.26620864868164, 
    "F_458_3": 21.416860580444336, 
    "F_768_3": 20.695491790771484, 
    "Z": 1.0121128559112549, 
    "F_799_3": 20.652299880981445, 
    "F_427_3": 21.64862632751465, 
    "F_489_3": 21.185810089111328, 
    "F_954_3": 20.248065948486328, 
    "F_830_3": 20.552757263183594, 
    "F_582_3": 20.76192283630371, 
    "F_520_3": 21.089927673339844, 
    "F_892_3": 20.383033752441406
}