{
    "F_644_3": 19.278440475463867, 
    "F_551_3": 19.627588272094727, 
    "F_861_3": 19.102468490600586, 
    "id": "spec-1617-53112-0631-QSOs-101", 
    "F_675_3": 19.204010009765625, 
    "F_737_3": 19.127708435058594, 
    "F_396_3": 20.000696182250977, 
    "F_365_3": 20.585790634155273, 
    "F_613_3": 19.321361541748047, 
    "F_706_3": 18.982341766357422, 
    "F_923_3": 19.153165817260742, 
    "F_458_3": 19.799022674560547, 
    "F_768_3": 19.17643165588379, 
    "Z": 1.5058302879333496, 
    "F_799_3": 19.061054229736328, 
    "F_427_3": 19.971017837524414, 
    "F_489_3": 19.630615234375, 
    "F_954_3": Infinity, 
    "F_830_3": 19.080974578857422, 
    "F_582_3": 19.482738494873047, 
    "F_520_3": 19.679235458374023, 
    "F_892_3": 19.13979148864746
}