{
    "F_644_3": 21.954008102416992, 
    "F_551_3": 21.893482208251953, 
    "F_861_3": 21.509044647216797, 
    "id": "spec-7028-56449-0947-QSOs-101", 
    "F_675_3": 21.94294548034668, 
    "F_737_3": 21.78766632080078, 
    "F_396_3": 22.230871200561523, 
    "F_365_3": 21.973787307739258, 
    "F_613_3": 22.01053810119629, 
    "F_706_3": 21.927703857421875, 
    "F_923_3": 21.420106887817383, 
    "F_458_3": 22.425323486328125, 
    "F_768_3": 21.709062576293945, 
    "Z": 1.0101230144500732, 
    "F_799_3": 21.62517738342285, 
    "F_427_3": 22.469905853271484, 
    "F_489_3": 22.31696128845215, 
    "F_954_3": 21.070846557617188, 
    "F_830_3": 21.56525421142578, 
    "F_582_3": 21.967212677001953, 
    "F_520_3": 22.288415908813477, 
    "F_892_3": 21.43067169189453
}