{
    "F_644_3": 19.20426368713379, 
    "F_551_3": 19.165294647216797, 
    "F_861_3": 19.088611602783203, 
    "id": "spec-7420-56753-0728-QSOs-101", 
    "F_675_3": 19.21382713317871, 
    "F_737_3": 19.21294403076172, 
    "F_396_3": 19.575029373168945, 
    "F_365_3": 19.592844009399414, 
    "F_613_3": 19.31376075744629, 
    "F_706_3": 19.207054138183594, 
    "F_923_3": 19.01235008239746, 
    "F_458_3": 19.53684425354004, 
    "F_768_3": 19.228330612182617, 
    "Z": 1.0101715326309204, 
    "F_799_3": 19.2565860748291, 
    "F_427_3": 19.632362365722656, 
    "F_489_3": 19.36086654663086, 
    "F_954_3": 19.136676788330078, 
    "F_830_3": 19.222646713256836, 
    "F_582_3": 19.231121063232422, 
    "F_520_3": 19.357877731323242, 
    "F_892_3": 19.091096878051758
}