{
    "F_644_3": 19.34538459777832, 
    "F_551_3": 19.28197479248047, 
    "F_861_3": 19.310657501220703, 
    "id": "spec-7315-56685-0087-QSOs-101", 
    "F_675_3": 19.34528160095215, 
    "F_737_3": 19.46449089050293, 
    "F_396_3": 19.759538650512695, 
    "F_365_3": 19.894792556762695, 
    "F_613_3": 19.42340660095215, 
    "F_706_3": 19.391740798950195, 
    "F_923_3": 19.17191505432129, 
    "F_458_3": 19.678552627563477, 
    "F_768_3": 19.424339294433594, 
    "Z": 1.011278510093689, 
    "F_799_3": 19.44038963317871, 
    "F_427_3": 19.725692749023438, 
    "F_489_3": 19.49080467224121, 
    "F_954_3": 19.32236671447754, 
    "F_830_3": 19.40399169921875, 
    "F_582_3": 19.347354888916016, 
    "F_520_3": 19.48548698425293, 
    "F_892_3": 19.299898147583008
}