{
    "F_644_3": 18.31026840209961, 
    "F_551_3": 18.339771270751953, 
    "F_861_3": 18.25653648376465, 
    "id": "spec-0758-52253-0610-QSOs-101", 
    "F_675_3": 18.27200698852539, 
    "F_737_3": 18.217891693115234, 
    "F_396_3": 18.884008407592773, 
    "F_365_3": 18.593812942504883, 
    "F_613_3": 18.401121139526367, 
    "F_706_3": 18.248483657836914, 
    "F_923_3": 18.263212203979492, 
    "F_458_3": 18.796201705932617, 
    "F_768_3": 18.238845825195312, 
    "Z": 1.012168049812317, 
    "F_799_3": 18.26898193359375, 
    "F_427_3": 18.912567138671875, 
    "F_489_3": 18.64624786376953, 
    "F_954_3": Infinity, 
    "F_830_3": 18.27522850036621, 
    "F_582_3": 18.299922943115234, 
    "F_520_3": 18.572622299194336, 
    "F_892_3": 18.2115478515625
}