{
    "F_644_3": 18.81528091430664, 
    "F_551_3": 18.70575523376465, 
    "F_861_3": 18.956134796142578, 
    "id": "spec-1216-52709-0322-QSOs-101", 
    "F_675_3": 18.84418487548828, 
    "F_737_3": 18.846912384033203, 
    "F_396_3": 19.18867301940918, 
    "F_365_3": 18.927555084228516, 
    "F_613_3": 18.917198181152344, 
    "F_706_3": 18.840946197509766, 
    "F_923_3": 18.857166290283203, 
    "F_458_3": 19.117074966430664, 
    "F_768_3": 18.9134521484375, 
    "Z": 1.012002944946289, 
    "F_799_3": 19.05379867553711, 
    "F_427_3": 19.167421340942383, 
    "F_489_3": 18.946725845336914, 
    "F_954_3": Infinity, 
    "F_830_3": 19.040374755859375, 
    "F_582_3": 18.783363342285156, 
    "F_520_3": 18.921255111694336, 
    "F_892_3": 18.97049903869629
}