{
    "F_644_3": 19.004676818847656, 
    "F_551_3": 19.161561965942383, 
    "F_861_3": 18.890026092529297, 
    "id": "spec-0734-52224-0160-QSOs-101", 
    "F_675_3": 18.88804817199707, 
    "F_737_3": 18.85808753967285, 
    "F_396_3": 19.388477325439453, 
    "F_365_3": 19.737356185913086, 
    "F_613_3": 18.996623992919922, 
    "F_706_3": 18.86669921875, 
    "F_923_3": 18.553974151611328, 
    "F_458_3": 19.4970703125, 
    "F_768_3": 18.825904846191406, 
    "Z": 1.0964454412460327, 
    "F_799_3": 18.83221435546875, 
    "F_427_3": 19.50334358215332, 
    "F_489_3": 19.317867279052734, 
    "F_954_3": Infinity, 
    "F_830_3": 18.851459503173828, 
    "F_582_3": 18.97395896911621, 
    "F_520_3": 19.2044734954834, 
    "F_892_3": 18.81610107421875
}