{
    "F_644_3": 21.058382034301758, 
    "F_551_3": 20.94646453857422, 
    "F_861_3": 20.916534423828125, 
    "id": "spec-5429-55979-0613-QSOs-101", 
    "F_675_3": 21.07678985595703, 
    "F_737_3": 20.945592880249023, 
    "F_396_3": 21.527355194091797, 
    "F_365_3": 21.328126907348633, 
    "F_613_3": 21.120424270629883, 
    "F_706_3": 21.07027816772461, 
    "F_923_3": 20.80600357055664, 
    "F_458_3": 21.509288787841797, 
    "F_768_3": 20.99005126953125, 
    "Z": 1.0106229782104492, 
    "F_799_3": 20.985506057739258, 
    "F_427_3": 21.601119995117188, 
    "F_489_3": 21.3358154296875, 
    "F_954_3": 20.827619552612305, 
    "F_830_3": 20.95452880859375, 
    "F_582_3": 21.00823402404785, 
    "F_520_3": 21.309734344482422, 
    "F_892_3": 20.926227569580078
}