{
    "F_644_3": 18.30608367919922, 
    "F_551_3": 18.313674926757812, 
    "F_861_3": 18.32953643798828, 
    "id": "spec-2440-53818-0200-QSOs-101", 
    "F_675_3": 18.274444580078125, 
    "F_737_3": 18.28191375732422, 
    "F_396_3": 18.658811569213867, 
    "F_365_3": 18.5618953704834, 
    "F_613_3": 18.383506774902344, 
    "F_706_3": 18.280502319335938, 
    "F_923_3": 18.322898864746094, 
    "F_458_3": 18.698795318603516, 
    "F_768_3": 18.30109977722168, 
    "Z": 1.0134003162384033, 
    "F_799_3": 18.367109298706055, 
    "F_427_3": 18.718496322631836, 
    "F_489_3": 18.573278427124023, 
    "F_954_3": Infinity, 
    "F_830_3": 18.37021255493164, 
    "F_582_3": 18.29821014404297, 
    "F_520_3": 18.481515884399414, 
    "F_892_3": 18.300273895263672
}