{
    "F_644_3": 19.733272552490234, 
    "F_551_3": 19.738845825195312, 
    "F_861_3": 19.702205657958984, 
    "id": "spec-6463-56340-0528-QSOs-101", 
    "F_675_3": 19.724855422973633, 
    "F_737_3": 19.768558502197266, 
    "F_396_3": 20.166370391845703, 
    "F_365_3": 20.333396911621094, 
    "F_613_3": 19.780176162719727, 
    "F_706_3": 19.75312614440918, 
    "F_923_3": 19.60540008544922, 
    "F_458_3": 20.09772300720215, 
    "F_768_3": 19.7576961517334, 
    "Z": 1.011283040046692, 
    "F_799_3": 19.82546615600586, 
    "F_427_3": 20.198789596557617, 
    "F_489_3": 19.973007202148438, 
    "F_954_3": 19.73915672302246, 
    "F_830_3": 19.80894660949707, 
    "F_582_3": 19.7551212310791, 
    "F_520_3": 19.94866371154785, 
    "F_892_3": 19.71235466003418
}