{
    "F_644_3": 19.38945960998535, 
    "F_551_3": 19.600448608398438, 
    "F_861_3": 19.350723266601562, 
    "id": "spec-1462-53112-0512-QSOs-101", 
    "F_675_3": 19.30731964111328, 
    "F_737_3": 19.278827667236328, 
    "F_396_3": 19.415966033935547, 
    "F_365_3": 19.445268630981445, 
    "F_613_3": 19.422292709350586, 
    "F_706_3": 19.043415069580078, 
    "F_923_3": 19.23064422607422, 
    "F_458_3": 19.51768684387207, 
    "F_768_3": 19.39031219482422, 
    "Z": 1.5048514604568481, 
    "F_799_3": 19.276588439941406, 
    "F_427_3": 19.60782241821289, 
    "F_489_3": 19.46367073059082, 
    "F_954_3": Infinity, 
    "F_830_3": 19.34095001220703, 
    "F_582_3": 19.510051727294922, 
    "F_520_3": 19.537031173706055, 
    "F_892_3": 19.388036727905273
}