{
    "F_644_3": 18.782812118530273, 
    "F_551_3": 18.84767723083496, 
    "F_861_3": 18.801433563232422, 
    "id": "spec-0455-51909-0366-QSOs-101", 
    "F_675_3": 18.786157608032227, 
    "F_737_3": 18.82535743713379, 
    "F_396_3": 19.032176971435547, 
    "F_365_3": 18.767724990844727, 
    "F_613_3": 18.827465057373047, 
    "F_706_3": 18.810558319091797, 
    "F_923_3": 18.72555923461914, 
    "F_458_3": 19.111536026000977, 
    "F_768_3": 18.806970596313477, 
    "Z": 1.0201244354248047, 
    "F_799_3": 18.88459014892578, 
    "F_427_3": 19.123132705688477, 
    "F_489_3": 18.991029739379883, 
    "F_954_3": 19.115514755249023, 
    "F_830_3": 18.88878631591797, 
    "F_582_3": 18.73361587524414, 
    "F_520_3": 18.9605712890625, 
    "F_892_3": 18.715229034423828
}