{
    "F_644_3": 20.518627166748047, 
    "F_551_3": 20.938636779785156, 
    "F_861_3": 20.06281089782715, 
    "id": "spec-1492-52932-0483-QSOs-101", 
    "F_675_3": 20.4301815032959, 
    "F_737_3": 20.39099884033203, 
    "F_396_3": 20.62517547607422, 
    "F_365_3": 20.435087203979492, 
    "F_613_3": 20.621320724487305, 
    "F_706_3": 20.204280853271484, 
    "F_923_3": 19.840999603271484, 
    "F_458_3": 20.898456573486328, 
    "F_768_3": 20.33331298828125, 
    "Z": 1.5032626390457153, 
    "F_799_3": 20.24089813232422, 
    "F_427_3": 20.93895721435547, 
    "F_489_3": 20.83333969116211, 
    "F_954_3": Infinity, 
    "F_830_3": 20.200368881225586, 
    "F_582_3": 20.704975128173828, 
    "F_520_3": 20.881771087646484, 
    "F_892_3": 20.114643096923828
}