{
    "F_644_3": 18.52082061767578, 
    "F_551_3": 18.686115264892578, 
    "F_861_3": Infinity, 
    "id": "spec-1370-53090-0027-QSOs-101", 
    "F_675_3": 18.491836547851562, 
    "F_737_3": 18.45172882080078, 
    "F_396_3": 18.31659698486328, 
    "F_365_3": 18.295665740966797, 
    "F_613_3": 18.540538787841797, 
    "F_706_3": 18.32109260559082, 
    "F_923_3": 18.582393646240234, 
    "F_458_3": 18.523151397705078, 
    "F_768_3": 18.52400779724121, 
    "Z": 1.5031291246414185, 
    "F_799_3": 18.456520080566406, 
    "F_427_3": 18.527881622314453, 
    "F_489_3": 18.519866943359375, 
    "F_954_3": Infinity, 
    "F_830_3": 18.488584518432617, 
    "F_582_3": 18.61502456665039, 
    "F_520_3": 18.600067138671875, 
    "F_892_3": 18.5452938079834
}