{
    "F_644_3": 18.71013069152832, 
    "F_551_3": 18.732519149780273, 
    "F_861_3": 18.644407272338867, 
    "id": "spec-2236-53729-0366-QSOs-101", 
    "F_675_3": 18.72814178466797, 
    "F_737_3": 18.76695442199707, 
    "F_396_3": 19.23133087158203, 
    "F_365_3": 18.99735450744629, 
    "F_613_3": 18.804616928100586, 
    "F_706_3": 18.751970291137695, 
    "F_923_3": 18.65147590637207, 
    "F_458_3": 19.1944522857666, 
    "F_768_3": 18.786731719970703, 
    "Z": 1.0134735107421875, 
    "F_799_3": 18.85407257080078, 
    "F_427_3": 19.30253791809082, 
    "F_489_3": 19.003080368041992, 
    "F_954_3": Infinity, 
    "F_830_3": 18.836950302124023, 
    "F_582_3": 18.70327377319336, 
    "F_520_3": 18.92786979675293, 
    "F_892_3": 18.636024475097656
}