{
    "F_644_3": Infinity, 
    "F_551_3": 19.218679428100586, 
    "F_861_3": Infinity, 
    "id": "spec-1000-52643-0103-QSOs-101", 
    "F_675_3": Infinity, 
    "F_737_3": Infinity, 
    "F_396_3": 19.172225952148438, 
    "F_365_3": 19.191225051879883, 
    "F_613_3": 19.032611846923828, 
    "F_706_3": Infinity, 
    "F_923_3": Infinity, 
    "F_458_3": 19.269805908203125, 
    "F_768_3": Infinity, 
    "Z": 1.503162145614624, 
    "F_799_3": Infinity, 
    "F_427_3": 19.372764587402344, 
    "F_489_3": 19.172178268432617, 
    "F_954_3": Infinity, 
    "F_830_3": Infinity, 
    "F_582_3": 19.076677322387695, 
    "F_520_3": 19.268346786499023, 
    "F_892_3": Infinity
}