{
    "F_644_3": 18.1696720123291, 
    "F_551_3": 18.2038631439209, 
    "F_861_3": 18.132444381713867, 
    "id": "spec-1720-53854-0088-QSOs-101", 
    "F_675_3": 18.1557674407959, 
    "F_737_3": 18.175594329833984, 
    "F_396_3": 18.547786712646484, 
    "F_365_3": 18.279094696044922, 
    "F_613_3": 18.253976821899414, 
    "F_706_3": 18.162538528442383, 
    "F_923_3": 18.026493072509766, 
    "F_458_3": 18.600828170776367, 
    "F_768_3": 18.19820785522461, 
    "Z": 1.012900710105896, 
    "F_799_3": 18.262845993041992, 
    "F_427_3": 18.644763946533203, 
    "F_489_3": 18.438261032104492, 
    "F_954_3": Infinity, 
    "F_830_3": 18.236331939697266, 
    "F_582_3": 18.15777587890625, 
    "F_520_3": 18.3907527923584, 
    "F_892_3": 18.1069278717041
}