{
    "F_644_3": 18.6320858001709, 
    "F_551_3": 18.673051834106445, 
    "F_861_3": 18.58720588684082, 
    "id": "spec-0447-51877-0102-QSOs-101", 
    "F_675_3": 18.622190475463867, 
    "F_737_3": 18.644433975219727, 
    "F_396_3": 18.844112396240234, 
    "F_365_3": 18.739242553710938, 
    "F_613_3": 18.71047019958496, 
    "F_706_3": 18.623737335205078, 
    "F_923_3": 18.478233337402344, 
    "F_458_3": 18.96755027770996, 
    "F_768_3": 18.62353515625, 
    "Z": 1.0163410902023315, 
    "F_799_3": 18.656103134155273, 
    "F_427_3": 18.989791870117188, 
    "F_489_3": 18.85391616821289, 
    "F_954_3": Infinity, 
    "F_830_3": 18.647897720336914, 
    "F_582_3": 18.639976501464844, 
    "F_520_3": 18.82221221923828, 
    "F_892_3": 18.531423568725586
}