{
    "F_644_3": 20.545625686645508, 
    "F_551_3": 20.402645111083984, 
    "F_861_3": 20.46358871459961, 
    "id": "spec-6049-56091-0498-QSOs-101", 
    "F_675_3": 20.529781341552734, 
    "F_737_3": 20.526395797729492, 
    "F_396_3": 21.044628143310547, 
    "F_365_3": 20.91574478149414, 
    "F_613_3": 20.659940719604492, 
    "F_706_3": 20.572113037109375, 
    "F_923_3": 20.334619522094727, 
    "F_458_3": 20.986263275146484, 
    "F_768_3": 20.52526092529297, 
    "Z": 1.013712763786316, 
    "F_799_3": 20.521282196044922, 
    "F_427_3": 21.14836311340332, 
    "F_489_3": 20.783742904663086, 
    "F_954_3": 19.81682014465332, 
    "F_830_3": 20.54164695739746, 
    "F_582_3": 20.488380432128906, 
    "F_520_3": 20.749025344848633, 
    "F_892_3": 20.261425018310547
}