{
    "F_644_3": 19.088119506835938, 
    "F_551_3": 19.368274688720703, 
    "F_861_3": 18.988862991333008, 
    "id": "spec-1039-52707-0003-QSOs-101", 
    "F_675_3": 19.035667419433594, 
    "F_737_3": 18.993797302246094, 
    "F_396_3": 19.226465225219727, 
    "F_365_3": 19.495208740234375, 
    "F_613_3": 19.127744674682617, 
    "F_706_3": 18.83325958251953, 
    "F_923_3": 18.941606521606445, 
    "F_458_3": 19.356225967407227, 
    "F_768_3": 19.024837493896484, 
    "Z": 1.502541184425354, 
    "F_799_3": 18.976356506347656, 
    "F_427_3": 19.447452545166016, 
    "F_489_3": 19.250686645507812, 
    "F_954_3": Infinity, 
    "F_830_3": 18.995790481567383, 
    "F_582_3": 19.261173248291016, 
    "F_520_3": 19.370716094970703, 
    "F_892_3": 18.83296012878418
}