{
    "F_644_3": 19.492408752441406, 
    "F_551_3": 19.573266983032227, 
    "F_861_3": 19.364274978637695, 
    "id": "spec-0890-52583-0617-QSOs-101", 
    "F_675_3": 19.463947296142578, 
    "F_737_3": 19.5159912109375, 
    "F_396_3": 19.977550506591797, 
    "F_365_3": 19.610750198364258, 
    "F_613_3": 19.610273361206055, 
    "F_706_3": 19.51874542236328, 
    "F_923_3": 19.351869583129883, 
    "F_458_3": 19.944005966186523, 
    "F_768_3": 19.521299362182617, 
    "Z": 1.0106899738311768, 
    "F_799_3": 19.557422637939453, 
    "F_427_3": 20.05519676208496, 
    "F_489_3": 19.790937423706055, 
    "F_954_3": Infinity, 
    "F_830_3": 19.480724334716797, 
    "F_582_3": 19.599321365356445, 
    "F_520_3": 19.775136947631836, 
    "F_892_3": 19.407472610473633
}