{
    "F_644_3": 21.40928077697754, 
    "F_551_3": 21.2726993560791, 
    "F_861_3": 21.169889450073242, 
    "id": "spec-5476-55986-0892-QSOs-101", 
    "F_675_3": 21.303321838378906, 
    "F_737_3": 21.2836971282959, 
    "F_396_3": 21.764930725097656, 
    "F_365_3": 21.45160484313965, 
    "F_613_3": 21.399635314941406, 
    "F_706_3": 21.312957763671875, 
    "F_923_3": 21.00367546081543, 
    "F_458_3": 21.750028610229492, 
    "F_768_3": 21.305028915405273, 
    "Z": 1.010066270828247, 
    "F_799_3": 21.35927391052246, 
    "F_427_3": 21.77234649658203, 
    "F_489_3": 21.58247947692871, 
    "F_954_3": 20.85771369934082, 
    "F_830_3": 21.32036590576172, 
    "F_582_3": 21.282127380371094, 
    "F_520_3": 21.53712272644043, 
    "F_892_3": 21.143234252929688
}