{
    "F_644_3": 19.657201766967773, 
    "F_551_3": 19.660287857055664, 
    "F_861_3": 19.765762329101562, 
    "id": "spec-0455-51909-0558-QSOs-101", 
    "F_675_3": 19.614858627319336, 
    "F_737_3": 19.625234603881836, 
    "F_396_3": 20.055307388305664, 
    "F_365_3": 20.037681579589844, 
    "F_613_3": 19.7095947265625, 
    "F_706_3": 19.6168270111084, 
    "F_923_3": 19.674327850341797, 
    "F_458_3": 20.012853622436523, 
    "F_768_3": 19.65791893005371, 
    "Z": 1.0214639902114868, 
    "F_799_3": 19.7533016204834, 
    "F_427_3": 20.089637756347656, 
    "F_489_3": 19.851837158203125, 
    "F_954_3": Infinity, 
    "F_830_3": 19.769086837768555, 
    "F_582_3": 19.564096450805664, 
    "F_520_3": 19.794998168945312, 
    "F_892_3": 19.608579635620117
}