{
    "F_644_3": 21.415544509887695, 
    "F_551_3": 21.694087982177734, 
    "F_861_3": 21.371068954467773, 
    "id": "spec-5804-56304-0116-QSOs-101", 
    "F_675_3": 21.351213455200195, 
    "F_737_3": 21.44344139099121, 
    "F_396_3": 21.406742095947266, 
    "F_365_3": 21.459383010864258, 
    "F_613_3": 21.39822006225586, 
    "F_706_3": 21.205467224121094, 
    "F_923_3": 21.03435516357422, 
    "F_458_3": 21.983821868896484, 
    "F_768_3": 21.40360450744629, 
    "Z": 1.502197027206421, 
    "F_799_3": 21.363048553466797, 
    "F_427_3": 21.912837982177734, 
    "F_489_3": 21.841228485107422, 
    "F_954_3": 20.957780838012695, 
    "F_830_3": 21.475650787353516, 
    "F_582_3": 21.54439353942871, 
    "F_520_3": 21.91222381591797, 
    "F_892_3": 21.29985809326172
}