{
    "F_644_3": 19.21584129333496, 
    "F_551_3": 19.288251876831055, 
    "F_861_3": 19.29140853881836, 
    "id": "spec-1002-52646-0372-QSOs-101", 
    "F_675_3": 19.12148666381836, 
    "F_737_3": 19.173816680908203, 
    "F_396_3": 19.26300811767578, 
    "F_365_3": 19.43592071533203, 
    "F_613_3": 19.166406631469727, 
    "F_706_3": 19.158464431762695, 
    "F_923_3": 19.03892707824707, 
    "F_458_3": 19.577749252319336, 
    "F_768_3": 19.212772369384766, 
    "Z": 1.0922188758850098, 
    "F_799_3": 19.24087905883789, 
    "F_427_3": 19.52802848815918, 
    "F_489_3": 19.397890090942383, 
    "F_954_3": Infinity, 
    "F_830_3": 19.2951602935791, 
    "F_582_3": 19.022918701171875, 
    "F_520_3": 19.281227111816406, 
    "F_892_3": 19.2188663482666
}