{
    "F_644_3": 20.518434524536133, 
    "F_551_3": 20.359619140625, 
    "F_861_3": 20.547157287597656, 
    "id": "spec-1667-53430-0625-QSOs-101", 
    "F_675_3": 20.61798667907715, 
    "F_737_3": 20.665830612182617, 
    "F_396_3": 20.586320877075195, 
    "F_365_3": 19.98691177368164, 
    "F_613_3": 20.584945678710938, 
    "F_706_3": 20.60883140563965, 
    "F_923_3": 20.105648040771484, 
    "F_458_3": 20.728744506835938, 
    "F_768_3": 20.662353515625, 
    "Z": 1.011412501335144, 
    "F_799_3": 20.736618041992188, 
    "F_427_3": 20.753074645996094, 
    "F_489_3": 20.642257690429688, 
    "F_954_3": Infinity, 
    "F_830_3": 20.647981643676758, 
    "F_582_3": 20.33558464050293, 
    "F_520_3": 20.610488891601562, 
    "F_892_3": 20.34020233154297
}