{
    "F_644_3": 17.563316345214844, 
    "F_551_3": 17.568071365356445, 
    "F_861_3": 17.639020919799805, 
    "id": "spec-2653-54230-0156-QSOs-101", 
    "F_675_3": 17.568706512451172, 
    "F_737_3": 17.59144401550293, 
    "F_396_3": 17.82832145690918, 
    "F_365_3": 17.62491798400879, 
    "F_613_3": 17.645801544189453, 
    "F_706_3": 17.587343215942383, 
    "F_923_3": 17.61112403869629, 
    "F_458_3": 17.904115676879883, 
    "F_768_3": 17.6190185546875, 
    "Z": 1.01251220703125, 
    "F_799_3": 17.702606201171875, 
    "F_427_3": 17.93703842163086, 
    "F_489_3": 17.775550842285156, 
    "F_954_3": Infinity, 
    "F_830_3": 17.6988468170166, 
    "F_582_3": 17.577116012573242, 
    "F_520_3": 17.73253059387207, 
    "F_892_3": 17.659822463989258
}