{
    "F_644_3": 19.696500778198242, 
    "F_551_3": 19.56014060974121, 
    "F_861_3": 19.711381912231445, 
    "id": "spec-6835-56420-0659-QSOs-101", 
    "F_675_3": 19.72763442993164, 
    "F_737_3": 19.761014938354492, 
    "F_396_3": 19.63083839416504, 
    "F_365_3": 19.62969970703125, 
    "F_613_3": 19.767040252685547, 
    "F_706_3": 19.762184143066406, 
    "F_923_3": 19.548269271850586, 
    "F_458_3": 19.850404739379883, 
    "F_768_3": 19.777912139892578, 
    "Z": 1.013008713722229, 
    "F_799_3": 19.813501358032227, 
    "F_427_3": 19.823915481567383, 
    "F_489_3": 19.754838943481445, 
    "F_954_3": 19.623205184936523, 
    "F_830_3": 19.765926361083984, 
    "F_582_3": 19.635757446289062, 
    "F_520_3": 19.755481719970703, 
    "F_892_3": 19.66693115234375
}