{
    "F_644_3": 18.45447540283203, 
    "F_551_3": 18.684837341308594, 
    "F_861_3": 18.259111404418945, 
    "id": "spec-0788-52338-0226-QSOs-101", 
    "F_675_3": 18.410236358642578, 
    "F_737_3": 18.333656311035156, 
    "F_396_3": 18.449934005737305, 
    "F_365_3": 18.522968292236328, 
    "F_613_3": 18.47823143005371, 
    "F_706_3": 18.238489151000977, 
    "F_923_3": 18.289997100830078, 
    "F_458_3": 18.58022689819336, 
    "F_768_3": 18.37787628173828, 
    "Z": 1.500322699546814, 
    "F_799_3": 18.306657791137695, 
    "F_427_3": 18.630067825317383, 
    "F_489_3": 18.552446365356445, 
    "F_954_3": Infinity, 
    "F_830_3": 18.30637550354004, 
    "F_582_3": 18.572824478149414, 
    "F_520_3": 18.641660690307617, 
    "F_892_3": 18.301414489746094
}