{
    "F_644_3": 21.246631622314453, 
    "F_551_3": 21.170654296875, 
    "F_861_3": 21.169160842895508, 
    "id": "spec-6782-56572-0080-QSOs-101", 
    "F_675_3": 21.211181640625, 
    "F_737_3": 21.269603729248047, 
    "F_396_3": 21.609745025634766, 
    "F_365_3": 21.605743408203125, 
    "F_613_3": 21.329437255859375, 
    "F_706_3": 21.24070167541504, 
    "F_923_3": 21.004575729370117, 
    "F_458_3": 21.588476181030273, 
    "F_768_3": 21.210622787475586, 
    "Z": 1.0131702423095703, 
    "F_799_3": 21.252836227416992, 
    "F_427_3": 21.683868408203125, 
    "F_489_3": 21.46586036682129, 
    "F_954_3": 21.22624397277832, 
    "F_830_3": 21.1739501953125, 
    "F_582_3": 21.30007553100586, 
    "F_520_3": 21.437299728393555, 
    "F_892_3": 21.192514419555664
}