{
    "F_644_3": 18.400442123413086, 
    "F_551_3": 18.60909080505371, 
    "F_861_3": 18.304611206054688, 
    "id": "spec-1658-53240-0332-QSOs-101", 
    "F_675_3": 18.35507583618164, 
    "F_737_3": 18.32359504699707, 
    "F_396_3": 18.54094123840332, 
    "F_365_3": 18.60802459716797, 
    "F_613_3": 18.44441795349121, 
    "F_706_3": 18.16755485534668, 
    "F_923_3": 18.3016300201416, 
    "F_458_3": 18.677061080932617, 
    "F_768_3": 18.360530853271484, 
    "Z": 1.5048917531967163, 
    "F_799_3": 18.282623291015625, 
    "F_427_3": 18.721189498901367, 
    "F_489_3": 18.581369400024414, 
    "F_954_3": 18.794145584106445, 
    "F_830_3": 18.306480407714844, 
    "F_582_3": 18.51308822631836, 
    "F_520_3": 18.603063583374023, 
    "F_892_3": 18.348115921020508
}