{
    "F_644_3": 19.671384811401367, 
    "F_551_3": 19.620403289794922, 
    "F_861_3": 19.352346420288086, 
    "id": "spec-0427-51900-0602-QSOs-101", 
    "F_675_3": 19.641273498535156, 
    "F_737_3": 19.522947311401367, 
    "F_396_3": 20.471851348876953, 
    "F_365_3": 19.988616943359375, 
    "F_613_3": 19.79836654663086, 
    "F_706_3": 19.5966854095459, 
    "F_923_3": 19.292951583862305, 
    "F_458_3": 20.179738998413086, 
    "F_768_3": 19.506805419921875, 
    "Z": 1.0199940204620361, 
    "F_799_3": 19.529266357421875, 
    "F_427_3": 20.472660064697266, 
    "F_489_3": 19.833642959594727, 
    "F_954_3": Infinity, 
    "F_830_3": 19.497764587402344, 
    "F_582_3": 19.632179260253906, 
    "F_520_3": 19.825014114379883, 
    "F_892_3": 19.028751373291016
}