{
    "F_644_3": 19.433874130249023, 
    "F_551_3": 19.768802642822266, 
    "F_861_3": 19.284215927124023, 
    "id": "spec-6714-56447-0165-QSOs-101", 
    "F_675_3": 19.36565589904785, 
    "F_737_3": 19.372344970703125, 
    "F_396_3": 19.621986389160156, 
    "F_365_3": 20.283489227294922, 
    "F_613_3": 19.47511100769043, 
    "F_706_3": 19.143465042114258, 
    "F_923_3": 19.304704666137695, 
    "F_458_3": 19.979839324951172, 
    "F_768_3": 19.381275177001953, 
    "Z": 1.5004819631576538, 
    "F_799_3": 19.305034637451172, 
    "F_427_3": 20.062816619873047, 
    "F_489_3": 19.84913444519043, 
    "F_954_3": 19.4542179107666, 
    "F_830_3": 19.33513832092285, 
    "F_582_3": 19.574735641479492, 
    "F_520_3": 19.87728500366211, 
    "F_892_3": 19.3138484954834
}