{
    "F_644_3": 18.937862396240234, 
    "F_551_3": 18.91773223876953, 
    "F_861_3": 18.857990264892578, 
    "id": "spec-3138-54740-0478-QSOs-101", 
    "F_675_3": 18.98421859741211, 
    "F_737_3": 19.044315338134766, 
    "F_396_3": 19.419248580932617, 
    "F_365_3": 19.251798629760742, 
    "F_613_3": 19.06365966796875, 
    "F_706_3": 19.009170532226562, 
    "F_923_3": 18.74820899963379, 
    "F_458_3": 19.45745849609375, 
    "F_768_3": 18.98703384399414, 
    "Z": 1.0106576681137085, 
    "F_799_3": 19.02631378173828, 
    "F_427_3": 19.50078010559082, 
    "F_489_3": 19.264394760131836, 
    "F_954_3": Infinity, 
    "F_830_3": 18.99201011657715, 
    "F_582_3": 18.914379119873047, 
    "F_520_3": 19.197509765625, 
    "F_892_3": 18.778989791870117
}