{
    "F_644_3": 21.957239151000977, 
    "F_551_3": 22.504093170166016, 
    "F_861_3": 20.631328582763672, 
    "id": "spec-3677-55205-0267-QSOs-101", 
    "F_675_3": 21.666004180908203, 
    "F_737_3": 21.038488388061523, 
    "F_396_3": 22.828500747680664, 
    "F_365_3": 22.42901611328125, 
    "F_613_3": 21.97698211669922, 
    "F_706_3": 21.37152862548828, 
    "F_923_3": 20.500774383544922, 
    "F_458_3": 23.256669998168945, 
    "F_768_3": 20.9025821685791, 
    "Z": 1.0111751556396484, 
    "F_799_3": 20.760746002197266, 
    "F_427_3": 23.076696395874023, 
    "F_489_3": 23.130603790283203, 
    "F_954_3": 20.360807418823242, 
    "F_830_3": 20.706008911132812, 
    "F_582_3": 22.187585830688477, 
    "F_520_3": 22.880420684814453, 
    "F_892_3": 20.527551651000977
}