{
    "F_644_3": 18.68246841430664, 
    "F_551_3": 18.673986434936523, 
    "F_861_3": 18.716371536254883, 
    "id": "spec-1596-52998-0336-QSOs-101", 
    "F_675_3": 18.67609214782715, 
    "F_737_3": 18.6920108795166, 
    "F_396_3": 18.99852180480957, 
    "F_365_3": 18.71605682373047, 
    "F_613_3": 18.788501739501953, 
    "F_706_3": 18.693819046020508, 
    "F_923_3": 18.75467872619629, 
    "F_458_3": 19.051544189453125, 
    "F_768_3": 18.740306854248047, 
    "Z": 1.0112473964691162, 
    "F_799_3": 18.79638671875, 
    "F_427_3": 19.093332290649414, 
    "F_489_3": 18.915658950805664, 
    "F_954_3": Infinity, 
    "F_830_3": 18.787275314331055, 
    "F_582_3": 18.673044204711914, 
    "F_520_3": 18.860897064208984, 
    "F_892_3": 18.791902542114258
}