{
    "F_644_3": 19.381608963012695, 
    "F_551_3": 19.35515022277832, 
    "F_861_3": 19.450321197509766, 
    "id": "spec-6635-56370-0904-QSOs-101", 
    "F_675_3": 19.400890350341797, 
    "F_737_3": 19.38296890258789, 
    "F_396_3": 20.212846755981445, 
    "F_365_3": 20.352258682250977, 
    "F_613_3": 19.520038604736328, 
    "F_706_3": 19.374052047729492, 
    "F_923_3": 19.376466751098633, 
    "F_458_3": 19.960926055908203, 
    "F_768_3": 19.452238082885742, 
    "Z": 1.0107790231704712, 
    "F_799_3": 19.52773094177246, 
    "F_427_3": 20.15985107421875, 
    "F_489_3": 19.707595825195312, 
    "F_954_3": 19.393756866455078, 
    "F_830_3": 19.525310516357422, 
    "F_582_3": 19.39584732055664, 
    "F_520_3": 19.630271911621094, 
    "F_892_3": 19.441082000732422
}