{
    "F_644_3": 19.89466667175293, 
    "F_551_3": 19.996807098388672, 
    "F_861_3": 19.79694175720215, 
    "id": "spec-7406-56805-0352-QSOs-101", 
    "F_675_3": 19.78793716430664, 
    "F_737_3": 19.796113967895508, 
    "F_396_3": 19.90871238708496, 
    "F_365_3": 19.93693733215332, 
    "F_613_3": 19.865962982177734, 
    "F_706_3": 19.80845069885254, 
    "F_923_3": 19.623008728027344, 
    "F_458_3": 20.208471298217773, 
    "F_768_3": 19.78453826904297, 
    "Z": 1.0908089876174927, 
    "F_799_3": 19.782896041870117, 
    "F_427_3": 20.119441986083984, 
    "F_489_3": 20.05770492553711, 
    "F_954_3": 19.42424964904785, 
    "F_830_3": 19.815364837646484, 
    "F_582_3": 19.761924743652344, 
    "F_520_3": 20.001195907592773, 
    "F_892_3": 19.68986701965332
}