{
    "F_644_3": 21.871238708496094, 
    "F_551_3": 21.82292938232422, 
    "F_861_3": 21.99616241455078, 
    "id": "spec-4554-56193-0220-QSOs-101", 
    "F_675_3": 21.844858169555664, 
    "F_737_3": 21.991907119750977, 
    "F_396_3": 21.599103927612305, 
    "F_365_3": 21.504928588867188, 
    "F_613_3": 21.847583770751953, 
    "F_706_3": 21.8836612701416, 
    "F_923_3": 21.71312713623047, 
    "F_458_3": 22.072973251342773, 
    "F_768_3": 22.01123046875, 
    "Z": 1.0920711755752563, 
    "F_799_3": 21.931541442871094, 
    "F_427_3": 22.041461944580078, 
    "F_489_3": 21.861818313598633, 
    "F_954_3": 21.141006469726562, 
    "F_830_3": 21.931577682495117, 
    "F_582_3": 21.395822525024414, 
    "F_520_3": 21.826980590820312, 
    "F_892_3": 21.859773635864258
}