{
    "F_644_3": 18.1837158203125, 
    "F_551_3": 18.471946716308594, 
    "F_861_3": 17.9963321685791, 
    "id": "spec-1050-52721-0353-QSOs-101", 
    "F_675_3": 18.107498168945312, 
    "F_737_3": 18.055561065673828, 
    "F_396_3": 18.41530990600586, 
    "F_365_3": 18.745145797729492, 
    "F_613_3": 18.195003509521484, 
    "F_706_3": 17.939605712890625, 
    "F_923_3": 18.020605087280273, 
    "F_458_3": 18.465028762817383, 
    "F_768_3": 18.085721969604492, 
    "Z": 1.5002562999725342, 
    "F_799_3": 18.009052276611328, 
    "F_427_3": 18.573177337646484, 
    "F_489_3": 18.388574600219727, 
    "F_954_3": Infinity, 
    "F_830_3": 18.038002014160156, 
    "F_582_3": 18.340177536010742, 
    "F_520_3": 18.46009635925293, 
    "F_892_3": 18.038732528686523
}