{
    "F_644_3": 20.389869689941406, 
    "F_551_3": 20.343994140625, 
    "F_861_3": 20.388011932373047, 
    "id": "spec-6715-56449-0602-QSOs-101", 
    "F_675_3": 20.430692672729492, 
    "F_737_3": 20.51292610168457, 
    "F_396_3": 20.675628662109375, 
    "F_365_3": 20.81427764892578, 
    "F_613_3": 20.491626739501953, 
    "F_706_3": 20.46772575378418, 
    "F_923_3": 20.260679244995117, 
    "F_458_3": 20.757234573364258, 
    "F_768_3": 20.49410629272461, 
    "Z": 1.0137498378753662, 
    "F_799_3": 20.542434692382812, 
    "F_427_3": 20.796062469482422, 
    "F_489_3": 20.582141876220703, 
    "F_954_3": 20.41937828063965, 
    "F_830_3": 20.461788177490234, 
    "F_582_3": 20.429309844970703, 
    "F_520_3": 20.576366424560547, 
    "F_892_3": 20.33346939086914
}