{
    "F_644_3": 19.31549644470215, 
    "F_551_3": 19.652788162231445, 
    "F_861_3": 18.683074951171875, 
    "id": "spec-1581-53149-0197-QSOs-101", 
    "F_675_3": 19.289186477661133, 
    "F_737_3": 18.96689796447754, 
    "F_396_3": 19.636314392089844, 
    "F_365_3": 19.874509811401367, 
    "F_613_3": 19.438941955566406, 
    "F_706_3": 19.00840950012207, 
    "F_923_3": 18.579816818237305, 
    "F_458_3": 19.701797485351562, 
    "F_768_3": 18.96898078918457, 
    "Z": 1.5054547786712646, 
    "F_799_3": 18.79713249206543, 
    "F_427_3": 19.794967651367188, 
    "F_489_3": 19.607078552246094, 
    "F_954_3": Infinity, 
    "F_830_3": 18.739574432373047, 
    "F_582_3": 19.509212493896484, 
    "F_520_3": 19.6881046295166, 
    "F_892_3": 18.595678329467773
}