{
    "F_644_3": 19.809593200683594, 
    "F_551_3": 19.68728256225586, 
    "F_861_3": 19.98415756225586, 
    "id": "spec-7407-56772-0437-QSOs-101", 
    "F_675_3": 19.869054794311523, 
    "F_737_3": 19.9078311920166, 
    "F_396_3": 20.19855308532715, 
    "F_365_3": 20.249120712280273, 
    "F_613_3": 19.931734085083008, 
    "F_706_3": 19.895475387573242, 
    "F_923_3": 19.85317039489746, 
    "F_458_3": 20.211706161499023, 
    "F_768_3": 19.969350814819336, 
    "Z": 1.012237548828125, 
    "F_799_3": 20.06845474243164, 
    "F_427_3": 20.315399169921875, 
    "F_489_3": 20.021127700805664, 
    "F_954_3": 19.98832893371582, 
    "F_830_3": 20.045488357543945, 
    "F_582_3": 19.75999641418457, 
    "F_520_3": 19.985050201416016, 
    "F_892_3": 19.93675994873047
}