{
    "F_644_3": 20.604408264160156, 
    "F_551_3": 20.381025314331055, 
    "F_861_3": 20.81224822998047, 
    "id": "spec-4370-55534-0044-QSOs-101", 
    "F_675_3": 20.628774642944336, 
    "F_737_3": 20.73882484436035, 
    "F_396_3": 20.442607879638672, 
    "F_365_3": 20.44469451904297, 
    "F_613_3": 20.616701126098633, 
    "F_706_3": 20.722713470458984, 
    "F_923_3": 20.759227752685547, 
    "F_458_3": 20.582311630249023, 
    "F_768_3": 20.75693702697754, 
    "Z": 1.0135663747787476, 
    "F_799_3": 20.883207321166992, 
    "F_427_3": 20.57567596435547, 
    "F_489_3": 20.507949829101562, 
    "F_954_3": 20.843639373779297, 
    "F_830_3": 20.868804931640625, 
    "F_582_3": 20.476346969604492, 
    "F_520_3": 20.537277221679688, 
    "F_892_3": 20.842384338378906
}