{
    "F_644_3": 22.126544952392578, 
    "F_551_3": 22.026729583740234, 
    "F_861_3": 21.798267364501953, 
    "id": "spec-4711-55737-0912-QSOs-101", 
    "F_675_3": 22.148025512695312, 
    "F_737_3": 22.044795989990234, 
    "F_396_3": 22.689085006713867, 
    "F_365_3": 22.312091827392578, 
    "F_613_3": 22.245891571044922, 
    "F_706_3": 22.193052291870117, 
    "F_923_3": 21.623615264892578, 
    "F_458_3": 22.77915382385254, 
    "F_768_3": 22.02151107788086, 
    "Z": 1.0131460428237915, 
    "F_799_3": 21.962200164794922, 
    "F_427_3": 22.82294273376465, 
    "F_489_3": 22.560951232910156, 
    "F_954_3": 21.543561935424805, 
    "F_830_3": 21.854238510131836, 
    "F_582_3": 22.267135620117188, 
    "F_520_3": 22.516199111938477, 
    "F_892_3": 21.735244750976562
}