{
    "F_644_3": 18.9676513671875, 
    "F_551_3": 18.827293395996094, 
    "F_861_3": 19.160404205322266, 
    "id": "spec-2083-53359-0630-QSOs-101", 
    "F_675_3": 19.012300491333008, 
    "F_737_3": 19.10783576965332, 
    "F_396_3": 19.196741104125977, 
    "F_365_3": 18.805932998657227, 
    "F_613_3": 19.052627563476562, 
    "F_706_3": 19.03192138671875, 
    "F_923_3": 19.018356323242188, 
    "F_458_3": 19.230337142944336, 
    "F_768_3": 19.136608123779297, 
    "Z": 1.0112595558166504, 
    "F_799_3": 19.239200592041016, 
    "F_427_3": 19.273046493530273, 
    "F_489_3": 19.07485008239746, 
    "F_954_3": Infinity, 
    "F_830_3": 19.264528274536133, 
    "F_582_3": 18.866737365722656, 
    "F_520_3": 19.050216674804688, 
    "F_892_3": 19.077425003051758
}