{
    "F_644_3": 20.057165145874023, 
    "F_551_3": 20.080625534057617, 
    "F_861_3": 19.882484436035156, 
    "id": "spec-0611-52055-0108-QSOs-101", 
    "F_675_3": 20.002321243286133, 
    "F_737_3": 20.002199172973633, 
    "F_396_3": 20.722021102905273, 
    "F_365_3": 20.32244300842285, 
    "F_613_3": 20.17921257019043, 
    "F_706_3": 20.052858352661133, 
    "F_923_3": 19.568479537963867, 
    "F_458_3": 20.58555030822754, 
    "F_768_3": 19.977455139160156, 
    "Z": 1.0136879682540894, 
    "F_799_3": 19.988252639770508, 
    "F_427_3": 20.707870483398438, 
    "F_489_3": 20.40453338623047, 
    "F_954_3": Infinity, 
    "F_830_3": 20.0084228515625, 
    "F_582_3": 20.112855911254883, 
    "F_520_3": 20.362930297851562, 
    "F_892_3": 19.798091888427734
}