{
    "F_644_3": 20.47102928161621, 
    "F_551_3": 20.73298454284668, 
    "F_861_3": 20.394750595092773, 
    "id": "spec-0572-52289-0615-QSOs-101", 
    "F_675_3": 20.39442253112793, 
    "F_737_3": 20.335304260253906, 
    "F_396_3": 20.531126022338867, 
    "F_365_3": 20.277786254882812, 
    "F_613_3": 20.455291748046875, 
    "F_706_3": 20.224990844726562, 
    "F_923_3": 20.25784683227539, 
    "F_458_3": 20.581270217895508, 
    "F_768_3": 20.429122924804688, 
    "Z": 1.500162959098816, 
    "F_799_3": 20.36197853088379, 
    "F_427_3": 20.633474349975586, 
    "F_489_3": 20.5460262298584, 
    "F_954_3": Infinity, 
    "F_830_3": 20.40393829345703, 
    "F_582_3": 20.61805534362793, 
    "F_520_3": 20.659801483154297, 
    "F_892_3": 20.218339920043945
}