{
    "F_644_3": 18.90415382385254, 
    "F_551_3": 19.009275436401367, 
    "F_861_3": 18.973295211791992, 
    "id": "spec-0886-52381-0609-QSOs-101", 
    "F_675_3": 18.79405975341797, 
    "F_737_3": 18.87501335144043, 
    "F_396_3": 19.274179458618164, 
    "F_365_3": 19.456972122192383, 
    "F_613_3": 18.865596771240234, 
    "F_706_3": 18.855880737304688, 
    "F_923_3": 18.82400894165039, 
    "F_458_3": 19.33068084716797, 
    "F_768_3": 18.90911293029785, 
    "Z": 1.090851902961731, 
    "F_799_3": 18.94318389892578, 
    "F_427_3": 19.315916061401367, 
    "F_489_3": 19.149471282958984, 
    "F_954_3": Infinity, 
    "F_830_3": 18.967018127441406, 
    "F_582_3": 18.77556037902832, 
    "F_520_3": 19.029338836669922, 
    "F_892_3": 18.814016342163086
}