{
    "F_644_3": 19.348085403442383, 
    "F_551_3": 19.35742950439453, 
    "F_861_3": 19.492448806762695, 
    "id": "spec-0753-52233-0225-QSOs-101", 
    "F_675_3": 19.379364013671875, 
    "F_737_3": 19.43941307067871, 
    "F_396_3": 19.589099884033203, 
    "F_365_3": 19.439823150634766, 
    "F_613_3": 19.412805557250977, 
    "F_706_3": 19.409069061279297, 
    "F_923_3": 19.330190658569336, 
    "F_458_3": 19.627166748046875, 
    "F_768_3": 19.49292755126953, 
    "Z": 1.01150381565094, 
    "F_799_3": 19.58441162109375, 
    "F_427_3": 19.624521255493164, 
    "F_489_3": 19.485567092895508, 
    "F_954_3": Infinity, 
    "F_830_3": 19.597225189208984, 
    "F_582_3": 19.36966896057129, 
    "F_520_3": 19.479883193969727, 
    "F_892_3": 19.430408477783203
}