{
    "F_644_3": 20.637004852294922, 
    "F_551_3": 20.283275604248047, 
    "F_861_3": 20.677539825439453, 
    "id": "spec-7386-56769-0977-QSOs-101", 
    "F_675_3": 20.690675735473633, 
    "F_737_3": 20.776094436645508, 
    "F_396_3": 21.209638595581055, 
    "F_365_3": 21.168025970458984, 
    "F_613_3": 20.80221939086914, 
    "F_706_3": 20.773279190063477, 
    "F_923_3": 20.53522300720215, 
    "F_458_3": 21.143083572387695, 
    "F_768_3": 20.794994354248047, 
    "Z": 1.0121618509292603, 
    "F_799_3": 20.878440856933594, 
    "F_427_3": 21.399322509765625, 
    "F_489_3": 20.837011337280273, 
    "F_954_3": 20.628864288330078, 
    "F_830_3": 20.82929229736328, 
    "F_582_3": 20.3721866607666, 
    "F_520_3": 20.785123825073242, 
    "F_892_3": 20.591894149780273
}