{
    "F_644_3": 19.423917770385742, 
    "F_551_3": 19.334224700927734, 
    "F_861_3": 19.52801513671875, 
    "id": "spec-1161-52703-0296-QSOs-101", 
    "F_675_3": 19.42062759399414, 
    "F_737_3": 19.46062469482422, 
    "F_396_3": 19.69526481628418, 
    "F_365_3": 19.433897018432617, 
    "F_613_3": 19.502290725708008, 
    "F_706_3": 19.457881927490234, 
    "F_923_3": 19.479291915893555, 
    "F_458_3": 19.73610496520996, 
    "F_768_3": 19.54987907409668, 
    "Z": 1.0125329494476318, 
    "F_799_3": 19.61150550842285, 
    "F_427_3": 19.865835189819336, 
    "F_489_3": 19.633745193481445, 
    "F_954_3": Infinity, 
    "F_830_3": 19.575714111328125, 
    "F_582_3": 19.403636932373047, 
    "F_520_3": 19.592613220214844, 
    "F_892_3": 19.486286163330078
}