{
    "F_644_3": 19.939353942871094, 
    "F_551_3": 19.83904266357422, 
    "F_861_3": 19.89253807067871, 
    "id": "spec-1976-53401-0244-QSOs-101", 
    "F_675_3": 19.921489715576172, 
    "F_737_3": 19.988069534301758, 
    "F_396_3": 20.499095916748047, 
    "F_365_3": 20.52117347717285, 
    "F_613_3": 20.05697250366211, 
    "F_706_3": 19.978837966918945, 
    "F_923_3": 19.760942459106445, 
    "F_458_3": 20.23989486694336, 
    "F_768_3": 19.98354148864746, 
    "Z": 1.0128889083862305, 
    "F_799_3": 20.042125701904297, 
    "F_427_3": 20.439483642578125, 
    "F_489_3": 20.05183219909668, 
    "F_954_3": Infinity, 
    "F_830_3": 20.050315856933594, 
    "F_582_3": 19.829038619995117, 
    "F_520_3": 19.971513748168945, 
    "F_892_3": 19.7753963470459
}