{
    "F_644_3": 20.151702880859375, 
    "F_551_3": 20.136455535888672, 
    "F_861_3": 20.15330696105957, 
    "id": "spec-0458-51929-0308-QSOs-101", 
    "F_675_3": 20.165220260620117, 
    "F_737_3": 20.17108726501465, 
    "F_396_3": 20.46908950805664, 
    "F_365_3": 20.239959716796875, 
    "F_613_3": 20.2342472076416, 
    "F_706_3": 20.173294067382812, 
    "F_923_3": 20.187746047973633, 
    "F_458_3": 20.493885040283203, 
    "F_768_3": 20.24248695373535, 
    "Z": 1.0132851600646973, 
    "F_799_3": 20.171276092529297, 
    "F_427_3": 20.547115325927734, 
    "F_489_3": 20.373191833496094, 
    "F_954_3": Infinity, 
    "F_830_3": 20.188417434692383, 
    "F_582_3": 20.15681266784668, 
    "F_520_3": 20.31877326965332, 
    "F_892_3": 20.141557693481445
}