{
    "F_644_3": 19.531917572021484, 
    "F_551_3": 19.562284469604492, 
    "F_861_3": 19.412931442260742, 
    "id": "spec-1414-53135-0463-QSOs-101", 
    "F_675_3": 19.557897567749023, 
    "F_737_3": 19.539125442504883, 
    "F_396_3": 19.9314022064209, 
    "F_365_3": 19.8204402923584, 
    "F_613_3": 19.648941040039062, 
    "F_706_3": 19.567108154296875, 
    "F_923_3": 19.391708374023438, 
    "F_458_3": 19.97307014465332, 
    "F_768_3": 19.531328201293945, 
    "Z": 1.0120856761932373, 
    "F_799_3": 19.558094024658203, 
    "F_427_3": 20.057788848876953, 
    "F_489_3": 19.770889282226562, 
    "F_954_3": Infinity, 
    "F_830_3": 19.549335479736328, 
    "F_582_3": 19.551319122314453, 
    "F_520_3": 19.753801345825195, 
    "F_892_3": 19.337135314941406
}