{
    "F_644_3": 20.127134323120117, 
    "F_551_3": 20.196338653564453, 
    "F_861_3": 20.068164825439453, 
    "id": "spec-7380-56753-0562-QSOs-101", 
    "F_675_3": 20.12323760986328, 
    "F_737_3": 20.126785278320312, 
    "F_396_3": 20.778053283691406, 
    "F_365_3": 20.71659278869629, 
    "F_613_3": 20.28675079345703, 
    "F_706_3": 20.15291976928711, 
    "F_923_3": 19.977798461914062, 
    "F_458_3": 20.624313354492188, 
    "F_768_3": 20.15672492980957, 
    "Z": 1.0118930339813232, 
    "F_799_3": 20.229705810546875, 
    "F_427_3": 20.741504669189453, 
    "F_489_3": 20.4416446685791, 
    "F_954_3": 20.0950927734375, 
    "F_830_3": 20.19258689880371, 
    "F_582_3": 20.182559967041016, 
    "F_520_3": 20.38466453552246, 
    "F_892_3": 20.0855712890625
}