{
    "F_644_3": 19.62972068786621, 
    "F_551_3": 19.657316207885742, 
    "F_861_3": 19.50181007385254, 
    "id": "spec-6429-56274-0666-QSOs-101", 
    "F_675_3": 19.596033096313477, 
    "F_737_3": 19.63007926940918, 
    "F_396_3": 20.193592071533203, 
    "F_365_3": 20.32378578186035, 
    "F_613_3": 19.71772003173828, 
    "F_706_3": 19.62606430053711, 
    "F_923_3": 19.398109436035156, 
    "F_458_3": 20.127086639404297, 
    "F_768_3": 19.61333465576172, 
    "Z": 1.0138194561004639, 
    "F_799_3": 19.635173797607422, 
    "F_427_3": 20.242450714111328, 
    "F_489_3": 19.930757522583008, 
    "F_954_3": 19.50446128845215, 
    "F_830_3": 19.61684799194336, 
    "F_582_3": 19.634878158569336, 
    "F_520_3": 19.872920989990234, 
    "F_892_3": 19.472570419311523
}