{
    "F_644_3": 20.598148345947266, 
    "F_551_3": 20.76839828491211, 
    "F_861_3": 20.325822830200195, 
    "id": "spec-6780-56577-0614-QSOs-101", 
    "F_675_3": 20.46501922607422, 
    "F_737_3": 20.416568756103516, 
    "F_396_3": 21.12137222290039, 
    "F_365_3": 21.264305114746094, 
    "F_613_3": 20.552078247070312, 
    "F_706_3": 20.453027725219727, 
    "F_923_3": 20.119516372680664, 
    "F_458_3": 21.127670288085938, 
    "F_768_3": 20.444063186645508, 
    "Z": 1.0928876399993896, 
    "F_799_3": 20.36466407775879, 
    "F_427_3": 21.137386322021484, 
    "F_489_3": 20.90258026123047, 
    "F_954_3": 20.085262298583984, 
    "F_830_3": 20.348716735839844, 
    "F_582_3": 20.530872344970703, 
    "F_520_3": 20.771438598632812, 
    "F_892_3": 20.22019386291504
}