{
    "F_644_3": 20.262258529663086, 
    "F_551_3": 20.519550323486328, 
    "F_861_3": 19.886140823364258, 
    "id": "spec-1093-52591-0065-QSOs-101", 
    "F_675_3": 20.326704025268555, 
    "F_737_3": 20.284793853759766, 
    "F_396_3": 21.399614334106445, 
    "F_365_3": 21.03087043762207, 
    "F_613_3": 20.346458435058594, 
    "F_706_3": 20.278549194335938, 
    "F_923_3": 19.50303077697754, 
    "F_458_3": 21.21819305419922, 
    "F_768_3": 20.193233489990234, 
    "Z": 1.0119900703430176, 
    "F_799_3": 20.132274627685547, 
    "F_427_3": 21.410173416137695, 
    "F_489_3": 20.872583389282227, 
    "F_954_3": Infinity, 
    "F_830_3": 20.01852035522461, 
    "F_582_3": 20.355052947998047, 
    "F_520_3": 20.76495361328125, 
    "F_892_3": 19.516496658325195
}