{
    "F_644_3": 21.248991012573242, 
    "F_551_3": 20.873868942260742, 
    "F_861_3": 20.915603637695312, 
    "id": "spec-6837-56442-0980-QSOs-101", 
    "F_675_3": 21.041955947875977, 
    "F_737_3": 20.94256019592285, 
    "F_396_3": 21.614723205566406, 
    "F_365_3": 21.688657760620117, 
    "F_613_3": 21.28704071044922, 
    "F_706_3": 21.146621704101562, 
    "F_923_3": 20.884578704833984, 
    "F_458_3": 21.772558212280273, 
    "F_768_3": 20.98062515258789, 
    "Z": 1.0135490894317627, 
    "F_799_3": 21.03026008605957, 
    "F_427_3": 22.01651382446289, 
    "F_489_3": 21.583539962768555, 
    "F_954_3": 20.742891311645508, 
    "F_830_3": 20.985729217529297, 
    "F_582_3": 20.83043670654297, 
    "F_520_3": 21.49174690246582, 
    "F_892_3": 20.922746658325195
}