{
    "F_644_3": 20.6773738861084, 
    "F_551_3": 20.221128463745117, 
    "F_861_3": 21.374427795410156, 
    "id": "spec-3924-55332-0350-QSOs-101", 
    "F_675_3": 20.768041610717773, 
    "F_737_3": 21.005111694335938, 
    "F_396_3": 20.24836540222168, 
    "F_365_3": 20.303668975830078, 
    "F_613_3": 20.694095611572266, 
    "F_706_3": 20.87722396850586, 
    "F_923_3": 21.377893447875977, 
    "F_458_3": 20.458940505981445, 
    "F_768_3": 21.1597843170166, 
    "Z": 1.0124164819717407, 
    "F_799_3": 21.354909896850586, 
    "F_427_3": 20.438526153564453, 
    "F_489_3": 20.372215270996094, 
    "F_954_3": 21.45505714416504, 
    "F_830_3": 21.32779312133789, 
    "F_582_3": 20.41902732849121, 
    "F_520_3": 20.412195205688477, 
    "F_892_3": 21.42169952392578
}