{
    "F_644_3": 20.353178024291992, 
    "F_551_3": 20.24919891357422, 
    "F_861_3": 20.40534782409668, 
    "id": "spec-7391-56781-0943-QSOs-101", 
    "F_675_3": 20.390954971313477, 
    "F_737_3": 20.491477966308594, 
    "F_396_3": 20.606382369995117, 
    "F_365_3": 20.664976119995117, 
    "F_613_3": 20.440383911132812, 
    "F_706_3": 20.418109893798828, 
    "F_923_3": 20.30154800415039, 
    "F_458_3": 20.577489852905273, 
    "F_768_3": 20.460437774658203, 
    "Z": 1.0127519369125366, 
    "F_799_3": 20.5181941986084, 
    "F_427_3": 20.630142211914062, 
    "F_489_3": 20.47177505493164, 
    "F_954_3": 20.343721389770508, 
    "F_830_3": 20.41929817199707, 
    "F_582_3": 20.295581817626953, 
    "F_520_3": 20.450260162353516, 
    "F_892_3": 20.40713119506836
}