{
    "F_644_3": 17.570344924926758, 
    "F_551_3": 17.59527587890625, 
    "F_861_3": 17.542030334472656, 
    "id": "spec-1690-53475-0126-QSOs-101", 
    "F_675_3": 17.569576263427734, 
    "F_737_3": 17.61087417602539, 
    "F_396_3": 17.804580688476562, 
    "F_365_3": 17.65044403076172, 
    "F_613_3": 17.643117904663086, 
    "F_706_3": 17.582719802856445, 
    "F_923_3": 17.44990348815918, 
    "F_458_3": 17.900035858154297, 
    "F_768_3": 17.59741973876953, 
    "Z": 1.0122758150100708, 
    "F_799_3": 17.636486053466797, 
    "F_427_3": 17.91969871520996, 
    "F_489_3": 17.789630889892578, 
    "F_954_3": Infinity, 
    "F_830_3": 17.622068405151367, 
    "F_582_3": 17.564096450805664, 
    "F_520_3": 17.765422821044922, 
    "F_892_3": 17.503633499145508
}