{
    "F_644_3": 19.830717086791992, 
    "F_551_3": 19.756616592407227, 
    "F_861_3": 19.827028274536133, 
    "id": "spec-0371-52078-0403-QSOs-101", 
    "F_675_3": 19.80946159362793, 
    "F_737_3": 19.787708282470703, 
    "F_396_3": 20.300996780395508, 
    "F_365_3": 19.752155303955078, 
    "F_613_3": 19.97319984436035, 
    "F_706_3": 19.837940216064453, 
    "F_923_3": 19.72555160522461, 
    "F_458_3": 20.237533569335938, 
    "F_768_3": 19.85553741455078, 
    "Z": 1.0113632678985596, 
    "F_799_3": 19.90900421142578, 
    "F_427_3": 20.351964950561523, 
    "F_489_3": 20.072601318359375, 
    "F_954_3": Infinity, 
    "F_830_3": 19.859107971191406, 
    "F_582_3": 19.808032989501953, 
    "F_520_3": 20.059513092041016, 
    "F_892_3": 19.724809646606445
}