{
    "F_644_3": 22.291126251220703, 
    "F_551_3": 22.324026107788086, 
    "F_861_3": 21.82472038269043, 
    "id": "spec-6716-56401-0496-QSOs-101", 
    "F_675_3": 22.30591583251953, 
    "F_737_3": 22.322898864746094, 
    "F_396_3": 22.300640106201172, 
    "F_365_3": 22.089475631713867, 
    "F_613_3": 22.121885299682617, 
    "F_706_3": 22.250417709350586, 
    "F_923_3": 21.479026794433594, 
    "F_458_3": 22.5015869140625, 
    "F_768_3": 22.20064353942871, 
    "Z": 1.0923959016799927, 
    "F_799_3": 22.221160888671875, 
    "F_427_3": 22.560705184936523, 
    "F_489_3": 22.4243106842041, 
    "F_954_3": 20.869041442871094, 
    "F_830_3": 22.029067993164062, 
    "F_582_3": 22.078340530395508, 
    "F_520_3": 22.474075317382812, 
    "F_892_3": 21.61539077758789
}