{
    "F_644_3": 18.435815811157227, 
    "F_551_3": 18.46318244934082, 
    "F_861_3": 18.398141860961914, 
    "id": "spec-2342-53742-0451-QSOs-101", 
    "F_675_3": 18.428558349609375, 
    "F_737_3": 18.449085235595703, 
    "F_396_3": 18.63471031188965, 
    "F_365_3": 18.457712173461914, 
    "F_613_3": 18.510910034179688, 
    "F_706_3": 18.435338973999023, 
    "F_923_3": 18.337003707885742, 
    "F_458_3": 18.7208251953125, 
    "F_768_3": 18.4512882232666, 
    "Z": 1.012555480003357, 
    "F_799_3": 18.49675941467285, 
    "F_427_3": 18.732807159423828, 
    "F_489_3": 18.62771224975586, 
    "F_954_3": Infinity, 
    "F_830_3": 18.46114158630371, 
    "F_582_3": 18.457275390625, 
    "F_520_3": 18.598875045776367, 
    "F_892_3": 18.427385330200195
}