{
    "F_644_3": 21.169675827026367, 
    "F_551_3": 21.06252670288086, 
    "F_861_3": 20.985000610351562, 
    "id": "spec-6180-56301-0686-QSOs-101", 
    "F_675_3": 21.142681121826172, 
    "F_737_3": 21.17287254333496, 
    "F_396_3": 21.079790115356445, 
    "F_365_3": 20.984905242919922, 
    "F_613_3": 21.207786560058594, 
    "F_706_3": 21.193622589111328, 
    "F_923_3": 20.817476272583008, 
    "F_458_3": 21.3042049407959, 
    "F_768_3": 21.216625213623047, 
    "Z": 1.0128897428512573, 
    "F_799_3": 21.189090728759766, 
    "F_427_3": 21.324777603149414, 
    "F_489_3": 21.218236923217773, 
    "F_954_3": 20.986331939697266, 
    "F_830_3": 21.11525535583496, 
    "F_582_3": 21.151134490966797, 
    "F_520_3": 21.273681640625, 
    "F_892_3": 21.012527465820312
}