{
    "F_644_3": 18.655988693237305, 
    "F_551_3": 18.577951431274414, 
    "F_861_3": 18.7322998046875, 
    "id": "spec-0577-52367-0102-QSOs-101", 
    "F_675_3": 18.584972381591797, 
    "F_737_3": 18.607175827026367, 
    "F_396_3": 18.845481872558594, 
    "F_365_3": 19.07126808166504, 
    "F_613_3": 18.600284576416016, 
    "F_706_3": 18.598007202148438, 
    "F_923_3": 18.582340240478516, 
    "F_458_3": 18.932222366333008, 
    "F_768_3": 18.621261596679688, 
    "Z": 1.0945515632629395, 
    "F_799_3": 18.6816349029541, 
    "F_427_3": 18.937437057495117, 
    "F_489_3": 18.799457550048828, 
    "F_954_3": Infinity, 
    "F_830_3": 18.772653579711914, 
    "F_582_3": 18.34473419189453, 
    "F_520_3": 18.692089080810547, 
    "F_892_3": 18.820518493652344
}