{
    "F_644_3": 19.037433624267578, 
    "F_551_3": 19.058155059814453, 
    "F_861_3": 19.02346420288086, 
    "id": "spec-1722-53852-0185-QSOs-101", 
    "F_675_3": 18.98967170715332, 
    "F_737_3": 18.99112892150879, 
    "F_396_3": 19.11452865600586, 
    "F_365_3": 19.260398864746094, 
    "F_613_3": 19.00078582763672, 
    "F_706_3": 18.979190826416016, 
    "F_923_3": 18.835498809814453, 
    "F_458_3": 19.303180694580078, 
    "F_768_3": 19.00372314453125, 
    "Z": 1.0915666818618774, 
    "F_799_3": 19.041847229003906, 
    "F_427_3": 19.266145706176758, 
    "F_489_3": 19.175569534301758, 
    "F_954_3": Infinity, 
    "F_830_3": 19.057401657104492, 
    "F_582_3": 18.832725524902344, 
    "F_520_3": 19.08500862121582, 
    "F_892_3": 18.924604415893555
}