{
    "F_644_3": 19.653108596801758, 
    "F_551_3": 19.9204158782959, 
    "F_861_3": 19.305267333984375, 
    "id": "spec-0754-52232-0481-QSOs-101", 
    "F_675_3": 19.57546043395996, 
    "F_737_3": 19.514116287231445, 
    "F_396_3": 19.813945770263672, 
    "F_365_3": 19.751737594604492, 
    "F_613_3": 19.692142486572266, 
    "F_706_3": 19.349285125732422, 
    "F_923_3": 19.341339111328125, 
    "F_458_3": 19.966176986694336, 
    "F_768_3": 19.548831939697266, 
    "Z": 1.500779390335083, 
    "F_799_3": 19.37263298034668, 
    "F_427_3": 20.011978149414062, 
    "F_489_3": 19.85670280456543, 
    "F_954_3": Infinity, 
    "F_830_3": 19.37058448791504, 
    "F_582_3": 19.781112670898438, 
    "F_520_3": 19.939279556274414, 
    "F_892_3": 19.252836227416992
}