{
    "F_644_3": 21.00490951538086, 
    "F_551_3": 21.004167556762695, 
    "F_861_3": 20.83169174194336, 
    "id": "spec-4196-55478-0951-QSOs-101", 
    "F_675_3": 20.965789794921875, 
    "F_737_3": 20.731464385986328, 
    "F_396_3": 21.89439582824707, 
    "F_365_3": 21.64134407043457, 
    "F_613_3": 21.129955291748047, 
    "F_706_3": 20.90196990966797, 
    "F_923_3": 20.829317092895508, 
    "F_458_3": 21.785839080810547, 
    "F_768_3": 20.83734893798828, 
    "Z": 1.0123294591903687, 
    "F_799_3": 20.92401123046875, 
    "F_427_3": 22.044750213623047, 
    "F_489_3": 21.47824478149414, 
    "F_954_3": 20.870933532714844, 
    "F_830_3": 20.916837692260742, 
    "F_582_3": 21.081052780151367, 
    "F_520_3": 21.433490753173828, 
    "F_892_3": 20.852624893188477
}