{
    "F_644_3": Infinity, 
    "F_551_3": 18.514720916748047, 
    "F_861_3": Infinity, 
    "id": "spec-1329-52767-0106-QSOs-101", 
    "F_675_3": Infinity, 
    "F_737_3": Infinity, 
    "F_396_3": 18.91101837158203, 
    "F_365_3": 18.737028121948242, 
    "F_613_3": 18.67418670654297, 
    "F_706_3": Infinity, 
    "F_923_3": Infinity, 
    "F_458_3": 18.943702697753906, 
    "F_768_3": Infinity, 
    "Z": 1.0150423049926758, 
    "F_799_3": Infinity, 
    "F_427_3": 19.012035369873047, 
    "F_489_3": 18.781660079956055, 
    "F_954_3": Infinity, 
    "F_830_3": Infinity, 
    "F_582_3": 18.499553680419922, 
    "F_520_3": 18.735837936401367, 
    "F_892_3": Infinity
}