{
    "F_644_3": 20.285659790039062, 
    "F_551_3": 20.138671875, 
    "F_861_3": 20.196931838989258, 
    "id": "spec-6755-56413-0150-QSOs-101", 
    "F_675_3": 20.289051055908203, 
    "F_737_3": 20.31924057006836, 
    "F_396_3": 20.238380432128906, 
    "F_365_3": 20.245128631591797, 
    "F_613_3": 20.361413955688477, 
    "F_706_3": 20.309524536132812, 
    "F_923_3": 20.048480987548828, 
    "F_458_3": 20.417102813720703, 
    "F_768_3": 20.305679321289062, 
    "Z": 1.013307809829712, 
    "F_799_3": 20.291370391845703, 
    "F_427_3": 20.383634567260742, 
    "F_489_3": 20.33082389831543, 
    "F_954_3": 20.046125411987305, 
    "F_830_3": 20.29623031616211, 
    "F_582_3": 20.167823791503906, 
    "F_520_3": 20.352317810058594, 
    "F_892_3": 20.144262313842773
}