{
    "F_644_3": 19.05643653869629, 
    "F_551_3": 19.08833885192871, 
    "F_861_3": 18.964399337768555, 
    "id": "spec-0853-52374-0228-QSOs-101", 
    "F_675_3": 18.961589813232422, 
    "F_737_3": 19.01449203491211, 
    "F_396_3": 18.971935272216797, 
    "F_365_3": 19.099292755126953, 
    "F_613_3": 18.991031646728516, 
    "F_706_3": 19.008665084838867, 
    "F_923_3": 18.722457885742188, 
    "F_458_3": 19.196956634521484, 
    "F_768_3": 19.043947219848633, 
    "Z": 1.0932238101959229, 
    "F_799_3": 19.006675720214844, 
    "F_427_3": 19.0927791595459, 
    "F_489_3": 19.101566314697266, 
    "F_954_3": Infinity, 
    "F_830_3": 18.993656158447266, 
    "F_582_3": 18.89377784729004, 
    "F_520_3": 19.062007904052734, 
    "F_892_3": 18.810224533081055
}