{
    "F_644_3": 19.163818359375, 
    "F_551_3": 19.092931747436523, 
    "F_861_3": 19.27372932434082, 
    "id": "spec-2172-54230-0241-QSOs-101", 
    "F_675_3": 19.179243087768555, 
    "F_737_3": 19.237394332885742, 
    "F_396_3": 19.678895950317383, 
    "F_365_3": 19.383153915405273, 
    "F_613_3": 19.274372100830078, 
    "F_706_3": 19.209545135498047, 
    "F_923_3": 19.218416213989258, 
    "F_458_3": 19.534225463867188, 
    "F_768_3": 19.299785614013672, 
    "Z": 1.011310338973999, 
    "F_799_3": 19.436382293701172, 
    "F_427_3": 19.669048309326172, 
    "F_489_3": 19.355751037597656, 
    "F_954_3": Infinity, 
    "F_830_3": 19.390766143798828, 
    "F_582_3": 19.1205997467041, 
    "F_520_3": 19.299976348876953, 
    "F_892_3": 19.295202255249023
}