{
    "F_644_3": 20.5743350982666, 
    "F_551_3": 20.60665512084961, 
    "F_861_3": 20.4588565826416, 
    "id": "spec-6151-56265-0781-QSOs-101", 
    "F_675_3": 20.590816497802734, 
    "F_737_3": 20.559345245361328, 
    "F_396_3": 20.91097640991211, 
    "F_365_3": 20.923484802246094, 
    "F_613_3": 20.67344093322754, 
    "F_706_3": 20.556114196777344, 
    "F_923_3": 20.363204956054688, 
    "F_458_3": 21.003572463989258, 
    "F_768_3": 20.511079788208008, 
    "Z": 1.0114775896072388, 
    "F_799_3": 20.534252166748047, 
    "F_427_3": 21.04595375061035, 
    "F_489_3": 20.838857650756836, 
    "F_954_3": 20.44260597229004, 
    "F_830_3": 20.5385684967041, 
    "F_582_3": 20.634801864624023, 
    "F_520_3": 20.806638717651367, 
    "F_892_3": 20.406476974487305
}