{
    "F_644_3": 19.60565948486328, 
    "F_551_3": 19.608692169189453, 
    "F_861_3": 19.4574031829834, 
    "id": "spec-7407-56772-0749-QSOs-101", 
    "F_675_3": 19.594810485839844, 
    "F_737_3": 19.56472396850586, 
    "F_396_3": 19.969501495361328, 
    "F_365_3": 19.964412689208984, 
    "F_613_3": 19.69327735900879, 
    "F_706_3": 19.593189239501953, 
    "F_923_3": 19.34775733947754, 
    "F_458_3": 19.98182487487793, 
    "F_768_3": 19.544504165649414, 
    "Z": 1.0109174251556396, 
    "F_799_3": 19.54781723022461, 
    "F_427_3": 20.03870964050293, 
    "F_489_3": 19.82596778869629, 
    "F_954_3": 19.389780044555664, 
    "F_830_3": 19.525728225708008, 
    "F_582_3": 19.617525100708008, 
    "F_520_3": 19.792423248291016, 
    "F_892_3": 19.377534866333008
}