{
    "F_644_3": 20.04547882080078, 
    "F_551_3": 19.897539138793945, 
    "F_861_3": 19.908418655395508, 
    "id": "spec-7512-56777-0460-QSOs-101", 
    "F_675_3": 20.07793617248535, 
    "F_737_3": 20.131637573242188, 
    "F_396_3": 20.567230224609375, 
    "F_365_3": 20.717195510864258, 
    "F_613_3": 20.116743087768555, 
    "F_706_3": 20.07462501525879, 
    "F_923_3": 19.717164993286133, 
    "F_458_3": 20.388351440429688, 
    "F_768_3": 20.09011459350586, 
    "Z": 1.0116355419158936, 
    "F_799_3": 20.091062545776367, 
    "F_427_3": 20.518781661987305, 
    "F_489_3": 20.24221420288086, 
    "F_954_3": 19.799570083618164, 
    "F_830_3": 20.028596878051758, 
    "F_582_3": 19.975866317749023, 
    "F_520_3": 20.209705352783203, 
    "F_892_3": 19.857629776000977
}