{
    "F_644_3": 21.037710189819336, 
    "F_551_3": 21.124374389648438, 
    "F_861_3": 20.549652099609375, 
    "id": "spec-6260-56568-0274-QSOs-101", 
    "F_675_3": 21.034181594848633, 
    "F_737_3": 20.946996688842773, 
    "F_396_3": 21.299692153930664, 
    "F_365_3": 21.16349983215332, 
    "F_613_3": 21.125181198120117, 
    "F_706_3": 21.019306182861328, 
    "F_923_3": 20.384233474731445, 
    "F_458_3": 21.46514320373535, 
    "F_768_3": 20.78495979309082, 
    "Z": 1.0132280588150024, 
    "F_799_3": 20.692543029785156, 
    "F_427_3": 21.442790985107422, 
    "F_489_3": 21.376840591430664, 
    "F_954_3": 20.333717346191406, 
    "F_830_3": 20.632139205932617, 
    "F_582_3": 21.09386444091797, 
    "F_520_3": 21.33487892150879, 
    "F_892_3": 20.451099395751953
}