{
    "F_644_3": 20.019092559814453, 
    "F_551_3": 20.18790626525879, 
    "F_861_3": 19.739559173583984, 
    "id": "spec-0768-52281-0409-QSOs-101", 
    "F_675_3": 19.948392868041992, 
    "F_737_3": 19.84661102294922, 
    "F_396_3": 20.262781143188477, 
    "F_365_3": 20.58547592163086, 
    "F_613_3": 20.03485107421875, 
    "F_706_3": 19.90966033935547, 
    "F_923_3": 19.44253158569336, 
    "F_458_3": 20.401002883911133, 
    "F_768_3": 19.7871036529541, 
    "Z": 1.0909475088119507, 
    "F_799_3": 19.85437774658203, 
    "F_427_3": 20.428991317749023, 
    "F_489_3": 20.303878784179688, 
    "F_954_3": Infinity, 
    "F_830_3": 19.821115493774414, 
    "F_582_3": 20.0109806060791, 
    "F_520_3": 20.20905113220215, 
    "F_892_3": 19.50885009765625
}