{
    "F_644_3": 19.250579833984375, 
    "F_551_3": 19.405338287353516, 
    "F_861_3": 19.203645706176758, 
    "id": "spec-1450-53120-0573-QSOs-101", 
    "F_675_3": 19.22579002380371, 
    "F_737_3": 19.163175582885742, 
    "F_396_3": 19.146373748779297, 
    "F_365_3": 19.10175132751465, 
    "F_613_3": 19.272611618041992, 
    "F_706_3": 19.01848602294922, 
    "F_923_3": 19.127086639404297, 
    "F_458_3": 19.288053512573242, 
    "F_768_3": 19.187971115112305, 
    "Z": 1.5046637058258057, 
    "F_799_3": 19.13857078552246, 
    "F_427_3": 19.327178955078125, 
    "F_489_3": 19.257686614990234, 
    "F_954_3": Infinity, 
    "F_830_3": 19.173303604125977, 
    "F_582_3": 19.300090789794922, 
    "F_520_3": 19.34842300415039, 
    "F_892_3": 19.111873626708984
}