{
    "F_644_3": 19.347810745239258, 
    "F_551_3": 19.68020248413086, 
    "F_861_3": 18.93845558166504, 
    "id": "spec-6588-56536-0567-QSOs-101", 
    "F_675_3": 19.252674102783203, 
    "F_737_3": 19.142969131469727, 
    "F_396_3": 19.628803253173828, 
    "F_365_3": 19.983259201049805, 
    "F_613_3": 19.3859806060791, 
    "F_706_3": 19.047630310058594, 
    "F_923_3": 18.924638748168945, 
    "F_458_3": 19.80208969116211, 
    "F_768_3": 19.122121810913086, 
    "Z": 1.5008834600448608, 
    "F_799_3": 19.019302368164062, 
    "F_427_3": 19.886375427246094, 
    "F_489_3": 19.678010940551758, 
    "F_954_3": 18.96603012084961, 
    "F_830_3": 18.99186134338379, 
    "F_582_3": 19.517250061035156, 
    "F_520_3": 19.706754684448242, 
    "F_892_3": 18.960840225219727
}