{
    "F_644_3": 21.15970802307129, 
    "F_551_3": 21.19293975830078, 
    "F_861_3": 21.0438289642334, 
    "id": "spec-7515-56781-0387-QSOs-101", 
    "F_675_3": 21.14838218688965, 
    "F_737_3": 21.157041549682617, 
    "F_396_3": 21.84148597717285, 
    "F_365_3": 21.612932205200195, 
    "F_613_3": 21.244243621826172, 
    "F_706_3": 21.164012908935547, 
    "F_923_3": 20.9246826171875, 
    "F_458_3": 21.695541381835938, 
    "F_768_3": 21.148395538330078, 
    "Z": 1.01130211353302, 
    "F_799_3": 21.188846588134766, 
    "F_427_3": 21.73783302307129, 
    "F_489_3": 21.48189926147461, 
    "F_954_3": 20.7933349609375, 
    "F_830_3": 21.144498825073242, 
    "F_582_3": 21.217981338500977, 
    "F_520_3": 21.411487579345703, 
    "F_892_3": 20.931447982788086
}