{
    "F_644_3": 18.192014694213867, 
    "F_551_3": 18.15935707092285, 
    "F_861_3": 18.29061508178711, 
    "id": "spec-1291-52738-0378-QSOs-101", 
    "F_675_3": 18.19230842590332, 
    "F_737_3": 18.212926864624023, 
    "F_396_3": 18.361228942871094, 
    "F_365_3": 18.200969696044922, 
    "F_613_3": 18.259111404418945, 
    "F_706_3": 18.20277976989746, 
    "F_923_3": 18.216880798339844, 
    "F_458_3": 18.434463500976562, 
    "F_768_3": 18.271183013916016, 
    "Z": 1.011252760887146, 
    "F_799_3": 18.33063507080078, 
    "F_427_3": 18.463699340820312, 
    "F_489_3": 18.344680786132812, 
    "F_954_3": Infinity, 
    "F_830_3": 18.33229637145996, 
    "F_582_3": 18.190834045410156, 
    "F_520_3": 18.327211380004883, 
    "F_892_3": 18.28508186340332
}