{
    "F_644_3": 20.72495460510254, 
    "F_551_3": 20.851892471313477, 
    "F_861_3": 20.520549774169922, 
    "id": "spec-7516-56782-0053-QSOs-101", 
    "F_675_3": 20.633800506591797, 
    "F_737_3": 20.499732971191406, 
    "F_396_3": 21.426868438720703, 
    "F_365_3": 21.326866149902344, 
    "F_613_3": 20.849794387817383, 
    "F_706_3": 20.641529083251953, 
    "F_923_3": 20.522769927978516, 
    "F_458_3": 21.32660484313965, 
    "F_768_3": 20.615829467773438, 
    "Z": 1.0129473209381104, 
    "F_799_3": 20.61040687561035, 
    "F_427_3": 21.457805633544922, 
    "F_489_3": 21.143943786621094, 
    "F_954_3": 20.36646270751953, 
    "F_830_3": 20.62955093383789, 
    "F_582_3": 20.820480346679688, 
    "F_520_3": 21.104442596435547, 
    "F_892_3": 20.55327033996582
}