{
    "F_644_3": 20.31456756591797, 
    "F_551_3": 20.298917770385742, 
    "F_861_3": 20.344911575317383, 
    "id": "spec-6671-56388-0564-QSOs-101", 
    "F_675_3": 20.346036911010742, 
    "F_737_3": 20.38593101501465, 
    "F_396_3": 20.633066177368164, 
    "F_365_3": 20.56777000427246, 
    "F_613_3": 20.457897186279297, 
    "F_706_3": 20.382707595825195, 
    "F_923_3": 20.219587326049805, 
    "F_458_3": 20.668743133544922, 
    "F_768_3": 20.40599822998047, 
    "Z": 1.0138300657272339, 
    "F_799_3": 20.467193603515625, 
    "F_427_3": 20.70846176147461, 
    "F_489_3": 20.534162521362305, 
    "F_954_3": 20.324356079101562, 
    "F_830_3": 20.417098999023438, 
    "F_582_3": 20.329103469848633, 
    "F_520_3": 20.51228904724121, 
    "F_892_3": 20.32703971862793
}