{
    "F_644_3": 19.81695556640625, 
    "F_551_3": 19.90892219543457, 
    "F_861_3": 19.767879486083984, 
    "id": "spec-1191-52674-0564-QSOs-101", 
    "F_675_3": 19.67676544189453, 
    "F_737_3": 19.737882614135742, 
    "F_396_3": 20.14698028564453, 
    "F_365_3": 20.487098693847656, 
    "F_613_3": 19.7495059967041, 
    "F_706_3": 19.70291519165039, 
    "F_923_3": 19.588523864746094, 
    "F_458_3": 20.206687927246094, 
    "F_768_3": 19.752939224243164, 
    "Z": 1.0951056480407715, 
    "F_799_3": 19.756534576416016, 
    "F_427_3": 20.263216018676758, 
    "F_489_3": 20.031177520751953, 
    "F_954_3": Infinity, 
    "F_830_3": 19.785337448120117, 
    "F_582_3": 19.616802215576172, 
    "F_520_3": 19.929771423339844, 
    "F_892_3": 19.6876277923584
}