{
    "F_644_3": 20.46245002746582, 
    "F_551_3": 20.702377319335938, 
    "F_861_3": 20.385427474975586, 
    "id": "spec-6395-56354-0855-QSOs-101", 
    "F_675_3": 20.377361297607422, 
    "F_737_3": 20.310287475585938, 
    "F_396_3": 21.224515914916992, 
    "F_365_3": 21.308988571166992, 
    "F_613_3": 20.504730224609375, 
    "F_706_3": 20.30660629272461, 
    "F_923_3": 20.18045997619629, 
    "F_458_3": 21.170513153076172, 
    "F_768_3": 20.209651947021484, 
    "Z": 1.0920977592468262, 
    "F_799_3": 20.285037994384766, 
    "F_427_3": 21.2802734375, 
    "F_489_3": 20.872440338134766, 
    "F_954_3": 20.33761978149414, 
    "F_830_3": 20.38656997680664, 
    "F_582_3": 20.383140563964844, 
    "F_520_3": 20.719802856445312, 
    "F_892_3": 20.381948471069336
}