{
    "F_644_3": 19.79549217224121, 
    "F_551_3": 19.687467575073242, 
    "F_861_3": 19.654632568359375, 
    "id": "spec-4206-55471-0678-QSOs-101", 
    "F_675_3": 19.79340171813965, 
    "F_737_3": 19.79559326171875, 
    "F_396_3": 20.067668914794922, 
    "F_365_3": 20.158935546875, 
    "F_613_3": 19.87333869934082, 
    "F_706_3": 19.822336196899414, 
    "F_923_3": 19.551570892333984, 
    "F_458_3": 20.190486907958984, 
    "F_768_3": 19.805885314941406, 
    "Z": 1.0110973119735718, 
    "F_799_3": 19.852405548095703, 
    "F_427_3": 20.255861282348633, 
    "F_489_3": 19.983585357666016, 
    "F_954_3": 19.634618759155273, 
    "F_830_3": 19.771766662597656, 
    "F_582_3": 19.748632431030273, 
    "F_520_3": 19.955446243286133, 
    "F_892_3": 19.659679412841797
}