{
    "F_644_3": 19.239234924316406, 
    "F_551_3": 19.50689697265625, 
    "F_861_3": 19.154281616210938, 
    "id": "spec-1051-52468-0538-QSOs-101", 
    "F_675_3": 19.135173797607422, 
    "F_737_3": 19.09571647644043, 
    "F_396_3": 19.806074142456055, 
    "F_365_3": 19.72588539123535, 
    "F_613_3": 19.277074813842773, 
    "F_706_3": 19.070032119750977, 
    "F_923_3": 18.80508804321289, 
    "F_458_3": 19.884910583496094, 
    "F_768_3": 19.036781311035156, 
    "Z": 1.0929445028305054, 
    "F_799_3": 19.010223388671875, 
    "F_427_3": 19.956642150878906, 
    "F_489_3": 19.665388107299805, 
    "F_954_3": Infinity, 
    "F_830_3": 19.111413955688477, 
    "F_582_3": 19.221193313598633, 
    "F_520_3": 19.547983169555664, 
    "F_892_3": 19.073068618774414
}