{
    "F_644_3": 20.862377166748047, 
    "F_551_3": 20.762235641479492, 
    "F_861_3": 20.811138153076172, 
    "id": "spec-7406-56805-0924-QSOs-101", 
    "F_675_3": 20.9370059967041, 
    "F_737_3": 20.931167602539062, 
    "F_396_3": 21.61663818359375, 
    "F_365_3": 21.633150100708008, 
    "F_613_3": 21.003673553466797, 
    "F_706_3": 20.94645881652832, 
    "F_923_3": 20.59428596496582, 
    "F_458_3": 21.39468002319336, 
    "F_768_3": 20.958688735961914, 
    "Z": 1.012782096862793, 
    "F_799_3": 21.039207458496094, 
    "F_427_3": 21.651628494262695, 
    "F_489_3": 21.106233596801758, 
    "F_954_3": 20.798078536987305, 
    "F_830_3": 20.91518211364746, 
    "F_582_3": 20.879941940307617, 
    "F_520_3": 21.07443618774414, 
    "F_892_3": 20.86391258239746
}