{
    "F_644_3": 21.45416259765625, 
    "F_551_3": 21.349353790283203, 
    "F_861_3": 21.652803421020508, 
    "id": "spec-4213-55449-0884-QSOs-101", 
    "F_675_3": 21.539623260498047, 
    "F_737_3": 21.645870208740234, 
    "F_396_3": 21.471803665161133, 
    "F_365_3": 21.324214935302734, 
    "F_613_3": 21.508617401123047, 
    "F_706_3": 21.56607437133789, 
    "F_923_3": 21.31163787841797, 
    "F_458_3": 21.698625564575195, 
    "F_768_3": 21.683382034301758, 
    "Z": 1.010199785232544, 
    "F_799_3": 21.68918800354004, 
    "F_427_3": 21.73019790649414, 
    "F_489_3": 21.54665184020996, 
    "F_954_3": 21.45524024963379, 
    "F_830_3": 21.7136173248291, 
    "F_582_3": 21.349225997924805, 
    "F_520_3": 21.561460494995117, 
    "F_892_3": 21.491390228271484
}