{
    "F_644_3": 18.00655174255371, 
    "F_551_3": 18.065826416015625, 
    "F_861_3": 17.965373992919922, 
    "id": "spec-0541-51959-0203-QSOs-101", 
    "F_675_3": 17.987735748291016, 
    "F_737_3": 18.002073287963867, 
    "F_396_3": 18.52388572692871, 
    "F_365_3": 18.447280883789062, 
    "F_613_3": 18.073162078857422, 
    "F_706_3": 17.98680877685547, 
    "F_923_3": 17.871829986572266, 
    "F_458_3": 18.43212127685547, 
    "F_768_3": 18.01022720336914, 
    "Z": 1.0125038623809814, 
    "F_799_3": 18.05797576904297, 
    "F_427_3": 18.502830505371094, 
    "F_489_3": 18.28382110595703, 
    "F_954_3": Infinity, 
    "F_830_3": 18.03046417236328, 
    "F_582_3": 18.036026000976562, 
    "F_520_3": 18.21250343322754, 
    "F_892_3": 17.944108963012695
}