{
    "F_644_3": 21.560319900512695, 
    "F_551_3": 21.683351516723633, 
    "F_861_3": 21.018081665039062, 
    "id": "spec-4217-55478-0708-QSOs-101", 
    "F_675_3": 21.396007537841797, 
    "F_737_3": 21.29560089111328, 
    "F_396_3": 22.376819610595703, 
    "F_365_3": 22.31166648864746, 
    "F_613_3": 21.521421432495117, 
    "F_706_3": 21.39098358154297, 
    "F_923_3": 20.690128326416016, 
    "F_458_3": 22.49453353881836, 
    "F_768_3": 21.135971069335938, 
    "Z": 1.0908595323562622, 
    "F_799_3": 21.072708129882812, 
    "F_427_3": 22.50379180908203, 
    "F_489_3": 22.10516357421875, 
    "F_954_3": 20.66634178161621, 
    "F_830_3": 21.06972312927246, 
    "F_582_3": 21.27876853942871, 
    "F_520_3": 21.894062042236328, 
    "F_892_3": 20.855798721313477
}