{
    "F_644_3": 19.694252014160156, 
    "F_551_3": 19.57729148864746, 
    "F_861_3": 19.740459442138672, 
    "id": "spec-2947-54533-0095-QSOs-101", 
    "F_675_3": 19.714876174926758, 
    "F_737_3": 19.784732818603516, 
    "F_396_3": 19.80748748779297, 
    "F_365_3": 19.707195281982422, 
    "F_613_3": 19.79308319091797, 
    "F_706_3": 19.75889015197754, 
    "F_923_3": 19.742019653320312, 
    "F_458_3": 19.9466495513916, 
    "F_768_3": 19.795841217041016, 
    "Z": 1.0106579065322876, 
    "F_799_3": 19.872562408447266, 
    "F_427_3": 19.935054779052734, 
    "F_489_3": 19.82340431213379, 
    "F_954_3": Infinity, 
    "F_830_3": 19.8253116607666, 
    "F_582_3": 19.633710861206055, 
    "F_520_3": 19.786832809448242, 
    "F_892_3": 19.711196899414062
}