{
    "F_644_3": 18.31216049194336, 
    "F_551_3": 18.365577697753906, 
    "F_861_3": 18.164649963378906, 
    "id": "spec-0308-51662-0480-QSOs-101", 
    "F_675_3": 18.329683303833008, 
    "F_737_3": 18.339588165283203, 
    "F_396_3": 18.851539611816406, 
    "F_365_3": 18.810813903808594, 
    "F_613_3": 18.41851234436035, 
    "F_706_3": 18.332490921020508, 
    "F_923_3": 18.00050163269043, 
    "F_458_3": 18.823213577270508, 
    "F_768_3": 18.332759857177734, 
    "Z": 1.0152713060379028, 
    "F_799_3": 18.343692779541016, 
    "F_427_3": 18.90770721435547, 
    "F_489_3": 18.61383628845215, 
    "F_954_3": Infinity, 
    "F_830_3": 18.288124084472656, 
    "F_582_3": 18.33890724182129, 
    "F_520_3": 18.560565948486328, 
    "F_892_3": 18.105180740356445
}