{
    "F_644_3": 21.485370635986328, 
    "F_551_3": 21.34566879272461, 
    "F_861_3": 21.40928840637207, 
    "id": "spec-6622-56365-0240-QSOs-101", 
    "F_675_3": 21.515413284301758, 
    "F_737_3": 21.513988494873047, 
    "F_396_3": 21.748291015625, 
    "F_365_3": 21.629133224487305, 
    "F_613_3": 21.512556076049805, 
    "F_706_3": 21.541492462158203, 
    "F_923_3": 21.189804077148438, 
    "F_458_3": 21.7681827545166, 
    "F_768_3": 21.524219512939453, 
    "Z": 1.010779619216919, 
    "F_799_3": 21.526174545288086, 
    "F_427_3": 21.8599853515625, 
    "F_489_3": 21.547069549560547, 
    "F_954_3": 20.853179931640625, 
    "F_830_3": 21.468772888183594, 
    "F_582_3": 21.400619506835938, 
    "F_520_3": 21.573814392089844, 
    "F_892_3": 21.228805541992188
}