{
    "F_644_3": 20.08153533935547, 
    "F_551_3": 20.07121467590332, 
    "F_861_3": 20.163516998291016, 
    "id": "spec-6436-56363-0140-QSOs-101", 
    "F_675_3": 20.071666717529297, 
    "F_737_3": 20.0775203704834, 
    "F_396_3": 20.63104248046875, 
    "F_365_3": 20.70660972595215, 
    "F_613_3": 20.194602966308594, 
    "F_706_3": 20.075111389160156, 
    "F_923_3": 20.117782592773438, 
    "F_458_3": 20.571117401123047, 
    "F_768_3": 20.14886474609375, 
    "Z": 1.0132883787155151, 
    "F_799_3": 20.244029998779297, 
    "F_427_3": 20.687788009643555, 
    "F_489_3": 20.3603572845459, 
    "F_954_3": 20.177337646484375, 
    "F_830_3": 20.22812843322754, 
    "F_582_3": 20.120136260986328, 
    "F_520_3": 20.3238468170166, 
    "F_892_3": 20.178895950317383
}