{
    "F_644_3": 18.778018951416016, 
    "F_551_3": 18.70832633972168, 
    "F_861_3": 18.880144119262695, 
    "id": "spec-2208-53880-0585-QSOs-101", 
    "F_675_3": 18.78409194946289, 
    "F_737_3": 18.86605453491211, 
    "F_396_3": 19.223941802978516, 
    "F_365_3": 18.88481903076172, 
    "F_613_3": 18.831401824951172, 
    "F_706_3": 18.81939697265625, 
    "F_923_3": 18.96216583251953, 
    "F_458_3": 19.04654884338379, 
    "F_768_3": 18.881906509399414, 
    "Z": 1.010833501815796, 
    "F_799_3": 18.99248504638672, 
    "F_427_3": 19.169763565063477, 
    "F_489_3": 18.872705459594727, 
    "F_954_3": Infinity, 
    "F_830_3": 18.97939682006836, 
    "F_582_3": 18.734535217285156, 
    "F_520_3": 18.85978889465332, 
    "F_892_3": 18.956382751464844
}