{
    "F_644_3": 21.060373306274414, 
    "F_551_3": 20.892499923706055, 
    "F_861_3": 20.48575782775879, 
    "id": "spec-4988-55825-0335-QSOs-101", 
    "F_675_3": 21.040836334228516, 
    "F_737_3": 20.892393112182617, 
    "F_396_3": 22.07781410217285, 
    "F_365_3": 21.87257957458496, 
    "F_613_3": 21.175100326538086, 
    "F_706_3": 21.046829223632812, 
    "F_923_3": 20.25559425354004, 
    "F_458_3": 21.829605102539062, 
    "F_768_3": 20.863069534301758, 
    "Z": 1.0121678113937378, 
    "F_799_3": 20.765213012695312, 
    "F_427_3": 22.102787017822266, 
    "F_489_3": 21.565628051757812, 
    "F_954_3": 20.212604522705078, 
    "F_830_3": 20.64870262145996, 
    "F_582_3": 20.938241958618164, 
    "F_520_3": 21.399927139282227, 
    "F_892_3": 20.36686134338379
}