{
    "F_644_3": 20.48267936706543, 
    "F_551_3": 20.481931686401367, 
    "F_861_3": 20.20100212097168, 
    "id": "spec-7374-56751-0348-QSOs-101", 
    "F_675_3": 20.51325225830078, 
    "F_737_3": 20.41210174560547, 
    "F_396_3": 21.30214500427246, 
    "F_365_3": 21.250295639038086, 
    "F_613_3": 20.63814353942871, 
    "F_706_3": 20.4993953704834, 
    "F_923_3": 20.058324813842773, 
    "F_458_3": 21.24582862854004, 
    "F_768_3": 20.358081817626953, 
    "Z": 1.011959433555603, 
    "F_799_3": 20.358829498291016, 
    "F_427_3": 21.44832420349121, 
    "F_489_3": 20.951824188232422, 
    "F_954_3": 19.917743682861328, 
    "F_830_3": 20.273775100708008, 
    "F_582_3": 20.489850997924805, 
    "F_520_3": 20.86342430114746, 
    "F_892_3": 20.066471099853516
}