{
    "F_644_3": 19.975276947021484, 
    "F_551_3": 20.092613220214844, 
    "F_861_3": 19.605274200439453, 
    "id": "spec-5876-56042-0734-QSOs-101", 
    "F_675_3": 19.921741485595703, 
    "F_737_3": 19.864013671875, 
    "F_396_3": 20.81781578063965, 
    "F_365_3": 21.027292251586914, 
    "F_613_3": 20.10188102722168, 
    "F_706_3": 19.93012237548828, 
    "F_923_3": 19.42157554626465, 
    "F_458_3": 20.763879776000977, 
    "F_768_3": 19.862102508544922, 
    "Z": 1.0123337507247925, 
    "F_799_3": 19.794918060302734, 
    "F_427_3": 20.93682289123535, 
    "F_489_3": 20.4993953704834, 
    "F_954_3": 19.40091323852539, 
    "F_830_3": 19.722196578979492, 
    "F_582_3": 19.975574493408203, 
    "F_520_3": 20.38460922241211, 
    "F_892_3": 19.499279022216797
}