{
    "F_644_3": 18.707983016967773, 
    "F_551_3": 18.887184143066406, 
    "F_861_3": 18.579580307006836, 
    "id": "spec-2348-53757-0622-QSOs-101", 
    "F_675_3": 18.618501663208008, 
    "F_737_3": 18.603017807006836, 
    "F_396_3": 19.067707061767578, 
    "F_365_3": 19.316452026367188, 
    "F_613_3": 18.68381118774414, 
    "F_706_3": 18.61449432373047, 
    "F_923_3": 18.27613067626953, 
    "F_458_3": 19.20350456237793, 
    "F_768_3": 18.59425163269043, 
    "Z": 1.0921313762664795, 
    "F_799_3": 18.6041316986084, 
    "F_427_3": 19.212081909179688, 
    "F_489_3": 19.006193161010742, 
    "F_954_3": Infinity, 
    "F_830_3": 18.61058807373047, 
    "F_582_3": 18.650419235229492, 
    "F_520_3": 18.89605140686035, 
    "F_892_3": 18.51753044128418
}