{
    "F_644_3": 18.6639461517334, 
    "F_551_3": 18.60182762145996, 
    "F_861_3": 18.819549560546875, 
    "id": "spec-2514-53882-0403-QSOs-101", 
    "F_675_3": 18.683279037475586, 
    "F_737_3": 18.708740234375, 
    "F_396_3": 18.74407386779785, 
    "F_365_3": 18.438447952270508, 
    "F_613_3": 18.730913162231445, 
    "F_706_3": 18.702688217163086, 
    "F_923_3": 18.9252872467041, 
    "F_458_3": 18.868860244750977, 
    "F_768_3": 18.745655059814453, 
    "Z": 1.0113297700881958, 
    "F_799_3": 18.82431983947754, 
    "F_427_3": 18.878833770751953, 
    "F_489_3": 18.77029037475586, 
    "F_954_3": Infinity, 
    "F_830_3": 18.864242553710938, 
    "F_582_3": 18.645750045776367, 
    "F_520_3": 18.757369995117188, 
    "F_892_3": 18.751724243164062
}