{
    "F_644_3": 18.959976196289062, 
    "F_551_3": 18.93058967590332, 
    "F_861_3": 18.996158599853516, 
    "id": "spec-1043-52465-0178-QSOs-101", 
    "F_675_3": 18.959049224853516, 
    "F_737_3": 18.990320205688477, 
    "F_396_3": 19.16189193725586, 
    "F_365_3": 19.109132766723633, 
    "F_613_3": 19.032167434692383, 
    "F_706_3": 18.97127342224121, 
    "F_923_3": 18.939672470092773, 
    "F_458_3": 19.25109100341797, 
    "F_768_3": 18.97403907775879, 
    "Z": 1.0118929147720337, 
    "F_799_3": 18.9396915435791, 
    "F_427_3": 19.259719848632812, 
    "F_489_3": 19.139034271240234, 
    "F_954_3": Infinity, 
    "F_830_3": 19.027210235595703, 
    "F_582_3": 18.926992416381836, 
    "F_520_3": 19.088272094726562, 
    "F_892_3": 19.00634765625
}