{
    "F_644_3": Infinity, 
    "F_551_3": 18.189626693725586, 
    "F_861_3": Infinity, 
    "id": "spec-0884-52374-0146-QSOs-101", 
    "F_675_3": Infinity, 
    "F_737_3": Infinity, 
    "F_396_3": 18.311782836914062, 
    "F_365_3": 18.412384033203125, 
    "F_613_3": 18.082185745239258, 
    "F_706_3": Infinity, 
    "F_923_3": Infinity, 
    "F_458_3": 18.428625106811523, 
    "F_768_3": Infinity, 
    "Z": 1.0914232730865479, 
    "F_799_3": Infinity, 
    "F_427_3": 18.418624877929688, 
    "F_489_3": 18.292991638183594, 
    "F_954_3": Infinity, 
    "F_830_3": Infinity, 
    "F_582_3": 17.9741153717041, 
    "F_520_3": 18.21017837524414, 
    "F_892_3": Infinity
}