{
    "F_644_3": 18.993627548217773, 
    "F_551_3": 19.171287536621094, 
    "F_861_3": 18.83613395690918, 
    "id": "spec-1281-52753-0417-QSOs-101", 
    "F_675_3": 18.93001365661621, 
    "F_737_3": 18.885488510131836, 
    "F_396_3": 18.870882034301758, 
    "F_365_3": 19.086257934570312, 
    "F_613_3": 19.003646850585938, 
    "F_706_3": 18.727996826171875, 
    "F_923_3": 18.892236709594727, 
    "F_458_3": 19.108240127563477, 
    "F_768_3": 18.92334747314453, 
    "Z": 1.5042296648025513, 
    "F_799_3": 18.84454917907715, 
    "F_427_3": 19.130443572998047, 
    "F_489_3": 19.04462242126465, 
    "F_954_3": Infinity, 
    "F_830_3": 18.846052169799805, 
    "F_582_3": 19.07564926147461, 
    "F_520_3": 19.161205291748047, 
    "F_892_3": 18.8304500579834
}