{
    "F_644_3": 20.116296768188477, 
    "F_551_3": 20.00187873840332, 
    "F_861_3": 20.108768463134766, 
    "id": "spec-3754-55488-0550-QSOs-101", 
    "F_675_3": 20.102373123168945, 
    "F_737_3": 20.1369571685791, 
    "F_396_3": 20.759737014770508, 
    "F_365_3": 20.917156219482422, 
    "F_613_3": 20.202735900878906, 
    "F_706_3": 20.134193420410156, 
    "F_923_3": 20.03908348083496, 
    "F_458_3": 20.59556007385254, 
    "F_768_3": 20.133480072021484, 
    "Z": 1.011169195175171, 
    "F_799_3": 20.162752151489258, 
    "F_427_3": 20.76137351989746, 
    "F_489_3": 20.376541137695312, 
    "F_954_3": 20.077274322509766, 
    "F_830_3": 20.17255973815918, 
    "F_582_3": 20.06233024597168, 
    "F_520_3": 20.30154800415039, 
    "F_892_3": 20.038986206054688
}