{
    "F_644_3": 18.169729232788086, 
    "F_551_3": 18.27019691467285, 
    "F_861_3": 18.101333618164062, 
    "id": "spec-0512-51992-0406-QSOs-101", 
    "F_675_3": 18.07439422607422, 
    "F_737_3": 18.083545684814453, 
    "F_396_3": 18.192087173461914, 
    "F_365_3": 18.302330017089844, 
    "F_613_3": 18.116214752197266, 
    "F_706_3": 18.09221839904785, 
    "F_923_3": 17.894817352294922, 
    "F_458_3": 18.44940757751465, 
    "F_768_3": 18.096153259277344, 
    "Z": 1.0934916734695435, 
    "F_799_3": 18.088695526123047, 
    "F_427_3": 18.378114700317383, 
    "F_489_3": 18.329805374145508, 
    "F_954_3": Infinity, 
    "F_830_3": 18.10614585876465, 
    "F_582_3": 18.051435470581055, 
    "F_520_3": 18.25811767578125, 
    "F_892_3": 18.007890701293945
}