{
    "F_644_3": 20.593814849853516, 
    "F_551_3": 20.492748260498047, 
    "F_861_3": 20.566171646118164, 
    "id": "spec-7327-56715-0330-QSOs-101", 
    "F_675_3": 20.624732971191406, 
    "F_737_3": 20.647724151611328, 
    "F_396_3": 20.459657669067383, 
    "F_365_3": 20.37554168701172, 
    "F_613_3": 20.697513580322266, 
    "F_706_3": 20.61572265625, 
    "F_923_3": 20.371213912963867, 
    "F_458_3": 20.715118408203125, 
    "F_768_3": 20.636043548583984, 
    "Z": 1.0135685205459595, 
    "F_799_3": 20.671411514282227, 
    "F_427_3": 20.657535552978516, 
    "F_489_3": 20.624300003051758, 
    "F_954_3": 20.251514434814453, 
    "F_830_3": 20.65131378173828, 
    "F_582_3": 20.518951416015625, 
    "F_520_3": 20.63482093811035, 
    "F_892_3": 20.459095001220703
}