{
    "F_644_3": 16.936553955078125, 
    "F_551_3": 16.859546661376953, 
    "F_861_3": 17.022443771362305, 
    "id": "spec-1430-53002-0630-QSOs-101", 
    "F_675_3": 16.923877716064453, 
    "F_737_3": 16.915145874023438, 
    "F_396_3": 17.170452117919922, 
    "F_365_3": 16.643213272094727, 
    "F_613_3": 16.997385025024414, 
    "F_706_3": 16.926401138305664, 
    "F_923_3": 17.10740852355957, 
    "F_458_3": 17.151092529296875, 
    "F_768_3": 16.956768035888672, 
    "Z": 1.0114989280700684, 
    "F_799_3": 17.058443069458008, 
    "F_427_3": 17.21390151977539, 
    "F_489_3": 17.01888084411621, 
    "F_954_3": Infinity, 
    "F_830_3": 17.064708709716797, 
    "F_582_3": 16.931995391845703, 
    "F_520_3": 17.01999282836914, 
    "F_892_3": 17.049123764038086
}