{
    "F_644_3": 18.58483123779297, 
    "F_551_3": 18.825088500976562, 
    "F_861_3": 18.43366241455078, 
    "id": "spec-1939-53389-0534-QSOs-101", 
    "F_675_3": 18.535297393798828, 
    "F_737_3": 18.44395637512207, 
    "F_396_3": 19.158477783203125, 
    "F_365_3": 19.231124877929688, 
    "F_613_3": 18.58167266845703, 
    "F_706_3": 18.405954360961914, 
    "F_923_3": 18.58151626586914, 
    "F_458_3": 18.961393356323242, 
    "F_768_3": 18.534313201904297, 
    "Z": 1.5009613037109375, 
    "F_799_3": 18.412094116210938, 
    "F_427_3": 19.07794952392578, 
    "F_489_3": 18.890701293945312, 
    "F_954_3": Infinity, 
    "F_830_3": 18.41497039794922, 
    "F_582_3": 18.730735778808594, 
    "F_520_3": 18.8553409576416, 
    "F_892_3": 18.51376724243164
}