{
    "F_644_3": 18.738428115844727, 
    "F_551_3": 18.677322387695312, 
    "F_861_3": 18.688325881958008, 
    "id": "spec-1294-52753-0202-QSOs-101", 
    "F_675_3": 18.762113571166992, 
    "F_737_3": 18.802196502685547, 
    "F_396_3": 18.946758270263672, 
    "F_365_3": 18.707170486450195, 
    "F_613_3": 18.814661026000977, 
    "F_706_3": 18.798093795776367, 
    "F_923_3": 18.641263961791992, 
    "F_458_3": 19.061893463134766, 
    "F_768_3": 18.78414535522461, 
    "Z": 1.012956976890564, 
    "F_799_3": 18.79368019104004, 
    "F_427_3": 19.087615966796875, 
    "F_489_3": 18.92974853515625, 
    "F_954_3": Infinity, 
    "F_830_3": 18.80242156982422, 
    "F_582_3": 18.671485900878906, 
    "F_520_3": 18.886075973510742, 
    "F_892_3": 18.67057991027832
}