{
    "F_644_3": 21.04268455505371, 
    "F_551_3": 20.992551803588867, 
    "F_861_3": 20.938329696655273, 
    "id": "spec-7429-56740-0087-QSOs-101", 
    "F_675_3": 21.039295196533203, 
    "F_737_3": 21.041141510009766, 
    "F_396_3": 21.304729461669922, 
    "F_365_3": 21.176517486572266, 
    "F_613_3": 21.090648651123047, 
    "F_706_3": 21.053739547729492, 
    "F_923_3": 20.873432159423828, 
    "F_458_3": 21.36277961730957, 
    "F_768_3": 21.111831665039062, 
    "Z": 1.0105479955673218, 
    "F_799_3": 21.114261627197266, 
    "F_427_3": 21.459184646606445, 
    "F_489_3": 21.251277923583984, 
    "F_954_3": 20.841426849365234, 
    "F_830_3": 21.131568908691406, 
    "F_582_3": 21.047130584716797, 
    "F_520_3": 21.23267936706543, 
    "F_892_3": 20.988311767578125
}