{
    "F_644_3": 20.0009708404541, 
    "F_551_3": 19.697593688964844, 
    "F_861_3": 20.01458168029785, 
    "id": "spec-6425-56298-0480-QSOs-101", 
    "F_675_3": 19.95961570739746, 
    "F_737_3": 20.010034561157227, 
    "F_396_3": 19.952707290649414, 
    "F_365_3": 20.104372024536133, 
    "F_613_3": 20.03902244567871, 
    "F_706_3": 20.022253036499023, 
    "F_923_3": 19.90522003173828, 
    "F_458_3": 20.145605087280273, 
    "F_768_3": 20.03275489807129, 
    "Z": 1.011528730392456, 
    "F_799_3": 20.098979949951172, 
    "F_427_3": 20.195053100585938, 
    "F_489_3": 20.01753807067871, 
    "F_954_3": 19.61782455444336, 
    "F_830_3": 20.082191467285156, 
    "F_582_3": 19.7484073638916, 
    "F_520_3": 20.022918701171875, 
    "F_892_3": 19.852249145507812
}