{
    "F_644_3": 19.916160583496094, 
    "F_551_3": 20.240589141845703, 
    "F_861_3": 19.940732955932617, 
    "id": "spec-1581-53149-0240-QSOs-101", 
    "F_675_3": 19.799571990966797, 
    "F_737_3": 19.80718421936035, 
    "F_396_3": 20.18883514404297, 
    "F_365_3": 20.471662521362305, 
    "F_613_3": 19.91846466064453, 
    "F_706_3": 19.56627655029297, 
    "F_923_3": 20.025489807128906, 
    "F_458_3": 20.22126579284668, 
    "F_768_3": 19.86698341369629, 
    "Z": 1.5051257610321045, 
    "F_799_3": 19.779754638671875, 
    "F_427_3": 20.298532485961914, 
    "F_489_3": 20.094432830810547, 
    "F_954_3": Infinity, 
    "F_830_3": 19.860836029052734, 
    "F_582_3": 20.08126449584961, 
    "F_520_3": 20.249109268188477, 
    "F_892_3": 19.793678283691406
}