{
    "F_644_3": 18.66284942626953, 
    "F_551_3": 18.651870727539062, 
    "F_861_3": 18.71360206604004, 
    "id": "spec-0275-51910-0209-QSOs-101", 
    "F_675_3": 18.656015396118164, 
    "F_737_3": 18.650760650634766, 
    "F_396_3": 19.00363540649414, 
    "F_365_3": 19.004709243774414, 
    "F_613_3": 18.750417709350586, 
    "F_706_3": 18.64068031311035, 
    "F_923_3": 18.737716674804688, 
    "F_458_3": 19.062320709228516, 
    "F_768_3": 18.673446655273438, 
    "Z": 1.0214205980300903, 
    "F_799_3": 18.768518447875977, 
    "F_427_3": 19.109634399414062, 
    "F_489_3": 18.887081146240234, 
    "F_954_3": Infinity, 
    "F_830_3": 18.758750915527344, 
    "F_582_3": 18.580028533935547, 
    "F_520_3": 18.824607849121094, 
    "F_892_3": 18.63360595703125
}