{
    "F_644_3": 20.213054656982422, 
    "F_551_3": 20.061391830444336, 
    "F_861_3": 20.327953338623047, 
    "id": "spec-4605-55971-0821-QSOs-101", 
    "F_675_3": 20.253877639770508, 
    "F_737_3": 20.299144744873047, 
    "F_396_3": 19.940914154052734, 
    "F_365_3": 19.966861724853516, 
    "F_613_3": 20.252025604248047, 
    "F_706_3": 20.274837493896484, 
    "F_923_3": 20.239377975463867, 
    "F_458_3": 20.124425888061523, 
    "F_768_3": 20.331256866455078, 
    "Z": 1.0119893550872803, 
    "F_799_3": 20.374664306640625, 
    "F_427_3": 20.102657318115234, 
    "F_489_3": 20.086776733398438, 
    "F_954_3": 20.2689266204834, 
    "F_830_3": 20.352657318115234, 
    "F_582_3": 20.11582374572754, 
    "F_520_3": 20.137718200683594, 
    "F_892_3": 20.369186401367188
}