{
    "F_644_3": 20.637054443359375, 
    "F_551_3": 20.508970260620117, 
    "F_861_3": 20.267864227294922, 
    "id": "spec-7315-56685-0322-QSOs-101", 
    "F_675_3": 20.619705200195312, 
    "F_737_3": 20.563499450683594, 
    "F_396_3": 21.185441970825195, 
    "F_365_3": 21.22101402282715, 
    "F_613_3": 20.732685089111328, 
    "F_706_3": 20.613466262817383, 
    "F_923_3": 20.170246124267578, 
    "F_458_3": 21.12087059020996, 
    "F_768_3": 20.537446975708008, 
    "Z": 1.0123108625411987, 
    "F_799_3": 20.430919647216797, 
    "F_427_3": 21.277437210083008, 
    "F_489_3": 20.887842178344727, 
    "F_954_3": 20.143455505371094, 
    "F_830_3": 20.358531951904297, 
    "F_582_3": 20.5750789642334, 
    "F_520_3": 20.8833065032959, 
    "F_892_3": 20.2042236328125
}