{
    "F_644_3": Infinity, 
    "F_551_3": 19.062807083129883, 
    "F_861_3": Infinity, 
    "id": "spec-0774-52286-0175-QSOs-101", 
    "F_675_3": Infinity, 
    "F_737_3": Infinity, 
    "F_396_3": 19.361873626708984, 
    "F_365_3": 19.393651962280273, 
    "F_613_3": 19.137714385986328, 
    "F_706_3": Infinity, 
    "F_923_3": Infinity, 
    "F_458_3": 19.381628036499023, 
    "F_768_3": Infinity, 
    "Z": 1.0125057697296143, 
    "F_799_3": Infinity, 
    "F_427_3": 19.418264389038086, 
    "F_489_3": 19.232162475585938, 
    "F_954_3": Infinity, 
    "F_830_3": Infinity, 
    "F_582_3": 19.064266204833984, 
    "F_520_3": 19.22764015197754, 
    "F_892_3": Infinity
}