{
    "F_644_3": 19.547222137451172, 
    "F_551_3": 19.42078971862793, 
    "F_861_3": 19.717737197875977, 
    "id": "spec-3859-55246-0775-QSOs-101", 
    "F_675_3": 19.56911849975586, 
    "F_737_3": 19.57796859741211, 
    "F_396_3": 19.726411819458008, 
    "F_365_3": 19.77753257751465, 
    "F_613_3": 19.64752960205078, 
    "F_706_3": 19.560544967651367, 
    "F_923_3": 19.74346160888672, 
    "F_458_3": 19.783517837524414, 
    "F_768_3": 19.687345504760742, 
    "Z": 1.0116822719573975, 
    "F_799_3": 19.77886199951172, 
    "F_427_3": 19.861074447631836, 
    "F_489_3": 19.602216720581055, 
    "F_954_3": 19.78037452697754, 
    "F_830_3": 19.78102684020996, 
    "F_582_3": 19.483720779418945, 
    "F_520_3": 19.610563278198242, 
    "F_892_3": 19.753936767578125
}