{
    "F_644_3": 17.99942970275879, 
    "F_551_3": 18.002065658569336, 
    "F_861_3": 18.07752799987793, 
    "id": "spec-0921-52380-0097-QSOs-101", 
    "F_675_3": 17.99506378173828, 
    "F_737_3": 17.975160598754883, 
    "F_396_3": 18.516271591186523, 
    "F_365_3": 18.354787826538086, 
    "F_613_3": 18.101369857788086, 
    "F_706_3": 17.982826232910156, 
    "F_923_3": 18.081815719604492, 
    "F_458_3": 18.421920776367188, 
    "F_768_3": 18.00769805908203, 
    "Z": 1.0119168758392334, 
    "F_799_3": 18.10367774963379, 
    "F_427_3": 18.531177520751953, 
    "F_489_3": 18.238433837890625, 
    "F_954_3": Infinity, 
    "F_830_3": 18.109861373901367, 
    "F_582_3": 18.009037017822266, 
    "F_520_3": 18.173377990722656, 
    "F_892_3": 18.074989318847656
}