{
    "F_644_3": 20.0096492767334, 
    "F_551_3": 20.10994529724121, 
    "F_861_3": 19.792163848876953, 
    "id": "spec-1103-52873-0361-QSOs-101", 
    "F_675_3": 20.028085708618164, 
    "F_737_3": 19.98125457763672, 
    "F_396_3": 20.377443313598633, 
    "F_365_3": 19.97085189819336, 
    "F_613_3": 20.11388397216797, 
    "F_706_3": 20.019899368286133, 
    "F_923_3": 19.56684684753418, 
    "F_458_3": 20.462203979492188, 
    "F_768_3": 19.953596115112305, 
    "Z": 1.0114678144454956, 
    "F_799_3": 20.03457260131836, 
    "F_427_3": 20.472707748413086, 
    "F_489_3": 20.327007293701172, 
    "F_954_3": Infinity, 
    "F_830_3": 19.92462158203125, 
    "F_582_3": 20.074684143066406, 
    "F_520_3": 20.292499542236328, 
    "F_892_3": 19.593381881713867
}