{
    "F_644_3": Infinity, 
    "F_551_3": 18.797792434692383, 
    "F_861_3": Infinity, 
    "id": "spec-1229-52723-0027-QSOs-101", 
    "F_675_3": Infinity, 
    "F_737_3": Infinity, 
    "F_396_3": 18.971630096435547, 
    "F_365_3": 18.543169021606445, 
    "F_613_3": 18.851476669311523, 
    "F_706_3": Infinity, 
    "F_923_3": Infinity, 
    "F_458_3": 19.073284149169922, 
    "F_768_3": Infinity, 
    "Z": 1.0123029947280884, 
    "F_799_3": Infinity, 
    "F_427_3": 19.076627731323242, 
    "F_489_3": 18.9283390045166, 
    "F_954_3": Infinity, 
    "F_830_3": Infinity, 
    "F_582_3": 18.867727279663086, 
    "F_520_3": 18.96120262145996, 
    "F_892_3": Infinity
}