{
    "F_644_3": 18.76283836364746, 
    "F_551_3": 18.649864196777344, 
    "F_861_3": 18.77507781982422, 
    "id": "spec-0328-52282-0093-QSOs-101", 
    "F_675_3": 18.779699325561523, 
    "F_737_3": 18.870975494384766, 
    "F_396_3": 19.00507354736328, 
    "F_365_3": 18.90326690673828, 
    "F_613_3": 18.824134826660156, 
    "F_706_3": 18.817262649536133, 
    "F_923_3": 18.592649459838867, 
    "F_458_3": 19.012916564941406, 
    "F_768_3": 18.871042251586914, 
    "Z": 1.0128581523895264, 
    "F_799_3": 18.947362899780273, 
    "F_427_3": 19.07109260559082, 
    "F_489_3": 18.88032341003418, 
    "F_954_3": Infinity, 
    "F_830_3": 18.86966323852539, 
    "F_582_3": 18.671558380126953, 
    "F_520_3": 18.850231170654297, 
    "F_892_3": 18.627113342285156
}