{
    "F_644_3": 19.012338638305664, 
    "F_551_3": 18.970983505249023, 
    "F_861_3": 19.13663101196289, 
    "id": "spec-0691-52199-0442-QSOs-101", 
    "F_675_3": 18.984928131103516, 
    "F_737_3": 18.967390060424805, 
    "F_396_3": 19.375246047973633, 
    "F_365_3": 18.990032196044922, 
    "F_613_3": 19.09920883178711, 
    "F_706_3": 18.979524612426758, 
    "F_923_3": 19.237802505493164, 
    "F_458_3": 19.376310348510742, 
    "F_768_3": 19.058534622192383, 
    "Z": 1.011627435684204, 
    "F_799_3": 19.144319534301758, 
    "F_427_3": 19.445348739624023, 
    "F_489_3": 19.24538230895996, 
    "F_954_3": Infinity, 
    "F_830_3": 19.146081924438477, 
    "F_582_3": 19.048248291015625, 
    "F_520_3": 19.217967987060547, 
    "F_892_3": 19.21074676513672
}