{
    "F_644_3": 17.26006507873535, 
    "F_892_3": 17.1923885345459, 
    "F_427_3": 17.79541015625, 
    "F_489_3": 17.636035919189453, 
    "F_396_3": 17.73121452331543, 
    "F_954_3": Infinity, 
    "F_799_3": 17.241975784301758, 
    "F_582_3": 17.567798614501953, 
    "F_365_3": 17.62819480895996, 
    "F_830_3": 17.18295669555664, 
    "F_923_3": 17.204862594604492, 
    "F_551_3": 17.66790771484375, 
    "F_706_3": 17.36767578125, 
    "F_613_3": 17.535804748535156, 
    "F_458_3": 17.83997917175293, 
    "F_768_3": 17.28309440612793, 
    "F_861_3": 17.145919799804688, 
    "F_675_3": 17.411535263061523, 
    "F_737_3": 17.315305709838867, 
    "id": "spec-0376-52143-0631-catB", 
    "F_520_3": 17.698118209838867
}