{
    "F_644_3": 18.937162399291992, 
    "F_892_3": 18.695613861083984, 
    "F_427_3": 19.29985809326172, 
    "F_489_3": 19.2956600189209, 
    "F_396_3": 19.191207885742188, 
    "F_954_3": 18.454011917114258, 
    "F_799_3": 18.984493255615234, 
    "F_582_3": 19.357162475585938, 
    "F_365_3": 19.260011672973633, 
    "F_830_3": 18.82881736755371, 
    "F_923_3": 18.568172454833984, 
    "F_551_3": 19.389320373535156, 
    "F_706_3": 19.272661209106445, 
    "F_613_3": 19.427988052368164, 
    "F_458_3": 19.395614624023438, 
    "F_768_3": 19.118223190307617, 
    "F_861_3": 18.70047950744629, 
    "F_675_3": 19.333951950073242, 
    "F_737_3": 19.164997100830078, 
    "id": "spec-0343-51692-0198-catB", 
    "F_520_3": 19.372581481933594
}