{
    "F_644_3": 18.414745330810547, 
    "F_892_3": 18.31107521057129, 
    "F_427_3": 18.635717391967773, 
    "F_489_3": 18.583311080932617, 
    "F_396_3": 18.643695831298828, 
    "F_954_3": Infinity, 
    "F_799_3": 18.4591121673584, 
    "F_582_3": 18.640625, 
    "F_365_3": 18.638301849365234, 
    "F_830_3": 18.39756202697754, 
    "F_923_3": 18.29949188232422, 
    "F_551_3": 18.65688705444336, 
    "F_706_3": 18.61871337890625, 
    "F_613_3": 18.689828872680664, 
    "F_458_3": 18.58631706237793, 
    "F_768_3": 18.538537979125977, 
    "F_861_3": 18.27762794494629, 
    "F_675_3": 18.666650772094727, 
    "F_737_3": 18.575674057006836, 
    "id": "spec-0968-52412-0280-catB", 
    "F_520_3": 18.641094207763672
}