{
    "F_644_3": 20.582860946655273, 
    "F_892_3": 19.46114730834961, 
    "F_427_3": 20.859310150146484, 
    "F_489_3": 20.84659194946289, 
    "F_396_3": 20.627727508544922, 
    "F_954_3": Infinity, 
    "F_799_3": 20.282657623291016, 
    "F_582_3": 20.685590744018555, 
    "F_365_3": 20.400409698486328, 
    "F_830_3": 20.038108825683594, 
    "F_923_3": 19.325965881347656, 
    "F_551_3": 20.503171920776367, 
    "F_706_3": 20.668149948120117, 
    "F_613_3": 20.779020309448242, 
    "F_458_3": 20.80030632019043, 
    "F_768_3": 20.391298294067383, 
    "F_861_3": 19.825645446777344, 
    "F_675_3": 20.741119384765625, 
    "F_737_3": 20.60380744934082, 
    "id": "spec-1493-52933-0204-catB", 
    "F_520_3": 20.7535457611084
}