{
    "F_644_3": 18.102807998657227, 
    "F_892_3": 18.22077178955078, 
    "F_427_3": 18.148296356201172, 
    "F_489_3": 18.166200637817383, 
    "F_396_3": 18.093122482299805, 
    "F_954_3": Infinity, 
    "F_799_3": 18.195343017578125, 
    "F_582_3": 18.200193405151367, 
    "F_365_3": 18.173198699951172, 
    "F_830_3": 18.20066261291504, 
    "F_923_3": 18.29602813720703, 
    "F_551_3": 18.198898315429688, 
    "F_706_3": 18.185422897338867, 
    "F_613_3": 18.205276489257812, 
    "F_458_3": 18.180973052978516, 
    "F_768_3": 18.185771942138672, 
    "F_861_3": 18.178524017333984, 
    "F_675_3": 18.188920974731445, 
    "F_737_3": 18.188623428344727, 
    "id": "spec-0377-52145-0540-catB", 
    "F_520_3": 18.21394157409668
}