{
    "F_644_3": 15.416452407836914, 
    "F_892_3": 15.621464729309082, 
    "F_427_3": 15.361490249633789, 
    "F_489_3": 15.407630920410156, 
    "F_396_3": 15.312040328979492, 
    "F_954_3": Infinity, 
    "F_799_3": 15.54860782623291, 
    "F_582_3": 15.458385467529297, 
    "F_365_3": 15.319098472595215, 
    "F_830_3": 15.562315940856934, 
    "F_923_3": 15.692234992980957, 
    "F_551_3": 15.468585014343262, 
    "F_706_3": 15.500543594360352, 
    "F_613_3": 15.483135223388672, 
    "F_458_3": 15.40414810180664, 
    "F_768_3": 15.538052558898926, 
    "F_861_3": 15.581308364868164, 
    "F_675_3": 15.488739013671875, 
    "F_737_3": 15.517701148986816, 
    "id": "spec-0758-52253-0570-catB", 
    "F_520_3": 15.460780143737793
}