{
    "F_644_3": 18.821189880371094, 
    "F_892_3": 18.080181121826172, 
    "F_427_3": 19.67734146118164, 
    "F_489_3": 19.564842224121094, 
    "F_396_3": 19.77952766418457, 
    "F_954_3": Infinity, 
    "F_799_3": 18.27873992919922, 
    "F_582_3": 19.161638259887695, 
    "F_365_3": 19.80619239807129, 
    "F_830_3": 18.026443481445312, 
    "F_923_3": 18.12851905822754, 
    "F_551_3": 19.27644920349121, 
    "F_706_3": 18.60653305053711, 
    "F_613_3": 19.01108741760254, 
    "F_458_3": 19.63925552368164, 
    "F_768_3": 18.413190841674805, 
    "F_861_3": 17.998212814331055, 
    "F_675_3": 18.63991928100586, 
    "F_737_3": 18.485727310180664, 
    "id": "spec-1402-52872-0445-catB", 
    "F_520_3": 19.428024291992188
}