{
    "F_644_3": 16.957653045654297, 
    "F_892_3": 16.138229370117188, 
    "F_427_3": 17.14198875427246, 
    "F_489_3": 16.871307373046875, 
    "F_396_3": 16.7903995513916, 
    "F_954_3": 15.95804214477539, 
    "F_799_3": 16.456506729125977, 
    "F_582_3": 17.15115737915039, 
    "F_365_3": 16.78363037109375, 
    "F_830_3": 16.29531478881836, 
    "F_923_3": 16.03253173828125, 
    "F_551_3": 17.200712203979492, 
    "F_706_3": 17.056489944458008, 
    "F_613_3": 17.33526611328125, 
    "F_458_3": 17.207948684692383, 
    "F_768_3": 16.67998504638672, 
    "F_861_3": 16.253110885620117, 
    "F_675_3": 17.21379852294922, 
    "F_737_3": 16.713478088378906, 
    "id": "spec-1654-53498-0542-catB", 
    "F_520_3": 17.06110954284668
}