{
    "F_644_3": 20.962087631225586, 
    "F_892_3": 20.204816818237305, 
    "F_427_3": 21.184946060180664, 
    "F_489_3": 21.153860092163086, 
    "F_396_3": 21.027679443359375, 
    "F_954_3": Infinity, 
    "F_799_3": 20.78717613220215, 
    "F_582_3": 21.18328285217285, 
    "F_365_3": 20.803674697875977, 
    "F_830_3": 20.776905059814453, 
    "F_923_3": 20.451980590820312, 
    "F_551_3": 21.178171157836914, 
    "F_706_3": 21.141082763671875, 
    "F_613_3": 21.482194900512695, 
    "F_458_3": 21.232389450073242, 
    "F_768_3": 20.821863174438477, 
    "F_861_3": 20.583778381347656, 
    "F_675_3": 21.16131019592285, 
    "F_737_3": 20.973485946655273, 
    "id": "spec-1920-53314-0305-catB", 
    "F_520_3": 21.318531036376953
}