{
    "F_644_3": 18.39377212524414, 
    "F_892_3": 18.74712562561035, 
    "F_427_3": 18.28594207763672, 
    "F_489_3": 18.422956466674805, 
    "F_396_3": 18.1405086517334, 
    "F_954_3": Infinity, 
    "F_799_3": 18.82754898071289, 
    "F_582_3": 18.542518615722656, 
    "F_365_3": 18.31832504272461, 
    "F_830_3": 18.752159118652344, 
    "F_923_3": 18.810396194458008, 
    "F_551_3": 18.531923294067383, 
    "F_706_3": 18.724699020385742, 
    "F_613_3": 18.617328643798828, 
    "F_458_3": 18.31182289123535, 
    "F_768_3": 18.76796531677246, 
    "F_861_3": 18.589033126831055, 
    "F_675_3": 18.713525772094727, 
    "F_737_3": 18.765722274780273, 
    "id": "spec-0662-52147-0384-catB", 
    "F_520_3": 18.44664764404297
}