{
    "F_644_3": 18.748210906982422, 
    "F_892_3": 19.17722511291504, 
    "F_427_3": 18.643558502197266, 
    "F_489_3": 18.74982452392578, 
    "F_396_3": 18.516204833984375, 
    "F_954_3": Infinity, 
    "F_799_3": 19.21082878112793, 
    "F_582_3": 18.937021255493164, 
    "F_365_3": 18.52033233642578, 
    "F_830_3": 19.17760467529297, 
    "F_923_3": 19.262855529785156, 
    "F_551_3": 18.914966583251953, 
    "F_706_3": 19.11709976196289, 
    "F_613_3": 19.0341854095459, 
    "F_458_3": 18.675382614135742, 
    "F_768_3": 19.178142547607422, 
    "F_861_3": 19.026704788208008, 
    "F_675_3": 19.11542510986328, 
    "F_737_3": 19.174579620361328, 
    "id": "spec-2878-54465-0585-catB", 
    "F_520_3": 18.810121536254883
}