{
    "F_644_3": 19.11395263671875, 
    "F_892_3": 18.961938858032227, 
    "F_427_3": 19.770484924316406, 
    "F_489_3": 19.559598922729492, 
    "F_396_3": 19.713186264038086, 
    "F_954_3": Infinity, 
    "F_799_3": 19.500272750854492, 
    "F_582_3": 19.6471004486084, 
    "F_365_3": 19.963367462158203, 
    "F_830_3": 19.315959930419922, 
    "F_923_3": 19.404220581054688, 
    "F_551_3": 19.775266647338867, 
    "F_706_3": 19.684022903442383, 
    "F_613_3": 19.840171813964844, 
    "F_458_3": 19.874055862426758, 
    "F_768_3": 19.631559371948242, 
    "F_861_3": 19.174053192138672, 
    "F_675_3": 19.68449592590332, 
    "F_737_3": 19.63917350769043, 
    "id": "spec-1567-53172-0495-catB", 
    "F_520_3": 19.86503028869629
}