{
    "F_644_3": 19.048959732055664, 
    "F_892_3": 18.869394302368164, 
    "F_427_3": 19.423959732055664, 
    "F_489_3": 19.340675354003906, 
    "F_396_3": 19.367238998413086, 
    "F_954_3": Infinity, 
    "F_799_3": 19.108783721923828, 
    "F_582_3": 19.428495407104492, 
    "F_365_3": 19.766977310180664, 
    "F_830_3": 19.00975799560547, 
    "F_923_3": 19.082927703857422, 
    "F_551_3": 19.51904296875, 
    "F_706_3": 19.309885025024414, 
    "F_613_3": 19.463586807250977, 
    "F_458_3": 19.480968475341797, 
    "F_768_3": 19.207006454467773, 
    "F_861_3": 18.915451049804688, 
    "F_675_3": 19.364147186279297, 
    "F_737_3": 19.21769142150879, 
    "id": "spec-0764-52238-0589-catB", 
    "F_520_3": 19.48103904724121
}