{
    "F_644_3": 19.486797332763672, 
    "F_892_3": 19.381746292114258, 
    "F_427_3": 19.4591121673584, 
    "F_489_3": 19.40151596069336, 
    "F_396_3": 19.612051010131836, 
    "F_954_3": Infinity, 
    "F_799_3": 19.631914138793945, 
    "F_582_3": 19.391450881958008, 
    "F_365_3": 19.98121452331543, 
    "F_830_3": 19.58616828918457, 
    "F_923_3": 19.54779624938965, 
    "F_551_3": 19.3249454498291, 
    "F_706_3": 19.55855369567871, 
    "F_613_3": 19.427534103393555, 
    "F_458_3": 19.25666618347168, 
    "F_768_3": 19.58559226989746, 
    "F_861_3": 19.551570892333984, 
    "F_675_3": 19.566831588745117, 
    "F_737_3": 19.582639694213867, 
    "id": "spec-0566-52238-0380-catB", 
    "F_520_3": 19.303146362304688
}