{
    "F_644_3": 15.65601921081543, 
    "F_892_3": 15.380845069885254, 
    "F_427_3": 16.494693756103516, 
    "F_489_3": 16.213905334472656, 
    "F_396_3": 16.40970802307129, 
    "F_954_3": Infinity, 
    "F_799_3": 15.461798667907715, 
    "F_582_3": 15.906391143798828, 
    "F_365_3": 16.565351486206055, 
    "F_830_3": 15.415489196777344, 
    "F_923_3": 15.400809288024902, 
    "F_551_3": 16.028717041015625, 
    "F_706_3": 15.629149436950684, 
    "F_613_3": 15.83797836303711, 
    "F_458_3": 16.409420013427734, 
    "F_768_3": 15.519185066223145, 
    "F_861_3": 15.400801658630371, 
    "F_675_3": 15.688728332519531, 
    "F_737_3": 15.548316955566406, 
    "id": "spec-1823-53886-0092-catB", 
    "F_520_3": 16.159019470214844
}