{
    "F_644_3": 18.97612190246582, 
    "F_892_3": 19.22715187072754, 
    "F_427_3": 18.939491271972656, 
    "F_489_3": 18.94931983947754, 
    "F_396_3": 19.04415512084961, 
    "F_954_3": Infinity, 
    "F_799_3": 19.186626434326172, 
    "F_582_3": 18.94643783569336, 
    "F_365_3": 19.256258010864258, 
    "F_830_3": 19.16982078552246, 
    "F_923_3": 19.530508041381836, 
    "F_551_3": 18.88903045654297, 
    "F_706_3": 19.081449508666992, 
    "F_613_3": 18.984477996826172, 
    "F_458_3": 18.815996170043945, 
    "F_768_3": 19.1458740234375, 
    "F_861_3": 19.197383880615234, 
    "F_675_3": 19.07147789001465, 
    "F_737_3": 19.111928939819336, 
    "id": "spec-1588-52965-0278-catB", 
    "F_520_3": 18.85923957824707
}