{
    "F_644_3": 19.47368049621582, 
    "F_892_3": 19.187814712524414, 
    "F_427_3": 19.656475067138672, 
    "F_489_3": 19.633052825927734, 
    "F_396_3": 19.6688175201416, 
    "F_954_3": Infinity, 
    "F_799_3": 19.425140380859375, 
    "F_582_3": 19.67534828186035, 
    "F_365_3": 20.009334564208984, 
    "F_830_3": 19.326616287231445, 
    "F_923_3": 19.162015914916992, 
    "F_551_3": 19.6938533782959, 
    "F_706_3": 19.653675079345703, 
    "F_613_3": 19.730348587036133, 
    "F_458_3": 19.6258487701416, 
    "F_768_3": 19.52410888671875, 
    "F_861_3": 19.293258666992188, 
    "F_675_3": 19.696697235107422, 
    "F_737_3": 19.566137313842773, 
    "id": "spec-1970-53386-0541-catB", 
    "F_520_3": 19.67743492126465
}