{
    "F_644_3": 16.04030418395996, 
    "F_892_3": 16.266918182373047, 
    "F_427_3": 16.279163360595703, 
    "F_489_3": 16.2835636138916, 
    "F_396_3": 16.023508071899414, 
    "F_954_3": Infinity, 
    "F_799_3": 16.340091705322266, 
    "F_582_3": 16.42854881286621, 
    "F_365_3": 15.62914752960205, 
    "F_830_3": 16.28710174560547, 
    "F_923_3": 16.37366485595703, 
    "F_551_3": 16.542016983032227, 
    "F_706_3": 16.39191246032715, 
    "F_613_3": 16.509117126464844, 
    "F_458_3": 16.478130340576172, 
    "F_768_3": 16.361614227294922, 
    "F_861_3": 16.157987594604492, 
    "F_675_3": 16.391847610473633, 
    "F_737_3": 16.394195556640625, 
    "id": "spec-0444-51883-0619-catB", 
    "F_520_3": 16.511138916015625
}