{
    "F_644_3": 17.953439712524414, 
    "F_892_3": 17.640613555908203, 
    "F_427_3": 19.164535522460938, 
    "F_489_3": 18.620290756225586, 
    "F_396_3": 19.655914306640625, 
    "F_954_3": Infinity, 
    "F_799_3": 17.70094108581543, 
    "F_582_3": 18.18246841430664, 
    "F_365_3": 19.70233917236328, 
    "F_830_3": 17.68624496459961, 
    "F_923_3": 17.588274002075195, 
    "F_551_3": 18.323915481567383, 
    "F_706_3": 17.85321044921875, 
    "F_613_3": 18.086219787597656, 
    "F_458_3": 18.79696273803711, 
    "F_768_3": 17.75065040588379, 
    "F_861_3": 17.659257888793945, 
    "F_675_3": 17.91153907775879, 
    "F_737_3": 17.803390502929688, 
    "id": "spec-2076-53442-0501-catB", 
    "F_520_3": 18.55650520324707
}