{
    "F_644_3": 18.762723922729492, 
    "F_892_3": 19.26436996459961, 
    "F_427_3": 19.466876983642578, 
    "F_489_3": 19.021392822265625, 
    "F_396_3": 19.573190689086914, 
    "F_954_3": 19.168001174926758, 
    "F_799_3": 18.38589859008789, 
    "F_582_3": 18.81996726989746, 
    "F_365_3": 19.244497299194336, 
    "F_830_3": 18.529245376586914, 
    "F_923_3": 19.121976852416992, 
    "F_551_3": 18.842350006103516, 
    "F_706_3": 18.797710418701172, 
    "F_613_3": 18.77382469177246, 
    "F_458_3": 19.24277114868164, 
    "F_768_3": 18.676424026489258, 
    "F_861_3": 18.92117691040039, 
    "F_675_3": 18.639997482299805, 
    "F_737_3": 18.921049118041992, 
    "id": "spec-2289-53708-0316-catB", 
    "F_520_3": 18.94298553466797
}