{
    "F_644_3": 18.9107666015625, 
    "F_892_3": 18.445886611938477, 
    "F_427_3": 19.30875587463379, 
    "F_489_3": 19.269193649291992, 
    "F_396_3": 19.219585418701172, 
    "F_954_3": Infinity, 
    "F_799_3": 18.669626235961914, 
    "F_582_3": 19.24785041809082, 
    "F_365_3": 19.6546688079834, 
    "F_830_3": 18.58123207092285, 
    "F_923_3": 18.422168731689453, 
    "F_551_3": 19.408164978027344, 
    "F_706_3": 18.984834671020508, 
    "F_613_3": 19.30746841430664, 
    "F_458_3": 19.31233024597168, 
    "F_768_3": 18.79330825805664, 
    "F_861_3": 18.55379867553711, 
    "F_675_3": 19.057308197021484, 
    "F_737_3": 18.878177642822266, 
    "id": "spec-1409-52824-0339-catB", 
    "F_520_3": 19.48116111755371
}