{
    "F_644_3": 17.531450271606445, 
    "F_892_3": 17.448144912719727, 
    "F_427_3": 17.92546272277832, 
    "F_489_3": 17.888046264648438, 
    "F_396_3": 17.725799560546875, 
    "F_954_3": Infinity, 
    "F_799_3": 17.549898147583008, 
    "F_582_3": 17.9215145111084, 
    "F_365_3": 17.51190757751465, 
    "F_830_3": 17.472610473632812, 
    "F_923_3": 17.535669326782227, 
    "F_551_3": 18.058332443237305, 
    "F_706_3": 17.7080020904541, 
    "F_613_3": 17.934497833251953, 
    "F_458_3": 18.115047454833984, 
    "F_768_3": 17.608123779296875, 
    "F_861_3": 17.366722106933594, 
    "F_675_3": 17.753772735595703, 
    "F_737_3": 17.6627140045166, 
    "id": "spec-0674-52201-0427-catB", 
    "F_520_3": 18.059343338012695
}