{
    "F_644_3": 17.43109130859375, 
    "F_892_3": 17.53652572631836, 
    "F_427_3": 17.562952041625977, 
    "F_489_3": 17.58403968811035, 
    "F_396_3": 17.463638305664062, 
    "F_954_3": Infinity, 
    "F_799_3": 17.63886833190918, 
    "F_582_3": 17.65519142150879, 
    "F_365_3": 17.4811954498291, 
    "F_830_3": 17.595693588256836, 
    "F_923_3": 17.5892391204834, 
    "F_551_3": 17.717815399169922, 
    "F_706_3": 17.67255401611328, 
    "F_613_3": 17.717527389526367, 
    "F_458_3": 17.67218780517578, 
    "F_768_3": 17.6618709564209, 
    "F_861_3": 17.51105308532715, 
    "F_675_3": 17.67355728149414, 
    "F_737_3": 17.666837692260742, 
    "id": "spec-1172-52759-0212-catB", 
    "F_520_3": 17.699996948242188
}