{
    "F_644_3": 14.248854637145996, 
    "F_892_3": 14.49963665008545, 
    "F_427_3": 13.92817211151123, 
    "F_489_3": 14.043123245239258, 
    "F_396_3": 13.932519912719727, 
    "F_954_3": Infinity, 
    "F_799_3": 14.436676979064941, 
    "F_582_3": 14.156288146972656, 
    "F_365_3": 14.057963371276855, 
    "F_830_3": 14.468703269958496, 
    "F_923_3": 14.512334823608398, 
    "F_551_3": 14.123405456542969, 
    "F_706_3": 14.331069946289062, 
    "F_613_3": 14.204015731811523, 
    "F_458_3": 13.959877967834473, 
    "F_768_3": 14.404806137084961, 
    "F_861_3": 14.499512672424316, 
    "F_675_3": 14.292725563049316, 
    "F_737_3": 14.368609428405762, 
    "id": "spec-0904-52381-0147-catB", 
    "F_520_3": 14.084864616394043
}