{
    "F_644_3": 17.620054244995117, 
    "F_892_3": 17.786476135253906, 
    "F_427_3": 17.88279151916504, 
    "F_489_3": 17.758468627929688, 
    "F_396_3": 17.831790924072266, 
    "F_954_3": Infinity, 
    "F_799_3": 17.74781036376953, 
    "F_582_3": 17.700599670410156, 
    "F_365_3": 17.257522583007812, 
    "F_830_3": 17.746971130371094, 
    "F_923_3": 17.8762149810791, 
    "F_551_3": 17.765409469604492, 
    "F_706_3": 17.75542640686035, 
    "F_613_3": 17.787181854248047, 
    "F_458_3": 17.87241554260254, 
    "F_768_3": 17.758804321289062, 
    "F_861_3": 17.766298294067383, 
    "F_675_3": 17.742549896240234, 
    "F_737_3": 17.74171257019043, 
    "id": "spec-0496-51988-0083-catB", 
    "F_520_3": 17.81170654296875
}