{
    "F_644_3": 17.88759994506836, 
    "F_892_3": 17.98352813720703, 
    "F_427_3": 18.134641647338867, 
    "F_489_3": 18.01979637145996, 
    "F_396_3": 18.139768600463867, 
    "F_954_3": 18.2302188873291, 
    "F_799_3": 17.995019912719727, 
    "F_582_3": 17.94865608215332, 
    "F_365_3": 18.198022842407227, 
    "F_830_3": 17.947555541992188, 
    "F_923_3": 18.08319664001465, 
    "F_551_3": 17.92108726501465, 
    "F_706_3": 17.953458786010742, 
    "F_613_3": 17.9678897857666, 
    "F_458_3": 18.04323959350586, 
    "F_768_3": 17.969980239868164, 
    "F_861_3": 17.945920944213867, 
    "F_675_3": 17.908039093017578, 
    "F_737_3": 17.96792984008789, 
    "id": "spec-2334-53730-0600-catB", 
    "F_520_3": 18.001331329345703
}