{
    "F_644_3": 16.91192626953125, 
    "F_892_3": 16.969154357910156, 
    "F_427_3": 17.273353576660156, 
    "F_489_3": 17.178892135620117, 
    "F_396_3": 17.08751106262207, 
    "F_954_3": 16.83705711364746, 
    "F_799_3": 17.026485443115234, 
    "F_582_3": 17.238388061523438, 
    "F_365_3": 16.99376106262207, 
    "F_830_3": 16.978126525878906, 
    "F_923_3": 17.02191162109375, 
    "F_551_3": 17.354598999023438, 
    "F_706_3": 17.130815505981445, 
    "F_613_3": 17.29694175720215, 
    "F_458_3": 17.421781539916992, 
    "F_768_3": 17.058753967285156, 
    "F_861_3": 16.912065505981445, 
    "F_675_3": 17.148839950561523, 
    "F_737_3": 17.103363037109375, 
    "id": "spec-1981-53463-0066-catB", 
    "F_520_3": 17.3734073638916
}