{
    "F_644_3": 19.966182708740234, 
    "F_892_3": 19.9940242767334, 
    "F_427_3": 20.36012077331543, 
    "F_489_3": 20.2441463470459, 
    "F_396_3": 20.48523712158203, 
    "F_954_3": Infinity, 
    "F_799_3": 20.217369079589844, 
    "F_582_3": 20.150339126586914, 
    "F_365_3": 20.633859634399414, 
    "F_830_3": 20.244815826416016, 
    "F_923_3": 20.242141723632812, 
    "F_551_3": 20.164012908935547, 
    "F_706_3": 20.292469024658203, 
    "F_613_3": 20.241209030151367, 
    "F_458_3": 20.232614517211914, 
    "F_768_3": 20.26357650756836, 
    "F_861_3": 20.160539627075195, 
    "F_675_3": 20.266674041748047, 
    "F_737_3": 20.217153549194336, 
    "id": "spec-0977-52410-0402-catB", 
    "F_520_3": 20.22119903564453
}