{
    "F_644_3": 18.241594314575195, 
    "F_892_3": 18.068246841430664, 
    "F_427_3": 18.45600700378418, 
    "F_489_3": 18.420934677124023, 
    "F_396_3": 18.406314849853516, 
    "F_954_3": Infinity, 
    "F_799_3": 18.20528221130371, 
    "F_582_3": 18.47789192199707, 
    "F_365_3": 18.359893798828125, 
    "F_830_3": 18.141000747680664, 
    "F_923_3": 18.04045867919922, 
    "F_551_3": 18.442777633666992, 
    "F_706_3": 18.360918045043945, 
    "F_613_3": 18.457136154174805, 
    "F_458_3": 18.462312698364258, 
    "F_768_3": 18.27726936340332, 
    "F_861_3": 18.11697769165039, 
    "F_675_3": 18.405221939086914, 
    "F_737_3": 18.268360137939453, 
    "id": "spec-0306-51637-0004-catB", 
    "F_520_3": 18.441946029663086
}