{
    "F_644_3": 19.9172420501709, 
    "F_892_3": 19.76291847229004, 
    "F_427_3": 20.592548370361328, 
    "F_489_3": 20.427072525024414, 
    "F_396_3": 20.340839385986328, 
    "F_954_3": 19.365812301635742, 
    "F_799_3": 19.994657516479492, 
    "F_582_3": 20.399019241333008, 
    "F_365_3": 20.229957580566406, 
    "F_830_3": 19.900075912475586, 
    "F_923_3": 19.677810668945312, 
    "F_551_3": 20.440950393676758, 
    "F_706_3": 20.20768165588379, 
    "F_613_3": 20.518260955810547, 
    "F_458_3": 20.768463134765625, 
    "F_768_3": 20.10660171508789, 
    "F_861_3": 19.71590232849121, 
    "F_675_3": 20.277559280395508, 
    "F_737_3": 20.16900634765625, 
    "id": "spec-0348-51696-0103-catB", 
    "F_520_3": 20.637001037597656
}