{
    "F_644_3": 18.856088638305664, 
    "F_892_3": 18.527544021606445, 
    "F_427_3": 19.31909942626953, 
    "F_489_3": 19.23961639404297, 
    "F_396_3": 19.179594039916992, 
    "F_954_3": Infinity, 
    "F_799_3": 18.645151138305664, 
    "F_582_3": 19.104259490966797, 
    "F_365_3": 18.742464065551758, 
    "F_830_3": 18.59450340270996, 
    "F_923_3": 18.49812126159668, 
    "F_551_3": 19.209346771240234, 
    "F_706_3": 18.847623825073242, 
    "F_613_3": 19.04347038269043, 
    "F_458_3": 19.339046478271484, 
    "F_768_3": 18.719970703125, 
    "F_861_3": 18.57526397705078, 
    "F_675_3": 18.902246475219727, 
    "F_737_3": 18.765043258666992, 
    "id": "spec-0543-52017-0065-catB", 
    "F_520_3": 19.292972564697266
}