{
    "F_644_3": 17.48968505859375, 
    "F_892_3": 16.16534996032715, 
    "F_427_3": 17.628393173217773, 
    "F_489_3": 17.621002197265625, 
    "F_396_3": 17.740928649902344, 
    "F_954_3": Infinity, 
    "F_799_3": 16.613975524902344, 
    "F_582_3": 17.476715087890625, 
    "F_365_3": 17.8712215423584, 
    "F_830_3": 16.387569427490234, 
    "F_923_3": 15.963418006896973, 
    "F_551_3": 17.43283462524414, 
    "F_706_3": 17.36517333984375, 
    "F_613_3": 17.583194732666016, 
    "F_458_3": 17.57133674621582, 
    "F_768_3": 16.936185836791992, 
    "F_861_3": 16.421112060546875, 
    "F_675_3": 17.52821159362793, 
    "F_737_3": 16.906444549560547, 
    "id": "spec-2212-53789-0201-catB", 
    "F_520_3": 17.4249267578125
}