{
    "F_644_3": 20.39911460876465, 
    "F_892_3": 20.184228897094727, 
    "F_427_3": 20.500761032104492, 
    "F_489_3": 20.552331924438477, 
    "F_396_3": 20.390657424926758, 
    "F_954_3": Infinity, 
    "F_799_3": 20.904008865356445, 
    "F_582_3": 20.753414154052734, 
    "F_365_3": 21.177892684936523, 
    "F_830_3": 20.76788902282715, 
    "F_923_3": 20.648014068603516, 
    "F_551_3": 20.729887008666992, 
    "F_706_3": 20.94042205810547, 
    "F_613_3": 20.90458869934082, 
    "F_458_3": 20.494686126708984, 
    "F_768_3": 20.833099365234375, 
    "F_861_3": 20.58940315246582, 
    "F_675_3": 20.90336036682129, 
    "F_737_3": 20.946338653564453, 
    "id": "spec-0690-52261-0568-catB", 
    "F_520_3": 20.643796920776367
}