{
    "F_644_3": 22.037437438964844, 
    "F_892_3": 20.803707122802734, 
    "F_427_3": 22.132915496826172, 
    "F_489_3": 22.223526000976562, 
    "F_396_3": 21.867856979370117, 
    "F_954_3": Infinity, 
    "F_799_3": 21.62384033203125, 
    "F_582_3": 22.20203971862793, 
    "F_365_3": 22.9562931060791, 
    "F_830_3": 21.372350692749023, 
    "F_923_3": 21.029064178466797, 
    "F_551_3": 22.21736717224121, 
    "F_706_3": 22.048860549926758, 
    "F_613_3": 22.26307487487793, 
    "F_458_3": 22.135156631469727, 
    "F_768_3": 21.630666732788086, 
    "F_861_3": 20.916946411132812, 
    "F_675_3": 22.253799438476562, 
    "F_737_3": 21.63922691345215, 
    "id": "spec-0729-52468-0363-catB", 
    "F_520_3": 22.262794494628906
}