{
    "F_644_3": 17.800596237182617, 
    "F_892_3": 17.129304885864258, 
    "F_427_3": 19.41927146911621, 
    "F_489_3": 18.741535186767578, 
    "F_396_3": 19.772579193115234, 
    "F_954_3": Infinity, 
    "F_799_3": 17.31953239440918, 
    "F_582_3": 18.131671905517578, 
    "F_365_3": 20.02695083618164, 
    "F_830_3": 17.254226684570312, 
    "F_923_3": 17.074983596801758, 
    "F_551_3": 18.343521118164062, 
    "F_706_3": 17.65951919555664, 
    "F_613_3": 18.01047134399414, 
    "F_458_3": 18.955018997192383, 
    "F_768_3": 17.41783332824707, 
    "F_861_3": 17.197736740112305, 
    "F_675_3": 17.774648666381836, 
    "F_737_3": 17.497581481933594, 
    "id": "spec-0439-51877-0582-catB", 
    "F_520_3": 18.65545082092285
}