{
    "F_644_3": 18.914688110351562, 
    "F_892_3": 17.998682022094727, 
    "F_427_3": 19.403167724609375, 
    "F_489_3": 19.384845733642578, 
    "F_396_3": 19.347251892089844, 
    "F_954_3": Infinity, 
    "F_799_3": 18.36265754699707, 
    "F_582_3": 19.294919967651367, 
    "F_365_3": 19.39227867126465, 
    "F_830_3": 18.226116180419922, 
    "F_923_3": 17.94751739501953, 
    "F_551_3": 19.335975646972656, 
    "F_706_3": 18.937103271484375, 
    "F_613_3": 19.23551368713379, 
    "F_458_3": 19.40373992919922, 
    "F_768_3": 18.561368942260742, 
    "F_861_3": 18.106401443481445, 
    "F_675_3": 19.080623626708984, 
    "F_737_3": 18.644054412841797, 
    "id": "spec-3321-54924-0404-catB", 
    "F_520_3": 19.352903366088867
}