{
    "F_644_3": 13.611579895019531, 
    "F_892_3": 13.857986450195312, 
    "F_427_3": 13.267611503601074, 
    "F_489_3": 13.408003807067871, 
    "F_396_3": 13.215424537658691, 
    "F_954_3": 13.951711654663086, 
    "F_799_3": 13.774360656738281, 
    "F_582_3": 13.511777877807617, 
    "F_365_3": 13.314692497253418, 
    "F_830_3": 13.811551094055176, 
    "F_923_3": 13.85757064819336, 
    "F_551_3": 13.468193054199219, 
    "F_706_3": 13.662677764892578, 
    "F_613_3": 13.542284965515137, 
    "F_458_3": 13.302996635437012, 
    "F_768_3": 13.738932609558105, 
    "F_861_3": 13.836068153381348, 
    "F_675_3": 13.62824535369873, 
    "F_737_3": 13.69940185546875, 
    "id": "spec-1721-53857-0021-catB", 
    "F_520_3": 13.422029495239258
}