{
    "F_644_3": 18.22841453552246, 
    "F_892_3": 17.623071670532227, 
    "F_427_3": 18.345178604125977, 
    "F_489_3": 18.574329376220703, 
    "F_396_3": 18.576135635375977, 
    "F_954_3": Infinity, 
    "F_799_3": 17.788087844848633, 
    "F_582_3": 18.553855895996094, 
    "F_365_3": 18.71087074279785, 
    "F_830_3": 17.71640396118164, 
    "F_923_3": 17.56301498413086, 
    "F_551_3": 18.59658432006836, 
    "F_706_3": 18.247896194458008, 
    "F_613_3": 18.46238136291504, 
    "F_458_3": 18.536144256591797, 
    "F_768_3": 17.885637283325195, 
    "F_861_3": 17.72311782836914, 
    "F_675_3": 18.331220626831055, 
    "F_737_3": 17.987497329711914, 
    "id": "spec-1192-52649-0343-catB", 
    "F_520_3": 18.629838943481445
}