{
    "F_644_3": 18.376279830932617, 
    "F_892_3": 18.54344367980957, 
    "F_427_3": 18.574756622314453, 
    "F_489_3": 18.59366226196289, 
    "F_396_3": 18.383466720581055, 
    "F_954_3": Infinity, 
    "F_799_3": 18.516952514648438, 
    "F_582_3": 18.660799026489258, 
    "F_365_3": 17.988183975219727, 
    "F_830_3": 18.475828170776367, 
    "F_923_3": 18.564443588256836, 
    "F_551_3": 18.73448944091797, 
    "F_706_3": 18.56049919128418, 
    "F_613_3": 18.66307258605957, 
    "F_458_3": 18.746740341186523, 
    "F_768_3": 18.52154541015625, 
    "F_861_3": 18.431501388549805, 
    "F_675_3": 18.564889907836914, 
    "F_737_3": 18.541765213012695, 
    "id": "spec-0746-52238-0614-catB", 
    "F_520_3": 18.762271881103516
}