{
    "F_644_3": 18.515384674072266, 
    "F_892_3": 17.759580612182617, 
    "F_427_3": 19.54509162902832, 
    "F_489_3": 19.266000747680664, 
    "F_396_3": 19.481460571289062, 
    "F_954_3": Infinity, 
    "F_799_3": 17.979598999023438, 
    "F_582_3": 18.89090347290039, 
    "F_365_3": 19.073078155517578, 
    "F_830_3": 17.890602111816406, 
    "F_923_3": 17.794618606567383, 
    "F_551_3": 19.079326629638672, 
    "F_706_3": 18.466327667236328, 
    "F_613_3": 18.864103317260742, 
    "F_458_3": 19.49692153930664, 
    "F_768_3": 18.119077682495117, 
    "F_861_3": 17.838659286499023, 
    "F_675_3": 18.61254119873047, 
    "F_737_3": 18.191701889038086, 
    "id": "spec-1195-52724-0403-catB", 
    "F_520_3": 19.25082778930664
}