{
    "F_644_3": 15.230640411376953, 
    "F_892_3": 15.418824195861816, 
    "F_427_3": 15.476044654846191, 
    "F_489_3": 15.516230583190918, 
    "F_396_3": 15.202759742736816, 
    "F_954_3": Infinity, 
    "F_799_3": 15.485774993896484, 
    "F_582_3": 15.656664848327637, 
    "F_365_3": 15.369555473327637, 
    "F_830_3": 15.421598434448242, 
    "F_923_3": 15.572967529296875, 
    "F_551_3": 15.809713363647461, 
    "F_706_3": 15.568964958190918, 
    "F_613_3": 15.738396644592285, 
    "F_458_3": 15.742982864379883, 
    "F_768_3": 15.497581481933594, 
    "F_861_3": 15.2681884765625, 
    "F_675_3": 15.585100173950195, 
    "F_737_3": 15.565009117126465, 
    "id": "spec-0513-51989-0562-catB", 
    "F_520_3": 15.769933700561523
}