{
    "F_644_3": 18.279460906982422, 
    "F_892_3": 18.37997055053711, 
    "F_427_3": 18.279842376708984, 
    "F_489_3": 18.25615882873535, 
    "F_396_3": 18.29909896850586, 
    "F_954_3": Infinity, 
    "F_799_3": 18.42361831665039, 
    "F_582_3": 18.28746223449707, 
    "F_365_3": 18.195232391357422, 
    "F_830_3": 18.384483337402344, 
    "F_923_3": 18.391830444335938, 
    "F_551_3": 18.23969268798828, 
    "F_706_3": 18.407642364501953, 
    "F_613_3": 18.34214973449707, 
    "F_458_3": 18.138595581054688, 
    "F_768_3": 18.457609176635742, 
    "F_861_3": 18.437576293945312, 
    "F_675_3": 18.41583251953125, 
    "F_737_3": 18.448585510253906, 
    "id": "spec-1164-52674-0021-catB", 
    "F_520_3": 18.204315185546875
}