{
    "F_644_3": 19.216110229492188, 
    "F_892_3": 18.829723358154297, 
    "F_427_3": 19.1783504486084, 
    "F_489_3": 19.213533401489258, 
    "F_396_3": 19.209924697875977, 
    "F_954_3": Infinity, 
    "F_799_3": 19.151643753051758, 
    "F_582_3": 19.23288917541504, 
    "F_365_3": 19.384414672851562, 
    "F_830_3": 19.014375686645508, 
    "F_923_3": 18.901758193969727, 
    "F_551_3": 19.15631103515625, 
    "F_706_3": 19.264020919799805, 
    "F_613_3": 19.236228942871094, 
    "F_458_3": 19.070087432861328, 
    "F_768_3": 19.244075775146484, 
    "F_861_3": 18.962247848510742, 
    "F_675_3": 19.302738189697266, 
    "F_737_3": 19.18190574645996, 
    "id": "spec-0884-52374-0139-catB", 
    "F_520_3": 19.112701416015625
}