{
    "F_644_3": 18.337791442871094, 
    "F_892_3": 17.752187728881836, 
    "F_427_3": 18.876686096191406, 
    "F_489_3": 18.745914459228516, 
    "F_396_3": 18.812509536743164, 
    "F_954_3": Infinity, 
    "F_799_3": 17.950023651123047, 
    "F_582_3": 18.566537857055664, 
    "F_365_3": 18.768247604370117, 
    "F_830_3": 17.919187545776367, 
    "F_923_3": 17.732467651367188, 
    "F_551_3": 18.601924896240234, 
    "F_706_3": 18.254552841186523, 
    "F_613_3": 18.517099380493164, 
    "F_458_3": 18.719213485717773, 
    "F_768_3": 18.035566329956055, 
    "F_861_3": 17.782276153564453, 
    "F_675_3": 18.404394149780273, 
    "F_737_3": 18.100296020507812, 
    "id": "spec-0662-52147-0552-catB", 
    "F_520_3": 18.66786766052246
}