{
    "F_644_3": 15.482401847839355, 
    "F_892_3": 14.80882453918457, 
    "F_427_3": 16.32444953918457, 
    "F_489_3": 16.16854476928711, 
    "F_396_3": 16.14791488647461, 
    "F_954_3": Infinity, 
    "F_799_3": 15.024151802062988, 
    "F_582_3": 16.014690399169922, 
    "F_365_3": 16.207338333129883, 
    "F_830_3": 14.924829483032227, 
    "F_923_3": 14.7626371383667, 
    "F_551_3": 16.155651092529297, 
    "F_706_3": 15.504855155944824, 
    "F_613_3": 15.96172046661377, 
    "F_458_3": 16.41813850402832, 
    "F_768_3": 15.165027618408203, 
    "F_861_3": 14.818900108337402, 
    "F_675_3": 15.680253982543945, 
    "F_737_3": 15.251764297485352, 
    "id": "spec-2285-53700-0030-catB", 
    "F_520_3": 16.210411071777344
}