{
    "F_644_3": 18.48969078063965, 
    "F_892_3": 17.755950927734375, 
    "F_427_3": 19.408357620239258, 
    "F_489_3": 19.231487274169922, 
    "F_396_3": 19.33262825012207, 
    "F_954_3": Infinity, 
    "F_799_3": 17.95998191833496, 
    "F_582_3": 18.894805908203125, 
    "F_365_3": 19.057600021362305, 
    "F_830_3": 17.88077163696289, 
    "F_923_3": 17.793859481811523, 
    "F_551_3": 19.075672149658203, 
    "F_706_3": 18.387819290161133, 
    "F_613_3": 18.820016860961914, 
    "F_458_3": 19.421672821044922, 
    "F_768_3": 18.075563430786133, 
    "F_861_3": 17.80877685546875, 
    "F_675_3": 18.53591537475586, 
    "F_737_3": 18.146011352539062, 
    "id": "spec-2402-54176-0409-catB", 
    "F_520_3": 19.243711471557617
}