{
    "F_644_3": 18.782711029052734, 
    "F_892_3": 18.231657028198242, 
    "F_427_3": 19.589035034179688, 
    "F_489_3": 19.437055587768555, 
    "F_396_3": 19.37041473388672, 
    "F_954_3": Infinity, 
    "F_799_3": 18.441381454467773, 
    "F_582_3": 19.319284439086914, 
    "F_365_3": 19.256235122680664, 
    "F_830_3": 18.365331649780273, 
    "F_923_3": 18.18731689453125, 
    "F_551_3": 19.489282608032227, 
    "F_706_3": 18.82762336730957, 
    "F_613_3": 19.23076057434082, 
    "F_458_3": 19.750957489013672, 
    "F_768_3": 18.55144500732422, 
    "F_861_3": 18.2481746673584, 
    "F_675_3": 18.963668823242188, 
    "F_737_3": 18.649410247802734, 
    "id": "spec-1301-52976-0278-catB", 
    "F_520_3": 19.590478897094727
}