{
    "F_644_3": 19.8526668548584, 
    "F_892_3": 20.178417205810547, 
    "F_427_3": 20.14499855041504, 
    "F_489_3": 20.136241912841797, 
    "F_396_3": 20.1299991607666, 
    "F_954_3": Infinity, 
    "F_799_3": 20.523080825805664, 
    "F_582_3": 20.298778533935547, 
    "F_365_3": 20.30681800842285, 
    "F_830_3": 20.477190017700195, 
    "F_923_3": 20.730253219604492, 
    "F_551_3": 20.328081130981445, 
    "F_706_3": 20.445520401000977, 
    "F_613_3": 20.370615005493164, 
    "F_458_3": 20.262603759765625, 
    "F_768_3": 20.511943817138672, 
    "F_861_3": 20.453594207763672, 
    "F_675_3": 20.45142936706543, 
    "F_737_3": 20.46025848388672, 
    "id": "spec-0407-51820-0592-catB", 
    "F_520_3": 20.33534049987793
}