{
    "F_644_3": 16.637252807617188, 
    "F_892_3": 16.59994125366211, 
    "F_427_3": 16.6577205657959, 
    "F_489_3": 16.62474822998047, 
    "F_396_3": 16.556180953979492, 
    "F_954_3": Infinity, 
    "F_799_3": 16.736553192138672, 
    "F_582_3": 16.70319366455078, 
    "F_365_3": 16.552413940429688, 
    "F_830_3": 16.669931411743164, 
    "F_923_3": 16.685949325561523, 
    "F_551_3": 16.702842712402344, 
    "F_706_3": 16.694307327270508, 
    "F_613_3": 16.729169845581055, 
    "F_458_3": 16.66908073425293, 
    "F_768_3": 16.744760513305664, 
    "F_861_3": 16.54561424255371, 
    "F_675_3": 16.696931838989258, 
    "F_737_3": 16.76322364807129, 
    "id": "spec-1436-53054-0057-catB", 
    "F_520_3": 16.670690536499023
}