{
    "F_644_3": 19.44716453552246, 
    "F_892_3": 18.95714569091797, 
    "F_427_3": 20.080713272094727, 
    "F_489_3": 19.915685653686523, 
    "F_396_3": 20.027326583862305, 
    "F_954_3": 19.23780632019043, 
    "F_799_3": 19.200010299682617, 
    "F_582_3": 19.807533264160156, 
    "F_365_3": 19.764089584350586, 
    "F_830_3": 19.083145141601562, 
    "F_923_3": 18.948375701904297, 
    "F_551_3": 19.88115692138672, 
    "F_706_3": 19.5025691986084, 
    "F_613_3": 19.772689819335938, 
    "F_458_3": 20.063304901123047, 
    "F_768_3": 19.322498321533203, 
    "F_861_3": 19.027284622192383, 
    "F_675_3": 19.62602424621582, 
    "F_737_3": 19.38422203063965, 
    "id": "spec-0430-51877-0430-catB", 
    "F_520_3": 19.939298629760742
}