{
    "F_644_3": 17.228418350219727, 
    "F_892_3": 17.39285659790039, 
    "F_427_3": 17.4581298828125, 
    "F_489_3": 17.384130477905273, 
    "F_396_3": 17.40373992919922, 
    "F_954_3": Infinity, 
    "F_799_3": 17.464033126831055, 
    "F_582_3": 17.485374450683594, 
    "F_365_3": 17.77699851989746, 
    "F_830_3": 17.405454635620117, 
    "F_923_3": 17.423248291015625, 
    "F_551_3": 17.547563552856445, 
    "F_706_3": 17.497467041015625, 
    "F_613_3": 17.552820205688477, 
    "F_458_3": 17.492340087890625, 
    "F_768_3": 17.5143985748291, 
    "F_861_3": 17.375822067260742, 
    "F_675_3": 17.49457550048828, 
    "F_737_3": 17.50581932067871, 
    "id": "spec-1648-53171-0408-catB", 
    "F_520_3": 17.559356689453125
}