{
    "F_644_3": 17.966020584106445, 
    "F_892_3": 18.01297378540039, 
    "F_427_3": 18.446502685546875, 
    "F_489_3": 18.344219207763672, 
    "F_396_3": 18.34048843383789, 
    "F_954_3": Infinity, 
    "F_799_3": 18.044593811035156, 
    "F_582_3": 18.327367782592773, 
    "F_365_3": 18.189104080200195, 
    "F_830_3": 18.02933120727539, 
    "F_923_3": 18.042539596557617, 
    "F_551_3": 18.476497650146484, 
    "F_706_3": 18.16253089904785, 
    "F_613_3": 18.369064331054688, 
    "F_458_3": 18.559001922607422, 
    "F_768_3": 18.106388092041016, 
    "F_861_3": 18.009056091308594, 
    "F_675_3": 18.19208526611328, 
    "F_737_3": 18.1262264251709, 
    "id": "spec-1922-53315-0172-catB", 
    "F_520_3": 18.539039611816406
}