{
    "F_644_3": 19.868242263793945, 
    "F_892_3": 19.818204879760742, 
    "F_427_3": 20.261507034301758, 
    "F_489_3": 20.129737854003906, 
    "F_396_3": 20.331993103027344, 
    "F_954_3": Infinity, 
    "F_799_3": 20.164989471435547, 
    "F_582_3": 20.071489334106445, 
    "F_365_3": 19.777976989746094, 
    "F_830_3": 20.238265991210938, 
    "F_923_3": 20.094186782836914, 
    "F_551_3": 20.083600997924805, 
    "F_706_3": 20.164302825927734, 
    "F_613_3": 20.12525177001953, 
    "F_458_3": 20.06686019897461, 
    "F_768_3": 20.214956283569336, 
    "F_861_3": 20.098331451416016, 
    "F_675_3": 20.1763973236084, 
    "F_737_3": 20.240564346313477, 
    "id": "spec-0734-52224-0030-catB", 
    "F_520_3": 20.032426834106445
}