{
    "F_644_3": 16.45127296447754, 
    "F_892_3": 15.644957542419434, 
    "F_427_3": 17.707700729370117, 
    "F_489_3": 17.391036987304688, 
    "F_396_3": 17.614973068237305, 
    "F_954_3": Infinity, 
    "F_799_3": 15.85560417175293, 
    "F_582_3": 16.948776245117188, 
    "F_365_3": 17.715662002563477, 
    "F_830_3": 15.780470848083496, 
    "F_923_3": 15.615945816040039, 
    "F_551_3": 17.13717269897461, 
    "F_706_3": 16.338579177856445, 
    "F_613_3": 16.832536697387695, 
    "F_458_3": 17.636857986450195, 
    "F_768_3": 15.980666160583496, 
    "F_861_3": 15.713650703430176, 
    "F_675_3": 16.54289436340332, 
    "F_737_3": 16.072786331176758, 
    "id": "spec-0570-52266-0512-catB", 
    "F_520_3": 17.371259689331055
}