{
    "F_644_3": 15.910369873046875, 
    "F_892_3": 15.898744583129883, 
    "F_427_3": 16.218021392822266, 
    "F_489_3": 16.10566520690918, 
    "F_396_3": 16.224451065063477, 
    "F_954_3": 15.801624298095703, 
    "F_799_3": 15.883155822753906, 
    "F_582_3": 16.015586853027344, 
    "F_365_3": 16.206501007080078, 
    "F_830_3": 15.865440368652344, 
    "F_923_3": 15.909900665283203, 
    "F_551_3": 16.078125, 
    "F_706_3": 15.921502113342285, 
    "F_613_3": 16.00662612915039, 
    "F_458_3": 16.156288146972656, 
    "F_768_3": 15.894064903259277, 
    "F_861_3": 15.848583221435547, 
    "F_675_3": 15.93274211883545, 
    "F_737_3": 15.902907371520996, 
    "id": "spec-0272-51941-0461-catB", 
    "F_520_3": 16.108884811401367
}