{
    "F_644_3": 17.895923614501953, 
    "F_892_3": 17.932912826538086, 
    "F_427_3": 18.3652400970459, 
    "F_489_3": 18.165447235107422, 
    "F_396_3": 18.348318099975586, 
    "F_954_3": Infinity, 
    "F_799_3": 17.958663940429688, 
    "F_582_3": 18.01806640625, 
    "F_365_3": 17.996049880981445, 
    "F_830_3": 17.91731071472168, 
    "F_923_3": 18.010412216186523, 
    "F_551_3": 18.113855361938477, 
    "F_706_3": 18.007720947265625, 
    "F_613_3": 18.07202911376953, 
    "F_458_3": 18.307621002197266, 
    "F_768_3": 17.987424850463867, 
    "F_861_3": 17.945833206176758, 
    "F_675_3": 18.00998306274414, 
    "F_737_3": 17.9765625, 
    "id": "spec-0496-51973-0083-catB", 
    "F_520_3": 18.199941635131836
}