{
    "F_644_3": 18.820415496826172, 
    "F_892_3": 18.81318473815918, 
    "F_427_3": 18.99776840209961, 
    "F_489_3": 18.986167907714844, 
    "F_396_3": 18.920703887939453, 
    "F_954_3": Infinity, 
    "F_799_3": 18.93478775024414, 
    "F_582_3": 19.027587890625, 
    "F_365_3": 18.983613967895508, 
    "F_830_3": 18.889184951782227, 
    "F_923_3": 18.9558162689209, 
    "F_551_3": 19.057870864868164, 
    "F_706_3": 18.99866485595703, 
    "F_613_3": 19.044668197631836, 
    "F_458_3": 19.047801971435547, 
    "F_768_3": 18.998701095581055, 
    "F_861_3": 18.84958267211914, 
    "F_675_3": 19.013582229614258, 
    "F_737_3": 18.979900360107422, 
    "id": "spec-0495-51988-0238-catB", 
    "F_520_3": 19.05712890625
}