{
    "F_644_3": 14.9732666015625, 
    "F_892_3": 15.239121437072754, 
    "F_427_3": 15.22745418548584, 
    "F_489_3": 15.224810600280762, 
    "F_396_3": 15.003204345703125, 
    "F_954_3": Infinity, 
    "F_799_3": 15.229422569274902, 
    "F_582_3": 15.401365280151367, 
    "F_365_3": 15.042753219604492, 
    "F_830_3": 15.18602180480957, 
    "F_923_3": 15.43894100189209, 
    "F_551_3": 15.557629585266113, 
    "F_706_3": 15.280875205993652, 
    "F_613_3": 15.455586433410645, 
    "F_458_3": 15.52839469909668, 
    "F_768_3": 15.234220504760742, 
    "F_861_3": 15.109257698059082, 
    "F_675_3": 15.280058860778809, 
    "F_737_3": 15.276754379272461, 
    "id": "spec-2080-53350-0594-catB", 
    "F_520_3": 15.554729461669922
}