{
    "F_644_3": 17.439117431640625, 
    "F_892_3": 17.38751792907715, 
    "F_427_3": 17.91989517211914, 
    "F_489_3": 17.79770851135254, 
    "F_396_3": 17.798828125, 
    "F_954_3": 17.11666488647461, 
    "F_799_3": 17.446165084838867, 
    "F_582_3": 17.81707000732422, 
    "F_365_3": 17.865215301513672, 
    "F_830_3": 17.388866424560547, 
    "F_923_3": 17.38787269592285, 
    "F_551_3": 17.932992935180664, 
    "F_706_3": 17.60436248779297, 
    "F_613_3": 17.814205169677734, 
    "F_458_3": 18.033937454223633, 
    "F_768_3": 17.522737503051758, 
    "F_861_3": 17.320905685424805, 
    "F_675_3": 17.647438049316406, 
    "F_737_3": 17.55397605895996, 
    "id": "spec-0306-51690-0020-catB", 
    "F_520_3": 17.945058822631836
}