{
    "F_644_3": 18.135395050048828, 
    "F_892_3": 17.609352111816406, 
    "F_427_3": 18.46664047241211, 
    "F_489_3": 18.431045532226562, 
    "F_396_3": 18.399282455444336, 
    "F_954_3": Infinity, 
    "F_799_3": 17.81060028076172, 
    "F_582_3": 18.429462432861328, 
    "F_365_3": 18.193857192993164, 
    "F_830_3": 17.719989776611328, 
    "F_923_3": 17.53459358215332, 
    "F_551_3": 18.440336227416992, 
    "F_706_3": 18.178571701049805, 
    "F_613_3": 18.37346076965332, 
    "F_458_3": 18.49281120300293, 
    "F_768_3": 17.94510841369629, 
    "F_861_3": 17.648048400878906, 
    "F_675_3": 18.263479232788086, 
    "F_737_3": 17.995189666748047, 
    "id": "spec-1202-52672-0030-catB", 
    "F_520_3": 18.428382873535156
}