{
    "F_644_3": 16.549531936645508, 
    "F_892_3": 16.63219451904297, 
    "F_427_3": 16.40582275390625, 
    "F_489_3": 16.483123779296875, 
    "F_396_3": 16.397226333618164, 
    "F_954_3": 16.51883888244629, 
    "F_799_3": 16.625267028808594, 
    "F_582_3": 16.54503631591797, 
    "F_365_3": 16.931453704833984, 
    "F_830_3": 16.614437103271484, 
    "F_923_3": 16.62059211730957, 
    "F_551_3": 16.52487564086914, 
    "F_706_3": 16.60079574584961, 
    "F_613_3": 16.561277389526367, 
    "F_458_3": 16.446279525756836, 
    "F_768_3": 16.61743927001953, 
    "F_861_3": 16.618980407714844, 
    "F_675_3": 16.59026336669922, 
    "F_737_3": 16.600135803222656, 
    "id": "spec-0984-52442-0533-catB", 
    "F_520_3": 16.508018493652344
}