{
    "F_644_3": 16.21579360961914, 
    "F_892_3": 16.359426498413086, 
    "F_427_3": 16.797809600830078, 
    "F_489_3": 16.526126861572266, 
    "F_396_3": 16.8455810546875, 
    "F_954_3": Infinity, 
    "F_799_3": 16.317110061645508, 
    "F_582_3": 16.347219467163086, 
    "F_365_3": 16.758005142211914, 
    "F_830_3": 16.335969924926758, 
    "F_923_3": 16.40568733215332, 
    "F_551_3": 16.449440002441406, 
    "F_706_3": 16.28938865661621, 
    "F_613_3": 16.322643280029297, 
    "F_458_3": 16.714353561401367, 
    "F_768_3": 16.26261329650879, 
    "F_861_3": 16.35581398010254, 
    "F_675_3": 16.315065383911133, 
    "F_737_3": 16.259790420532227, 
    "id": "spec-1237-52762-0510-catB", 
    "F_520_3": 16.522138595581055
}