{
    "F_644_3": 18.01691246032715, 
    "F_892_3": 17.427488327026367, 
    "F_427_3": 18.278919219970703, 
    "F_489_3": 18.265779495239258, 
    "F_396_3": 18.17826271057129, 
    "F_954_3": Infinity, 
    "F_799_3": 17.686016082763672, 
    "F_582_3": 18.238174438476562, 
    "F_365_3": 18.113346099853516, 
    "F_830_3": 17.562667846679688, 
    "F_923_3": 17.371875762939453, 
    "F_551_3": 18.240827560424805, 
    "F_706_3": 18.09037971496582, 
    "F_613_3": 18.26081657409668, 
    "F_458_3": 18.225330352783203, 
    "F_768_3": 17.857288360595703, 
    "F_861_3": 17.469213485717773, 
    "F_675_3": 18.18267059326172, 
    "F_737_3": 17.880823135375977, 
    "id": "spec-0513-51989-0070-catB", 
    "F_520_3": 18.21072769165039
}