{
    "F_644_3": 16.540782928466797, 
    "F_892_3": 15.658318519592285, 
    "F_427_3": 16.148582458496094, 
    "F_489_3": 16.358640670776367, 
    "F_396_3": 16.091588973999023, 
    "F_954_3": Infinity, 
    "F_799_3": 16.01897430419922, 
    "F_582_3": 16.61316680908203, 
    "F_365_3": 16.21913719177246, 
    "F_830_3": 15.836394309997559, 
    "F_923_3": 15.528711318969727, 
    "F_551_3": 16.539703369140625, 
    "F_706_3": 16.55213737487793, 
    "F_613_3": 16.605304718017578, 
    "F_458_3": 16.272977828979492, 
    "F_768_3": 16.25369644165039, 
    "F_861_3": 15.832093238830566, 
    "F_675_3": 16.68191146850586, 
    "F_737_3": 16.291194915771484, 
    "id": "spec-1364-53061-0115-catB", 
    "F_520_3": 16.439189910888672
}