{
    "F_644_3": 18.238643646240234, 
    "F_892_3": 17.788124084472656, 
    "F_427_3": 18.802499771118164, 
    "F_489_3": 18.624711990356445, 
    "F_396_3": 18.747516632080078, 
    "F_954_3": Infinity, 
    "F_799_3": 18.030153274536133, 
    "F_582_3": 18.659469604492188, 
    "F_365_3": 18.745662689208984, 
    "F_830_3": 17.930116653442383, 
    "F_923_3": 17.742097854614258, 
    "F_551_3": 18.789365768432617, 
    "F_706_3": 18.311166763305664, 
    "F_613_3": 18.621606826782227, 
    "F_458_3": 18.82597541809082, 
    "F_768_3": 18.14413833618164, 
    "F_861_3": 17.87248992919922, 
    "F_675_3": 18.359296798706055, 
    "F_737_3": 18.22821044921875, 
    "id": "spec-0636-52176-0331-catB", 
    "F_520_3": 18.918601989746094
}