{
    "F_644_3": 18.34918785095215, 
    "F_892_3": 18.288663864135742, 
    "F_427_3": 18.574981689453125, 
    "F_489_3": 18.551416397094727, 
    "F_396_3": 18.444578170776367, 
    "F_954_3": Infinity, 
    "F_799_3": 18.317968368530273, 
    "F_582_3": 18.550418853759766, 
    "F_365_3": 18.31720542907715, 
    "F_830_3": 18.278593063354492, 
    "F_923_3": 18.25809097290039, 
    "F_551_3": 18.578739166259766, 
    "F_706_3": 18.424312591552734, 
    "F_613_3": 18.543088912963867, 
    "F_458_3": 18.667861938476562, 
    "F_768_3": 18.351037979125977, 
    "F_861_3": 18.261564254760742, 
    "F_675_3": 18.448486328125, 
    "F_737_3": 18.402225494384766, 
    "id": "spec-1568-53169-0508-catB", 
    "F_520_3": 18.589599609375
}