{
    "F_644_3": 18.123647689819336, 
    "F_892_3": 18.250812530517578, 
    "F_427_3": 18.342411041259766, 
    "F_489_3": 18.26103401184082, 
    "F_396_3": 18.406810760498047, 
    "F_954_3": Infinity, 
    "F_799_3": 18.22826385498047, 
    "F_582_3": 18.224681854248047, 
    "F_365_3": 18.361539840698242, 
    "F_830_3": 18.220653533935547, 
    "F_923_3": 18.28419303894043, 
    "F_551_3": 18.237398147583008, 
    "F_706_3": 18.220821380615234, 
    "F_613_3": 18.232784271240234, 
    "F_458_3": 18.30767822265625, 
    "F_768_3": 18.223121643066406, 
    "F_861_3": 18.234106063842773, 
    "F_675_3": 18.215946197509766, 
    "F_737_3": 18.221187591552734, 
    "id": "spec-0674-52201-0524-catB", 
    "F_520_3": 18.274593353271484
}