{
    "F_644_3": 18.007055282592773, 
    "F_892_3": 17.938846588134766, 
    "F_427_3": 18.313339233398438, 
    "F_489_3": 18.312456130981445, 
    "F_396_3": 18.04415512084961, 
    "F_954_3": Infinity, 
    "F_799_3": 18.105226516723633, 
    "F_582_3": 18.435781478881836, 
    "F_365_3": 17.799579620361328, 
    "F_830_3": 18.018043518066406, 
    "F_923_3": 17.970136642456055, 
    "F_551_3": 18.565717697143555, 
    "F_706_3": 18.27805519104004, 
    "F_613_3": 18.50016212463379, 
    "F_458_3": 18.55860710144043, 
    "F_768_3": 18.176578521728516, 
    "F_861_3": 17.884389877319336, 
    "F_675_3": 18.303632736206055, 
    "F_737_3": 18.21133041381836, 
    "id": "spec-1955-53442-0529-catB", 
    "F_520_3": 18.55729103088379
}