{
    "F_644_3": 17.0787410736084, 
    "F_892_3": 17.149860382080078, 
    "F_427_3": 17.4323673248291, 
    "F_489_3": 17.409303665161133, 
    "F_396_3": 17.159547805786133, 
    "F_954_3": 16.971111297607422, 
    "F_799_3": 17.19212532043457, 
    "F_582_3": 17.46684455871582, 
    "F_365_3": 17.07119369506836, 
    "F_830_3": 17.137380599975586, 
    "F_923_3": 17.164968490600586, 
    "F_551_3": 17.611461639404297, 
    "F_706_3": 17.29599952697754, 
    "F_613_3": 17.49919891357422, 
    "F_458_3": 17.688087463378906, 
    "F_768_3": 17.209909439086914, 
    "F_861_3": 17.036483764648438, 
    "F_675_3": 17.320785522460938, 
    "F_737_3": 17.271116256713867, 
    "id": "spec-2240-53823-0092-catB", 
    "F_520_3": 17.620773315429688
}