{
    "F_644_3": 17.985414505004883, 
    "F_892_3": 16.097244262695312, 
    "F_427_3": 19.624467849731445, 
    "F_489_3": 19.2742919921875, 
    "F_396_3": 19.997007369995117, 
    "F_954_3": Infinity, 
    "F_799_3": 16.684154510498047, 
    "F_582_3": 18.219743728637695, 
    "F_365_3": 19.952102661132812, 
    "F_830_3": 16.46112632751465, 
    "F_923_3": 15.929778099060059, 
    "F_551_3": 19.13311195373535, 
    "F_706_3": 17.895734786987305, 
    "F_613_3": 17.698522567749023, 
    "F_458_3": 18.258989334106445, 
    "F_768_3": 17.09931182861328, 
    "F_861_3": 16.39655113220215, 
    "F_675_3": 18.337745666503906, 
    "F_737_3": 17.096515655517578, 
    "id": "spec-0619-52056-0437-catB", 
    "F_520_3": 19.295936584472656
}