{
    "F_644_3": 18.176088333129883, 
    "F_892_3": 18.24895668029785, 
    "F_427_3": 18.244956970214844, 
    "F_489_3": 18.267765045166016, 
    "F_396_3": 18.200180053710938, 
    "F_954_3": Infinity, 
    "F_799_3": 18.455739974975586, 
    "F_582_3": 18.290451049804688, 
    "F_365_3": 18.193662643432617, 
    "F_830_3": 18.419641494750977, 
    "F_923_3": 18.660219192504883, 
    "F_551_3": 18.292919158935547, 
    "F_706_3": 18.440956115722656, 
    "F_613_3": 18.370494842529297, 
    "F_458_3": 18.171314239501953, 
    "F_768_3": 18.447120666503906, 
    "F_861_3": 18.271032333374023, 
    "F_675_3": 18.449617385864258, 
    "F_737_3": 18.45041847229004, 
    "id": "spec-2264-53682-0416-catB", 
    "F_520_3": 18.24074935913086
}