{
    "F_644_3": 18.294189453125, 
    "F_892_3": 18.421585083007812, 
    "F_427_3": 19.111623764038086, 
    "F_489_3": 18.706010818481445, 
    "F_396_3": 19.310588836669922, 
    "F_954_3": 17.98128890991211, 
    "F_799_3": 17.94129180908203, 
    "F_582_3": 18.406028747558594, 
    "F_365_3": 19.170076370239258, 
    "F_830_3": 18.02691650390625, 
    "F_923_3": 18.314075469970703, 
    "F_551_3": 18.5163516998291, 
    "F_706_3": 18.33299446105957, 
    "F_613_3": 18.36594581604004, 
    "F_458_3": 18.958402633666992, 
    "F_768_3": 18.175617218017578, 
    "F_861_3": 18.29668426513672, 
    "F_675_3": 18.256103515625, 
    "F_737_3": 18.436620712280273, 
    "id": "spec-2288-53699-0635-catB", 
    "F_520_3": 18.59944725036621
}