{
    "F_644_3": 15.00398063659668, 
    "F_892_3": 14.881051063537598, 
    "F_427_3": 15.88414192199707, 
    "F_489_3": 15.608441352844238, 
    "F_396_3": 15.827569961547852, 
    "F_954_3": 14.523805618286133, 
    "F_799_3": 14.980070114135742, 
    "F_582_3": 15.281972885131836, 
    "F_365_3": 16.043943405151367, 
    "F_830_3": 14.947035789489746, 
    "F_923_3": 14.830230712890625, 
    "F_551_3": 15.37499713897705, 
    "F_706_3": 15.072298049926758, 
    "F_613_3": 15.271991729736328, 
    "F_458_3": 15.825410842895508, 
    "F_768_3": 14.963211059570312, 
    "F_861_3": 14.910140991210938, 
    "F_675_3": 15.025959968566895, 
    "F_737_3": 14.993851661682129, 
    "id": "spec-2170-53875-0441-catB", 
    "F_520_3": 15.4828519821167
}