{
    "F_644_3": 17.205245971679688, 
    "F_892_3": 17.068666458129883, 
    "F_427_3": 17.944459915161133, 
    "F_489_3": 17.60540008544922, 
    "F_396_3": 18.196481704711914, 
    "F_954_3": Infinity, 
    "F_799_3": 17.088640213012695, 
    "F_582_3": 17.354158401489258, 
    "F_365_3": 18.5495662689209, 
    "F_830_3": 17.081348419189453, 
    "F_923_3": 17.05512809753418, 
    "F_551_3": 17.4288272857666, 
    "F_706_3": 17.15825653076172, 
    "F_613_3": 17.284128189086914, 
    "F_458_3": 17.71238899230957, 
    "F_768_3": 17.109966278076172, 
    "F_861_3": 17.08022117614746, 
    "F_675_3": 17.18301010131836, 
    "F_737_3": 17.129104614257812, 
    "id": "spec-0901-52641-0235-catB", 
    "F_520_3": 17.527141571044922
}