{
    "F_644_3": 15.729310989379883, 
    "F_892_3": 15.725398063659668, 
    "F_427_3": 16.087852478027344, 
    "F_489_3": 16.040685653686523, 
    "F_396_3": 15.769155502319336, 
    "F_954_3": Infinity, 
    "F_799_3": 15.891847610473633, 
    "F_582_3": 16.134540557861328, 
    "F_365_3": 15.638566017150879, 
    "F_830_3": 15.809167861938477, 
    "F_923_3": 15.782500267028809, 
    "F_551_3": 16.356786727905273, 
    "F_706_3": 16.017919540405273, 
    "F_613_3": 16.261783599853516, 
    "F_458_3": 16.318723678588867, 
    "F_768_3": 15.954414367675781, 
    "F_861_3": 15.622246742248535, 
    "F_675_3": 16.04690170288086, 
    "F_737_3": 15.996190071105957, 
    "id": "spec-0483-51942-0352-catB", 
    "F_520_3": 16.32826805114746
}