{
    "F_644_3": 18.369014739990234, 
    "F_892_3": 18.298023223876953, 
    "F_427_3": 18.709604263305664, 
    "F_489_3": 18.667152404785156, 
    "F_396_3": 18.499597549438477, 
    "F_954_3": Infinity, 
    "F_799_3": 18.365921020507812, 
    "F_582_3": 18.682199478149414, 
    "F_365_3": 18.39571189880371, 
    "F_830_3": 18.307510375976562, 
    "F_923_3": 18.34292221069336, 
    "F_551_3": 18.79465103149414, 
    "F_706_3": 18.505971908569336, 
    "F_613_3": 18.67616844177246, 
    "F_458_3": 18.878170013427734, 
    "F_768_3": 18.420679092407227, 
    "F_861_3": 18.26579475402832, 
    "F_675_3": 18.53510284423828, 
    "F_737_3": 18.453857421875, 
    "id": "spec-0781-52373-0093-catB", 
    "F_520_3": 18.836669921875
}