{
    "F_644_3": 18.29813003540039, 
    "F_892_3": 17.838985443115234, 
    "F_427_3": 18.762271881103516, 
    "F_489_3": 18.587114334106445, 
    "F_396_3": 18.857006072998047, 
    "F_954_3": 17.758350372314453, 
    "F_799_3": 18.041820526123047, 
    "F_582_3": 18.461050033569336, 
    "F_365_3": 18.946828842163086, 
    "F_830_3": 17.93221664428711, 
    "F_923_3": 17.79034423828125, 
    "F_551_3": 18.482572555541992, 
    "F_706_3": 18.327617645263672, 
    "F_613_3": 18.460693359375, 
    "F_458_3": 18.59935760498047, 
    "F_768_3": 18.167980194091797, 
    "F_861_3": 17.84427261352539, 
    "F_675_3": 18.390857696533203, 
    "F_737_3": 18.19336700439453, 
    "id": "spec-0344-51693-0315-catB", 
    "F_520_3": 18.492944717407227
}