{
    "F_644_3": 17.708005905151367, 
    "F_892_3": 17.01972770690918, 
    "F_427_3": 18.36515235900879, 
    "F_489_3": 18.245079040527344, 
    "F_396_3": 18.287799835205078, 
    "F_954_3": Infinity, 
    "F_799_3": 17.273052215576172, 
    "F_582_3": 18.155107498168945, 
    "F_365_3": 18.395286560058594, 
    "F_830_3": 17.150959014892578, 
    "F_923_3": 16.932899475097656, 
    "F_551_3": 18.201921463012695, 
    "F_706_3": 17.791120529174805, 
    "F_613_3": 18.136394500732422, 
    "F_458_3": 18.34381866455078, 
    "F_768_3": 17.45327377319336, 
    "F_861_3": 17.02384376525879, 
    "F_675_3": 17.94282341003418, 
    "F_737_3": 17.50344467163086, 
    "id": "spec-0973-52426-0144-catB", 
    "F_520_3": 18.21127700805664
}