{
    "F_644_3": 18.06736183166504, 
    "F_892_3": 17.925046920776367, 
    "F_427_3": 18.607450485229492, 
    "F_489_3": 18.449270248413086, 
    "F_396_3": 18.637035369873047, 
    "F_954_3": Infinity, 
    "F_799_3": 18.005327224731445, 
    "F_582_3": 18.350351333618164, 
    "F_365_3": 18.623510360717773, 
    "F_830_3": 17.973173141479492, 
    "F_923_3": 18.031219482421875, 
    "F_551_3": 18.469261169433594, 
    "F_706_3": 18.190813064575195, 
    "F_613_3": 18.37730598449707, 
    "F_458_3": 18.634061813354492, 
    "F_768_3": 18.070720672607422, 
    "F_861_3": 17.96375846862793, 
    "F_675_3": 18.232961654663086, 
    "F_737_3": 18.105674743652344, 
    "id": "spec-0473-51929-0098-catB", 
    "F_520_3": 18.548131942749023
}