{
    "F_644_3": 18.21640968322754, 
    "F_892_3": 18.483781814575195, 
    "F_427_3": 18.22850227355957, 
    "F_489_3": 18.32748794555664, 
    "F_396_3": 18.067956924438477, 
    "F_954_3": Infinity, 
    "F_799_3": 18.564868927001953, 
    "F_582_3": 18.442140579223633, 
    "F_365_3": 18.247791290283203, 
    "F_830_3": 18.488414764404297, 
    "F_923_3": 18.613677978515625, 
    "F_551_3": 18.43697738647461, 
    "F_706_3": 18.527084350585938, 
    "F_613_3": 18.48687171936035, 
    "F_458_3": 18.252235412597656, 
    "F_768_3": 18.529115676879883, 
    "F_861_3": 18.368555068969727, 
    "F_675_3": 18.52243995666504, 
    "F_737_3": 18.556550979614258, 
    "id": "spec-0662-52178-0384-catB", 
    "F_520_3": 18.360660552978516
}