{
    "F_644_3": 17.194055557250977, 
    "F_892_3": 16.1533145904541, 
    "F_427_3": 17.413206100463867, 
    "F_489_3": 17.169513702392578, 
    "F_396_3": 17.24502182006836, 
    "F_954_3": Infinity, 
    "F_799_3": 16.5141658782959, 
    "F_582_3": 17.450477600097656, 
    "F_365_3": 17.121967315673828, 
    "F_830_3": 16.359333038330078, 
    "F_923_3": 16.052114486694336, 
    "F_551_3": 17.338329315185547, 
    "F_706_3": 17.17497444152832, 
    "F_613_3": 17.513254165649414, 
    "F_458_3": 17.32763671875, 
    "F_768_3": 16.746259689331055, 
    "F_861_3": 16.30345916748047, 
    "F_675_3": 17.348894119262695, 
    "F_737_3": 16.800071716308594, 
    "id": "spec-2459-54339-0533-catB", 
    "F_520_3": 17.2122802734375
}