{
    "F_644_3": 19.279237747192383, 
    "F_892_3": 19.14115333557129, 
    "F_427_3": 19.405155181884766, 
    "F_489_3": 19.355445861816406, 
    "F_396_3": 19.470073699951172, 
    "F_954_3": Infinity, 
    "F_799_3": 19.55366325378418, 
    "F_582_3": 19.364879608154297, 
    "F_365_3": 19.623790740966797, 
    "F_830_3": 19.36323356628418, 
    "F_923_3": 19.562021255493164, 
    "F_551_3": 19.344404220581055, 
    "F_706_3": 19.564376831054688, 
    "F_613_3": 19.496963500976562, 
    "F_458_3": 19.28421974182129, 
    "F_768_3": 19.556081771850586, 
    "F_861_3": 19.299367904663086, 
    "F_675_3": 19.585771560668945, 
    "F_737_3": 19.574928283691406, 
    "id": "spec-0792-52353-0044-catB", 
    "F_520_3": 19.333833694458008
}