{
    "F_644_3": 18.543867111206055, 
    "F_892_3": 18.656396865844727, 
    "F_427_3": 18.55885124206543, 
    "F_489_3": 18.55083465576172, 
    "F_396_3": 18.600675582885742, 
    "F_954_3": Infinity, 
    "F_799_3": 18.624866485595703, 
    "F_582_3": 18.56980323791504, 
    "F_365_3": 19.072725296020508, 
    "F_830_3": 18.598390579223633, 
    "F_923_3": 18.874923706054688, 
    "F_551_3": 18.612171173095703, 
    "F_706_3": 18.597768783569336, 
    "F_613_3": 18.66337013244629, 
    "F_458_3": 18.569902420043945, 
    "F_768_3": 18.63251495361328, 
    "F_861_3": 18.590036392211914, 
    "F_675_3": 18.5858154296875, 
    "F_737_3": 18.607925415039062, 
    "id": "spec-1011-52652-0345-catB", 
    "F_520_3": 18.630868911743164
}