{
    "F_644_3": 17.442546844482422, 
    "F_892_3": 16.403697967529297, 
    "F_427_3": 18.5454044342041, 
    "F_489_3": 18.278770446777344, 
    "F_396_3": 18.428325653076172, 
    "F_954_3": Infinity, 
    "F_799_3": 16.72182273864746, 
    "F_582_3": 18.118366241455078, 
    "F_365_3": 18.743181228637695, 
    "F_830_3": 16.581768035888672, 
    "F_923_3": 16.296545028686523, 
    "F_551_3": 18.23464584350586, 
    "F_706_3": 17.460155487060547, 
    "F_613_3": 18.076929092407227, 
    "F_458_3": 18.571849822998047, 
    "F_768_3": 16.947206497192383, 
    "F_861_3": 16.51226806640625, 
    "F_675_3": 17.725975036621094, 
    "F_737_3": 17.01927947998047, 
    "id": "spec-1196-52733-0026-catB", 
    "F_520_3": 18.326223373413086
}