{
    "F_644_3": 18.868331909179688, 
    "F_892_3": 18.92112922668457, 
    "F_427_3": 18.993064880371094, 
    "F_489_3": 18.959745407104492, 
    "F_396_3": 18.985177993774414, 
    "F_954_3": Infinity, 
    "F_799_3": 19.041133880615234, 
    "F_582_3": 18.976415634155273, 
    "F_365_3": 18.778764724731445, 
    "F_830_3": 19.02266502380371, 
    "F_923_3": 18.948694229125977, 
    "F_551_3": 18.97823715209961, 
    "F_706_3": 19.04631996154785, 
    "F_613_3": 19.036237716674805, 
    "F_458_3": 18.934900283813477, 
    "F_768_3": 19.061004638671875, 
    "F_861_3": 18.938785552978516, 
    "F_675_3": 19.05158233642578, 
    "F_737_3": 19.06749153137207, 
    "id": "spec-1737-53055-0253-catB", 
    "F_520_3": 18.934078216552734
}