{
    "F_644_3": 18.277141571044922, 
    "F_892_3": 18.426006317138672, 
    "F_427_3": 18.54692268371582, 
    "F_489_3": 18.51435089111328, 
    "F_396_3": 18.51171112060547, 
    "F_954_3": Infinity, 
    "F_799_3": 18.62476348876953, 
    "F_582_3": 18.582260131835938, 
    "F_365_3": 18.38654327392578, 
    "F_830_3": 18.532804489135742, 
    "F_923_3": 18.6480712890625, 
    "F_551_3": 18.57770347595215, 
    "F_706_3": 18.599302291870117, 
    "F_613_3": 18.60219383239746, 
    "F_458_3": 18.5035400390625, 
    "F_768_3": 18.606752395629883, 
    "F_861_3": 18.510251998901367, 
    "F_675_3": 18.626962661743164, 
    "F_737_3": 18.59765625, 
    "id": "spec-1709-53533-0153-catB", 
    "F_520_3": 18.55142593383789
}