{
    "F_644_3": 18.57072639465332, 
    "F_892_3": 18.454235076904297, 
    "F_427_3": 19.105167388916016, 
    "F_489_3": 18.983646392822266, 
    "F_396_3": 18.96858787536621, 
    "F_954_3": Infinity, 
    "F_799_3": 18.5356388092041, 
    "F_582_3": 18.978923797607422, 
    "F_365_3": 19.007444381713867, 
    "F_830_3": 18.470951080322266, 
    "F_923_3": 18.640039443969727, 
    "F_551_3": 19.074445724487305, 
    "F_706_3": 18.71396827697754, 
    "F_613_3": 18.941431045532227, 
    "F_458_3": 19.29551124572754, 
    "F_768_3": 18.607032775878906, 
    "F_861_3": 18.40900993347168, 
    "F_675_3": 18.752832412719727, 
    "F_737_3": 18.660537719726562, 
    "id": "spec-0636-52176-0599-catB", 
    "F_520_3": 19.161724090576172
}