{
    "F_644_3": 16.973188400268555, 
    "F_892_3": 17.104265213012695, 
    "F_427_3": 17.024639129638672, 
    "F_489_3": 17.029544830322266, 
    "F_396_3": 16.88469886779785, 
    "F_954_3": Infinity, 
    "F_799_3": 17.05827522277832, 
    "F_582_3": 17.087413787841797, 
    "F_365_3": 16.85141944885254, 
    "F_830_3": 17.045700073242188, 
    "F_923_3": 17.162513732910156, 
    "F_551_3": 17.133464813232422, 
    "F_706_3": 17.060943603515625, 
    "F_613_3": 17.101932525634766, 
    "F_458_3": 17.111183166503906, 
    "F_768_3": 17.063508987426758, 
    "F_861_3": 17.050724029541016, 
    "F_675_3": 17.055835723876953, 
    "F_737_3": 17.058454513549805, 
    "id": "spec-1206-52670-0380-catB", 
    "F_520_3": 17.14081573486328
}