{
    "F_644_3": 18.1292667388916, 
    "F_892_3": 17.778446197509766, 
    "F_427_3": 18.305334091186523, 
    "F_489_3": 18.33722496032715, 
    "F_396_3": 18.193593978881836, 
    "F_954_3": Infinity, 
    "F_799_3": 18.056575775146484, 
    "F_582_3": 18.372421264648438, 
    "F_365_3": 18.316274642944336, 
    "F_830_3": 17.918010711669922, 
    "F_923_3": 17.751230239868164, 
    "F_551_3": 18.39787483215332, 
    "F_706_3": 18.27015495300293, 
    "F_613_3": 18.37238121032715, 
    "F_458_3": 18.33049201965332, 
    "F_768_3": 18.145252227783203, 
    "F_861_3": 17.80479621887207, 
    "F_675_3": 18.331539154052734, 
    "F_737_3": 18.191326141357422, 
    "id": "spec-2372-53768-0473-catB", 
    "F_520_3": 18.33725929260254
}