{
    "F_644_3": 19.3242244720459, 
    "F_892_3": 18.917402267456055, 
    "F_427_3": 19.859777450561523, 
    "F_489_3": 19.794837951660156, 
    "F_396_3": 19.809036254882812, 
    "F_954_3": Infinity, 
    "F_799_3": 19.780136108398438, 
    "F_582_3": 19.854528427124023, 
    "F_365_3": 19.733640670776367, 
    "F_830_3": 19.236234664916992, 
    "F_923_3": 19.089248657226562, 
    "F_551_3": 19.6049861907959, 
    "F_706_3": 19.676931381225586, 
    "F_613_3": 19.93245506286621, 
    "F_458_3": 19.715768814086914, 
    "F_768_3": 20.045581817626953, 
    "F_861_3": 18.987735748291016, 
    "F_675_3": 19.187742233276367, 
    "F_737_3": 19.987642288208008, 
    "id": "spec-2375-53770-0636-catB", 
    "F_520_3": 19.644224166870117
}