{
    "F_644_3": 16.439010620117188, 
    "F_892_3": 16.97784423828125, 
    "F_427_3": 16.020893096923828, 
    "F_489_3": 16.17595672607422, 
    "F_396_3": 15.892552375793457, 
    "F_954_3": Infinity, 
    "F_799_3": 16.69186782836914, 
    "F_582_3": 16.42047119140625, 
    "F_365_3": 15.854423522949219, 
    "F_830_3": 16.744579315185547, 
    "F_923_3": 17.03788948059082, 
    "F_551_3": 16.311508178710938, 
    "F_706_3": 16.668107986450195, 
    "F_613_3": 16.498538970947266, 
    "F_458_3": 16.109479904174805, 
    "F_768_3": 16.69005012512207, 
    "F_861_3": 16.868858337402344, 
    "F_675_3": 16.547285079956055, 
    "F_737_3": 16.72160530090332, 
    "id": "spec-1039-52707-0069-catB", 
    "F_520_3": 16.306442260742188
}