{
    "F_644_3": 18.89103889465332, 
    "F_892_3": 19.19214630126953, 
    "F_427_3": 19.1189022064209, 
    "F_489_3": 19.10843276977539, 
    "F_396_3": 19.03006935119629, 
    "F_954_3": Infinity, 
    "F_799_3": 19.291866302490234, 
    "F_582_3": 19.21373176574707, 
    "F_365_3": 19.231977462768555, 
    "F_830_3": 19.15793800354004, 
    "F_923_3": 19.142765045166016, 
    "F_551_3": 19.268165588378906, 
    "F_706_3": 19.27738380432129, 
    "F_613_3": 19.29583168029785, 
    "F_458_3": 19.241500854492188, 
    "F_768_3": 19.30014419555664, 
    "F_861_3": 19.0345458984375, 
    "F_675_3": 19.260591506958008, 
    "F_737_3": 19.273496627807617, 
    "id": "spec-1272-52989-0188-catB", 
    "F_520_3": 19.21918296813965
}