{
    "F_644_3": 19.308809280395508, 
    "F_892_3": 19.196165084838867, 
    "F_427_3": 19.932342529296875, 
    "F_489_3": 19.698387145996094, 
    "F_396_3": 19.987346649169922, 
    "F_954_3": 20.19038200378418, 
    "F_799_3": 19.32141876220703, 
    "F_582_3": 19.54276466369629, 
    "F_365_3": 20.764751434326172, 
    "F_830_3": 19.241649627685547, 
    "F_923_3": 19.14500617980957, 
    "F_551_3": 19.636932373046875, 
    "F_706_3": 19.345430374145508, 
    "F_613_3": 19.496654510498047, 
    "F_458_3": 19.880081176757812, 
    "F_768_3": 19.353469848632812, 
    "F_861_3": 19.187692642211914, 
    "F_675_3": 19.389610290527344, 
    "F_737_3": 19.343507766723633, 
    "id": "spec-0443-51873-0360-catB", 
    "F_520_3": 19.68438148498535
}