{
    "F_644_3": 17.770780563354492, 
    "F_892_3": 17.460067749023438, 
    "F_427_3": 18.933324813842773, 
    "F_489_3": 18.428443908691406, 
    "F_396_3": 19.460803985595703, 
    "F_954_3": Infinity, 
    "F_799_3": 17.530536651611328, 
    "F_582_3": 18.001108169555664, 
    "F_365_3": 19.861021041870117, 
    "F_830_3": 17.524091720581055, 
    "F_923_3": 17.440797805786133, 
    "F_551_3": 18.139463424682617, 
    "F_706_3": 17.66910743713379, 
    "F_613_3": 17.885303497314453, 
    "F_458_3": 18.57798194885254, 
    "F_768_3": 17.57699203491211, 
    "F_861_3": 17.49034309387207, 
    "F_675_3": 17.727630615234375, 
    "F_737_3": 17.622875213623047, 
    "id": "spec-2056-53463-0554-catB", 
    "F_520_3": 18.367952346801758
}