{
    "F_644_3": 19.3101749420166, 
    "F_892_3": 18.379150390625, 
    "F_427_3": 19.88752555847168, 
    "F_489_3": 19.74143409729004, 
    "F_396_3": 19.86005401611328, 
    "F_954_3": Infinity, 
    "F_799_3": 18.990398406982422, 
    "F_582_3": 19.749486923217773, 
    "F_365_3": 19.6174259185791, 
    "F_830_3": 18.84620475769043, 
    "F_923_3": 18.72120475769043, 
    "F_551_3": 19.85382843017578, 
    "F_706_3": 19.570457458496094, 
    "F_613_3": 19.8021297454834, 
    "F_458_3": 19.93466567993164, 
    "F_768_3": 19.2188663482666, 
    "F_861_3": 18.70545196533203, 
    "F_675_3": 19.652496337890625, 
    "F_737_3": 19.28520965576172, 
    "id": "spec-0380-51792-0575-catB", 
    "F_520_3": 19.87499237060547
}