{
    "F_644_3": 17.218564987182617, 
    "F_892_3": 17.506385803222656, 
    "F_427_3": 17.026639938354492, 
    "F_489_3": 17.158430099487305, 
    "F_396_3": 16.91476058959961, 
    "F_954_3": Infinity, 
    "F_799_3": 17.45427131652832, 
    "F_582_3": 17.321435928344727, 
    "F_365_3": 16.902585983276367, 
    "F_830_3": 17.45296287536621, 
    "F_923_3": 17.5712947845459, 
    "F_551_3": 17.304054260253906, 
    "F_706_3": 17.38515853881836, 
    "F_613_3": 17.347610473632812, 
    "F_458_3": 17.140565872192383, 
    "F_768_3": 17.435794830322266, 
    "F_861_3": 17.44148063659668, 
    "F_675_3": 17.36110496520996, 
    "F_737_3": 17.40669059753418, 
    "id": "spec-1429-52990-0359-catB", 
    "F_520_3": 17.259504318237305
}