{
    "F_644_3": 19.46895980834961, 
    "F_892_3": 19.8751220703125, 
    "F_427_3": 19.931339263916016, 
    "F_489_3": 19.858734130859375, 
    "F_396_3": 19.92940902709961, 
    "F_954_3": Infinity, 
    "F_799_3": 20.000354766845703, 
    "F_582_3": 19.97913360595703, 
    "F_365_3": 19.987009048461914, 
    "F_830_3": 20.044315338134766, 
    "F_923_3": 19.786195755004883, 
    "F_551_3": 19.93595314025879, 
    "F_706_3": 20.07004165649414, 
    "F_613_3": 20.066499710083008, 
    "F_458_3": 19.976604461669922, 
    "F_768_3": 20.026702880859375, 
    "F_861_3": 19.901153564453125, 
    "F_675_3": 20.066612243652344, 
    "F_737_3": 20.033281326293945, 
    "id": "spec-0844-52378-0423-catB", 
    "F_520_3": 20.019994735717773
}