{
    "F_644_3": 18.093891143798828, 
    "F_892_3": 17.559926986694336, 
    "F_427_3": 18.909629821777344, 
    "F_489_3": 18.80951690673828, 
    "F_396_3": 18.56100082397461, 
    "F_954_3": Infinity, 
    "F_799_3": 17.794221878051758, 
    "F_582_3": 18.677980422973633, 
    "F_365_3": 17.955642700195312, 
    "F_830_3": 17.693729400634766, 
    "F_923_3": 17.531490325927734, 
    "F_551_3": 18.8828182220459, 
    "F_706_3": 18.176748275756836, 
    "F_613_3": 18.59749412536621, 
    "F_458_3": 19.18602752685547, 
    "F_768_3": 17.920185089111328, 
    "F_861_3": 17.5750675201416, 
    "F_675_3": 18.29698371887207, 
    "F_737_3": 17.988971710205078, 
    "id": "spec-0564-52224-0197-catB", 
    "F_520_3": 18.98453140258789
}