{
    "F_644_3": 15.590776443481445, 
    "F_892_3": 15.630056381225586, 
    "F_427_3": 15.846632957458496, 
    "F_489_3": 15.832457542419434, 
    "F_396_3": 15.54401683807373, 
    "F_954_3": Infinity, 
    "F_799_3": 15.781930923461914, 
    "F_582_3": 16.000097274780273, 
    "F_365_3": 15.578205108642578, 
    "F_830_3": 15.697285652160645, 
    "F_923_3": 15.697001457214355, 
    "F_551_3": 16.229537963867188, 
    "F_706_3": 15.901813507080078, 
    "F_613_3": 16.155183792114258, 
    "F_458_3": 16.119037628173828, 
    "F_768_3": 15.840780258178711, 
    "F_861_3": 15.52981948852539, 
    "F_675_3": 15.925024032592773, 
    "F_737_3": 15.880788803100586, 
    "id": "spec-0483-51924-0348-catB", 
    "F_520_3": 16.182432174682617
}