{
    "F_644_3": 19.586973190307617, 
    "F_892_3": 19.547286987304688, 
    "F_427_3": 20.200735092163086, 
    "F_489_3": 20.050249099731445, 
    "F_396_3": 20.092342376708984, 
    "F_954_3": Infinity, 
    "F_799_3": 19.9237117767334, 
    "F_582_3": 20.185287475585938, 
    "F_365_3": 21.048208236694336, 
    "F_830_3": 19.78143310546875, 
    "F_923_3": 19.554248809814453, 
    "F_551_3": 20.29145050048828, 
    "F_706_3": 20.040016174316406, 
    "F_613_3": 20.22774314880371, 
    "F_458_3": 20.284927368164062, 
    "F_768_3": 19.962064743041992, 
    "F_861_3": 19.6009521484375, 
    "F_675_3": 20.048965454101562, 
    "F_737_3": 20.09610366821289, 
    "id": "spec-0445-51873-0089-catB", 
    "F_520_3": 20.22711181640625
}