{
    "F_644_3": 17.872146606445312, 
    "F_892_3": 16.985898971557617, 
    "F_427_3": 18.94464874267578, 
    "F_489_3": 18.736051559448242, 
    "F_396_3": 18.70659065246582, 
    "F_954_3": Infinity, 
    "F_799_3": 17.23451805114746, 
    "F_582_3": 18.448856353759766, 
    "F_365_3": 18.57236099243164, 
    "F_830_3": 17.124773025512695, 
    "F_923_3": 16.938323974609375, 
    "F_551_3": 18.622894287109375, 
    "F_706_3": 17.83820343017578, 
    "F_613_3": 18.379161834716797, 
    "F_458_3": 18.994338989257812, 
    "F_768_3": 17.39624786376953, 
    "F_861_3": 17.05562973022461, 
    "F_675_3": 18.062246322631836, 
    "F_737_3": 17.486642837524414, 
    "id": "spec-0831-52294-0435-catB", 
    "F_520_3": 18.779788970947266
}