{
    "F_644_3": 17.662046432495117, 
    "F_892_3": 17.398618698120117, 
    "F_427_3": 18.726497650146484, 
    "F_489_3": 18.27495574951172, 
    "F_396_3": 18.65471649169922, 
    "F_954_3": Infinity, 
    "F_799_3": 17.483081817626953, 
    "F_582_3": 18.014631271362305, 
    "F_365_3": 18.725208282470703, 
    "F_830_3": 17.51170539855957, 
    "F_923_3": 17.367116928100586, 
    "F_551_3": 18.107995986938477, 
    "F_706_3": 17.62177276611328, 
    "F_613_3": 17.87745475769043, 
    "F_458_3": 18.406726837158203, 
    "F_768_3": 17.541419982910156, 
    "F_861_3": 17.40479850769043, 
    "F_675_3": 17.70418930053711, 
    "F_737_3": 17.579395294189453, 
    "id": "spec-2171-53557-0007-catB", 
    "F_520_3": 18.319421768188477
}