{
    "F_644_3": 16.7694149017334, 
    "F_892_3": 16.639759063720703, 
    "F_427_3": 17.179716110229492, 
    "F_489_3": 17.113662719726562, 
    "F_396_3": 16.95561408996582, 
    "F_954_3": Infinity, 
    "F_799_3": 16.722572326660156, 
    "F_582_3": 17.11227798461914, 
    "F_365_3": 16.821456909179688, 
    "F_830_3": 16.679323196411133, 
    "F_923_3": 16.707351684570312, 
    "F_551_3": 17.24552345275879, 
    "F_706_3": 16.91447639465332, 
    "F_613_3": 17.13475227355957, 
    "F_458_3": 17.34945297241211, 
    "F_768_3": 16.786046981811523, 
    "F_861_3": 16.602975845336914, 
    "F_675_3": 16.961254119873047, 
    "F_737_3": 16.864168167114258, 
    "id": "spec-0876-52669-0103-catB", 
    "F_520_3": 17.2739200592041
}