{
    "F_644_3": 18.459125518798828, 
    "F_892_3": 17.845672607421875, 
    "F_427_3": 18.917701721191406, 
    "F_489_3": 18.83647346496582, 
    "F_396_3": 18.83380126953125, 
    "F_954_3": Infinity, 
    "F_799_3": 18.045412063598633, 
    "F_582_3": 18.668699264526367, 
    "F_365_3": 18.534650802612305, 
    "F_830_3": 17.988319396972656, 
    "F_923_3": 17.81973648071289, 
    "F_551_3": 18.680994033813477, 
    "F_706_3": 18.382436752319336, 
    "F_613_3": 18.640880584716797, 
    "F_458_3": 18.735004425048828, 
    "F_768_3": 18.137941360473633, 
    "F_861_3": 17.856843948364258, 
    "F_675_3": 18.540964126586914, 
    "F_737_3": 18.207643508911133, 
    "id": "spec-0662-52178-0541-catB", 
    "F_520_3": 18.744285583496094
}