{
    "F_644_3": 15.67987060546875, 
    "F_892_3": 15.793970108032227, 
    "F_427_3": 15.9083890914917, 
    "F_489_3": 15.931145668029785, 
    "F_396_3": 15.528677940368652, 
    "F_954_3": Infinity, 
    "F_799_3": 15.923340797424316, 
    "F_582_3": 16.091917037963867, 
    "F_365_3": 15.125226020812988, 
    "F_830_3": 15.839683532714844, 
    "F_923_3": 15.80810546875, 
    "F_551_3": 16.304811477661133, 
    "F_706_3": 16.03131675720215, 
    "F_613_3": 16.25005340576172, 
    "F_458_3": 16.166061401367188, 
    "F_768_3": 15.989453315734863, 
    "F_861_3": 15.648504257202148, 
    "F_675_3": 16.05624008178711, 
    "F_737_3": 16.01681900024414, 
    "id": "spec-0483-51902-0332-catB", 
    "F_520_3": 16.238258361816406
}