{
    "F_644_3": 16.226518630981445, 
    "F_892_3": 15.85418701171875, 
    "F_427_3": 17.2990779876709, 
    "F_489_3": 16.917675018310547, 
    "F_396_3": 17.33371353149414, 
    "F_954_3": Infinity, 
    "F_799_3": 15.979303359985352, 
    "F_582_3": 16.526504516601562, 
    "F_365_3": 17.522781372070312, 
    "F_830_3": 15.932426452636719, 
    "F_923_3": 15.87260913848877, 
    "F_551_3": 16.683761596679688, 
    "F_706_3": 16.167774200439453, 
    "F_613_3": 16.426652908325195, 
    "F_458_3": 17.127944946289062, 
    "F_768_3": 16.013765335083008, 
    "F_861_3": 15.891590118408203, 
    "F_675_3": 16.224441528320312, 
    "F_737_3": 16.09432601928711, 
    "id": "spec-1916-53269-0424-catB", 
    "F_520_3": 16.880157470703125
}