{
    "F_644_3": 18.66257667541504, 
    "F_892_3": 18.874391555786133, 
    "F_427_3": 18.490514755249023, 
    "F_489_3": 18.49728775024414, 
    "F_396_3": 18.54206085205078, 
    "F_954_3": Infinity, 
    "F_799_3": 18.8538875579834, 
    "F_582_3": 18.6251163482666, 
    "F_365_3": 18.544788360595703, 
    "F_830_3": 18.866168975830078, 
    "F_923_3": 18.9680233001709, 
    "F_551_3": 18.557098388671875, 
    "F_706_3": 18.776729583740234, 
    "F_613_3": 18.65985679626465, 
    "F_458_3": 18.488174438476562, 
    "F_768_3": 18.8411808013916, 
    "F_861_3": 18.92794418334961, 
    "F_675_3": 18.71804428100586, 
    "F_737_3": 18.813465118408203, 
    "id": "spec-1199-52703-0286-catB", 
    "F_520_3": 18.535903930664062
}