{
    "F_644_3": 15.143689155578613, 
    "F_892_3": 15.263869285583496, 
    "F_427_3": 15.355185508728027, 
    "F_489_3": 15.311320304870605, 
    "F_396_3": 15.242236137390137, 
    "F_954_3": 14.976081848144531, 
    "F_799_3": 15.256235122680664, 
    "F_582_3": 15.290369987487793, 
    "F_365_3": 15.205334663391113, 
    "F_830_3": 15.251058578491211, 
    "F_923_3": 15.27959156036377, 
    "F_551_3": 15.370223999023438, 
    "F_706_3": 15.255240440368652, 
    "F_613_3": 15.309159278869629, 
    "F_458_3": 15.396424293518066, 
    "F_768_3": 15.271902084350586, 
    "F_861_3": 15.254313468933105, 
    "F_675_3": 15.251182556152344, 
    "F_737_3": 15.256460189819336, 
    "id": "spec-0442-51882-0494-catB", 
    "F_520_3": 15.410018920898438
}