{
    "F_644_3": 17.791271209716797, 
    "F_892_3": 17.945222854614258, 
    "F_427_3": 18.097187042236328, 
    "F_489_3": 17.982311248779297, 
    "F_396_3": 18.06631088256836, 
    "F_954_3": Infinity, 
    "F_799_3": 17.911972045898438, 
    "F_582_3": 18.01338005065918, 
    "F_365_3": 18.1542911529541, 
    "F_830_3": 17.874088287353516, 
    "F_923_3": 18.040176391601562, 
    "F_551_3": 18.07640266418457, 
    "F_706_3": 17.948450088500977, 
    "F_613_3": 18.030363082885742, 
    "F_458_3": 18.168415069580078, 
    "F_768_3": 17.919660568237305, 
    "F_861_3": 17.874692916870117, 
    "F_675_3": 17.954116821289062, 
    "F_737_3": 17.925260543823242, 
    "id": "spec-2210-53535-0592-catB", 
    "F_520_3": 18.084636688232422
}