{
    "F_644_3": 21.357040405273438, 
    "F_892_3": 20.074127197265625, 
    "F_427_3": 21.931346893310547, 
    "F_489_3": 21.847545623779297, 
    "F_396_3": 21.759075164794922, 
    "F_954_3": 20.736919403076172, 
    "F_799_3": 21.09503936767578, 
    "F_582_3": 21.71042251586914, 
    "F_365_3": 22.199237823486328, 
    "F_830_3": 20.748098373413086, 
    "F_923_3": 20.702869415283203, 
    "F_551_3": 21.633089065551758, 
    "F_706_3": 21.497182846069336, 
    "F_613_3": 21.621200561523438, 
    "F_458_3": 21.944923400878906, 
    "F_768_3": 21.151437759399414, 
    "F_861_3": 20.44837760925293, 
    "F_675_3": 21.56451416015625, 
    "F_737_3": 21.32733154296875, 
    "id": "spec-0459-51924-0222-catB", 
    "F_520_3": 21.9245662689209
}