{
    "F_644_3": 17.636274337768555, 
    "F_892_3": 17.700742721557617, 
    "F_427_3": 18.09303092956543, 
    "F_489_3": 17.97226905822754, 
    "F_396_3": 17.953020095825195, 
    "F_954_3": 17.467538833618164, 
    "F_799_3": 17.7591495513916, 
    "F_582_3": 17.989307403564453, 
    "F_365_3": 18.072650909423828, 
    "F_830_3": 17.723617553710938, 
    "F_923_3": 17.663990020751953, 
    "F_551_3": 18.11538314819336, 
    "F_706_3": 17.859167098999023, 
    "F_613_3": 18.022018432617188, 
    "F_458_3": 18.24919319152832, 
    "F_768_3": 17.79187774658203, 
    "F_861_3": 17.647390365600586, 
    "F_675_3": 17.877132415771484, 
    "F_737_3": 17.82320213317871, 
    "id": "spec-0352-51694-0026-catB", 
    "F_520_3": 18.1428279876709
}