{
    "F_644_3": 18.178163528442383, 
    "F_892_3": 18.335493087768555, 
    "F_427_3": 18.013521194458008, 
    "F_489_3": 18.03129768371582, 
    "F_396_3": 18.110170364379883, 
    "F_954_3": Infinity, 
    "F_799_3": 18.304834365844727, 
    "F_582_3": 17.966218948364258, 
    "F_365_3": 18.049217224121094, 
    "F_830_3": 18.32176399230957, 
    "F_923_3": 18.427202224731445, 
    "F_551_3": 17.93219757080078, 
    "F_706_3": 18.189023971557617, 
    "F_613_3": 18.0264835357666, 
    "F_458_3": 17.798925399780273, 
    "F_768_3": 18.271366119384766, 
    "F_861_3": 18.36043357849121, 
    "F_675_3": 18.197982788085938, 
    "F_737_3": 18.2280216217041, 
    "id": "spec-0518-52282-0285-catB", 
    "F_520_3": 17.884523391723633
}