{
    "F_644_3": 17.558259963989258, 
    "F_892_3": 17.322921752929688, 
    "F_427_3": 18.039291381835938, 
    "F_489_3": 17.942276000976562, 
    "F_396_3": 17.856338500976562, 
    "F_954_3": Infinity, 
    "F_799_3": 17.519363403320312, 
    "F_582_3": 17.95159339904785, 
    "F_365_3": 17.616180419921875, 
    "F_830_3": 17.45503044128418, 
    "F_923_3": 17.328889846801758, 
    "F_551_3": 18.088924407958984, 
    "F_706_3": 17.69476890563965, 
    "F_613_3": 17.943132400512695, 
    "F_458_3": 18.20389747619629, 
    "F_768_3": 17.58333396911621, 
    "F_861_3": 17.33763885498047, 
    "F_675_3": 17.738483428955078, 
    "F_737_3": 17.63385581970215, 
    "id": "spec-1929-53349-0001-catB", 
    "F_520_3": 18.103479385375977
}