{
    "F_644_3": 19.639638900756836, 
    "F_892_3": 19.40449333190918, 
    "F_427_3": 19.905624389648438, 
    "F_489_3": 19.870243072509766, 
    "F_396_3": 19.81476593017578, 
    "F_954_3": Infinity, 
    "F_799_3": 19.72319793701172, 
    "F_582_3": 19.89973258972168, 
    "F_365_3": 19.858692169189453, 
    "F_830_3": 19.6072940826416, 
    "F_923_3": 19.501049041748047, 
    "F_551_3": 19.880952835083008, 
    "F_706_3": 19.847312927246094, 
    "F_613_3": 19.928091049194336, 
    "F_458_3": 19.918344497680664, 
    "F_768_3": 19.739957809448242, 
    "F_861_3": 19.523990631103516, 
    "F_675_3": 19.887664794921875, 
    "F_737_3": 19.772830963134766, 
    "id": "spec-0635-52145-0127-catB", 
    "F_520_3": 19.884599685668945
}