{
    "F_644_3": 18.253902435302734, 
    "F_892_3": 18.53189468383789, 
    "F_427_3": 18.255250930786133, 
    "F_489_3": 18.246110916137695, 
    "F_396_3": 18.317811965942383, 
    "F_954_3": Infinity, 
    "F_799_3": 18.59181785583496, 
    "F_582_3": 18.293426513671875, 
    "F_365_3": 18.379411697387695, 
    "F_830_3": 18.64246368408203, 
    "F_923_3": 18.789907455444336, 
    "F_551_3": 18.26163101196289, 
    "F_706_3": 18.486059188842773, 
    "F_613_3": 18.37014389038086, 
    "F_458_3": 18.12830352783203, 
    "F_768_3": 18.57718849182129, 
    "F_861_3": 18.613290786743164, 
    "F_675_3": 18.4715633392334, 
    "F_737_3": 18.547039031982422, 
    "id": "spec-1301-52976-0624-catB", 
    "F_520_3": 18.20468521118164
}