{
    "F_644_3": 18.535402297973633, 
    "F_892_3": 18.355581283569336, 
    "F_427_3": 18.867212295532227, 
    "F_489_3": 18.80643653869629, 
    "F_396_3": 18.842615127563477, 
    "F_954_3": Infinity, 
    "F_799_3": 18.547588348388672, 
    "F_582_3": 18.793489456176758, 
    "F_365_3": 18.753108978271484, 
    "F_830_3": 18.4833927154541, 
    "F_923_3": 18.55554962158203, 
    "F_551_3": 18.8231201171875, 
    "F_706_3": 18.66436767578125, 
    "F_613_3": 18.770591735839844, 
    "F_458_3": 18.92337989807129, 
    "F_768_3": 18.61467742919922, 
    "F_861_3": 18.425966262817383, 
    "F_675_3": 18.693618774414062, 
    "F_737_3": 18.605138778686523, 
    "id": "spec-2264-53682-0352-catB", 
    "F_520_3": 18.8435001373291
}