{
    "F_644_3": 17.438575744628906, 
    "F_892_3": 16.386709213256836, 
    "F_427_3": 18.788095474243164, 
    "F_489_3": 18.45171546936035, 
    "F_396_3": 18.816242218017578, 
    "F_954_3": Infinity, 
    "F_799_3": 16.63713836669922, 
    "F_582_3": 17.90019989013672, 
    "F_365_3": 18.853553771972656, 
    "F_830_3": 16.544784545898438, 
    "F_923_3": 16.323265075683594, 
    "F_551_3": 18.052337646484375, 
    "F_706_3": 17.237274169921875, 
    "F_613_3": 17.801015853881836, 
    "F_458_3": 18.5506591796875, 
    "F_768_3": 16.803041458129883, 
    "F_861_3": 16.50548553466797, 
    "F_675_3": 17.486982345581055, 
    "F_737_3": 16.880935668945312, 
    "id": "spec-2080-53350-0202-catB", 
    "F_520_3": 18.309967041015625
}