{
    "F_644_3": 15.64940071105957, 
    "F_892_3": 15.76565933227539, 
    "F_427_3": 15.682587623596191, 
    "F_489_3": 15.691354751586914, 
    "F_396_3": 15.685269355773926, 
    "F_954_3": Infinity, 
    "F_799_3": 15.768980026245117, 
    "F_582_3": 15.734197616577148, 
    "F_365_3": 15.728667259216309, 
    "F_830_3": 15.755178451538086, 
    "F_923_3": 15.779972076416016, 
    "F_551_3": 15.74559211730957, 
    "F_706_3": 15.758493423461914, 
    "F_613_3": 15.7520170211792, 
    "F_458_3": 15.70875358581543, 
    "F_768_3": 15.774787902832031, 
    "F_861_3": 15.756794929504395, 
    "F_675_3": 15.752275466918945, 
    "F_737_3": 15.758538246154785, 
    "id": "spec-2082-53358-0344-catB", 
    "F_520_3": 15.739810943603516
}