{
    "F_644_3": 18.67208480834961, 
    "F_892_3": 18.301349639892578, 
    "F_427_3": 18.992673873901367, 
    "F_489_3": 18.971315383911133, 
    "F_396_3": 18.974292755126953, 
    "F_954_3": Infinity, 
    "F_799_3": 18.445959091186523, 
    "F_582_3": 18.85709571838379, 
    "F_365_3": 19.033842086791992, 
    "F_830_3": 18.4039306640625, 
    "F_923_3": 18.23101043701172, 
    "F_551_3": 18.902782440185547, 
    "F_706_3": 18.616302490234375, 
    "F_613_3": 18.792518615722656, 
    "F_458_3": 19.013355255126953, 
    "F_768_3": 18.514022827148438, 
    "F_861_3": 18.33335304260254, 
    "F_675_3": 18.670082092285156, 
    "F_737_3": 18.543598175048828, 
    "id": "spec-2155-53820-0163-catB", 
    "F_520_3": 18.930936813354492
}