{
    "F_644_3": 16.365821838378906, 
    "F_892_3": 16.49103355407715, 
    "F_427_3": 16.53355598449707, 
    "F_489_3": 16.432720184326172, 
    "F_396_3": 16.595314025878906, 
    "F_954_3": Infinity, 
    "F_799_3": 16.442852020263672, 
    "F_582_3": 16.407867431640625, 
    "F_365_3": 16.757022857666016, 
    "F_830_3": 16.444015502929688, 
    "F_923_3": 16.49826431274414, 
    "F_551_3": 16.410263061523438, 
    "F_706_3": 16.422531127929688, 
    "F_613_3": 16.4035587310791, 
    "F_458_3": 16.482303619384766, 
    "F_768_3": 16.444169998168945, 
    "F_861_3": 16.47081756591797, 
    "F_675_3": 16.41790008544922, 
    "F_737_3": 16.417118072509766, 
    "id": "spec-2366-53741-0072-catB", 
    "F_520_3": 16.422414779663086
}