{
    "F_644_3": 16.9637508392334, 
    "F_892_3": 16.68828582763672, 
    "F_427_3": 17.360288619995117, 
    "F_489_3": 17.24120330810547, 
    "F_396_3": 17.40156364440918, 
    "F_954_3": Infinity, 
    "F_799_3": 16.768009185791016, 
    "F_582_3": 17.122913360595703, 
    "F_365_3": 17.26768684387207, 
    "F_830_3": 16.73029136657715, 
    "F_923_3": 16.694751739501953, 
    "F_551_3": 17.1745548248291, 
    "F_706_3": 16.959901809692383, 
    "F_613_3": 17.090742111206055, 
    "F_458_3": 17.332141876220703, 
    "F_768_3": 16.8344669342041, 
    "F_861_3": 16.710905075073242, 
    "F_675_3": 17.01982307434082, 
    "F_737_3": 16.861759185791016, 
    "id": "spec-0465-51910-0226-catB", 
    "F_520_3": 17.224266052246094
}