{
    "F_644_3": 17.67389488220215, 
    "F_892_3": 17.993873596191406, 
    "F_427_3": 17.66399574279785, 
    "F_489_3": 17.660673141479492, 
    "F_396_3": 17.743213653564453, 
    "F_954_3": Infinity, 
    "F_799_3": 17.911481857299805, 
    "F_582_3": 17.67089080810547, 
    "F_365_3": 17.85019302368164, 
    "F_830_3": 17.926532745361328, 
    "F_923_3": 17.911544799804688, 
    "F_551_3": 17.642784118652344, 
    "F_706_3": 17.827247619628906, 
    "F_613_3": 17.7369384765625, 
    "F_458_3": 17.528650283813477, 
    "F_768_3": 17.89310073852539, 
    "F_861_3": 17.920475006103516, 
    "F_675_3": 17.83152198791504, 
    "F_737_3": 17.86219596862793, 
    "id": "spec-1283-52762-0591-catB", 
    "F_520_3": 17.603506088256836
}