{
    "F_644_3": 18.513755798339844, 
    "F_892_3": 18.00957679748535, 
    "F_427_3": 19.750099182128906, 
    "F_489_3": 19.136625289916992, 
    "F_396_3": 20.314067840576172, 
    "F_954_3": Infinity, 
    "F_799_3": 18.108585357666016, 
    "F_582_3": 18.723068237304688, 
    "F_365_3": 21.549341201782227, 
    "F_830_3": 18.047731399536133, 
    "F_923_3": 17.931720733642578, 
    "F_551_3": 18.84917449951172, 
    "F_706_3": 18.346763610839844, 
    "F_613_3": 18.600065231323242, 
    "F_458_3": 19.4619197845459, 
    "F_768_3": 18.14567756652832, 
    "F_861_3": 17.989315032958984, 
    "F_675_3": 18.412839889526367, 
    "F_737_3": 18.294986724853516, 
    "id": "spec-0545-52202-0275-catB", 
    "F_520_3": 19.020540237426758
}