{
    "F_644_3": 18.475618362426758, 
    "F_892_3": 18.416671752929688, 
    "F_427_3": 18.798654556274414, 
    "F_489_3": 18.76702308654785, 
    "F_396_3": 18.63121223449707, 
    "F_954_3": Infinity, 
    "F_799_3": 18.62923240661621, 
    "F_582_3": 18.88167953491211, 
    "F_365_3": 18.627748489379883, 
    "F_830_3": 18.589487075805664, 
    "F_923_3": 18.52375602722168, 
    "F_551_3": 18.979137420654297, 
    "F_706_3": 18.767160415649414, 
    "F_613_3": 18.89764404296875, 
    "F_458_3": 18.962482452392578, 
    "F_768_3": 18.68227195739746, 
    "F_861_3": 18.408523559570312, 
    "F_675_3": 18.778934478759766, 
    "F_737_3": 18.731273651123047, 
    "id": "spec-0565-52225-0359-catB", 
    "F_520_3": 18.95427894592285
}