{
    "F_644_3": 19.06590461730957, 
    "F_892_3": 19.307727813720703, 
    "F_427_3": 19.19200325012207, 
    "F_489_3": 19.093244552612305, 
    "F_396_3": 19.318496704101562, 
    "F_954_3": 19.804750442504883, 
    "F_799_3": 19.282333374023438, 
    "F_582_3": 19.046415328979492, 
    "F_365_3": 19.354843139648438, 
    "F_830_3": 19.284748077392578, 
    "F_923_3": 19.593360900878906, 
    "F_551_3": 18.992130279541016, 
    "F_706_3": 19.232837677001953, 
    "F_613_3": 19.163949966430664, 
    "F_458_3": 19.007999420166016, 
    "F_768_3": 19.233652114868164, 
    "F_861_3": 19.338218688964844, 
    "F_675_3": 19.249874114990234, 
    "F_737_3": 19.27950096130371, 
    "id": "spec-0345-51690-0138-catB", 
    "F_520_3": 18.996084213256836
}