{
    "F_644_3": 18.12067985534668, 
    "F_892_3": 18.162771224975586, 
    "F_427_3": 18.134138107299805, 
    "F_489_3": 18.11613655090332, 
    "F_396_3": 18.17438507080078, 
    "F_954_3": Infinity, 
    "F_799_3": 18.278404235839844, 
    "F_582_3": 18.154817581176758, 
    "F_365_3": 18.133817672729492, 
    "F_830_3": 18.285171508789062, 
    "F_923_3": 18.180456161499023, 
    "F_551_3": 18.112871170043945, 
    "F_706_3": 18.29315757751465, 
    "F_613_3": 18.219881057739258, 
    "F_458_3": 18.008647918701172, 
    "F_768_3": 18.33799934387207, 
    "F_861_3": 18.21349334716797, 
    "F_675_3": 18.278806686401367, 
    "F_737_3": 18.29642677307129, 
    "id": "spec-1165-52703-0372-catB", 
    "F_520_3": 18.075571060180664
}