{
    "F_644_3": 17.814058303833008, 
    "F_892_3": 18.18059539794922, 
    "F_427_3": 17.921493530273438, 
    "F_489_3": 17.87843894958496, 
    "F_396_3": 17.990421295166016, 
    "F_954_3": Infinity, 
    "F_799_3": 18.134126663208008, 
    "F_582_3": 17.907846450805664, 
    "F_365_3": 17.87550926208496, 
    "F_830_3": 18.128942489624023, 
    "F_923_3": 18.22861099243164, 
    "F_551_3": 17.894227981567383, 
    "F_706_3": 18.064956665039062, 
    "F_613_3": 17.972862243652344, 
    "F_458_3": 17.80717658996582, 
    "F_768_3": 18.110706329345703, 
    "F_861_3": 18.154644012451172, 
    "F_675_3": 18.06928825378418, 
    "F_737_3": 18.106395721435547, 
    "id": "spec-1780-53090-0431-catB", 
    "F_520_3": 17.865680694580078
}