{
    "F_644_3": 16.433218002319336, 
    "F_892_3": 16.53340721130371, 
    "F_427_3": 16.774208068847656, 
    "F_489_3": 16.579120635986328, 
    "F_396_3": 16.87473487854004, 
    "F_954_3": Infinity, 
    "F_799_3": 16.532756805419922, 
    "F_582_3": 16.528051376342773, 
    "F_365_3": 17.02909278869629, 
    "F_830_3": 16.517385482788086, 
    "F_923_3": 16.58280372619629, 
    "F_551_3": 16.543973922729492, 
    "F_706_3": 16.50798797607422, 
    "F_613_3": 16.52900505065918, 
    "F_458_3": 16.66834831237793, 
    "F_768_3": 16.476398468017578, 
    "F_861_3": 16.49546241760254, 
    "F_675_3": 16.504013061523438, 
    "F_737_3": 16.463977813720703, 
    "id": "spec-0403-51871-0423-catB", 
    "F_520_3": 16.589693069458008
}