{
    "F_644_3": 18.178955078125, 
    "F_892_3": 18.281166076660156, 
    "F_427_3": 18.463727951049805, 
    "F_489_3": 18.315759658813477, 
    "F_396_3": 18.395915985107422, 
    "F_954_3": 18.468807220458984, 
    "F_799_3": 18.277664184570312, 
    "F_582_3": 18.22168731689453, 
    "F_365_3": 18.132150650024414, 
    "F_830_3": 18.239145278930664, 
    "F_923_3": 18.496259689331055, 
    "F_551_3": 18.22919464111328, 
    "F_706_3": 18.170743942260742, 
    "F_613_3": 18.331249237060547, 
    "F_458_3": 18.372819900512695, 
    "F_768_3": 18.203474044799805, 
    "F_861_3": 18.252113342285156, 
    "F_675_3": 18.18691062927246, 
    "F_737_3": 18.161252975463867, 
    "id": "spec-2334-53713-0581-catB", 
    "F_520_3": 18.370752334594727
}