{
    "F_644_3": 17.25826644897461, 
    "F_892_3": 16.837112426757812, 
    "F_427_3": 17.35614776611328, 
    "F_489_3": 17.367206573486328, 
    "F_396_3": 17.365795135498047, 
    "F_954_3": Infinity, 
    "F_799_3": 17.082571029663086, 
    "F_582_3": 17.386512756347656, 
    "F_365_3": 17.420639038085938, 
    "F_830_3": 16.982101440429688, 
    "F_923_3": 16.774017333984375, 
    "F_551_3": 17.366064071655273, 
    "F_706_3": 17.3118839263916, 
    "F_613_3": 17.38223648071289, 
    "F_458_3": 17.318805694580078, 
    "F_768_3": 17.182891845703125, 
    "F_861_3": 16.912477493286133, 
    "F_675_3": 17.35774040222168, 
    "F_737_3": 17.207645416259766, 
    "id": "spec-0949-52427-0358-catB", 
    "F_520_3": 17.330900192260742
}