{
    "F_644_3": 17.89325714111328, 
    "F_892_3": 18.145294189453125, 
    "F_427_3": 17.801860809326172, 
    "F_489_3": 17.814191818237305, 
    "F_396_3": 17.828136444091797, 
    "F_954_3": Infinity, 
    "F_799_3": 18.1722412109375, 
    "F_582_3": 17.864408493041992, 
    "F_365_3": 17.822519302368164, 
    "F_830_3": 18.158138275146484, 
    "F_923_3": 18.127593994140625, 
    "F_551_3": 17.80938720703125, 
    "F_706_3": 18.09339714050293, 
    "F_613_3": 17.977272033691406, 
    "F_458_3": 17.6820011138916, 
    "F_768_3": 18.17051124572754, 
    "F_861_3": 18.12052345275879, 
    "F_675_3": 18.086746215820312, 
    "F_737_3": 18.12929344177246, 
    "id": "spec-0335-52000-0085-catB", 
    "F_520_3": 17.784929275512695
}