{
    "F_644_3": 18.78125, 
    "F_892_3": 18.834985733032227, 
    "F_427_3": 18.69597625732422, 
    "F_489_3": 18.7150821685791, 
    "F_396_3": 18.71819305419922, 
    "F_954_3": Infinity, 
    "F_799_3": 18.98645782470703, 
    "F_582_3": 18.720348358154297, 
    "F_365_3": 18.745616912841797, 
    "F_830_3": 18.93414306640625, 
    "F_923_3": 19.0273380279541, 
    "F_551_3": 18.685638427734375, 
    "F_706_3": 18.895292282104492, 
    "F_613_3": 18.792734146118164, 
    "F_458_3": 18.558168411254883, 
    "F_768_3": 18.98541259765625, 
    "F_861_3": 18.975845336914062, 
    "F_675_3": 18.900678634643555, 
    "F_737_3": 18.929412841796875, 
    "id": "spec-0999-52636-0055-catB", 
    "F_520_3": 18.644344329833984
}