{
    "F_644_3": 18.529518127441406, 
    "F_892_3": 18.007770538330078, 
    "F_427_3": 19.17609977722168, 
    "F_489_3": 18.945661544799805, 
    "F_396_3": 19.28150749206543, 
    "F_954_3": Infinity, 
    "F_799_3": 18.22011375427246, 
    "F_582_3": 18.702247619628906, 
    "F_365_3": 19.452117919921875, 
    "F_830_3": 18.15184783935547, 
    "F_923_3": 18.01836395263672, 
    "F_551_3": 18.77895736694336, 
    "F_706_3": 18.443828582763672, 
    "F_613_3": 18.664318084716797, 
    "F_458_3": 19.086835861206055, 
    "F_768_3": 18.28483772277832, 
    "F_861_3": 18.07893180847168, 
    "F_675_3": 18.49365997314453, 
    "F_737_3": 18.34633445739746, 
    "id": "spec-0633-52079-0574-catB", 
    "F_520_3": 18.871417999267578
}