{
    "F_644_3": 19.863452911376953, 
    "F_892_3": 19.245393753051758, 
    "F_427_3": 20.37537384033203, 
    "F_489_3": 20.26333236694336, 
    "F_396_3": 20.179651260375977, 
    "F_954_3": 18.381704330444336, 
    "F_799_3": 19.80449104309082, 
    "F_582_3": 20.191770553588867, 
    "F_365_3": 20.32115936279297, 
    "F_830_3": 19.582199096679688, 
    "F_923_3": 19.166349411010742, 
    "F_551_3": 20.24843406677246, 
    "F_706_3": 20.1653995513916, 
    "F_613_3": 20.31587028503418, 
    "F_458_3": 20.613733291625977, 
    "F_768_3": 19.81938362121582, 
    "F_861_3": 19.414995193481445, 
    "F_675_3": 20.218748092651367, 
    "F_737_3": 20.061494827270508, 
    "id": "spec-0348-51671-0103-catB", 
    "F_520_3": 20.413822174072266
}