{
    "F_644_3": 17.159223556518555, 
    "F_892_3": 16.155378341674805, 
    "F_427_3": 17.283653259277344, 
    "F_489_3": 16.973520278930664, 
    "F_396_3": 16.966739654541016, 
    "F_954_3": Infinity, 
    "F_799_3": 16.455902099609375, 
    "F_582_3": 17.220748901367188, 
    "F_365_3": 16.555824279785156, 
    "F_830_3": 16.299625396728516, 
    "F_923_3": 16.04671287536621, 
    "F_551_3": 17.202526092529297, 
    "F_706_3": 17.086999893188477, 
    "F_613_3": 17.326339721679688, 
    "F_458_3": 17.21013069152832, 
    "F_768_3": 16.69029426574707, 
    "F_861_3": 16.271570205688477, 
    "F_675_3": 17.248966217041016, 
    "F_737_3": 16.725658416748047, 
    "id": "spec-2459-54544-0521-catB", 
    "F_520_3": 17.014047622680664
}