{
    "F_644_3": 19.20880889892578, 
    "F_892_3": 19.07530403137207, 
    "F_427_3": 19.06407928466797, 
    "F_489_3": 19.038515090942383, 
    "F_396_3": 19.051097869873047, 
    "F_954_3": 18.952802658081055, 
    "F_799_3": 19.39604949951172, 
    "F_582_3": 19.18560791015625, 
    "F_365_3": 18.950395584106445, 
    "F_830_3": 19.203218460083008, 
    "F_923_3": 19.10114288330078, 
    "F_551_3": 19.170644760131836, 
    "F_706_3": 19.420364379882812, 
    "F_613_3": 19.295190811157227, 
    "F_458_3": 19.07365608215332, 
    "F_768_3": 19.479846954345703, 
    "F_861_3": 19.140769958496094, 
    "F_675_3": 19.315141677856445, 
    "F_737_3": 19.44699478149414, 
    "id": "spec-2222-53799-0010-catB", 
    "F_520_3": 19.098163604736328
}