{
    "F_644_3": 17.81524658203125, 
    "F_892_3": 17.9072208404541, 
    "F_427_3": 18.213376998901367, 
    "F_489_3": 18.023466110229492, 
    "F_396_3": 18.055837631225586, 
    "F_954_3": Infinity, 
    "F_799_3": 17.91762351989746, 
    "F_582_3": 18.00531578063965, 
    "F_365_3": 18.12581443786621, 
    "F_830_3": 17.881860733032227, 
    "F_923_3": 17.991901397705078, 
    "F_551_3": 18.205793380737305, 
    "F_706_3": 17.94044303894043, 
    "F_613_3": 18.1281795501709, 
    "F_458_3": 18.14342498779297, 
    "F_768_3": 17.951234817504883, 
    "F_861_3": 17.858314514160156, 
    "F_675_3": 17.946338653564453, 
    "F_737_3": 17.93408966064453, 
    "id": "spec-0834-52316-0431-catB", 
    "F_520_3": 18.249217987060547
}