{
    "F_644_3": 14.524209976196289, 
    "F_892_3": 14.780631065368652, 
    "F_427_3": 14.246085166931152, 
    "F_489_3": 14.370821952819824, 
    "F_396_3": 14.205674171447754, 
    "F_954_3": Infinity, 
    "F_799_3": 14.7048978805542, 
    "F_582_3": 14.484512329101562, 
    "F_365_3": 14.218841552734375, 
    "F_830_3": 14.733880996704102, 
    "F_923_3": 14.804070472717285, 
    "F_551_3": 14.448881149291992, 
    "F_706_3": 14.597081184387207, 
    "F_613_3": 14.514716148376465, 
    "F_458_3": 14.291693687438965, 
    "F_768_3": 14.673599243164062, 
    "F_861_3": 14.767836570739746, 
    "F_675_3": 14.549216270446777, 
    "F_737_3": 14.636999130249023, 
    "id": "spec-0861-52318-0352-catB", 
    "F_520_3": 14.408623695373535
}