{
    "F_644_3": 18.873971939086914, 
    "F_892_3": 18.930583953857422, 
    "F_427_3": 18.768211364746094, 
    "F_489_3": 18.80452537536621, 
    "F_396_3": 18.79835319519043, 
    "F_954_3": Infinity, 
    "F_799_3": 18.980934143066406, 
    "F_582_3": 18.874147415161133, 
    "F_365_3": 18.946866989135742, 
    "F_830_3": 18.934999465942383, 
    "F_923_3": 19.035051345825195, 
    "F_551_3": 18.86056900024414, 
    "F_706_3": 18.953142166137695, 
    "F_613_3": 18.931360244750977, 
    "F_458_3": 18.795345306396484, 
    "F_768_3": 18.98975372314453, 
    "F_861_3": 18.90693473815918, 
    "F_675_3": 18.948162078857422, 
    "F_737_3": 18.97516441345215, 
    "id": "spec-0716-52203-0299-catB", 
    "F_520_3": 18.870298385620117
}