{
    "F_644_3": 18.364242553710938, 
    "F_892_3": 18.81147575378418, 
    "F_427_3": 18.34633445739746, 
    "F_489_3": 18.41952896118164, 
    "F_396_3": 18.19756317138672, 
    "F_954_3": Infinity, 
    "F_799_3": 18.81617546081543, 
    "F_582_3": 18.74405288696289, 
    "F_365_3": 18.118000030517578, 
    "F_830_3": 18.753551483154297, 
    "F_923_3": 19.077211380004883, 
    "F_551_3": 18.820663452148438, 
    "F_706_3": 18.80113983154297, 
    "F_613_3": 18.852521896362305, 
    "F_458_3": 18.626630783081055, 
    "F_768_3": 18.80986213684082, 
    "F_861_3": 18.853422164916992, 
    "F_675_3": 18.75245475769043, 
    "F_737_3": 18.80719757080078, 
    "id": "spec-0796-52401-0388-catB", 
    "F_520_3": 18.796024322509766
}