{
    "F_644_3": 18.936323165893555, 
    "F_892_3": 18.799232482910156, 
    "F_427_3": 19.228824615478516, 
    "F_489_3": 19.155494689941406, 
    "F_396_3": 19.184186935424805, 
    "F_954_3": Infinity, 
    "F_799_3": 18.902362823486328, 
    "F_582_3": 19.129953384399414, 
    "F_365_3": 19.33499526977539, 
    "F_830_3": 18.860361099243164, 
    "F_923_3": 18.817602157592773, 
    "F_551_3": 19.154468536376953, 
    "F_706_3": 19.013036727905273, 
    "F_613_3": 19.08827018737793, 
    "F_458_3": 19.256120681762695, 
    "F_768_3": 18.934917449951172, 
    "F_861_3": 18.813539505004883, 
    "F_675_3": 19.02861785888672, 
    "F_737_3": 18.96274757385254, 
    "id": "spec-1417-53141-0508-catB", 
    "F_520_3": 19.171615600585938
}