{
    "F_644_3": 16.375839233398438, 
    "F_892_3": 15.953022003173828, 
    "F_427_3": 17.568727493286133, 
    "F_489_3": 17.13538932800293, 
    "F_396_3": 17.610776901245117, 
    "F_954_3": Infinity, 
    "F_799_3": 16.09766387939453, 
    "F_582_3": 16.718820571899414, 
    "F_365_3": 17.767343521118164, 
    "F_830_3": 16.04393768310547, 
    "F_923_3": 15.97280502319336, 
    "F_551_3": 16.898000717163086, 
    "F_706_3": 16.3151798248291, 
    "F_613_3": 16.618566513061523, 
    "F_458_3": 17.37084197998047, 
    "F_768_3": 16.143224716186523, 
    "F_861_3": 15.975110054016113, 
    "F_675_3": 16.387176513671875, 
    "F_737_3": 16.231061935424805, 
    "id": "spec-0635-52145-0387-catB", 
    "F_520_3": 17.10804557800293
}