{
    "F_644_3": 19.807493209838867, 
    "F_892_3": 19.923133850097656, 
    "F_427_3": 20.003061294555664, 
    "F_489_3": 19.99599266052246, 
    "F_396_3": 20.027236938476562, 
    "F_954_3": Infinity, 
    "F_799_3": 20.117769241333008, 
    "F_582_3": 19.939054489135742, 
    "F_365_3": 19.85777473449707, 
    "F_830_3": 20.289348602294922, 
    "F_923_3": 20.070152282714844, 
    "F_551_3": 19.914934158325195, 
    "F_706_3": 19.983341217041016, 
    "F_613_3": 19.951766967773438, 
    "F_458_3": 19.934478759765625, 
    "F_768_3": 19.975252151489258, 
    "F_861_3": 20.06816291809082, 
    "F_675_3": 20.00146484375, 
    "F_737_3": 20.044355392456055, 
    "id": "spec-1085-52531-0175-catB", 
    "F_520_3": 19.9284610748291
}