{
    "F_644_3": 17.45836639404297, 
    "F_892_3": 17.395488739013672, 
    "F_427_3": 17.860919952392578, 
    "F_489_3": 17.80542755126953, 
    "F_396_3": 17.692821502685547, 
    "F_954_3": Infinity, 
    "F_799_3": 17.488162994384766, 
    "F_582_3": 17.817428588867188, 
    "F_365_3": 17.799158096313477, 
    "F_830_3": 17.43549156188965, 
    "F_923_3": 17.43716812133789, 
    "F_551_3": 17.94243049621582, 
    "F_706_3": 17.614070892333984, 
    "F_613_3": 17.825422286987305, 
    "F_458_3": 18.030996322631836, 
    "F_768_3": 17.52703285217285, 
    "F_861_3": 17.345579147338867, 
    "F_675_3": 17.65168571472168, 
    "F_737_3": 17.57615089416504, 
    "id": "spec-1776-53858-0576-catB", 
    "F_520_3": 17.95904541015625
}