{
    "F_644_3": 15.566588401794434, 
    "F_892_3": 14.942938804626465, 
    "F_427_3": 16.411123275756836, 
    "F_489_3": 16.191743850708008, 
    "F_396_3": 16.341236114501953, 
    "F_954_3": Infinity, 
    "F_799_3": 15.144254684448242, 
    "F_582_3": 16.06548309326172, 
    "F_365_3": 16.388750076293945, 
    "F_830_3": 15.056715965270996, 
    "F_923_3": 14.925395965576172, 
    "F_551_3": 16.195486068725586, 
    "F_706_3": 15.610652923583984, 
    "F_613_3": 16.02707862854004, 
    "F_458_3": 16.46417236328125, 
    "F_768_3": 15.292969703674316, 
    "F_861_3": 14.97783088684082, 
    "F_675_3": 15.766437530517578, 
    "F_737_3": 15.357110023498535, 
    "id": "spec-2285-53687-0030-catB", 
    "F_520_3": 16.26363182067871
}