{
    "F_644_3": 18.08465003967285, 
    "F_892_3": 17.21775245666504, 
    "F_427_3": 18.982654571533203, 
    "F_489_3": 18.76856803894043, 
    "F_396_3": 18.95848274230957, 
    "F_954_3": Infinity, 
    "F_799_3": 17.478708267211914, 
    "F_582_3": 18.576135635375977, 
    "F_365_3": 19.02823257446289, 
    "F_830_3": 17.35479736328125, 
    "F_923_3": 17.186288833618164, 
    "F_551_3": 18.676067352294922, 
    "F_706_3": 18.074264526367188, 
    "F_613_3": 18.555522918701172, 
    "F_458_3": 18.9572811126709, 
    "F_768_3": 17.66148567199707, 
    "F_861_3": 17.298725128173828, 
    "F_675_3": 18.287456512451172, 
    "F_737_3": 17.70319366455078, 
    "id": "spec-2343-53735-0493-catB", 
    "F_520_3": 18.77161407470703
}