{
    "F_644_3": 19.188085556030273, 
    "F_892_3": 18.9709529876709, 
    "F_427_3": 19.54180908203125, 
    "F_489_3": 19.46486473083496, 
    "F_396_3": 19.490968704223633, 
    "F_954_3": Infinity, 
    "F_799_3": 19.235382080078125, 
    "F_582_3": 19.511329650878906, 
    "F_365_3": 19.43470001220703, 
    "F_830_3": 19.142807006835938, 
    "F_923_3": 18.73507308959961, 
    "F_551_3": 19.557706832885742, 
    "F_706_3": 19.447025299072266, 
    "F_613_3": 19.55050277709961, 
    "F_458_3": 19.609046936035156, 
    "F_768_3": 19.408599853515625, 
    "F_861_3": 18.992652893066406, 
    "F_675_3": 19.47243881225586, 
    "F_737_3": 19.40296173095703, 
    "id": "spec-2161-53878-0189-catB", 
    "F_520_3": 19.551088333129883
}