{
    "F_644_3": 18.568632125854492, 
    "F_892_3": 18.30016326904297, 
    "F_427_3": 19.12364387512207, 
    "F_489_3": 18.950658798217773, 
    "F_396_3": 18.90312385559082, 
    "F_954_3": 18.04546356201172, 
    "F_799_3": 18.46827507019043, 
    "F_582_3": 18.96070098876953, 
    "F_365_3": 18.762222290039062, 
    "F_830_3": 18.372802734375, 
    "F_923_3": 18.283145904541016, 
    "F_551_3": 19.116256713867188, 
    "F_706_3": 18.68963050842285, 
    "F_613_3": 18.95431900024414, 
    "F_458_3": 19.202220916748047, 
    "F_768_3": 18.53731918334961, 
    "F_861_3": 18.275602340698242, 
    "F_675_3": 18.737594604492188, 
    "F_737_3": 18.579477310180664, 
    "id": "spec-2530-53881-0068-catB", 
    "F_520_3": 19.180240631103516
}