{
    "F_644_3": 16.799808502197266, 
    "F_892_3": 16.782821655273438, 
    "F_427_3": 16.776105880737305, 
    "F_489_3": 16.803890228271484, 
    "F_396_3": 16.77763557434082, 
    "F_954_3": Infinity, 
    "F_799_3": 16.796659469604492, 
    "F_582_3": 16.81438446044922, 
    "F_365_3": 16.860971450805664, 
    "F_830_3": 16.790388107299805, 
    "F_923_3": 16.80527114868164, 
    "F_551_3": 16.81584930419922, 
    "F_706_3": 16.823610305786133, 
    "F_613_3": 16.817014694213867, 
    "F_458_3": 16.79337501525879, 
    "F_768_3": 16.806230545043945, 
    "F_861_3": 16.78630256652832, 
    "F_675_3": 16.8218936920166, 
    "F_737_3": 16.808446884155273, 
    "id": "spec-0544-52201-0523-catB", 
    "F_520_3": 16.811723709106445
}