{
    "F_644_3": 16.49958038330078, 
    "F_892_3": 16.82805633544922, 
    "F_427_3": 16.23756980895996, 
    "F_489_3": 16.342924118041992, 
    "F_396_3": 16.17706298828125, 
    "F_954_3": Infinity, 
    "F_799_3": 16.754241943359375, 
    "F_582_3": 16.519996643066406, 
    "F_365_3": 16.206619262695312, 
    "F_830_3": 16.764896392822266, 
    "F_923_3": 16.84739875793457, 
    "F_551_3": 16.486541748046875, 
    "F_706_3": 16.666269302368164, 
    "F_613_3": 16.57329559326172, 
    "F_458_3": 16.332555770874023, 
    "F_768_3": 16.724044799804688, 
    "F_861_3": 16.763404846191406, 
    "F_675_3": 16.62888526916504, 
    "F_737_3": 16.693222045898438, 
    "id": "spec-0352-51789-0033-catB", 
    "F_520_3": 16.43906021118164
}