{
    "F_644_3": 18.03554344177246, 
    "F_892_3": 17.771770477294922, 
    "F_427_3": 18.444713592529297, 
    "F_489_3": 18.348859786987305, 
    "F_396_3": 18.28935432434082, 
    "F_954_3": Infinity, 
    "F_799_3": 17.918643951416016, 
    "F_582_3": 18.307458877563477, 
    "F_365_3": 18.288902282714844, 
    "F_830_3": 17.85345458984375, 
    "F_923_3": 17.820436477661133, 
    "F_551_3": 18.387266159057617, 
    "F_706_3": 18.10440444946289, 
    "F_613_3": 18.30914306640625, 
    "F_458_3": 18.527299880981445, 
    "F_768_3": 17.988933563232422, 
    "F_861_3": 17.757905960083008, 
    "F_675_3": 18.163793563842773, 
    "F_737_3": 18.01243782043457, 
    "id": "spec-2268-53682-0069-catB", 
    "F_520_3": 18.4102840423584
}