{
    "F_644_3": 18.02908706665039, 
    "F_892_3": 18.15534210205078, 
    "F_427_3": 18.198060989379883, 
    "F_489_3": 18.138832092285156, 
    "F_396_3": 18.205659866333008, 
    "F_954_3": Infinity, 
    "F_799_3": 18.166425704956055, 
    "F_582_3": 18.133352279663086, 
    "F_365_3": 18.117708206176758, 
    "F_830_3": 18.260560989379883, 
    "F_923_3": 18.162670135498047, 
    "F_551_3": 18.157630920410156, 
    "F_706_3": 18.128448486328125, 
    "F_613_3": 18.124481201171875, 
    "F_458_3": 18.187252044677734, 
    "F_768_3": 18.150928497314453, 
    "F_861_3": 18.218778610229492, 
    "F_675_3": 18.122896194458008, 
    "F_737_3": 18.133630752563477, 
    "id": "spec-1682-53173-0582-catB", 
    "F_520_3": 18.186107635498047
}