{
    "F_644_3": 18.797746658325195, 
    "F_892_3": 18.94411277770996, 
    "F_427_3": 19.132108688354492, 
    "F_489_3": 19.116188049316406, 
    "F_396_3": 18.913915634155273, 
    "F_954_3": Infinity, 
    "F_799_3": 19.02753257751465, 
    "F_582_3": 19.27652931213379, 
    "F_365_3": 18.823474884033203, 
    "F_830_3": 18.966779708862305, 
    "F_923_3": 18.873661041259766, 
    "F_551_3": 19.398935317993164, 
    "F_706_3": 19.137104034423828, 
    "F_613_3": 19.37982940673828, 
    "F_458_3": 19.36142349243164, 
    "F_768_3": 19.066892623901367, 
    "F_861_3": 18.813478469848633, 
    "F_675_3": 19.162866592407227, 
    "F_737_3": 19.121583938598633, 
    "id": "spec-1750-53358-0015-catB", 
    "F_520_3": 19.37881851196289
}