{
    "F_644_3": 19.9973087310791, 
    "F_892_3": 19.0571231842041, 
    "F_427_3": 20.52787971496582, 
    "F_489_3": 20.35371208190918, 
    "F_396_3": 20.61438751220703, 
    "F_954_3": Infinity, 
    "F_799_3": 19.738065719604492, 
    "F_582_3": 20.141345977783203, 
    "F_365_3": 20.848711013793945, 
    "F_830_3": 19.61949348449707, 
    "F_923_3": 19.809505462646484, 
    "F_551_3": 20.1870059967041, 
    "F_706_3": 19.984643936157227, 
    "F_613_3": 20.15785789489746, 
    "F_458_3": 20.432249069213867, 
    "F_768_3": 19.81406593322754, 
    "F_861_3": 19.400272369384766, 
    "F_675_3": 20.03179168701172, 
    "F_737_3": 19.931211471557617, 
    "id": "spec-1918-53240-0347-catB", 
    "F_520_3": 20.290302276611328
}