{
    "F_644_3": 15.10850715637207, 
    "F_892_3": 15.041852951049805, 
    "F_427_3": 15.489046096801758, 
    "F_489_3": 15.40247631072998, 
    "F_396_3": 15.411519050598145, 
    "F_954_3": Infinity, 
    "F_799_3": 15.08467960357666, 
    "F_582_3": 15.39726734161377, 
    "F_365_3": 15.43251895904541, 
    "F_830_3": 15.027701377868652, 
    "F_923_3": 15.10631275177002, 
    "F_551_3": 15.494141578674316, 
    "F_706_3": 15.206398010253906, 
    "F_613_3": 15.384974479675293, 
    "F_458_3": 15.598745346069336, 
    "F_768_3": 15.130448341369629, 
    "F_861_3": 14.974772453308105, 
    "F_675_3": 15.2413911819458, 
    "F_737_3": 15.167975425720215, 
    "id": "spec-0725-52258-0306-catB", 
    "F_520_3": 15.506329536437988
}