{
    "F_644_3": 22.351957321166992, 
    "F_892_3": 20.3034725189209, 
    "F_427_3": 22.64838218688965, 
    "F_489_3": 22.612607955932617, 
    "F_396_3": 22.850690841674805, 
    "F_954_3": Infinity, 
    "F_799_3": 20.88801383972168, 
    "F_582_3": 21.05655288696289, 
    "F_365_3": Infinity, 
    "F_830_3": 20.625551223754883, 
    "F_923_3": 20.560455322265625, 
    "F_551_3": 21.069360733032227, 
    "F_706_3": 22.2802734375, 
    "F_613_3": 22.27570915222168, 
    "F_458_3": 22.745227813720703, 
    "F_768_3": 21.51720428466797, 
    "F_861_3": 20.63582420349121, 
    "F_675_3": 22.411813735961914, 
    "F_737_3": 21.610593795776367, 
    "id": "spec-0527-52342-0323-catB", 
    "F_520_3": 22.31942367553711
}