{
    "F_644_3": 17.504037857055664, 
    "F_892_3": 17.55208396911621, 
    "F_427_3": 17.45973777770996, 
    "F_489_3": 17.457183837890625, 
    "F_396_3": 17.51003646850586, 
    "F_954_3": Infinity, 
    "F_799_3": 17.558982849121094, 
    "F_582_3": 17.489093780517578, 
    "F_365_3": 17.55831527709961, 
    "F_830_3": 17.556215286254883, 
    "F_923_3": 17.578475952148438, 
    "F_551_3": 17.460521697998047, 
    "F_706_3": 17.547393798828125, 
    "F_613_3": 17.52474594116211, 
    "F_458_3": 17.46108055114746, 
    "F_768_3": 17.55824851989746, 
    "F_861_3": 17.570812225341797, 
    "F_675_3": 17.545894622802734, 
    "F_737_3": 17.53669548034668, 
    "id": "spec-1869-53327-0188-catB", 
    "F_520_3": 17.45703887939453
}