{
    "F_644_3": 17.925457000732422, 
    "F_892_3": 18.12540626525879, 
    "F_427_3": 17.80573272705078, 
    "F_489_3": 17.863304138183594, 
    "F_396_3": 17.593469619750977, 
    "F_954_3": 18.6611385345459, 
    "F_799_3": 18.168622970581055, 
    "F_582_3": 18.084461212158203, 
    "F_365_3": 17.391178131103516, 
    "F_830_3": 18.15641975402832, 
    "F_923_3": 18.35470962524414, 
    "F_551_3": 18.100242614746094, 
    "F_706_3": 18.212427139282227, 
    "F_613_3": 18.213855743408203, 
    "F_458_3": 17.959192276000977, 
    "F_768_3": 18.203027725219727, 
    "F_861_3": 18.13789939880371, 
    "F_675_3": 18.20829963684082, 
    "F_737_3": 18.17994499206543, 
    "id": "spec-0876-52346-0104-catB", 
    "F_520_3": 18.045696258544922
}