{
    "F_644_3": 20.63468360900879, 
    "F_892_3": 20.058982849121094, 
    "F_427_3": 20.622432708740234, 
    "F_489_3": 20.644010543823242, 
    "F_396_3": 20.529335021972656, 
    "F_954_3": Infinity, 
    "F_799_3": 20.837844848632812, 
    "F_582_3": 20.82173728942871, 
    "F_365_3": 20.18430519104004, 
    "F_830_3": 20.70429039001465, 
    "F_923_3": 19.91912078857422, 
    "F_551_3": 20.75343132019043, 
    "F_706_3": 20.9818115234375, 
    "F_613_3": 20.901153564453125, 
    "F_458_3": 20.63617515563965, 
    "F_768_3": 20.844026565551758, 
    "F_861_3": 20.605602264404297, 
    "F_675_3": 20.886005401611328, 
    "F_737_3": 20.910417556762695, 
    "id": "spec-1496-52883-0493-catB", 
    "F_520_3": 20.641420364379883
}