{
    "F_644_3": 19.707855224609375, 
    "F_551_3": 19.93871307373047, 
    "F_861_3": 18.871782302856445, 
    "id": "spec-6690-56416-0198-QSOs-201", 
    "F_675_3": 19.608386993408203, 
    "F_737_3": 19.280170440673828, 
    "F_396_3": 19.991159439086914, 
    "F_365_3": 19.22737693786621, 
    "F_613_3": 19.82023048400879, 
    "F_706_3": 19.42637825012207, 
    "F_923_3": 18.992904663085938, 
    "F_458_3": 20.140209197998047, 
    "F_768_3": 19.18821144104004, 
    "Z": 2.09002685546875, 
    "F_799_3": 19.17560577392578, 
    "F_427_3": 20.299388885498047, 
    "F_489_3": 19.585783004760742, 
    "F_954_3": 18.979036331176758, 
    "F_830_3": 19.156911849975586, 
    "F_582_3": 19.69526481628418, 
    "F_520_3": 19.938209533691406, 
    "F_892_3": 19.015945434570312
}