{
    "F_644_3": 20.129697799682617, 
    "F_551_3": 20.22380828857422, 
    "F_861_3": 19.574377059936523, 
    "id": "spec-6669-56413-0434-QSOs-201", 
    "F_675_3": 20.041250228881836, 
    "F_737_3": 19.81529426574707, 
    "F_396_3": 20.66532325744629, 
    "F_365_3": 20.083948135375977, 
    "F_613_3": 20.140268325805664, 
    "F_706_3": 19.91390037536621, 
    "F_923_3": 19.609912872314453, 
    "F_458_3": 20.252887725830078, 
    "F_768_3": 19.79977798461914, 
    "Z": 2.0117335319519043, 
    "F_799_3": 19.77338409423828, 
    "F_427_3": 20.50394058227539, 
    "F_489_3": 20.303852081298828, 
    "F_954_3": 19.526912689208984, 
    "F_830_3": 19.565017700195312, 
    "F_582_3": 19.997528076171875, 
    "F_520_3": 20.336299896240234, 
    "F_892_3": 19.637521743774414
}