{
    "F_644_3": 21.45987319946289, 
    "F_551_3": 21.469873428344727, 
    "F_861_3": 20.714303970336914, 
    "id": "spec-7300-56707-0826-QSOs-201", 
    "F_675_3": 21.423404693603516, 
    "F_737_3": 21.08671760559082, 
    "F_396_3": 21.709178924560547, 
    "F_365_3": 20.210147857666016, 
    "F_613_3": 21.43996238708496, 
    "F_706_3": 21.228595733642578, 
    "F_923_3": 21.125703811645508, 
    "F_458_3": 21.041290283203125, 
    "F_768_3": 21.12006378173828, 
    "Z": 2.0131595134735107, 
    "F_799_3": 21.22310447692871, 
    "F_427_3": 21.783552169799805, 
    "F_489_3": 21.52707290649414, 
    "F_954_3": 21.05462074279785, 
    "F_830_3": 20.682586669921875, 
    "F_582_3": 21.212886810302734, 
    "F_520_3": 21.578533172607422, 
    "F_892_3": 21.031179428100586
}