{
    "F_644_3": 18.095439910888672, 
    "F_551_3": 18.09421730041504, 
    "F_861_3": 17.557424545288086, 
    "id": "spec-0290-51941-0532-QSOs-201", 
    "F_675_3": 18.003568649291992, 
    "F_737_3": 17.834089279174805, 
    "F_396_3": 18.36479949951172, 
    "F_365_3": 18.313892364501953, 
    "F_613_3": 18.0584659576416, 
    "F_706_3": 17.91532325744629, 
    "F_923_3": 17.814208984375, 
    "F_458_3": 18.16132926940918, 
    "F_768_3": 17.79973793029785, 
    "Z": 2.0136656761169434, 
    "F_799_3": 17.8043270111084, 
    "F_427_3": 18.308902740478516, 
    "F_489_3": 18.179462432861328, 
    "F_954_3": Infinity, 
    "F_830_3": 17.66864776611328, 
    "F_582_3": 17.915212631225586, 
    "F_520_3": 18.137754440307617, 
    "F_892_3": 17.71173858642578
}