{
    "F_644_3": 18.69719696044922, 
    "F_551_3": 18.78361701965332, 
    "F_861_3": 18.233476638793945, 
    "id": "spec-1435-52996-0561-QSOs-201", 
    "F_675_3": 18.672243118286133, 
    "F_737_3": 18.49332046508789, 
    "F_396_3": 19.101581573486328, 
    "F_365_3": 18.908740997314453, 
    "F_613_3": 18.7049560546875, 
    "F_706_3": 18.548810958862305, 
    "F_923_3": 18.3933162689209, 
    "F_458_3": 18.893430709838867, 
    "F_768_3": 18.462907791137695, 
    "Z": 2.014237403869629, 
    "F_799_3": 18.457775115966797, 
    "F_427_3": 19.048646926879883, 
    "F_489_3": 18.89312171936035, 
    "F_954_3": Infinity, 
    "F_830_3": 18.3098201751709, 
    "F_582_3": 18.605878829956055, 
    "F_520_3": 18.869409561157227, 
    "F_892_3": 18.31493377685547
}