{
    "F_644_3": 20.48700523376465, 
    "F_551_3": Infinity, 
    "F_861_3": 19.824132919311523, 
    "id": "spec-0558-52317-0050-QSOs-201", 
    "F_675_3": 20.443546295166016, 
    "F_737_3": 20.1619873046875, 
    "F_396_3": Infinity, 
    "F_365_3": Infinity, 
    "F_613_3": 20.52052116394043, 
    "F_706_3": 20.291566848754883, 
    "F_923_3": 19.964441299438477, 
    "F_458_3": Infinity, 
    "F_768_3": 20.097158432006836, 
    "Z": 2.09367036819458, 
    "F_799_3": 20.10743522644043, 
    "F_427_3": Infinity, 
    "F_489_3": Infinity, 
    "F_954_3": Infinity, 
    "F_830_3": 20.108871459960938, 
    "F_582_3": 20.354955673217773, 
    "F_520_3": Infinity, 
    "F_892_3": 19.859874725341797
}