{
    "F_644_3": 21.534408569335938, 
    "F_551_3": 21.538530349731445, 
    "F_861_3": 21.17201042175293, 
    "id": "spec-2878-54465-0018-QSOs-201", 
    "F_675_3": 21.52167320251465, 
    "F_737_3": 21.484159469604492, 
    "F_396_3": 21.546157836914062, 
    "F_365_3": 21.03115463256836, 
    "F_613_3": 21.617141723632812, 
    "F_706_3": 21.461828231811523, 
    "F_923_3": 21.232309341430664, 
    "F_458_3": 20.825517654418945, 
    "F_768_3": 21.35895538330078, 
    "Z": 2.0168042182922363, 
    "F_799_3": 21.32961082458496, 
    "F_427_3": 21.489028930664062, 
    "F_489_3": 21.23385238647461, 
    "F_954_3": Infinity, 
    "F_830_3": 21.13821029663086, 
    "F_582_3": 21.369844436645508, 
    "F_520_3": 21.533382415771484, 
    "F_892_3": 21.188217163085938
}