{
    "F_644_3": 21.553565979003906, 
    "F_551_3": 21.727947235107422, 
    "F_861_3": 21.000268936157227, 
    "id": "spec-7241-56606-0905-QSOs-201", 
    "F_675_3": 21.454069137573242, 
    "F_737_3": 21.314184188842773, 
    "F_396_3": 22.265792846679688, 
    "F_365_3": 21.469966888427734, 
    "F_613_3": 21.59575843811035, 
    "F_706_3": 21.348447799682617, 
    "F_923_3": 21.193002700805664, 
    "F_458_3": 22.015953063964844, 
    "F_768_3": 21.209386825561523, 
    "Z": 2.010369062423706, 
    "F_799_3": 21.25787925720215, 
    "F_427_3": 22.31804656982422, 
    "F_489_3": 21.99736213684082, 
    "F_954_3": 21.027507781982422, 
    "F_830_3": 21.02243995666504, 
    "F_582_3": 21.636390686035156, 
    "F_520_3": 21.96851348876953, 
    "F_892_3": 21.100709915161133
}