{
    "F_644_3": 21.76077651977539, 
    "F_551_3": 21.543014526367188, 
    "F_861_3": 21.005855560302734, 
    "id": "spec-6797-56426-0304-QSOs-201", 
    "F_675_3": 21.670028686523438, 
    "F_737_3": 21.345735549926758, 
    "F_396_3": 21.891767501831055, 
    "F_365_3": 21.061670303344727, 
    "F_613_3": 21.69463539123535, 
    "F_706_3": 21.556297302246094, 
    "F_923_3": 21.28296661376953, 
    "F_458_3": 21.65032386779785, 
    "F_768_3": 21.359838485717773, 
    "Z": 2.010488510131836, 
    "F_799_3": 21.31329917907715, 
    "F_427_3": 21.96954917907715, 
    "F_489_3": 21.854284286499023, 
    "F_954_3": 20.637378692626953, 
    "F_830_3": 20.957067489624023, 
    "F_582_3": 21.406112670898438, 
    "F_520_3": 21.87139129638672, 
    "F_892_3": 20.939104080200195
}