{
    "F_644_3": 19.319072723388672, 
    "F_551_3": 19.25745964050293, 
    "F_861_3": 18.946481704711914, 
    "id": "spec-1585-52962-0464-QSOs-201", 
    "F_675_3": 19.291610717773438, 
    "F_737_3": 19.175033569335938, 
    "F_396_3": 19.366743087768555, 
    "F_365_3": 19.31501007080078, 
    "F_613_3": 19.29098129272461, 
    "F_706_3": 19.23733901977539, 
    "F_923_3": 19.05774688720703, 
    "F_458_3": 19.176057815551758, 
    "F_768_3": 19.141653060913086, 
    "Z": 2.0130043029785156, 
    "F_799_3": 19.134286880493164, 
    "F_427_3": 19.330585479736328, 
    "F_489_3": 19.2520694732666, 
    "F_954_3": Infinity, 
    "F_830_3": 18.95439338684082, 
    "F_582_3": 19.154495239257812, 
    "F_520_3": 19.31458854675293, 
    "F_892_3": 18.979263305664062
}