{
    "F_644_3": 20.633079528808594, 
    "F_551_3": 20.3435001373291, 
    "F_861_3": 20.73923110961914, 
    "id": "spec-4265-55505-0628-QSOs-201", 
    "F_675_3": 20.634944915771484, 
    "F_737_3": 20.874975204467773, 
    "F_396_3": 20.426401138305664, 
    "F_365_3": 20.08039665222168, 
    "F_613_3": 20.69302749633789, 
    "F_706_3": 20.804006576538086, 
    "F_923_3": 20.80551528930664, 
    "F_458_3": 20.408903121948242, 
    "F_768_3": 20.889036178588867, 
    "Z": 2.5008723735809326, 
    "F_799_3": 20.857004165649414, 
    "F_427_3": 19.881732940673828, 
    "F_489_3": 20.41659927368164, 
    "F_954_3": 20.763822555541992, 
    "F_830_3": 20.788869857788086, 
    "F_582_3": 20.57802963256836, 
    "F_520_3": 20.46597671508789, 
    "F_892_3": 20.778440475463867
}