{
    "F_644_3": 19.346168518066406, 
    "F_551_3": 19.33323097229004, 
    "F_861_3": 18.88540267944336, 
    "id": "spec-1658-53240-0494-QSOs-201", 
    "F_675_3": 19.335580825805664, 
    "F_737_3": 19.111181259155273, 
    "F_396_3": 19.5672550201416, 
    "F_365_3": 19.466157913208008, 
    "F_613_3": 19.32921028137207, 
    "F_706_3": 19.214879989624023, 
    "F_923_3": 18.914051055908203, 
    "F_458_3": 19.317249298095703, 
    "F_768_3": 19.100059509277344, 
    "Z": 2.0121352672576904, 
    "F_799_3": 19.10267448425293, 
    "F_427_3": 19.458419799804688, 
    "F_489_3": 19.36223030090332, 
    "F_954_3": Infinity, 
    "F_830_3": 18.904874801635742, 
    "F_582_3": 19.227216720581055, 
    "F_520_3": 19.355045318603516, 
    "F_892_3": 18.91226577758789
}