{
    "F_644_3": 21.02918243408203, 
    "F_551_3": 21.05459976196289, 
    "F_861_3": 20.385696411132812, 
    "id": "spec-6645-56398-0654-QSOs-201", 
    "F_675_3": 20.96270179748535, 
    "F_737_3": 20.7104434967041, 
    "F_396_3": 21.2551326751709, 
    "F_365_3": 20.349348068237305, 
    "F_613_3": 20.936349868774414, 
    "F_706_3": 20.85704231262207, 
    "F_923_3": 20.51062774658203, 
    "F_458_3": 20.913572311401367, 
    "F_768_3": 20.713308334350586, 
    "Z": 2.0121190547943115, 
    "F_799_3": 20.63762092590332, 
    "F_427_3": 21.177898406982422, 
    "F_489_3": 21.04460334777832, 
    "F_954_3": 20.389545440673828, 
    "F_830_3": 20.396888732910156, 
    "F_582_3": 20.837812423706055, 
    "F_520_3": 21.16425323486328, 
    "F_892_3": 20.47227668762207
}