{
    "F_644_3": 22.360326766967773, 
    "F_551_3": 22.1466007232666, 
    "F_861_3": 21.62259292602539, 
    "id": "spec-5289-55893-0338-QSOs-201", 
    "F_675_3": 22.203454971313477, 
    "F_737_3": 22.03632926940918, 
    "F_396_3": 22.273225784301758, 
    "F_365_3": 21.661907196044922, 
    "F_613_3": 22.140520095825195, 
    "F_706_3": 22.111013412475586, 
    "F_923_3": 21.733217239379883, 
    "F_458_3": 22.098859786987305, 
    "F_768_3": 21.913925170898438, 
    "Z": 2.011566400527954, 
    "F_799_3": 21.783273696899414, 
    "F_427_3": 22.45516586303711, 
    "F_489_3": 22.226303100585938, 
    "F_954_3": 20.992919921875, 
    "F_830_3": 21.662824630737305, 
    "F_582_3": 22.03789710998535, 
    "F_520_3": 22.375858306884766, 
    "F_892_3": 21.577381134033203
}