{
    "F_644_3": 18.9849796295166, 
    "F_551_3": 18.922021865844727, 
    "F_861_3": 18.719329833984375, 
    "id": "spec-1160-52674-0124-QSOs-201", 
    "F_675_3": 18.992307662963867, 
    "F_737_3": 18.8417911529541, 
    "F_396_3": 19.197755813598633, 
    "F_365_3": 19.23166847229004, 
    "F_613_3": 18.973127365112305, 
    "F_706_3": 18.911579132080078, 
    "F_923_3": 18.88982391357422, 
    "F_458_3": 19.019025802612305, 
    "F_768_3": 18.818084716796875, 
    "Z": 2.0176820755004883, 
    "F_799_3": 18.86018943786621, 
    "F_427_3": 19.125829696655273, 
    "F_489_3": 18.988351821899414, 
    "F_954_3": Infinity, 
    "F_830_3": 18.715213775634766, 
    "F_582_3": 18.830326080322266, 
    "F_520_3": 19.011363983154297, 
    "F_892_3": 18.73473358154297
}