{
    "F_644_3": 21.527917861938477, 
    "F_551_3": 21.42486000061035, 
    "F_861_3": 21.421714782714844, 
    "id": "spec-4460-55533-0602-QSOs-201", 
    "F_675_3": 21.44872283935547, 
    "F_737_3": 21.623693466186523, 
    "F_396_3": 21.87710952758789, 
    "F_365_3": 21.473894119262695, 
    "F_613_3": 21.649816513061523, 
    "F_706_3": 21.61867904663086, 
    "F_923_3": 21.318452835083008, 
    "F_458_3": 21.816303253173828, 
    "F_768_3": 21.629833221435547, 
    "Z": 2.5034561157226562, 
    "F_799_3": 21.517772674560547, 
    "F_427_3": 21.049238204956055, 
    "F_489_3": 21.72142219543457, 
    "F_954_3": 21.141931533813477, 
    "F_830_3": 21.487085342407227, 
    "F_582_3": 21.700695037841797, 
    "F_520_3": 21.74858283996582, 
    "F_892_3": 21.418804168701172
}