{
    "F_644_3": 21.82605743408203, 
    "F_551_3": 22.0363826751709, 
    "F_861_3": 21.090251922607422, 
    "id": "spec-6202-56266-0815-QSOs-201", 
    "F_675_3": 21.814083099365234, 
    "F_737_3": 21.56263542175293, 
    "F_396_3": Infinity, 
    "F_365_3": Infinity, 
    "F_613_3": 21.871164321899414, 
    "F_706_3": 21.70322608947754, 
    "F_923_3": 21.24287986755371, 
    "F_458_3": Infinity, 
    "F_768_3": 21.467681884765625, 
    "Z": 2.0920042991638184, 
    "F_799_3": 21.399995803833008, 
    "F_427_3": Infinity, 
    "F_489_3": Infinity, 
    "F_954_3": 21.09553337097168, 
    "F_830_3": 21.413965225219727, 
    "F_582_3": 21.784303665161133, 
    "F_520_3": 22.166553497314453, 
    "F_892_3": 21.158231735229492
}