{
    "F_644_3": Infinity, 
    "F_551_3": 19.53330421447754, 
    "F_861_3": Infinity, 
    "id": "spec-0442-51882-0318-QSOs-201", 
    "F_675_3": Infinity, 
    "F_737_3": Infinity, 
    "F_396_3": 20.280881881713867, 
    "F_365_3": 20.14116668701172, 
    "F_613_3": 19.475296020507812, 
    "F_706_3": Infinity, 
    "F_923_3": Infinity, 
    "F_458_3": 19.815441131591797, 
    "F_768_3": Infinity, 
    "Z": 2.0186634063720703, 
    "F_799_3": Infinity, 
    "F_427_3": 19.995655059814453, 
    "F_489_3": 19.736711502075195, 
    "F_954_3": Infinity, 
    "F_830_3": Infinity, 
    "F_582_3": 19.425912857055664, 
    "F_520_3": 19.677515029907227, 
    "F_892_3": Infinity
}