{
    "F_644_3": 21.513721466064453, 
    "F_551_3": 21.224567413330078, 
    "F_861_3": 21.259065628051758, 
    "id": "spec-5361-55973-0882-QSOs-201", 
    "F_675_3": 21.38162612915039, 
    "F_737_3": 21.544342041015625, 
    "F_396_3": 22.05661964416504, 
    "F_365_3": 21.406124114990234, 
    "F_613_3": 21.704416275024414, 
    "F_706_3": 21.610280990600586, 
    "F_923_3": 21.23208999633789, 
    "F_458_3": 21.902719497680664, 
    "F_768_3": 21.536401748657227, 
    "Z": 2.5001018047332764, 
    "F_799_3": 21.39988899230957, 
    "F_427_3": 21.31589126586914, 
    "F_489_3": 21.814266204833984, 
    "F_954_3": 21.02086067199707, 
    "F_830_3": 21.41930389404297, 
    "F_582_3": 21.56720542907715, 
    "F_520_3": 21.68743133544922, 
    "F_892_3": 21.248624801635742
}