{
    "F_644_3": 19.59947967529297, 
    "F_551_3": 19.568748474121094, 
    "F_861_3": 19.198816299438477, 
    "id": "spec-0330-52370-0307-QSOs-201", 
    "F_675_3": 19.529088973999023, 
    "F_737_3": 19.355112075805664, 
    "F_396_3": 19.866594314575195, 
    "F_365_3": 19.612323760986328, 
    "F_613_3": 19.61380386352539, 
    "F_706_3": 19.416481018066406, 
    "F_923_3": 19.366622924804688, 
    "F_458_3": 19.410852432250977, 
    "F_768_3": 19.366640090942383, 
    "Z": 2.0164647102355957, 
    "F_799_3": 19.311323165893555, 
    "F_427_3": 19.77057456970215, 
    "F_489_3": 19.602466583251953, 
    "F_954_3": Infinity, 
    "F_830_3": 19.197898864746094, 
    "F_582_3": 19.401357650756836, 
    "F_520_3": 19.727685928344727, 
    "F_892_3": 19.2335262298584
}