{
    "F_644_3": 20.857839584350586, 
    "F_551_3": 20.705957412719727, 
    "F_861_3": 20.52365493774414, 
    "id": "spec-4646-55622-0788-QSOs-201", 
    "F_675_3": 20.8891544342041, 
    "F_737_3": 20.87963104248047, 
    "F_396_3": 21.17783546447754, 
    "F_365_3": 20.991098403930664, 
    "F_613_3": 20.869304656982422, 
    "F_706_3": 20.910444259643555, 
    "F_923_3": 20.528390884399414, 
    "F_458_3": 20.955686569213867, 
    "F_768_3": 20.829381942749023, 
    "Z": 2.0100162029266357, 
    "F_799_3": 20.73086166381836, 
    "F_427_3": 21.042200088500977, 
    "F_489_3": 20.784587860107422, 
    "F_954_3": 20.30190086364746, 
    "F_830_3": 20.529882431030273, 
    "F_582_3": 20.7042236328125, 
    "F_520_3": 20.778329849243164, 
    "F_892_3": 20.481372833251953
}