{
    "F_644_3": 20.23396110534668, 
    "F_551_3": 20.241886138916016, 
    "F_861_3": 19.651065826416016, 
    "id": "spec-5317-56000-0064-QSOs-201", 
    "F_675_3": 20.20092010498047, 
    "F_737_3": 19.95477294921875, 
    "F_396_3": 20.869680404663086, 
    "F_365_3": 20.409181594848633, 
    "F_613_3": 20.283002853393555, 
    "F_706_3": 20.04696273803711, 
    "F_923_3": 19.869396209716797, 
    "F_458_3": 20.255598068237305, 
    "F_768_3": 19.92955207824707, 
    "Z": 2.01312255859375, 
    "F_799_3": 19.98889923095703, 
    "F_427_3": 20.686796188354492, 
    "F_489_3": 20.322704315185547, 
    "F_954_3": 19.73607635498047, 
    "F_830_3": 19.59543228149414, 
    "F_582_3": 20.088590621948242, 
    "F_520_3": 20.3582706451416, 
    "F_892_3": 19.84596061706543
}