{
    "F_644_3": 18.36549949645996, 
    "F_551_3": 18.470500946044922, 
    "F_861_3": 17.91940689086914, 
    "id": "spec-0761-54524-0450-QSOs-201", 
    "F_675_3": 18.33086395263672, 
    "F_737_3": 18.156160354614258, 
    "F_396_3": 18.60327911376953, 
    "F_365_3": 18.443336486816406, 
    "F_613_3": 18.450069427490234, 
    "F_706_3": 18.221717834472656, 
    "F_923_3": 18.060630798339844, 
    "F_458_3": 18.225780487060547, 
    "F_768_3": 18.096298217773438, 
    "Z": 2.013504981994629, 
    "F_799_3": 18.120004653930664, 
    "F_427_3": 18.56689453125, 
    "F_489_3": 18.401113510131836, 
    "F_954_3": Infinity, 
    "F_830_3": 17.903518676757812, 
    "F_582_3": 18.291166305541992, 
    "F_520_3": 18.529338836669922, 
    "F_892_3": 17.978239059448242
}