{
    "F_644_3": 21.77080726623535, 
    "F_551_3": 21.21051597595215, 
    "F_861_3": 21.850374221801758, 
    "id": "spec-5201-55832-0946-QSOs-201", 
    "F_675_3": 21.689044952392578, 
    "F_737_3": 21.788227081298828, 
    "F_396_3": 21.878442764282227, 
    "F_365_3": 21.45574951171875, 
    "F_613_3": 21.742813110351562, 
    "F_706_3": 21.88907814025879, 
    "F_923_3": 21.766921997070312, 
    "F_458_3": 21.863269805908203, 
    "F_768_3": 21.806760787963867, 
    "Z": 2.500668525695801, 
    "F_799_3": 21.738529205322266, 
    "F_427_3": 21.154348373413086, 
    "F_489_3": 21.736732482910156, 
    "F_954_3": 21.544260025024414, 
    "F_830_3": 21.853050231933594, 
    "F_582_3": 21.611886978149414, 
    "F_520_3": 21.657442092895508, 
    "F_892_3": 21.876548767089844
}