{
    "F_644_3": 19.606304168701172, 
    "F_551_3": 19.323022842407227, 
    "F_861_3": 19.545093536376953, 
    "id": "spec-4258-55481-0942-QSOs-201", 
    "F_675_3": 19.52356719970703, 
    "F_737_3": 19.709123611450195, 
    "F_396_3": 19.8045597076416, 
    "F_365_3": 19.436845779418945, 
    "F_613_3": 19.668672561645508, 
    "F_706_3": 19.715999603271484, 
    "F_923_3": 19.593978881835938, 
    "F_458_3": 19.55168342590332, 
    "F_768_3": 19.734102249145508, 
    "Z": 2.5022356510162354, 
    "F_799_3": 19.6560115814209, 
    "F_427_3": 18.864198684692383, 
    "F_489_3": 19.615222930908203, 
    "F_954_3": 19.5590877532959, 
    "F_830_3": 19.61250877380371, 
    "F_582_3": 19.603309631347656, 
    "F_520_3": 19.669801712036133, 
    "F_892_3": 19.557710647583008
}