{
    "F_644_3": 19.466230392456055, 
    "F_551_3": 19.634695053100586, 
    "F_861_3": 18.759798049926758, 
    "id": "spec-6046-56096-0800-QSOs-201", 
    "F_675_3": 19.487878799438477, 
    "F_737_3": 19.260141372680664, 
    "F_396_3": 19.450529098510742, 
    "F_365_3": 19.103408813476562, 
    "F_613_3": 19.51168441772461, 
    "F_706_3": 19.389991760253906, 
    "F_923_3": 18.977144241333008, 
    "F_458_3": 19.75160789489746, 
    "F_768_3": 19.150360107421875, 
    "Z": 2.090184211730957, 
    "F_799_3": 19.130014419555664, 
    "F_427_3": 19.817920684814453, 
    "F_489_3": 19.37582778930664, 
    "F_954_3": 19.06803321838379, 
    "F_830_3": 19.09593391418457, 
    "F_582_3": 19.3450870513916, 
    "F_520_3": 19.67873764038086, 
    "F_892_3": 18.933393478393555
}