{
    "F_644_3": 17.83794403076172, 
    "F_551_3": 17.812328338623047, 
    "F_861_3": 17.454730987548828, 
    "id": "spec-5290-55862-0826-QSOs-201", 
    "F_675_3": 17.806943893432617, 
    "F_737_3": 17.670005798339844, 
    "F_396_3": 17.885522842407227, 
    "F_365_3": 17.232742309570312, 
    "F_613_3": 17.833616256713867, 
    "F_706_3": 17.727705001831055, 
    "F_923_3": 17.592256546020508, 
    "F_458_3": 17.71396255493164, 
    "F_768_3": 17.64549446105957, 
    "Z": 2.012404203414917, 
    "F_799_3": 17.644268035888672, 
    "F_427_3": 17.895009994506836, 
    "F_489_3": 17.84442138671875, 
    "F_954_3": 17.56053352355957, 
    "F_830_3": 17.48798179626465, 
    "F_582_3": 17.70189094543457, 
    "F_520_3": 17.884294509887695, 
    "F_892_3": 17.557697296142578
}