{
    "F_644_3": 21.504215240478516, 
    "F_551_3": 21.415781021118164, 
    "F_861_3": 21.068920135498047, 
    "id": "spec-5737-56381-0246-QSOs-201", 
    "F_675_3": 21.591463088989258, 
    "F_737_3": 21.337223052978516, 
    "F_396_3": 21.70962142944336, 
    "F_365_3": 20.97064971923828, 
    "F_613_3": 21.4527645111084, 
    "F_706_3": 21.38920021057129, 
    "F_923_3": 21.41984748840332, 
    "F_458_3": 21.364519119262695, 
    "F_768_3": 21.3000431060791, 
    "Z": 2.0120983123779297, 
    "F_799_3": 21.366897583007812, 
    "F_427_3": 21.673072814941406, 
    "F_489_3": 21.53730010986328, 
    "F_954_3": 21.281736373901367, 
    "F_830_3": 21.107378005981445, 
    "F_582_3": 21.23680877685547, 
    "F_520_3": 21.569055557250977, 
    "F_892_3": 21.328214645385742
}