{
    "F_644_3": 21.720083236694336, 
    "F_551_3": 21.699432373046875, 
    "F_861_3": 21.304513931274414, 
    "id": "spec-3946-55659-0809-QSOs-201", 
    "F_675_3": 21.685754776000977, 
    "F_737_3": 21.509294509887695, 
    "F_396_3": 21.884788513183594, 
    "F_365_3": 21.003740310668945, 
    "F_613_3": 21.72605323791504, 
    "F_706_3": 21.54111099243164, 
    "F_923_3": 21.56053924560547, 
    "F_458_3": 21.44834327697754, 
    "F_768_3": 21.523935317993164, 
    "Z": 2.011223077774048, 
    "F_799_3": 21.522972106933594, 
    "F_427_3": 21.802927017211914, 
    "F_489_3": 21.68328857421875, 
    "F_954_3": 21.237911224365234, 
    "F_830_3": 21.17520523071289, 
    "F_582_3": 21.482831954956055, 
    "F_520_3": 21.80621910095215, 
    "F_892_3": 21.433820724487305
}