{
    "F_644_3": 20.292917251586914, 
    "F_551_3": 20.25913429260254, 
    "F_861_3": 19.692960739135742, 
    "id": "spec-0476-52314-0015-QSOs-201", 
    "F_675_3": 20.2646541595459, 
    "F_737_3": 20.038042068481445, 
    "F_396_3": 20.58303451538086, 
    "F_365_3": 20.284730911254883, 
    "F_613_3": 20.289535522460938, 
    "F_706_3": 20.1307373046875, 
    "F_923_3": 20.078359603881836, 
    "F_458_3": 20.357826232910156, 
    "F_768_3": 19.984943389892578, 
    "Z": 2.0211260318756104, 
    "F_799_3": 19.9761905670166, 
    "F_427_3": 20.587966918945312, 
    "F_489_3": 20.361587524414062, 
    "F_954_3": Infinity, 
    "F_830_3": 19.835805892944336, 
    "F_582_3": 20.06893539428711, 
    "F_520_3": 20.390954971313477, 
    "F_892_3": 19.827045440673828
}