{
    "F_644_3": 18.394956588745117, 
    "F_551_3": 18.372900009155273, 
    "F_861_3": 18.026748657226562, 
    "id": "spec-5335-56013-0756-QSOs-201", 
    "F_675_3": 18.377302169799805, 
    "F_737_3": 18.253040313720703, 
    "F_396_3": 18.557125091552734, 
    "F_365_3": 17.879192352294922, 
    "F_613_3": 18.401330947875977, 
    "F_706_3": 18.29191780090332, 
    "F_923_3": 18.207677841186523, 
    "F_458_3": 18.311725616455078, 
    "F_768_3": 18.235382080078125, 
    "Z": 2.011428117752075, 
    "F_799_3": 18.229209899902344, 
    "F_427_3": 18.52467918395996, 
    "F_489_3": 18.42046546936035, 
    "F_954_3": 18.114892959594727, 
    "F_830_3": 18.029268264770508, 
    "F_582_3": 18.24997329711914, 
    "F_520_3": 18.448101043701172, 
    "F_892_3": 18.12743377685547
}