{
    "F_644_3": 19.580076217651367, 
    "F_551_3": 19.55194091796875, 
    "F_861_3": 18.989896774291992, 
    "id": "spec-1193-52652-0341-QSOs-201", 
    "F_675_3": 19.53870964050293, 
    "F_737_3": 19.346511840820312, 
    "F_396_3": 19.70648193359375, 
    "F_365_3": 19.58325958251953, 
    "F_613_3": 19.566150665283203, 
    "F_706_3": 19.394237518310547, 
    "F_923_3": 19.091007232666016, 
    "F_458_3": 19.297714233398438, 
    "F_768_3": 19.27362060546875, 
    "Z": 2.0105690956115723, 
    "F_799_3": 19.278575897216797, 
    "F_427_3": 19.646883010864258, 
    "F_489_3": 19.480731964111328, 
    "F_954_3": Infinity, 
    "F_830_3": 19.003158569335938, 
    "F_582_3": 19.35978889465332, 
    "F_520_3": 19.61371421813965, 
    "F_892_3": 19.04790496826172
}