{
    "F_644_3": 21.01500129699707, 
    "F_551_3": 20.78428840637207, 
    "F_861_3": 20.632530212402344, 
    "id": "spec-7402-56810-0500-QSOs-201", 
    "F_675_3": 21.002639770507812, 
    "F_737_3": 20.8675479888916, 
    "F_396_3": 21.609094619750977, 
    "F_365_3": 20.96658706665039, 
    "F_613_3": 20.958261489868164, 
    "F_706_3": 20.919721603393555, 
    "F_923_3": 20.791536331176758, 
    "F_458_3": 21.002422332763672, 
    "F_768_3": 20.852994918823242, 
    "Z": 2.010476589202881, 
    "F_799_3": 20.869972229003906, 
    "F_427_3": 21.503616333007812, 
    "F_489_3": 21.1359806060791, 
    "F_954_3": 20.394819259643555, 
    "F_830_3": 20.590900421142578, 
    "F_582_3": 20.765247344970703, 
    "F_520_3": 21.114416122436523, 
    "F_892_3": 20.700653076171875
}