{
    "F_644_3": 19.185768127441406, 
    "F_551_3": 19.178728103637695, 
    "F_861_3": 18.818758010864258, 
    "id": "spec-0435-51882-0233-QSOs-201", 
    "F_675_3": 19.210538864135742, 
    "F_737_3": 19.08975601196289, 
    "F_396_3": 19.31572914123535, 
    "F_365_3": 19.11062240600586, 
    "F_613_3": 19.173288345336914, 
    "F_706_3": 19.128070831298828, 
    "F_923_3": 19.020984649658203, 
    "F_458_3": 19.12555503845215, 
    "F_768_3": 19.05535125732422, 
    "Z": 2.0218191146850586, 
    "F_799_3": 19.072338104248047, 
    "F_427_3": 19.258466720581055, 
    "F_489_3": 19.22998046875, 
    "F_954_3": Infinity, 
    "F_830_3": 18.945844650268555, 
    "F_582_3": 19.05389404296875, 
    "F_520_3": 19.23175811767578, 
    "F_892_3": 18.873414993286133
}