{
    "F_644_3": 19.49515724182129, 
    "F_551_3": 19.356985092163086, 
    "F_861_3": 19.136661529541016, 
    "id": "spec-6816-56444-0520-QSOs-201", 
    "F_675_3": 19.473905563354492, 
    "F_737_3": 19.328746795654297, 
    "F_396_3": 19.433813095092773, 
    "F_365_3": 18.883304595947266, 
    "F_613_3": 19.484464645385742, 
    "F_706_3": 19.38759422302246, 
    "F_923_3": 19.244890213012695, 
    "F_458_3": 19.39304542541504, 
    "F_768_3": 19.323209762573242, 
    "Z": 2.014266014099121, 
    "F_799_3": 19.33196258544922, 
    "F_427_3": 19.502161026000977, 
    "F_489_3": 19.425762176513672, 
    "F_954_3": 19.144271850585938, 
    "F_830_3": 19.135385513305664, 
    "F_582_3": 19.297531127929688, 
    "F_520_3": 19.488784790039062, 
    "F_892_3": 19.24919319152832
}