{
    "F_644_3": 20.256675720214844, 
    "F_551_3": 20.236358642578125, 
    "F_861_3": 19.753969192504883, 
    "id": "spec-7339-56722-0827-QSOs-201", 
    "F_675_3": 20.2179012298584, 
    "F_737_3": 20.01724624633789, 
    "F_396_3": 20.39900779724121, 
    "F_365_3": 19.573360443115234, 
    "F_613_3": 20.237300872802734, 
    "F_706_3": 20.09559440612793, 
    "F_923_3": 19.9567813873291, 
    "F_458_3": 20.118024826049805, 
    "F_768_3": 19.968990325927734, 
    "Z": 2.0101747512817383, 
    "F_799_3": 19.99811363220215, 
    "F_427_3": 20.402332305908203, 
    "F_489_3": 20.30363655090332, 
    "F_954_3": 19.83041000366211, 
    "F_830_3": 19.729698181152344, 
    "F_582_3": 20.083799362182617, 
    "F_520_3": 20.33704948425293, 
    "F_892_3": 19.866485595703125
}