{
    "F_644_3": Infinity, 
    "F_551_3": 20.025423049926758, 
    "F_861_3": Infinity, 
    "id": "spec-1929-53349-0543-QSOs-201", 
    "F_675_3": Infinity, 
    "F_737_3": Infinity, 
    "F_396_3": 19.90764045715332, 
    "F_365_3": 19.348766326904297, 
    "F_613_3": 20.002077102661133, 
    "F_706_3": Infinity, 
    "F_923_3": Infinity, 
    "F_458_3": 20.048171997070312, 
    "F_768_3": Infinity, 
    "Z": 2.0942299365997314, 
    "F_799_3": Infinity, 
    "F_427_3": 20.03494644165039, 
    "F_489_3": 19.77680778503418, 
    "F_954_3": Infinity, 
    "F_830_3": Infinity, 
    "F_582_3": 19.877017974853516, 
    "F_520_3": 20.012489318847656, 
    "F_892_3": Infinity
}