{
    "F_644_3": 19.926738739013672, 
    "F_551_3": 19.90738868713379, 
    "F_861_3": 19.418272018432617, 
    "id": "spec-6832-56426-0790-QSOs-201", 
    "F_675_3": 19.889684677124023, 
    "F_737_3": 19.675193786621094, 
    "F_396_3": 20.308752059936523, 
    "F_365_3": 19.597780227661133, 
    "F_613_3": 19.922571182250977, 
    "F_706_3": 19.745588302612305, 
    "F_923_3": 19.704193115234375, 
    "F_458_3": 19.815134048461914, 
    "F_768_3": 19.645986557006836, 
    "Z": 2.011945962905884, 
    "F_799_3": 19.67047882080078, 
    "F_427_3": 20.191600799560547, 
    "F_489_3": 19.932924270629883, 
    "F_954_3": 19.558231353759766, 
    "F_830_3": 19.383289337158203, 
    "F_582_3": 19.69879150390625, 
    "F_520_3": 19.993024826049805, 
    "F_892_3": 19.564926147460938
}