{
    "F_644_3": 21.172897338867188, 
    "F_551_3": 20.398345947265625, 
    "F_861_3": 20.95833396911621, 
    "id": "spec-5138-55830-0557-QSOs-201", 
    "F_675_3": 21.107067108154297, 
    "F_737_3": 21.35420799255371, 
    "F_396_3": 21.401412963867188, 
    "F_365_3": 20.93985366821289, 
    "F_613_3": 21.303678512573242, 
    "F_706_3": 21.363147735595703, 
    "F_923_3": 20.93714141845703, 
    "F_458_3": 21.115127563476562, 
    "F_768_3": 21.225744247436523, 
    "Z": 2.5008537769317627, 
    "F_799_3": 21.118410110473633, 
    "F_427_3": 20.16234588623047, 
    "F_489_3": 21.11903190612793, 
    "F_954_3": 20.876697540283203, 
    "F_830_3": 21.02698516845703, 
    "F_582_3": 21.042551040649414, 
    "F_520_3": 20.786758422851562, 
    "F_892_3": 21.036466598510742
}