{
    "F_644_3": 20.08336067199707, 
    "F_551_3": 20.156753540039062, 
    "F_861_3": 19.631685256958008, 
    "id": "spec-0561-52295-0082-QSOs-201", 
    "F_675_3": 20.088043212890625, 
    "F_737_3": 19.898113250732422, 
    "F_396_3": 20.404531478881836, 
    "F_365_3": 20.20456886291504, 
    "F_613_3": 20.133657455444336, 
    "F_706_3": 19.931612014770508, 
    "F_923_3": 19.79473304748535, 
    "F_458_3": 20.013647079467773, 
    "F_768_3": 19.862394332885742, 
    "Z": 2.01593017578125, 
    "F_799_3": 19.90143585205078, 
    "F_427_3": 20.353986740112305, 
    "F_489_3": 20.1252384185791, 
    "F_954_3": Infinity, 
    "F_830_3": 19.65227699279785, 
    "F_582_3": 19.925460815429688, 
    "F_520_3": 20.222917556762695, 
    "F_892_3": 19.881683349609375
}