{
    "F_644_3": 19.315336227416992, 
    "F_551_3": 19.331090927124023, 
    "F_861_3": 18.86726951599121, 
    "id": "spec-5005-55751-0060-QSOs-201", 
    "F_675_3": 19.299562454223633, 
    "F_737_3": 19.104005813598633, 
    "F_396_3": 19.75701141357422, 
    "F_365_3": 19.517141342163086, 
    "F_613_3": 19.318134307861328, 
    "F_706_3": 19.16749382019043, 
    "F_923_3": 18.954809188842773, 
    "F_458_3": 19.581430435180664, 
    "F_768_3": 19.064672470092773, 
    "Z": 2.0135796070098877, 
    "F_799_3": 19.064416885375977, 
    "F_427_3": 19.70462417602539, 
    "F_489_3": 19.48121452331543, 
    "F_954_3": 18.946168899536133, 
    "F_830_3": 18.847702026367188, 
    "F_582_3": 19.217111587524414, 
    "F_520_3": 19.454925537109375, 
    "F_892_3": 18.942625045776367
}