{
    "F_644_3": 20.593791961669922, 
    "F_551_3": 20.469562530517578, 
    "F_861_3": 20.388856887817383, 
    "id": "spec-4511-55602-0170-QSOs-201", 
    "F_675_3": 20.46078872680664, 
    "F_737_3": 20.579004287719727, 
    "F_396_3": 21.267730712890625, 
    "F_365_3": 20.929759979248047, 
    "F_613_3": 20.7138671875, 
    "F_706_3": 20.638673782348633, 
    "F_923_3": 20.41703224182129, 
    "F_458_3": 20.9268798828125, 
    "F_768_3": 20.650787353515625, 
    "Z": 2.503251314163208, 
    "F_799_3": 20.538759231567383, 
    "F_427_3": 20.562498092651367, 
    "F_489_3": 20.83281707763672, 
    "F_954_3": 20.272857666015625, 
    "F_830_3": 20.445974349975586, 
    "F_582_3": 20.670028686523438, 
    "F_520_3": 21.054126739501953, 
    "F_892_3": 20.326711654663086
}