{
    "F_644_3": 21.302204132080078, 
    "F_551_3": 21.069753646850586, 
    "F_861_3": 20.86028289794922, 
    "id": "spec-7385-56710-0998-QSOs-201", 
    "F_675_3": 21.32686424255371, 
    "F_737_3": 21.099973678588867, 
    "F_396_3": 21.529390335083008, 
    "F_365_3": 20.686038970947266, 
    "F_613_3": 21.2987060546875, 
    "F_706_3": 21.213008880615234, 
    "F_923_3": 20.95926284790039, 
    "F_458_3": 21.069875717163086, 
    "F_768_3": 21.053205490112305, 
    "Z": 2.011639356613159, 
    "F_799_3": 21.101726531982422, 
    "F_427_3": 21.544475555419922, 
    "F_489_3": 21.29376792907715, 
    "F_954_3": 20.743419647216797, 
    "F_830_3": 20.788089752197266, 
    "F_582_3": 21.213815689086914, 
    "F_520_3": 21.46112632751465, 
    "F_892_3": 20.907094955444336
}