{
    "F_644_3": 20.97242546081543, 
    "F_551_3": 20.407421112060547, 
    "F_861_3": 20.542936325073242, 
    "id": "spec-5993-56070-0720-QSOs-201", 
    "F_675_3": 21.017032623291016, 
    "F_737_3": 20.84571647644043, 
    "F_396_3": Infinity, 
    "F_365_3": Infinity, 
    "F_613_3": 20.951566696166992, 
    "F_706_3": 20.902482986450195, 
    "F_923_3": 20.82079315185547, 
    "F_458_3": Infinity, 
    "F_768_3": 20.81218719482422, 
    "Z": 2.0109167098999023, 
    "F_799_3": 20.83865737915039, 
    "F_427_3": Infinity, 
    "F_489_3": Infinity, 
    "F_954_3": 20.73775863647461, 
    "F_830_3": 20.566347122192383, 
    "F_582_3": 20.6701717376709, 
    "F_520_3": 20.970521926879883, 
    "F_892_3": 20.649845123291016
}