{
    "F_644_3": 22.50901222229004, 
    "F_551_3": 22.86539649963379, 
    "F_861_3": 22.0018310546875, 
    "id": "spec-7516-56782-0138-QSOs-201", 
    "F_675_3": 22.57482147216797, 
    "F_737_3": 22.4277286529541, 
    "F_396_3": 22.754119873046875, 
    "F_365_3": 21.911083221435547, 
    "F_613_3": 22.584497451782227, 
    "F_706_3": 22.61307716369629, 
    "F_923_3": 22.173324584960938, 
    "F_458_3": 22.85167121887207, 
    "F_768_3": 22.453018188476562, 
    "Z": 2.0922205448150635, 
    "F_799_3": 22.333473205566406, 
    "F_427_3": 22.99703025817871, 
    "F_489_3": 22.49526596069336, 
    "F_954_3": Infinity, 
    "F_830_3": 22.243755340576172, 
    "F_582_3": 22.64447593688965, 
    "F_520_3": 22.96213722229004, 
    "F_892_3": 22.28516387939453
}