{
    "F_644_3": 19.966169357299805, 
    "F_551_3": 20.015525817871094, 
    "F_861_3": 19.36200714111328, 
    "id": "spec-6715-56449-0017-QSOs-201", 
    "F_675_3": 19.926668167114258, 
    "F_737_3": 19.65047836303711, 
    "F_396_3": 20.58181381225586, 
    "F_365_3": 19.909725189208984, 
    "F_613_3": 20.005897521972656, 
    "F_706_3": 19.769277572631836, 
    "F_923_3": 19.540098190307617, 
    "F_458_3": 20.057544708251953, 
    "F_768_3": 19.627161026000977, 
    "Z": 2.0122158527374268, 
    "F_799_3": 19.626781463623047, 
    "F_427_3": 20.464000701904297, 
    "F_489_3": 20.127099990844727, 
    "F_954_3": 19.265825271606445, 
    "F_830_3": 19.390003204345703, 
    "F_582_3": 19.810209274291992, 
    "F_520_3": 20.172842025756836, 
    "F_892_3": 19.40778160095215
}