{
    "F_644_3": 20.157432556152344, 
    "F_551_3": 20.01730728149414, 
    "F_861_3": 20.175508499145508, 
    "id": "spec-5415-55982-0790-QSOs-201", 
    "F_675_3": 20.117197036743164, 
    "F_737_3": 20.25419807434082, 
    "F_396_3": 20.519113540649414, 
    "F_365_3": 20.414806365966797, 
    "F_613_3": 20.259836196899414, 
    "F_706_3": 20.280473709106445, 
    "F_923_3": 20.178464889526367, 
    "F_458_3": 20.359716415405273, 
    "F_768_3": 20.297483444213867, 
    "Z": 2.5010721683502197, 
    "F_799_3": 20.220426559448242, 
    "F_427_3": 19.965770721435547, 
    "F_489_3": 20.301576614379883, 
    "F_954_3": 20.06556510925293, 
    "F_830_3": 20.204124450683594, 
    "F_582_3": 20.221027374267578, 
    "F_520_3": 20.2060489654541, 
    "F_892_3": 20.141647338867188
}