{
    "F_644_3": 18.952472686767578, 
    "F_551_3": 18.987850189208984, 
    "F_861_3": 18.720956802368164, 
    "id": "spec-0607-52368-0520-QSOs-201", 
    "F_675_3": 18.974746704101562, 
    "F_737_3": 18.871871948242188, 
    "F_396_3": 19.219144821166992, 
    "F_365_3": 19.146318435668945, 
    "F_613_3": 18.94441795349121, 
    "F_706_3": 18.90105628967285, 
    "F_923_3": 18.787824630737305, 
    "F_458_3": 19.023155212402344, 
    "F_768_3": 18.86004638671875, 
    "Z": 2.013066291809082, 
    "F_799_3": 18.910615921020508, 
    "F_427_3": 19.13634490966797, 
    "F_489_3": 19.051284790039062, 
    "F_954_3": Infinity, 
    "F_830_3": 18.767282485961914, 
    "F_582_3": 18.873659133911133, 
    "F_520_3": 19.01018524169922, 
    "F_892_3": 18.760082244873047
}