{
    "F_644_3": 19.129558563232422, 
    "F_551_3": 19.235994338989258, 
    "F_861_3": 18.68112564086914, 
    "id": "spec-2091-53447-0089-QSOs-201", 
    "F_675_3": 19.15921974182129, 
    "F_737_3": 18.994993209838867, 
    "F_396_3": 19.315677642822266, 
    "F_365_3": 18.935487747192383, 
    "F_613_3": 19.150117874145508, 
    "F_706_3": 19.07439613342285, 
    "F_923_3": 18.763193130493164, 
    "F_458_3": 19.439504623413086, 
    "F_768_3": 18.93572998046875, 
    "Z": 2.095679521560669, 
    "F_799_3": 18.91050148010254, 
    "F_427_3": 19.42945098876953, 
    "F_489_3": 19.172739028930664, 
    "F_954_3": Infinity, 
    "F_830_3": 18.931781768798828, 
    "F_582_3": 19.010372161865234, 
    "F_520_3": 19.28706932067871, 
    "F_892_3": 18.815969467163086
}