{
    "F_644_3": 18.78424072265625, 
    "F_551_3": 18.748340606689453, 
    "F_861_3": 18.524250030517578, 
    "id": "spec-5351-55952-0544-QSOs-201", 
    "F_675_3": 18.850101470947266, 
    "F_737_3": 18.660823822021484, 
    "F_396_3": 19.188772201538086, 
    "F_365_3": 18.73954963684082, 
    "F_613_3": 18.760190963745117, 
    "F_706_3": 18.731903076171875, 
    "F_923_3": 18.794530868530273, 
    "F_458_3": 18.876890182495117, 
    "F_768_3": 18.68805694580078, 
    "Z": 2.0130362510681152, 
    "F_799_3": 18.735652923583984, 
    "F_427_3": 19.349639892578125, 
    "F_489_3": 18.88054084777832, 
    "F_954_3": 18.780548095703125, 
    "F_830_3": 18.633703231811523, 
    "F_582_3": 18.61178207397461, 
    "F_520_3": 18.84627342224121, 
    "F_892_3": 18.682912826538086
}