{
    "F_644_3": 18.836566925048828, 
    "F_551_3": 18.778581619262695, 
    "F_861_3": 18.5596923828125, 
    "id": "spec-5716-56684-0026-QSOs-201", 
    "F_675_3": 18.840572357177734, 
    "F_737_3": 18.696975708007812, 
    "F_396_3": 18.930688858032227, 
    "F_365_3": 18.26264190673828, 
    "F_613_3": 18.798856735229492, 
    "F_706_3": 18.74371337890625, 
    "F_923_3": 18.753244400024414, 
    "F_458_3": 18.54819107055664, 
    "F_768_3": 18.689136505126953, 
    "Z": 2.0124552249908447, 
    "F_799_3": 18.737886428833008, 
    "F_427_3": 18.8386287689209, 
    "F_489_3": 18.69587516784668, 
    "F_954_3": 18.64499282836914, 
    "F_830_3": 18.5128116607666, 
    "F_582_3": 18.666248321533203, 
    "F_520_3": 18.795860290527344, 
    "F_892_3": 18.656476974487305
}