{
    "F_644_3": 23.772274017333984, 
    "F_551_3": 23.28690528869629, 
    "F_861_3": 23.611431121826172, 
    "id": "spec-4229-55501-0775-QSOs-201", 
    "F_675_3": 23.685230255126953, 
    "F_737_3": 23.87128448486328, 
    "F_396_3": 23.942140579223633, 
    "F_365_3": 23.103342056274414, 
    "F_613_3": 23.857431411743164, 
    "F_706_3": 23.954740524291992, 
    "F_923_3": 23.416770935058594, 
    "F_458_3": 24.114091873168945, 
    "F_768_3": 23.83038330078125, 
    "Z": 2.5007474422454834, 
    "F_799_3": 23.518909454345703, 
    "F_427_3": 23.625532150268555, 
    "F_489_3": 24.086462020874023, 
    "F_954_3": 22.872549057006836, 
    "F_830_3": 23.554990768432617, 
    "F_582_3": 23.860748291015625, 
    "F_520_3": 24.195127487182617, 
    "F_892_3": 23.2294864654541
}