{
    "F_644_3": 21.425020217895508, 
    "F_551_3": 21.335208892822266, 
    "F_861_3": 20.871658325195312, 
    "id": "spec-6964-56748-0308-QSOs-201", 
    "F_675_3": 21.419248580932617, 
    "F_737_3": 21.11680793762207, 
    "F_396_3": 21.57933235168457, 
    "F_365_3": 20.609724044799805, 
    "F_613_3": 21.385147094726562, 
    "F_706_3": 21.293790817260742, 
    "F_923_3": 21.069656372070312, 
    "F_458_3": 21.222496032714844, 
    "F_768_3": 21.083057403564453, 
    "Z": 2.01094651222229, 
    "F_799_3": 21.066505432128906, 
    "F_427_3": 21.558584213256836, 
    "F_489_3": 21.426103591918945, 
    "F_954_3": 20.369253158569336, 
    "F_830_3": 20.806949615478516, 
    "F_582_3": 21.17375373840332, 
    "F_520_3": 21.513723373413086, 
    "F_892_3": 20.818206787109375
}