{
    "F_644_3": 20.377431869506836, 
    "F_551_3": 20.519609451293945, 
    "F_861_3": 19.913490295410156, 
    "id": "spec-5024-55854-0452-QSOs-201", 
    "F_675_3": 20.347339630126953, 
    "F_737_3": 20.16568946838379, 
    "F_396_3": 21.212684631347656, 
    "F_365_3": 20.83839988708496, 
    "F_613_3": 20.467214584350586, 
    "F_706_3": 20.233720779418945, 
    "F_923_3": 20.154359817504883, 
    "F_458_3": 20.679569244384766, 
    "F_768_3": 20.106224060058594, 
    "Z": 2.0113394260406494, 
    "F_799_3": 20.087800979614258, 
    "F_427_3": 20.993011474609375, 
    "F_489_3": 20.674579620361328, 
    "F_954_3": 20.202592849731445, 
    "F_830_3": 19.951814651489258, 
    "F_582_3": 20.325788497924805, 
    "F_520_3": 20.643339157104492, 
    "F_892_3": 20.06586265563965
}