{
    "F_644_3": 20.775863647460938, 
    "F_551_3": 20.75863265991211, 
    "F_861_3": 20.297550201416016, 
    "id": "spec-4632-55644-0832-QSOs-201", 
    "F_675_3": 20.756858825683594, 
    "F_737_3": 20.64847183227539, 
    "F_396_3": 20.818408966064453, 
    "F_365_3": 20.51418685913086, 
    "F_613_3": 20.809246063232422, 
    "F_706_3": 20.69641876220703, 
    "F_923_3": 20.41961097717285, 
    "F_458_3": 20.760480880737305, 
    "F_768_3": 20.593082427978516, 
    "Z": 2.0125679969787598, 
    "F_799_3": 20.55593490600586, 
    "F_427_3": 20.89501953125, 
    "F_489_3": 20.707170486450195, 
    "F_954_3": 20.353757858276367, 
    "F_830_3": 20.384437561035156, 
    "F_582_3": 20.56382179260254, 
    "F_520_3": 20.76018524169922, 
    "F_892_3": 20.366439819335938
}