{
    "F_644_3": 21.89046859741211, 
    "F_551_3": 21.61382484436035, 
    "F_861_3": 21.579797744750977, 
    "id": "spec-3666-55185-0428-QSOs-201", 
    "F_675_3": 21.79131317138672, 
    "F_737_3": 21.932655334472656, 
    "F_396_3": 22.304555892944336, 
    "F_365_3": 21.627534866333008, 
    "F_613_3": 21.872037887573242, 
    "F_706_3": 22.04511833190918, 
    "F_923_3": 21.55294418334961, 
    "F_458_3": 22.086030960083008, 
    "F_768_3": 21.832149505615234, 
    "Z": 2.500950574874878, 
    "F_799_3": 21.7051944732666, 
    "F_427_3": 21.632925033569336, 
    "F_489_3": 22.08689308166504, 
    "F_954_3": 20.819440841674805, 
    "F_830_3": 21.617338180541992, 
    "F_582_3": 21.83932113647461, 
    "F_520_3": 22.25428581237793, 
    "F_892_3": 21.258556365966797
}