{
    "F_644_3": 21.573551177978516, 
    "F_551_3": 21.488431930541992, 
    "F_861_3": 20.884096145629883, 
    "id": "spec-3859-55246-0242-QSOs-201", 
    "F_675_3": 21.584970474243164, 
    "F_737_3": 21.324390411376953, 
    "F_396_3": 21.633136749267578, 
    "F_365_3": 21.156328201293945, 
    "F_613_3": 21.549196243286133, 
    "F_706_3": 21.47545623779297, 
    "F_923_3": 20.997413635253906, 
    "F_458_3": 21.762697219848633, 
    "F_768_3": 21.279521942138672, 
    "Z": 2.094801902770996, 
    "F_799_3": 21.210172653198242, 
    "F_427_3": 21.849689483642578, 
    "F_489_3": 21.339984893798828, 
    "F_954_3": 21.09992790222168, 
    "F_830_3": 21.093059539794922, 
    "F_582_3": 21.271957397460938, 
    "F_520_3": 21.558870315551758, 
    "F_892_3": 21.073389053344727
}