{
    "F_644_3": 19.65377426147461, 
    "F_551_3": 19.7867431640625, 
    "F_861_3": 19.090436935424805, 
    "id": "spec-0433-51873-0301-QSOs-201", 
    "F_675_3": 19.598915100097656, 
    "F_737_3": 19.400962829589844, 
    "F_396_3": 19.862743377685547, 
    "F_365_3": 19.840309143066406, 
    "F_613_3": 19.704254150390625, 
    "F_706_3": 19.474687576293945, 
    "F_923_3": 19.30173110961914, 
    "F_458_3": 19.54397964477539, 
    "F_768_3": 19.363582611083984, 
    "Z": 2.012608051300049, 
    "F_799_3": 19.363107681274414, 
    "F_427_3": 19.901885986328125, 
    "F_489_3": 19.761978149414062, 
    "F_954_3": Infinity, 
    "F_830_3": 19.106544494628906, 
    "F_582_3": 19.57379722595215, 
    "F_520_3": 19.86784553527832, 
    "F_892_3": 19.139577865600586
}