{
    "F_644_3": 20.62431526184082, 
    "F_551_3": 20.577678680419922, 
    "F_861_3": 20.09153938293457, 
    "id": "spec-3689-55180-0894-QSOs-201", 
    "F_675_3": 20.676420211791992, 
    "F_737_3": 20.497325897216797, 
    "F_396_3": 20.452499389648438, 
    "F_365_3": 20.31765365600586, 
    "F_613_3": 20.48279571533203, 
    "F_706_3": 20.649057388305664, 
    "F_923_3": 20.338916778564453, 
    "F_458_3": 20.69856071472168, 
    "F_768_3": 20.436479568481445, 
    "Z": 2.095919370651245, 
    "F_799_3": 20.39131736755371, 
    "F_427_3": 20.69086456298828, 
    "F_489_3": 20.432180404663086, 
    "F_954_3": 20.279396057128906, 
    "F_830_3": 20.410917282104492, 
    "F_582_3": 20.33653450012207, 
    "F_520_3": 20.5980167388916, 
    "F_892_3": 20.24525260925293
}