{
    "F_644_3": 18.90813636779785, 
    "F_551_3": 18.92164421081543, 
    "F_861_3": 18.42095375061035, 
    "id": "spec-2032-53815-0166-QSOs-201", 
    "F_675_3": 18.931150436401367, 
    "F_737_3": 18.79421043395996, 
    "F_396_3": 18.916013717651367, 
    "F_365_3": 18.314905166625977, 
    "F_613_3": 18.91893768310547, 
    "F_706_3": 18.857511520385742, 
    "F_923_3": 18.496248245239258, 
    "F_458_3": 19.097614288330078, 
    "F_768_3": 18.741783142089844, 
    "Z": 2.091660737991333, 
    "F_799_3": 18.72398567199707, 
    "F_427_3": 19.029802322387695, 
    "F_489_3": 18.902063369750977, 
    "F_954_3": Infinity, 
    "F_830_3": 18.693374633789062, 
    "F_582_3": 18.72291374206543, 
    "F_520_3": 18.985591888427734, 
    "F_892_3": 18.48200798034668
}