{
    "F_644_3": 22.170429229736328, 
    "F_551_3": 21.957855224609375, 
    "F_861_3": Infinity, 
    "id": "spec-4472-55893-0824-QSOs-201", 
    "F_675_3": 22.12639617919922, 
    "F_737_3": 22.197982788085938, 
    "F_396_3": 22.464542388916016, 
    "F_365_3": 21.791292190551758, 
    "F_613_3": 22.242572784423828, 
    "F_706_3": 22.267662048339844, 
    "F_923_3": 22.23583221435547, 
    "F_458_3": 22.524112701416016, 
    "F_768_3": 22.214786529541016, 
    "Z": 2.5027365684509277, 
    "F_799_3": 22.181001663208008, 
    "F_427_3": 21.878925323486328, 
    "F_489_3": 22.53632926940918, 
    "F_954_3": Infinity, 
    "F_830_3": 22.28045654296875, 
    "F_582_3": 22.140623092651367, 
    "F_520_3": 22.527053833007812, 
    "F_892_3": Infinity
}