{
    "F_644_3": 19.26853370666504, 
    "F_551_3": 19.255664825439453, 
    "F_861_3": 18.770843505859375, 
    "id": "spec-2601-54144-0382-QSOs-201", 
    "F_675_3": 19.203027725219727, 
    "F_737_3": 19.033893585205078, 
    "F_396_3": 19.581146240234375, 
    "F_365_3": 19.45703887939453, 
    "F_613_3": 19.26951026916504, 
    "F_706_3": 19.11227035522461, 
    "F_923_3": 18.899539947509766, 
    "F_458_3": 19.36376953125, 
    "F_768_3": 19.023056030273438, 
    "Z": 2.0102322101593018, 
    "F_799_3": 19.020328521728516, 
    "F_427_3": 19.526212692260742, 
    "F_489_3": 19.34424591064453, 
    "F_954_3": Infinity, 
    "F_830_3": 18.715160369873047, 
    "F_582_3": 19.167510986328125, 
    "F_520_3": 19.377613067626953, 
    "F_892_3": 18.923969268798828
}