{
    "F_644_3": 20.84697151184082, 
    "F_551_3": 20.7847900390625, 
    "F_861_3": 20.622024536132812, 
    "id": "spec-4236-55479-0444-QSOs-201", 
    "F_675_3": 20.932790756225586, 
    "F_737_3": 20.88123321533203, 
    "F_396_3": 20.923118591308594, 
    "F_365_3": 20.98792839050293, 
    "F_613_3": 20.763916015625, 
    "F_706_3": 20.916101455688477, 
    "F_923_3": 20.833894729614258, 
    "F_458_3": 20.87264060974121, 
    "F_768_3": 20.80472183227539, 
    "Z": 2.0946292877197266, 
    "F_799_3": 20.844736099243164, 
    "F_427_3": 20.941186904907227, 
    "F_489_3": 20.56151580810547, 
    "F_954_3": 21.015554428100586, 
    "F_830_3": 20.8613338470459, 
    "F_582_3": 20.606342315673828, 
    "F_520_3": 20.783782958984375, 
    "F_892_3": 20.782201766967773
}