{
    "F_644_3": 20.019662857055664, 
    "F_551_3": 19.649682998657227, 
    "F_861_3": 19.698135375976562, 
    "id": "spec-6671-56388-0891-QSOs-201", 
    "F_675_3": 19.878620147705078, 
    "F_737_3": 20.03352928161621, 
    "F_396_3": 20.714223861694336, 
    "F_365_3": 20.453048706054688, 
    "F_613_3": 20.16010284423828, 
    "F_706_3": 20.09147834777832, 
    "F_923_3": 19.703203201293945, 
    "F_458_3": 20.294092178344727, 
    "F_768_3": 20.01679039001465, 
    "Z": 2.5014421939849854, 
    "F_799_3": 19.854887008666992, 
    "F_427_3": 19.359567642211914, 
    "F_489_3": 20.257335662841797, 
    "F_954_3": 19.683597564697266, 
    "F_830_3": 19.768022537231445, 
    "F_582_3": 20.105167388916016, 
    "F_520_3": 20.15522575378418, 
    "F_892_3": 19.70915412902832
}