{
    "F_644_3": 20.991981506347656, 
    "F_551_3": 20.922304153442383, 
    "F_861_3": 20.463966369628906, 
    "id": "spec-7414-56748-0250-QSOs-201", 
    "F_675_3": 20.965984344482422, 
    "F_737_3": 20.766170501708984, 
    "F_396_3": 21.290634155273438, 
    "F_365_3": 20.64700698852539, 
    "F_613_3": 21.070552825927734, 
    "F_706_3": 20.883325576782227, 
    "F_923_3": 20.65496253967285, 
    "F_458_3": 20.958227157592773, 
    "F_768_3": 20.796070098876953, 
    "Z": 2.0103635787963867, 
    "F_799_3": 20.774703979492188, 
    "F_427_3": 21.22793197631836, 
    "F_489_3": 21.07562255859375, 
    "F_954_3": 20.49090576171875, 
    "F_830_3": 20.436452865600586, 
    "F_582_3": 20.782310485839844, 
    "F_520_3": 21.083595275878906, 
    "F_892_3": 20.55532455444336
}