{
    "F_644_3": 17.17363929748535, 
    "F_551_3": 17.273666381835938, 
    "F_861_3": 16.646509170532227, 
    "id": "spec-5457-55976-0896-QSOs-201", 
    "F_675_3": 17.108144760131836, 
    "F_737_3": 16.879859924316406, 
    "F_396_3": 17.52324104309082, 
    "F_365_3": 16.56560516357422, 
    "F_613_3": 17.210763931274414, 
    "F_706_3": 16.981388092041016, 
    "F_923_3": 16.762104034423828, 
    "F_458_3": 17.20269012451172, 
    "F_768_3": 16.84821319580078, 
    "Z": 2.0125720500946045, 
    "F_799_3": 16.842918395996094, 
    "F_427_3": 17.456575393676758, 
    "F_489_3": 17.32361602783203, 
    "F_954_3": 16.698646545410156, 
    "F_830_3": 16.684165954589844, 
    "F_582_3": 17.097442626953125, 
    "F_520_3": 17.350717544555664, 
    "F_892_3": 16.713869094848633
}