{
    "F_644_3": 22.39527130126953, 
    "F_551_3": 22.306516647338867, 
    "F_861_3": 21.78107452392578, 
    "id": "spec-6150-56187-0169-QSOs-201", 
    "F_675_3": 22.34262466430664, 
    "F_737_3": 22.21558380126953, 
    "F_396_3": 22.07548713684082, 
    "F_365_3": 21.097522735595703, 
    "F_613_3": 22.17853546142578, 
    "F_706_3": 22.201379776000977, 
    "F_923_3": 21.77979850769043, 
    "F_458_3": 21.712825775146484, 
    "F_768_3": 22.09986114501953, 
    "Z": 2.013354539871216, 
    "F_799_3": 22.068574905395508, 
    "F_427_3": 22.122379302978516, 
    "F_489_3": 22.07452964782715, 
    "F_954_3": 21.201709747314453, 
    "F_830_3": 21.826698303222656, 
    "F_582_3": 21.98334503173828, 
    "F_520_3": 22.218097686767578, 
    "F_892_3": 21.764102935791016
}