{
    "F_644_3": 21.11520004272461, 
    "F_551_3": 21.144487380981445, 
    "F_861_3": 20.35173988342285, 
    "id": "spec-1065-52586-0117-QSOs-201", 
    "F_675_3": 20.998741149902344, 
    "F_737_3": 20.753725051879883, 
    "F_396_3": 21.78571128845215, 
    "F_365_3": 21.32217025756836, 
    "F_613_3": 21.150182723999023, 
    "F_706_3": 20.886085510253906, 
    "F_923_3": 20.13363265991211, 
    "F_458_3": 21.281692504882812, 
    "F_768_3": 20.651954650878906, 
    "Z": 2.0100467205047607, 
    "F_799_3": 20.698619842529297, 
    "F_427_3": 21.74245834350586, 
    "F_489_3": 21.472347259521484, 
    "F_954_3": Infinity, 
    "F_830_3": 20.340856552124023, 
    "F_582_3": 20.781116485595703, 
    "F_520_3": 21.422100067138672, 
    "F_892_3": 19.656574249267578
}