{
    "F_644_3": 20.53216552734375, 
    "F_551_3": 20.586706161499023, 
    "F_861_3": 19.768465042114258, 
    "id": "spec-3875-55364-0168-QSOs-201", 
    "F_675_3": 20.500377655029297, 
    "F_737_3": 20.254751205444336, 
    "F_396_3": 20.401443481445312, 
    "F_365_3": 20.28524398803711, 
    "F_613_3": 20.629741668701172, 
    "F_706_3": 20.331083297729492, 
    "F_923_3": 20.053895950317383, 
    "F_458_3": 20.663963317871094, 
    "F_768_3": 20.118555068969727, 
    "Z": 2.0910441875457764, 
    "F_799_3": 20.18840789794922, 
    "F_427_3": 20.66182518005371, 
    "F_489_3": 19.903432846069336, 
    "F_954_3": 20.11615753173828, 
    "F_830_3": 20.166671752929688, 
    "F_582_3": 20.249797821044922, 
    "F_520_3": 20.534770965576172, 
    "F_892_3": 20.018814086914062
}