{
    "F_644_3": 21.107446670532227, 
    "F_551_3": 21.071517944335938, 
    "F_861_3": 21.087194442749023, 
    "id": "spec-3778-55213-0330-QSOs-201", 
    "F_675_3": 21.209270477294922, 
    "F_737_3": 21.16413116455078, 
    "F_396_3": 20.899391174316406, 
    "F_365_3": 20.720680236816406, 
    "F_613_3": 21.054100036621094, 
    "F_706_3": 21.162973403930664, 
    "F_923_3": 21.2857723236084, 
    "F_458_3": 21.147024154663086, 
    "F_768_3": 21.101119995117188, 
    "Z": 2.092552900314331, 
    "F_799_3": 21.2869930267334, 
    "F_427_3": 21.05238151550293, 
    "F_489_3": 20.988983154296875, 
    "F_954_3": 21.224790573120117, 
    "F_830_3": 21.36631965637207, 
    "F_582_3": 20.877622604370117, 
    "F_520_3": 21.079195022583008, 
    "F_892_3": 21.30597686767578
}