{
    "F_644_3": 19.9226131439209, 
    "F_551_3": 19.924564361572266, 
    "F_861_3": 19.43151092529297, 
    "id": "spec-0935-52643-0327-QSOs-201", 
    "F_675_3": 19.855422973632812, 
    "F_737_3": 19.58902931213379, 
    "F_396_3": 20.128198623657227, 
    "F_365_3": 20.13592529296875, 
    "F_613_3": 19.90015411376953, 
    "F_706_3": 19.686296463012695, 
    "F_923_3": 19.37506675720215, 
    "F_458_3": 19.710739135742188, 
    "F_768_3": 19.608909606933594, 
    "Z": 2.011711597442627, 
    "F_799_3": 19.625822067260742, 
    "F_427_3": 20.011747360229492, 
    "F_489_3": 19.897275924682617, 
    "F_954_3": Infinity, 
    "F_830_3": 19.406770706176758, 
    "F_582_3": 19.752376556396484, 
    "F_520_3": 20.005550384521484, 
    "F_892_3": 19.595977783203125
}