{
    "F_644_3": 18.834033966064453, 
    "F_551_3": 18.846881866455078, 
    "F_861_3": 18.411273956298828, 
    "id": "spec-0659-52199-0349-QSOs-201", 
    "F_675_3": 18.82042694091797, 
    "F_737_3": 18.67823028564453, 
    "F_396_3": 19.09000015258789, 
    "F_365_3": 19.05928611755371, 
    "F_613_3": 18.827152252197266, 
    "F_706_3": 18.72801971435547, 
    "F_923_3": 18.551340103149414, 
    "F_458_3": 18.818359375, 
    "F_768_3": 18.61767578125, 
    "Z": 2.015855550765991, 
    "F_799_3": 18.637083053588867, 
    "F_427_3": 19.004003524780273, 
    "F_489_3": 18.898334503173828, 
    "F_954_3": Infinity, 
    "F_830_3": 18.464853286743164, 
    "F_582_3": 18.69736099243164, 
    "F_520_3": 18.923343658447266, 
    "F_892_3": 18.459543228149414
}