{
    "F_644_3": 18.906465530395508, 
    "F_551_3": 18.83489990234375, 
    "F_861_3": 18.60141944885254, 
    "id": "spec-0381-51811-0183-QSOs-201", 
    "F_675_3": 18.94590950012207, 
    "F_737_3": 18.815080642700195, 
    "F_396_3": 19.36662483215332, 
    "F_365_3": 19.329221725463867, 
    "F_613_3": 18.865943908691406, 
    "F_706_3": 18.857940673828125, 
    "F_923_3": 18.798063278198242, 
    "F_458_3": 18.90561294555664, 
    "F_768_3": 18.801727294921875, 
    "Z": 2.0177526473999023, 
    "F_799_3": 18.836200714111328, 
    "F_427_3": 19.12442398071289, 
    "F_489_3": 18.947343826293945, 
    "F_954_3": Infinity, 
    "F_830_3": 18.689294815063477, 
    "F_582_3": 18.73075294494629, 
    "F_520_3": 18.92955780029297, 
    "F_892_3": 18.783998489379883
}