{
    "F_644_3": 19.25521469116211, 
    "F_551_3": 19.262380599975586, 
    "F_861_3": 18.770851135253906, 
    "id": "spec-1295-52934-0418-QSOs-201", 
    "F_675_3": 19.22165298461914, 
    "F_737_3": 19.027299880981445, 
    "F_396_3": 19.529773712158203, 
    "F_365_3": 19.42348289489746, 
    "F_613_3": 19.200077056884766, 
    "F_706_3": 19.115079879760742, 
    "F_923_3": 18.868417739868164, 
    "F_458_3": 19.16494369506836, 
    "F_768_3": 19.014005661010742, 
    "Z": 2.012627601623535, 
    "F_799_3": 18.996213912963867, 
    "F_427_3": 19.425270080566406, 
    "F_489_3": 19.302949905395508, 
    "F_954_3": Infinity, 
    "F_830_3": 18.8143367767334, 
    "F_582_3": 19.10548210144043, 
    "F_520_3": 19.332904815673828, 
    "F_892_3": 18.84377670288086
}