{
    "F_644_3": 20.67930793762207, 
    "F_551_3": 20.55472183227539, 
    "F_861_3": 20.277132034301758, 
    "id": "spec-0465-51910-0093-QSOs-201", 
    "F_675_3": 20.67171287536621, 
    "F_737_3": 20.44013214111328, 
    "F_396_3": 20.81198501586914, 
    "F_365_3": 20.588539123535156, 
    "F_613_3": 20.558778762817383, 
    "F_706_3": 20.537565231323242, 
    "F_923_3": 20.764589309692383, 
    "F_458_3": 20.536849975585938, 
    "F_768_3": 20.49720001220703, 
    "Z": 2.0131778717041016, 
    "F_799_3": 20.523571014404297, 
    "F_427_3": 20.826576232910156, 
    "F_489_3": 20.694591522216797, 
    "F_954_3": Infinity, 
    "F_830_3": 20.319149017333984, 
    "F_582_3": 20.305070877075195, 
    "F_520_3": 20.66478157043457, 
    "F_892_3": 20.34990882873535
}