{
    "F_644_3": 19.980348587036133, 
    "F_551_3": 20.02228355407715, 
    "F_861_3": 19.472959518432617, 
    "id": "spec-2349-53734-0492-QSOs-201", 
    "F_675_3": 19.949291229248047, 
    "F_737_3": 19.692096710205078, 
    "F_396_3": 20.300884246826172, 
    "F_365_3": 20.189678192138672, 
    "F_613_3": 20.011245727539062, 
    "F_706_3": 19.818456649780273, 
    "F_923_3": 19.6752986907959, 
    "F_458_3": 19.87227439880371, 
    "F_768_3": 19.67369842529297, 
    "Z": 2.0100595951080322, 
    "F_799_3": 19.552661895751953, 
    "F_427_3": 20.271272659301758, 
    "F_489_3": 20.019624710083008, 
    "F_954_3": Infinity, 
    "F_830_3": 19.397842407226562, 
    "F_582_3": 19.83255958557129, 
    "F_520_3": 20.181608200073242, 
    "F_892_3": 19.512834548950195
}