{
    "F_644_3": 20.651338577270508, 
    "F_551_3": 20.650609970092773, 
    "F_861_3": 20.194400787353516, 
    "id": "spec-6272-56325-0953-QSOs-201", 
    "F_675_3": 20.679269790649414, 
    "F_737_3": 20.508678436279297, 
    "F_396_3": 20.454084396362305, 
    "F_365_3": 19.462520599365234, 
    "F_613_3": 20.62407875061035, 
    "F_706_3": 20.54181480407715, 
    "F_923_3": 20.44255828857422, 
    "F_458_3": 20.343114852905273, 
    "F_768_3": 20.460439682006836, 
    "Z": 2.010916233062744, 
    "F_799_3": 20.499975204467773, 
    "F_427_3": 20.374460220336914, 
    "F_489_3": 20.456329345703125, 
    "F_954_3": 20.418474197387695, 
    "F_830_3": 20.26066017150879, 
    "F_582_3": 20.28556251525879, 
    "F_520_3": 20.444841384887695, 
    "F_892_3": 20.290225982666016
}