{
    "F_644_3": 18.037019729614258, 
    "F_551_3": 18.230188369750977, 
    "F_861_3": 17.280691146850586, 
    "id": "spec-3688-55273-0830-QSOs-201", 
    "F_675_3": 17.961490631103516, 
    "F_737_3": 17.666301727294922, 
    "F_396_3": 19.094158172607422, 
    "F_365_3": 18.449874877929688, 
    "F_613_3": 18.104333877563477, 
    "F_706_3": 17.78399658203125, 
    "F_923_3": 17.437728881835938, 
    "F_458_3": 18.647258758544922, 
    "F_768_3": 17.60531997680664, 
    "Z": 2.0106163024902344, 
    "F_799_3": 17.55732536315918, 
    "F_427_3": 18.922985076904297, 
    "F_489_3": 18.61912727355957, 
    "F_954_3": 17.34148406982422, 
    "F_830_3": 17.342327117919922, 
    "F_582_3": 18.021011352539062, 
    "F_520_3": 18.468780517578125, 
    "F_892_3": 17.3702449798584
}