{
    "F_644_3": 21.270000457763672, 
    "F_551_3": 21.155860900878906, 
    "F_861_3": 20.880826950073242, 
    "id": "spec-6193-56237-0566-QSOs-201", 
    "F_675_3": 21.263263702392578, 
    "F_737_3": 21.060258865356445, 
    "F_396_3": 21.212017059326172, 
    "F_365_3": 20.481647491455078, 
    "F_613_3": 21.195648193359375, 
    "F_706_3": 21.158605575561523, 
    "F_923_3": 21.162364959716797, 
    "F_458_3": 21.005077362060547, 
    "F_768_3": 21.085588455200195, 
    "Z": 2.011967897415161, 
    "F_799_3": 21.14811897277832, 
    "F_427_3": 21.19063949584961, 
    "F_489_3": 21.152557373046875, 
    "F_954_3": 21.20222282409668, 
    "F_830_3": 20.97688865661621, 
    "F_582_3": 21.066261291503906, 
    "F_520_3": 21.228708267211914, 
    "F_892_3": 21.15148162841797
}