{
    "F_644_3": 18.993511199951172, 
    "F_551_3": 19.002897262573242, 
    "F_861_3": 18.331491470336914, 
    "id": "spec-0445-51873-0481-QSOs-201", 
    "F_675_3": 18.995389938354492, 
    "F_737_3": 18.730449676513672, 
    "F_396_3": 19.098709106445312, 
    "F_365_3": 18.83234405517578, 
    "F_613_3": 19.008953094482422, 
    "F_706_3": 18.81507682800293, 
    "F_923_3": 18.561912536621094, 
    "F_458_3": 18.831388473510742, 
    "F_768_3": 18.707077026367188, 
    "Z": 2.0176124572753906, 
    "F_799_3": 18.71023178100586, 
    "F_427_3": 19.045795440673828, 
    "F_489_3": 19.026020050048828, 
    "F_954_3": Infinity, 
    "F_830_3": 18.457765579223633, 
    "F_582_3": 18.775917053222656, 
    "F_520_3": 19.089275360107422, 
    "F_892_3": 18.416414260864258
}