{
    "F_644_3": 21.19222068786621, 
    "F_551_3": 21.353181838989258, 
    "F_861_3": 20.539894104003906, 
    "id": "spec-0367-51997-0245-QSOs-201", 
    "F_675_3": 21.09458351135254, 
    "F_737_3": 20.837156295776367, 
    "F_396_3": 21.389297485351562, 
    "F_365_3": 21.174224853515625, 
    "F_613_3": 21.210302352905273, 
    "F_706_3": 20.941356658935547, 
    "F_923_3": 20.41954803466797, 
    "F_458_3": 20.702478408813477, 
    "F_768_3": 20.755136489868164, 
    "Z": 2.0203802585601807, 
    "F_799_3": 20.818525314331055, 
    "F_427_3": 21.2983455657959, 
    "F_489_3": 21.132410049438477, 
    "F_954_3": Infinity, 
    "F_830_3": 20.511940002441406, 
    "F_582_3": 20.966901779174805, 
    "F_520_3": 21.419763565063477, 
    "F_892_3": 20.574954986572266
}