{
    "F_644_3": 21.110990524291992, 
    "F_551_3": 21.021190643310547, 
    "F_861_3": 20.650741577148438, 
    "id": "spec-7247-56626-0037-QSOs-201", 
    "F_675_3": 21.153059005737305, 
    "F_737_3": 20.867403030395508, 
    "F_396_3": 21.358951568603516, 
    "F_365_3": 20.804288864135742, 
    "F_613_3": 21.04180908203125, 
    "F_706_3": 20.99296760559082, 
    "F_923_3": 20.89579963684082, 
    "F_458_3": 21.13483238220215, 
    "F_768_3": 20.78243064880371, 
    "Z": 2.011462450027466, 
    "F_799_3": 20.81885528564453, 
    "F_427_3": 21.270700454711914, 
    "F_489_3": 21.150127410888672, 
    "F_954_3": 20.685209274291992, 
    "F_830_3": 20.683889389038086, 
    "F_582_3": 20.947294235229492, 
    "F_520_3": 21.09261703491211, 
    "F_892_3": 20.592504501342773
}