{
    "F_644_3": 20.77877426147461, 
    "F_551_3": 20.670455932617188, 
    "F_861_3": 20.399423599243164, 
    "id": "spec-3977-55335-0698-QSOs-201", 
    "F_675_3": 20.76082992553711, 
    "F_737_3": 20.65297508239746, 
    "F_396_3": 20.92987060546875, 
    "F_365_3": 20.305421829223633, 
    "F_613_3": 20.74547576904297, 
    "F_706_3": 20.691795349121094, 
    "F_923_3": 20.497709274291992, 
    "F_458_3": 20.59916114807129, 
    "F_768_3": 20.642393112182617, 
    "Z": 2.0137102603912354, 
    "F_799_3": 20.627452850341797, 
    "F_427_3": 20.895044326782227, 
    "F_489_3": 20.659631729125977, 
    "F_954_3": 20.37978172302246, 
    "F_830_3": 20.348751068115234, 
    "F_582_3": 20.546117782592773, 
    "F_520_3": 20.800764083862305, 
    "F_892_3": 20.431201934814453
}