{
    "F_644_3": 18.272220611572266, 
    "F_551_3": 18.29269027709961, 
    "F_861_3": 17.83063316345215, 
    "id": "spec-1002-52646-0193-QSOs-201", 
    "F_675_3": 18.230379104614258, 
    "F_737_3": 18.065258026123047, 
    "F_396_3": 18.472999572753906, 
    "F_365_3": 18.279903411865234, 
    "F_613_3": 18.284154891967773, 
    "F_706_3": 18.121746063232422, 
    "F_923_3": 17.996841430664062, 
    "F_458_3": 18.34697151184082, 
    "F_768_3": 18.05548858642578, 
    "Z": 2.0153772830963135, 
    "F_799_3": 18.05223846435547, 
    "F_427_3": 18.49738311767578, 
    "F_489_3": 18.38018798828125, 
    "F_954_3": Infinity, 
    "F_830_3": 17.876832962036133, 
    "F_582_3": 18.121938705444336, 
    "F_520_3": 18.38465690612793, 
    "F_892_3": 17.90573501586914
}