{
    "F_644_3": 19.425703048706055, 
    "F_551_3": 19.584503173828125, 
    "F_861_3": 18.879520416259766, 
    "id": "spec-4203-55447-0836-QSOs-201", 
    "F_675_3": 19.46080207824707, 
    "F_737_3": 19.275331497192383, 
    "F_396_3": 19.620447158813477, 
    "F_365_3": 20.06747055053711, 
    "F_613_3": 19.476119995117188, 
    "F_706_3": 19.386350631713867, 
    "F_923_3": 19.07474136352539, 
    "F_458_3": 20.095611572265625, 
    "F_768_3": 19.203168869018555, 
    "Z": 2.0943329334259033, 
    "F_799_3": 19.195138931274414, 
    "F_427_3": 19.890636444091797, 
    "F_489_3": 19.52799415588379, 
    "F_954_3": 19.15804672241211, 
    "F_830_3": 19.206132888793945, 
    "F_582_3": 19.3250789642334, 
    "F_520_3": 19.622028350830078, 
    "F_892_3": 19.058300018310547
}