{
    "F_644_3": 21.677562713623047, 
    "F_551_3": 21.184247970581055, 
    "F_861_3": 21.373937606811523, 
    "id": "spec-4543-55888-1000-QSOs-201", 
    "F_675_3": 21.72780418395996, 
    "F_737_3": 21.505722045898438, 
    "F_396_3": 21.704792022705078, 
    "F_365_3": 21.031272888183594, 
    "F_613_3": 21.505905151367188, 
    "F_706_3": 21.660659790039062, 
    "F_923_3": 21.496294021606445, 
    "F_458_3": 21.345714569091797, 
    "F_768_3": 21.503910064697266, 
    "Z": 2.0124640464782715, 
    "F_799_3": 21.62253761291504, 
    "F_427_3": 21.626970291137695, 
    "F_489_3": 21.45929718017578, 
    "F_954_3": 21.26416015625, 
    "F_830_3": 21.365018844604492, 
    "F_582_3": 21.11336326599121, 
    "F_520_3": 21.523277282714844, 
    "F_892_3": 21.394453048706055
}