{
    "F_644_3": 22.125391006469727, 
    "F_551_3": 21.97928810119629, 
    "F_861_3": 21.691875457763672, 
    "id": "spec-7409-56809-0981-QSOs-201", 
    "F_675_3": 22.13221549987793, 
    "F_737_3": 21.972999572753906, 
    "F_396_3": 21.96699333190918, 
    "F_365_3": 21.012632369995117, 
    "F_613_3": 22.003860473632812, 
    "F_706_3": 22.0168514251709, 
    "F_923_3": 21.837112426757812, 
    "F_458_3": 21.400644302368164, 
    "F_768_3": 22.005844116210938, 
    "Z": 2.0142464637756348, 
    "F_799_3": 22.041828155517578, 
    "F_427_3": 21.958362579345703, 
    "F_489_3": 21.800798416137695, 
    "F_954_3": 21.579238891601562, 
    "F_830_3": 21.669307708740234, 
    "F_582_3": 21.8964900970459, 
    "F_520_3": 22.063491821289062, 
    "F_892_3": 21.8240966796875
}