{
    "F_644_3": Infinity, 
    "F_551_3": 19.348722457885742, 
    "F_861_3": Infinity, 
    "id": "spec-1448-53120-0308-QSOs-201", 
    "F_675_3": Infinity, 
    "F_737_3": Infinity, 
    "F_396_3": 19.75051498413086, 
    "F_365_3": 19.692522048950195, 
    "F_613_3": 19.311254501342773, 
    "F_706_3": Infinity, 
    "F_923_3": Infinity, 
    "F_458_3": 19.090904235839844, 
    "F_768_3": Infinity, 
    "Z": 2.0110557079315186, 
    "F_799_3": Infinity, 
    "F_427_3": 19.600051879882812, 
    "F_489_3": 19.319805145263672, 
    "F_954_3": Infinity, 
    "F_830_3": Infinity, 
    "F_582_3": 19.223255157470703, 
    "F_520_3": 19.436206817626953, 
    "F_892_3": Infinity
}