{
    "F_644_3": 22.529752731323242, 
    "F_551_3": 22.4891414642334, 
    "F_861_3": 21.673213958740234, 
    "id": "spec-5706-56165-0816-QSOs-201", 
    "F_675_3": 22.47878646850586, 
    "F_737_3": 22.11747932434082, 
    "F_396_3": 22.577871322631836, 
    "F_365_3": 21.347145080566406, 
    "F_613_3": 22.344043731689453, 
    "F_706_3": 22.33979034423828, 
    "F_923_3": 21.781265258789062, 
    "F_458_3": 21.95355224609375, 
    "F_768_3": 22.149215698242188, 
    "Z": 2.0107924938201904, 
    "F_799_3": 22.185091018676758, 
    "F_427_3": 22.69503402709961, 
    "F_489_3": 22.53209686279297, 
    "F_954_3": 21.512353897094727, 
    "F_830_3": 21.736371994018555, 
    "F_582_3": 22.150028228759766, 
    "F_520_3": 22.667421340942383, 
    "F_892_3": 21.86632537841797
}