{
    "F_644_3": 19.926071166992188, 
    "F_551_3": 19.923492431640625, 
    "F_861_3": 19.54876708984375, 
    "id": "spec-5147-55854-0439-QSOs-201", 
    "F_675_3": 19.922636032104492, 
    "F_737_3": 19.747739791870117, 
    "F_396_3": 20.419052124023438, 
    "F_365_3": 19.9608211517334, 
    "F_613_3": 19.949127197265625, 
    "F_706_3": 19.81096649169922, 
    "F_923_3": 19.69757843017578, 
    "F_458_3": 19.93291473388672, 
    "F_768_3": 19.731630325317383, 
    "Z": 2.011775255203247, 
    "F_799_3": 19.768569946289062, 
    "F_427_3": 20.195249557495117, 
    "F_489_3": 20.00851821899414, 
    "F_954_3": 19.244014739990234, 
    "F_830_3": 19.5755672454834, 
    "F_582_3": 19.78716468811035, 
    "F_520_3": 20.050893783569336, 
    "F_892_3": 19.537460327148438
}