{
    "F_644_3": 19.802648544311523, 
    "F_551_3": 19.9921875, 
    "F_861_3": 19.191917419433594, 
    "id": "spec-4444-55538-0856-QSOs-201", 
    "F_675_3": 19.63563346862793, 
    "F_737_3": 19.619474411010742, 
    "F_396_3": 20.861234664916992, 
    "F_365_3": 20.867841720581055, 
    "F_613_3": 19.927207946777344, 
    "F_706_3": 19.795236587524414, 
    "F_923_3": 19.17095184326172, 
    "F_458_3": 20.335290908813477, 
    "F_768_3": 19.58659553527832, 
    "Z": 2.5023982524871826, 
    "F_799_3": 19.404848098754883, 
    "F_427_3": 19.642372131347656, 
    "F_489_3": 20.2564640045166, 
    "F_954_3": 19.158409118652344, 
    "F_830_3": 19.30136489868164, 
    "F_582_3": 20.014036178588867, 
    "F_520_3": 20.26494026184082, 
    "F_892_3": 19.179203033447266
}