{
    "F_644_3": 21.727733612060547, 
    "F_551_3": 21.43042755126953, 
    "F_861_3": 21.2120304107666, 
    "id": "spec-4455-55539-0480-QSOs-201", 
    "F_675_3": 21.704885482788086, 
    "F_737_3": 21.48903465270996, 
    "F_396_3": 21.372554779052734, 
    "F_365_3": 20.79266929626465, 
    "F_613_3": 21.515710830688477, 
    "F_706_3": 21.65558624267578, 
    "F_923_3": 21.52794075012207, 
    "F_458_3": 21.263050079345703, 
    "F_768_3": 21.587600708007812, 
    "Z": 2.012984275817871, 
    "F_799_3": 21.374073028564453, 
    "F_427_3": 21.471019744873047, 
    "F_489_3": 21.408733367919922, 
    "F_954_3": 21.262836456298828, 
    "F_830_3": 21.145936965942383, 
    "F_582_3": 21.34130096435547, 
    "F_520_3": 21.540788650512695, 
    "F_892_3": 21.370962142944336
}