{
    "F_644_3": 20.77524757385254, 
    "F_551_3": 20.838855743408203, 
    "F_861_3": 20.599519729614258, 
    "id": "spec-5356-55979-0916-QSOs-201", 
    "F_675_3": 20.66958236694336, 
    "F_737_3": 20.816036224365234, 
    "F_396_3": 21.476293563842773, 
    "F_365_3": 21.110490798950195, 
    "F_613_3": 20.93541717529297, 
    "F_706_3": 20.851110458374023, 
    "F_923_3": 20.682392120361328, 
    "F_458_3": 21.29047393798828, 
    "F_768_3": 20.86988639831543, 
    "Z": 2.5014734268188477, 
    "F_799_3": 20.739620208740234, 
    "F_427_3": 21.031620025634766, 
    "F_489_3": 21.209575653076172, 
    "F_954_3": 20.557846069335938, 
    "F_830_3": 20.656970977783203, 
    "F_582_3": 20.954471588134766, 
    "F_520_3": 21.305343627929688, 
    "F_892_3": 20.64185333251953
}