{
    "F_644_3": 23.059770584106445, 
    "F_551_3": 22.939437866210938, 
    "F_861_3": Infinity, 
    "id": "spec-5740-55998-0888-QSOs-201", 
    "F_675_3": 23.128843307495117, 
    "F_737_3": 23.25459098815918, 
    "F_396_3": 22.54399871826172, 
    "F_365_3": 21.358858108520508, 
    "F_613_3": 22.984806060791016, 
    "F_706_3": 23.15392303466797, 
    "F_923_3": 23.3062744140625, 
    "F_458_3": 22.542753219604492, 
    "F_768_3": 23.086509704589844, 
    "Z": 2.0139272212982178, 
    "F_799_3": 23.097042083740234, 
    "F_427_3": 22.700345993041992, 
    "F_489_3": 22.81170082092285, 
    "F_954_3": Infinity, 
    "F_830_3": 22.817365646362305, 
    "F_582_3": 22.870832443237305, 
    "F_520_3": 22.93259620666504, 
    "F_892_3": Infinity
}