{
    "F_644_3": 20.86760139465332, 
    "F_551_3": 20.521053314208984, 
    "F_861_3": 20.843631744384766, 
    "id": "spec-6280-56570-0630-QSOs-201", 
    "F_675_3": 20.951045989990234, 
    "F_737_3": 20.903038024902344, 
    "F_396_3": 20.424396514892578, 
    "F_365_3": 19.789196014404297, 
    "F_613_3": 20.738889694213867, 
    "F_706_3": 20.909635543823242, 
    "F_923_3": 21.03832244873047, 
    "F_458_3": 20.32172393798828, 
    "F_768_3": 20.976778030395508, 
    "Z": 2.011340379714966, 
    "F_799_3": 21.003211975097656, 
    "F_427_3": 20.460573196411133, 
    "F_489_3": 20.49257469177246, 
    "F_954_3": 21.0159912109375, 
    "F_830_3": 20.842805862426758, 
    "F_582_3": 20.406234741210938, 
    "F_520_3": 20.57750701904297, 
    "F_892_3": 21.05626106262207
}