{
    "F_644_3": 20.76123809814453, 
    "F_551_3": 20.69014549255371, 
    "F_861_3": 20.305295944213867, 
    "id": "spec-4874-55673-0558-QSOs-201", 
    "F_675_3": 20.695741653442383, 
    "F_737_3": 20.551715850830078, 
    "F_396_3": 21.11115837097168, 
    "F_365_3": 20.713857650756836, 
    "F_613_3": 20.749130249023438, 
    "F_706_3": 20.570955276489258, 
    "F_923_3": 20.449787139892578, 
    "F_458_3": 21.14969253540039, 
    "F_768_3": 20.577360153198242, 
    "Z": 2.0125555992126465, 
    "F_799_3": 20.588016510009766, 
    "F_427_3": 21.05278778076172, 
    "F_489_3": 20.726226806640625, 
    "F_954_3": 20.594684600830078, 
    "F_830_3": 20.3886661529541, 
    "F_582_3": 20.465784072875977, 
    "F_520_3": 20.6881160736084, 
    "F_892_3": 20.459020614624023
}