{
    "F_644_3": 20.643518447875977, 
    "F_551_3": 20.72414207458496, 
    "F_861_3": 20.057884216308594, 
    "id": "spec-0374-51791-0623-QSOs-201", 
    "F_675_3": 20.644439697265625, 
    "F_737_3": 20.46033477783203, 
    "F_396_3": 20.848140716552734, 
    "F_365_3": 21.026470184326172, 
    "F_613_3": 20.571889877319336, 
    "F_706_3": 20.523420333862305, 
    "F_923_3": 19.943195343017578, 
    "F_458_3": 20.1807918548584, 
    "F_768_3": 20.37380027770996, 
    "Z": 2.017951726913452, 
    "F_799_3": 20.477970123291016, 
    "F_427_3": 20.786813735961914, 
    "F_489_3": 20.450885772705078, 
    "F_954_3": Infinity, 
    "F_830_3": 20.256914138793945, 
    "F_582_3": 20.276142120361328, 
    "F_520_3": 20.80706787109375, 
    "F_892_3": 20.18092918395996
}