{
    "F_644_3": 20.460098266601562, 
    "F_551_3": 20.367334365844727, 
    "F_861_3": 20.132898330688477, 
    "id": "spec-7112-56666-0473-QSOs-201", 
    "F_675_3": 20.495906829833984, 
    "F_737_3": 20.37451171875, 
    "F_396_3": 20.378419876098633, 
    "F_365_3": 20.03919792175293, 
    "F_613_3": 20.402053833007812, 
    "F_706_3": 20.3920955657959, 
    "F_923_3": 20.22207260131836, 
    "F_458_3": 20.152860641479492, 
    "F_768_3": 20.37240982055664, 
    "Z": 2.0101473331451416, 
    "F_799_3": 20.37066650390625, 
    "F_427_3": 20.32323455810547, 
    "F_489_3": 20.303125381469727, 
    "F_954_3": 19.924949645996094, 
    "F_830_3": 20.181594848632812, 
    "F_582_3": 20.25237274169922, 
    "F_520_3": 20.367448806762695, 
    "F_892_3": 20.229936599731445
}