{
    "F_644_3": 20.007518768310547, 
    "F_551_3": 20.003192901611328, 
    "F_861_3": 19.390851974487305, 
    "id": "spec-5144-55829-0240-QSOs-201", 
    "F_675_3": 19.938451766967773, 
    "F_737_3": 19.72591781616211, 
    "F_396_3": 20.177621841430664, 
    "F_365_3": 19.84359359741211, 
    "F_613_3": 20.025089263916016, 
    "F_706_3": 19.844886779785156, 
    "F_923_3": 19.534164428710938, 
    "F_458_3": 19.916044235229492, 
    "F_768_3": 19.705493927001953, 
    "Z": 2.010969400405884, 
    "F_799_3": 19.672948837280273, 
    "F_427_3": 20.192739486694336, 
    "F_489_3": 19.974557876586914, 
    "F_954_3": 19.42967987060547, 
    "F_830_3": 19.441682815551758, 
    "F_582_3": 19.827178955078125, 
    "F_520_3": 20.087432861328125, 
    "F_892_3": 19.503028869628906
}