{
    "F_644_3": 22.417570114135742, 
    "F_551_3": 22.415040969848633, 
    "F_861_3": Infinity, 
    "id": "spec-6139-56192-0566-QSOs-201", 
    "F_675_3": 22.449481964111328, 
    "F_737_3": 22.455364227294922, 
    "F_396_3": 22.25224494934082, 
    "F_365_3": 21.446033477783203, 
    "F_613_3": 22.29242515563965, 
    "F_706_3": 22.51290512084961, 
    "F_923_3": 22.304885864257812, 
    "F_458_3": 22.20054817199707, 
    "F_768_3": 22.530832290649414, 
    "Z": 2.012794017791748, 
    "F_799_3": 22.366214752197266, 
    "F_427_3": 22.32472038269043, 
    "F_489_3": 22.306791305541992, 
    "F_954_3": Infinity, 
    "F_830_3": 22.280418395996094, 
    "F_582_3": 22.212833404541016, 
    "F_520_3": 22.47383689880371, 
    "F_892_3": 22.385906219482422
}