{
    "F_644_3": 19.678131103515625, 
    "F_551_3": 19.749300003051758, 
    "F_861_3": 19.115793228149414, 
    "id": "spec-0455-51909-0460-QSOs-201", 
    "F_675_3": 19.622461318969727, 
    "F_737_3": 19.40054702758789, 
    "F_396_3": 19.821247100830078, 
    "F_365_3": 19.754629135131836, 
    "F_613_3": 19.73725128173828, 
    "F_706_3": 19.49413299560547, 
    "F_923_3": 19.325742721557617, 
    "F_458_3": 19.39007568359375, 
    "F_768_3": 19.36515235900879, 
    "Z": 2.019975423812866, 
    "F_799_3": 19.370134353637695, 
    "F_427_3": 19.75858497619629, 
    "F_489_3": 19.605106353759766, 
    "F_954_3": Infinity, 
    "F_830_3": 19.160884857177734, 
    "F_582_3": 19.526533126831055, 
    "F_520_3": 19.809429168701172, 
    "F_892_3": 19.215456008911133
}