{
    "F_644_3": 20.036378860473633, 
    "F_551_3": 19.954364776611328, 
    "F_861_3": 19.749719619750977, 
    "id": "spec-7237-56662-0869-QSOs-201", 
    "F_675_3": 20.060697555541992, 
    "F_737_3": 19.94308853149414, 
    "F_396_3": 20.158842086791992, 
    "F_365_3": 19.541587829589844, 
    "F_613_3": 20.00412940979004, 
    "F_706_3": 19.953611373901367, 
    "F_923_3": 20.009714126586914, 
    "F_458_3": 19.846715927124023, 
    "F_768_3": 19.923789978027344, 
    "Z": 2.012239456176758, 
    "F_799_3": 19.98727035522461, 
    "F_427_3": 20.056570053100586, 
    "F_489_3": 19.959741592407227, 
    "F_954_3": 19.91231346130371, 
    "F_830_3": 19.742610931396484, 
    "F_582_3": 19.83345603942871, 
    "F_520_3": 19.98407554626465, 
    "F_892_3": 19.908344268798828
}