{
    "F_644_3": 21.549253463745117, 
    "F_551_3": 21.130435943603516, 
    "F_861_3": 21.358407974243164, 
    "id": "spec-4016-55632-0162-QSOs-201", 
    "F_675_3": 21.472888946533203, 
    "F_737_3": 21.7309627532959, 
    "F_396_3": 22.19866180419922, 
    "F_365_3": 21.32976531982422, 
    "F_613_3": 21.809560775756836, 
    "F_706_3": 21.8519287109375, 
    "F_923_3": 21.12194061279297, 
    "F_458_3": 21.934675216674805, 
    "F_768_3": 21.71953010559082, 
    "Z": 2.5000922679901123, 
    "F_799_3": 21.5213680267334, 
    "F_427_3": 20.828689575195312, 
    "F_489_3": 21.939571380615234, 
    "F_954_3": 21.043846130371094, 
    "F_830_3": 21.34612464904785, 
    "F_582_3": 21.70940589904785, 
    "F_520_3": 21.912139892578125, 
    "F_892_3": 21.30137062072754
}