{
    "F_644_3": 21.547121047973633, 
    "F_551_3": 21.626707077026367, 
    "F_861_3": 20.978113174438477, 
    "id": "spec-5422-55986-0750-QSOs-201", 
    "F_675_3": 21.52495574951172, 
    "F_737_3": 21.281190872192383, 
    "F_396_3": 21.620872497558594, 
    "F_365_3": 21.277372360229492, 
    "F_613_3": 21.518198013305664, 
    "F_706_3": 21.459684371948242, 
    "F_923_3": 21.368549346923828, 
    "F_458_3": 21.66923713684082, 
    "F_768_3": 21.20452117919922, 
    "Z": 2.0915908813476562, 
    "F_799_3": 21.380640029907227, 
    "F_427_3": 21.83740997314453, 
    "F_489_3": 21.244699478149414, 
    "F_954_3": 21.181682586669922, 
    "F_830_3": 21.366891860961914, 
    "F_582_3": 21.38807487487793, 
    "F_520_3": 21.67662811279297, 
    "F_892_3": 21.3882999420166
}