{
    "F_644_3": 21.959754943847656, 
    "F_551_3": 21.405681610107422, 
    "F_861_3": 21.51983070373535, 
    "id": "spec-5802-56309-0296-QSOs-201", 
    "F_675_3": 21.88397979736328, 
    "F_737_3": 21.962778091430664, 
    "F_396_3": 21.956239700317383, 
    "F_365_3": 21.37078857421875, 
    "F_613_3": 21.885969161987305, 
    "F_706_3": 22.000688552856445, 
    "F_923_3": 21.439462661743164, 
    "F_458_3": 21.96479034423828, 
    "F_768_3": 21.695554733276367, 
    "Z": 2.5009002685546875, 
    "F_799_3": 21.615968704223633, 
    "F_427_3": 21.071470260620117, 
    "F_489_3": 21.96968650817871, 
    "F_954_3": 21.14712905883789, 
    "F_830_3": 21.62345314025879, 
    "F_582_3": 21.77926254272461, 
    "F_520_3": 21.85371208190918, 
    "F_892_3": 21.326231002807617
}