{
    "F_644_3": 19.479928970336914, 
    "F_551_3": 19.651325225830078, 
    "F_861_3": 18.835840225219727, 
    "id": "spec-0525-52295-0385-QSOs-201", 
    "F_675_3": 19.474103927612305, 
    "F_737_3": 19.227848052978516, 
    "F_396_3": 19.620555877685547, 
    "F_365_3": 18.865589141845703, 
    "F_613_3": 19.539817810058594, 
    "F_706_3": 19.334938049316406, 
    "F_923_3": 18.842838287353516, 
    "F_458_3": 19.779489517211914, 
    "F_768_3": 19.160146713256836, 
    "Z": 2.09580397605896, 
    "F_799_3": 19.154176712036133, 
    "F_427_3": 19.77519989013672, 
    "F_489_3": 19.24271583557129, 
    "F_954_3": Infinity, 
    "F_830_3": 19.160423278808594, 
    "F_582_3": 19.377277374267578, 
    "F_520_3": 19.63941764831543, 
    "F_892_3": 19.017263412475586
}