{
    "F_644_3": 21.461454391479492, 
    "F_551_3": 21.722925186157227, 
    "F_861_3": 20.747177124023438, 
    "id": "spec-5895-56046-0384-QSOs-201", 
    "F_675_3": 21.42559814453125, 
    "F_737_3": 21.104625701904297, 
    "F_396_3": 22.32050895690918, 
    "F_365_3": 21.613325119018555, 
    "F_613_3": 21.528974533081055, 
    "F_706_3": 21.240524291992188, 
    "F_923_3": 20.82041358947754, 
    "F_458_3": 21.76450538635254, 
    "F_768_3": 20.99518394470215, 
    "Z": 2.012169122695923, 
    "F_799_3": 21.038644790649414, 
    "F_427_3": 22.352378845214844, 
    "F_489_3": 21.805139541625977, 
    "F_954_3": 20.65630340576172, 
    "F_830_3": 20.744630813598633, 
    "F_582_3": 21.533266067504883, 
    "F_520_3": 21.86011505126953, 
    "F_892_3": 20.662452697753906
}