{
    "F_644_3": 19.686548233032227, 
    "F_551_3": 19.875747680664062, 
    "F_861_3": 19.218387603759766, 
    "id": "spec-0500-51994-0414-QSOs-201", 
    "F_675_3": 19.65736961364746, 
    "F_737_3": 19.357629776000977, 
    "F_396_3": 20.107746124267578, 
    "F_365_3": 19.583080291748047, 
    "F_613_3": 19.776378631591797, 
    "F_706_3": 19.46818733215332, 
    "F_923_3": 19.470802307128906, 
    "F_458_3": 19.678497314453125, 
    "F_768_3": 19.348735809326172, 
    "Z": 2.015171766281128, 
    "F_799_3": 19.386184692382812, 
    "F_427_3": 20.041139602661133, 
    "F_489_3": 19.906593322753906, 
    "F_954_3": Infinity, 
    "F_830_3": 19.159914016723633, 
    "F_582_3": 19.60977554321289, 
    "F_520_3": 19.996665954589844, 
    "F_892_3": 19.310274124145508
}