{
    "F_644_3": 18.99542999267578, 
    "F_551_3": 19.031360626220703, 
    "F_861_3": 18.550640106201172, 
    "id": "spec-5400-56308-0725-QSOs-201", 
    "F_675_3": 18.943225860595703, 
    "F_737_3": 18.764169692993164, 
    "F_396_3": 19.22178840637207, 
    "F_365_3": 18.324718475341797, 
    "F_613_3": 19.009078979492188, 
    "F_706_3": 18.83222198486328, 
    "F_923_3": 18.663894653320312, 
    "F_458_3": 18.93564796447754, 
    "F_768_3": 18.749011993408203, 
    "Z": 2.010686159133911, 
    "F_799_3": 18.745742797851562, 
    "F_427_3": 19.20055389404297, 
    "F_489_3": 19.05948257446289, 
    "F_954_3": 18.579294204711914, 
    "F_830_3": 18.54133415222168, 
    "F_582_3": 18.853418350219727, 
    "F_520_3": 19.097007751464844, 
    "F_892_3": 18.622793197631836
}