{
    "F_644_3": 21.86073112487793, 
    "F_551_3": 21.30615997314453, 
    "F_861_3": 21.935256958007812, 
    "id": "spec-3762-55507-0942-QSOs-201", 
    "F_675_3": 21.850784301757812, 
    "F_737_3": 22.017587661743164, 
    "F_396_3": 21.849971771240234, 
    "F_365_3": 21.457338333129883, 
    "F_613_3": 21.77924156188965, 
    "F_706_3": 22.036808013916016, 
    "F_923_3": 21.9733829498291, 
    "F_458_3": 21.74275779724121, 
    "F_768_3": 21.955141067504883, 
    "Z": 2.502002477645874, 
    "F_799_3": 21.947532653808594, 
    "F_427_3": 21.087430953979492, 
    "F_489_3": 21.730735778808594, 
    "F_954_3": 21.683462142944336, 
    "F_830_3": 21.857316970825195, 
    "F_582_3": 21.720109939575195, 
    "F_520_3": 21.673065185546875, 
    "F_892_3": 21.91930389404297
}