{
    "F_644_3": 22.719680786132812, 
    "F_551_3": 22.657424926757812, 
    "F_861_3": 22.000965118408203, 
    "id": "spec-7310-56693-0684-QSOs-201", 
    "F_675_3": 22.65176773071289, 
    "F_737_3": 22.411964416503906, 
    "F_396_3": 22.819995880126953, 
    "F_365_3": 21.824840545654297, 
    "F_613_3": 22.69126319885254, 
    "F_706_3": 22.488916397094727, 
    "F_923_3": 22.095333099365234, 
    "F_458_3": 22.649009704589844, 
    "F_768_3": 22.33022689819336, 
    "Z": 2.0121428966522217, 
    "F_799_3": 22.226369857788086, 
    "F_427_3": 22.897689819335938, 
    "F_489_3": 22.83661460876465, 
    "F_954_3": 21.912565231323242, 
    "F_830_3": 21.913341522216797, 
    "F_582_3": 22.44764518737793, 
    "F_520_3": 22.844528198242188, 
    "F_892_3": 22.132305145263672
}