{
    "F_644_3": 18.403594970703125, 
    "F_551_3": 18.464075088500977, 
    "F_861_3": 17.926069259643555, 
    "id": "spec-1841-53491-0513-QSOs-201", 
    "F_675_3": 18.438793182373047, 
    "F_737_3": 18.290943145751953, 
    "F_396_3": 18.732460021972656, 
    "F_365_3": 18.137453079223633, 
    "F_613_3": 18.427574157714844, 
    "F_706_3": 18.34087371826172, 
    "F_923_3": 17.993982315063477, 
    "F_458_3": 18.689594268798828, 
    "F_768_3": 18.172863006591797, 
    "Z": 2.0905418395996094, 
    "F_799_3": 18.196929931640625, 
    "F_427_3": 18.72297477722168, 
    "F_489_3": 18.48700523376465, 
    "F_954_3": Infinity, 
    "F_830_3": 18.138246536254883, 
    "F_582_3": 18.284503936767578, 
    "F_520_3": 18.544614791870117, 
    "F_892_3": 17.976686477661133
}