{
    "F_644_3": Infinity, 
    "F_551_3": 19.992172241210938, 
    "F_861_3": Infinity, 
    "id": "spec-1074-52937-0544-QSOs-201", 
    "F_675_3": Infinity, 
    "F_737_3": Infinity, 
    "F_396_3": 19.985000610351562, 
    "F_365_3": 19.863649368286133, 
    "F_613_3": 19.938074111938477, 
    "F_706_3": Infinity, 
    "F_923_3": Infinity, 
    "F_458_3": 19.894018173217773, 
    "F_768_3": Infinity, 
    "Z": 2.0137720108032227, 
    "F_799_3": Infinity, 
    "F_427_3": 20.04920196533203, 
    "F_489_3": 19.996049880981445, 
    "F_954_3": Infinity, 
    "F_830_3": Infinity, 
    "F_582_3": 19.812419891357422, 
    "F_520_3": 20.028379440307617, 
    "F_892_3": Infinity
}