{
    "F_644_3": 21.74502944946289, 
    "F_551_3": 21.800695419311523, 
    "F_861_3": 21.345949172973633, 
    "id": "spec-6195-56220-0439-QSOs-201", 
    "F_675_3": 21.8339786529541, 
    "F_737_3": 21.623254776000977, 
    "F_396_3": 21.749481201171875, 
    "F_365_3": 21.13996124267578, 
    "F_613_3": 21.6606502532959, 
    "F_706_3": 21.69583511352539, 
    "F_923_3": 21.51934242248535, 
    "F_458_3": 21.649520874023438, 
    "F_768_3": 21.558210372924805, 
    "Z": 2.01289701461792, 
    "F_799_3": 21.49379539489746, 
    "F_427_3": 21.860912322998047, 
    "F_489_3": 21.812681198120117, 
    "F_954_3": 21.034029006958008, 
    "F_830_3": 21.28710174560547, 
    "F_582_3": 21.577377319335938, 
    "F_520_3": 21.881065368652344, 
    "F_892_3": 21.42246437072754
}