{
    "F_644_3": 19.980989456176758, 
    "F_551_3": 20.207786560058594, 
    "F_861_3": 19.12816047668457, 
    "id": "spec-6412-56358-0298-QSOs-201", 
    "F_675_3": 19.84925079345703, 
    "F_737_3": 19.53245735168457, 
    "F_396_3": 21.002573013305664, 
    "F_365_3": 20.16387176513672, 
    "F_613_3": 20.08588981628418, 
    "F_706_3": 19.661643981933594, 
    "F_923_3": 19.36125946044922, 
    "F_458_3": 20.17728614807129, 
    "F_768_3": 19.466304779052734, 
    "Z": 2.0109517574310303, 
    "F_799_3": 19.440292358398438, 
    "F_427_3": 20.84916114807129, 
    "F_489_3": 20.348981857299805, 
    "F_954_3": 19.210390090942383, 
    "F_830_3": 19.055389404296875, 
    "F_582_3": 19.902637481689453, 
    "F_520_3": 20.446016311645508, 
    "F_892_3": 19.289602279663086
}