{
    "F_644_3": 20.085710525512695, 
    "F_551_3": 20.056827545166016, 
    "F_861_3": 19.656171798706055, 
    "id": "spec-6703-56636-0766-QSOs-201", 
    "F_675_3": 20.125343322753906, 
    "F_737_3": 19.937789916992188, 
    "F_396_3": 20.070077896118164, 
    "F_365_3": 19.70002555847168, 
    "F_613_3": 20.103519439697266, 
    "F_706_3": 20.01287078857422, 
    "F_923_3": 19.827251434326172, 
    "F_458_3": 20.1357479095459, 
    "F_768_3": 19.89703369140625, 
    "Z": 2.0901265144348145, 
    "F_799_3": 19.92427635192871, 
    "F_427_3": 20.16454315185547, 
    "F_489_3": 19.93766975402832, 
    "F_954_3": 19.852100372314453, 
    "F_830_3": 19.875988006591797, 
    "F_582_3": 19.888338088989258, 
    "F_520_3": 20.100086212158203, 
    "F_892_3": 19.767436981201172
}