{
    "F_644_3": 20.45003318786621, 
    "F_551_3": 20.218015670776367, 
    "F_861_3": 20.135690689086914, 
    "id": "spec-6370-56238-0991-QSOs-201", 
    "F_675_3": 20.44693946838379, 
    "F_737_3": 20.331485748291016, 
    "F_396_3": 20.3299560546875, 
    "F_365_3": 19.739660263061523, 
    "F_613_3": 20.38661003112793, 
    "F_706_3": 20.385883331298828, 
    "F_923_3": 20.311901092529297, 
    "F_458_3": 20.091110229492188, 
    "F_768_3": 20.31727409362793, 
    "Z": 2.0115208625793457, 
    "F_799_3": 20.337562561035156, 
    "F_427_3": 20.284870147705078, 
    "F_489_3": 20.26387596130371, 
    "F_954_3": 20.18149757385254, 
    "F_830_3": 20.133562088012695, 
    "F_582_3": 20.184871673583984, 
    "F_520_3": 20.36572265625, 
    "F_892_3": 20.226606369018555
}