{
    "F_644_3": 20.4448299407959, 
    "F_551_3": 20.377361297607422, 
    "F_861_3": 19.99970817565918, 
    "id": "spec-7320-56722-0017-QSOs-201", 
    "F_675_3": 20.46684455871582, 
    "F_737_3": 20.276050567626953, 
    "F_396_3": 20.69051170349121, 
    "F_365_3": 20.068449020385742, 
    "F_613_3": 20.476451873779297, 
    "F_706_3": 20.359745025634766, 
    "F_923_3": 20.198720932006836, 
    "F_458_3": 20.326534271240234, 
    "F_768_3": 20.265518188476562, 
    "Z": 2.013545274734497, 
    "F_799_3": 20.252805709838867, 
    "F_427_3": 20.627161026000977, 
    "F_489_3": 20.445232391357422, 
    "F_954_3": 20.035110473632812, 
    "F_830_3": 20.07904815673828, 
    "F_582_3": 20.26580810546875, 
    "F_520_3": 20.505252838134766, 
    "F_892_3": 20.108898162841797
}