{
    "F_644_3": 20.200180053710938, 
    "F_551_3": 20.27196502685547, 
    "F_861_3": 19.72304344177246, 
    "id": "spec-1414-53135-0459-QSOs-201", 
    "F_675_3": 20.22516632080078, 
    "F_737_3": 20.03657341003418, 
    "F_396_3": 20.344924926757812, 
    "F_365_3": 20.139921188354492, 
    "F_613_3": 20.259010314941406, 
    "F_706_3": 20.093978881835938, 
    "F_923_3": 19.589075088500977, 
    "F_458_3": 20.010814666748047, 
    "F_768_3": 20.008544921875, 
    "Z": 2.0171985626220703, 
    "F_799_3": 19.973161697387695, 
    "F_427_3": 20.281227111816406, 
    "F_489_3": 20.204334259033203, 
    "F_954_3": Infinity, 
    "F_830_3": 19.793420791625977, 
    "F_582_3": 20.100116729736328, 
    "F_520_3": 20.328632354736328, 
    "F_892_3": 19.60443115234375
}