{
    "F_644_3": 21.154232025146484, 
    "F_551_3": 21.105457305908203, 
    "F_861_3": 20.90424156188965, 
    "id": "spec-6167-56189-0613-QSOs-201", 
    "F_675_3": 21.18549346923828, 
    "F_737_3": 21.054014205932617, 
    "F_396_3": 21.038156509399414, 
    "F_365_3": 20.536630630493164, 
    "F_613_3": 21.147335052490234, 
    "F_706_3": 21.115938186645508, 
    "F_923_3": 20.944246292114258, 
    "F_458_3": 21.01499366760254, 
    "F_768_3": 21.06340217590332, 
    "Z": 2.0123231410980225, 
    "F_799_3": 21.053197860717773, 
    "F_427_3": 21.1145076751709, 
    "F_489_3": 21.147706985473633, 
    "F_954_3": 20.902185440063477, 
    "F_830_3": 20.834718704223633, 
    "F_582_3": 21.052661895751953, 
    "F_520_3": 21.186830520629883, 
    "F_892_3": 21.007461547851562
}