{
    "F_644_3": 19.675739288330078, 
    "F_551_3": 19.6369571685791, 
    "F_861_3": 19.287099838256836, 
    "id": "spec-0541-51959-0538-QSOs-201", 
    "F_675_3": 19.694257736206055, 
    "F_737_3": 19.492765426635742, 
    "F_396_3": 20.211292266845703, 
    "F_365_3": 19.95842170715332, 
    "F_613_3": 19.631500244140625, 
    "F_706_3": 19.515703201293945, 
    "F_923_3": 19.509675979614258, 
    "F_458_3": 19.766067504882812, 
    "F_768_3": 19.483980178833008, 
    "Z": 2.0116751194000244, 
    "F_799_3": 19.53270721435547, 
    "F_427_3": 20.054548263549805, 
    "F_489_3": 19.81850814819336, 
    "F_954_3": Infinity, 
    "F_830_3": 19.30302619934082, 
    "F_582_3": 19.50226402282715, 
    "F_520_3": 19.759647369384766, 
    "F_892_3": 19.495214462280273
}