{
    "F_644_3": 20.398019790649414, 
    "F_551_3": 19.915918350219727, 
    "F_861_3": 20.338539123535156, 
    "id": "spec-4301-55810-0494-QSOs-201", 
    "F_675_3": 20.358491897583008, 
    "F_737_3": 20.554746627807617, 
    "F_396_3": 20.257322311401367, 
    "F_365_3": 19.901079177856445, 
    "F_613_3": 20.387723922729492, 
    "F_706_3": 20.533063888549805, 
    "F_923_3": 20.29633140563965, 
    "F_458_3": 20.176620483398438, 
    "F_768_3": 20.55422592163086, 
    "Z": 2.5030863285064697, 
    "F_799_3": 20.488468170166016, 
    "F_427_3": 19.41790008544922, 
    "F_489_3": 20.229001998901367, 
    "F_954_3": 19.971843719482422, 
    "F_830_3": 20.445478439331055, 
    "F_582_3": 20.278356552124023, 
    "F_520_3": 20.202646255493164, 
    "F_892_3": 20.29424476623535
}