{
    "F_644_3": 21.244739532470703, 
    "F_551_3": 20.864526748657227, 
    "F_861_3": 21.043291091918945, 
    "id": "spec-4743-55645-0136-QSOs-201", 
    "F_675_3": 21.137662887573242, 
    "F_737_3": 21.402732849121094, 
    "F_396_3": 21.054868698120117, 
    "F_365_3": 20.58575439453125, 
    "F_613_3": 21.29530143737793, 
    "F_706_3": 21.37681770324707, 
    "F_923_3": 20.95457649230957, 
    "F_458_3": 21.111398696899414, 
    "F_768_3": 21.33539581298828, 
    "Z": 2.5029282569885254, 
    "F_799_3": 21.26870346069336, 
    "F_427_3": 20.4663143157959, 
    "F_489_3": 21.121381759643555, 
    "F_954_3": 20.94362449645996, 
    "F_830_3": 21.160354614257812, 
    "F_582_3": 21.233592987060547, 
    "F_520_3": 21.16674041748047, 
    "F_892_3": 21.00712013244629
}