{
    "F_644_3": 21.16950035095215, 
    "F_551_3": 21.077550888061523, 
    "F_861_3": 20.767383575439453, 
    "id": "spec-7282-56660-0026-QSOs-201", 
    "F_675_3": 21.130165100097656, 
    "F_737_3": 20.96031951904297, 
    "F_396_3": 21.58062744140625, 
    "F_365_3": 21.319446563720703, 
    "F_613_3": 21.14358901977539, 
    "F_706_3": 21.047433853149414, 
    "F_923_3": 20.83409881591797, 
    "F_458_3": 21.11820411682129, 
    "F_768_3": 20.957656860351562, 
    "Z": 2.0111894607543945, 
    "F_799_3": 20.956327438354492, 
    "F_427_3": 21.369470596313477, 
    "F_489_3": 21.203826904296875, 
    "F_954_3": 20.65282440185547, 
    "F_830_3": 20.75037384033203, 
    "F_582_3": 21.01143455505371, 
    "F_520_3": 21.226858139038086, 
    "F_892_3": 20.727108001708984
}