{
    "F_644_3": 21.583457946777344, 
    "F_551_3": 21.231037139892578, 
    "F_861_3": 21.32720184326172, 
    "id": "spec-6495-56339-0390-QSOs-201", 
    "F_675_3": 21.452085494995117, 
    "F_737_3": 21.516576766967773, 
    "F_396_3": Infinity, 
    "F_365_3": Infinity, 
    "F_613_3": 21.695741653442383, 
    "F_706_3": 21.68158721923828, 
    "F_923_3": 21.534202575683594, 
    "F_458_3": Infinity, 
    "F_768_3": 21.48965835571289, 
    "Z": 2.500485420227051, 
    "F_799_3": 21.38577651977539, 
    "F_427_3": Infinity, 
    "F_489_3": Infinity, 
    "F_954_3": 21.37689971923828, 
    "F_830_3": 21.38640594482422, 
    "F_582_3": 21.557355880737305, 
    "F_520_3": 21.727691650390625, 
    "F_892_3": 21.273874282836914
}