{
    "F_644_3": 21.10783576965332, 
    "F_551_3": 20.972042083740234, 
    "F_861_3": 20.742956161499023, 
    "id": "spec-6666-56371-0558-QSOs-201", 
    "F_675_3": 21.205530166625977, 
    "F_737_3": 21.135684967041016, 
    "F_396_3": 20.62379264831543, 
    "F_365_3": 20.272066116333008, 
    "F_613_3": 20.997682571411133, 
    "F_706_3": 21.133899688720703, 
    "F_923_3": 21.124801635742188, 
    "F_458_3": 20.87238121032715, 
    "F_768_3": 21.029977798461914, 
    "Z": 2.0900046825408936, 
    "F_799_3": 21.058305740356445, 
    "F_427_3": 20.817562103271484, 
    "F_489_3": 20.549514770507812, 
    "F_954_3": 21.171350479125977, 
    "F_830_3": 21.102670669555664, 
    "F_582_3": 20.755130767822266, 
    "F_520_3": 20.914779663085938, 
    "F_892_3": 21.043441772460938
}