{
    "F_644_3": 19.887741088867188, 
    "F_551_3": 20.394901275634766, 
    "F_861_3": 19.284683227539062, 
    "id": "spec-5158-55913-0156-QSOs-201", 
    "F_675_3": 19.785022735595703, 
    "F_737_3": 19.492504119873047, 
    "F_396_3": 21.511293411254883, 
    "F_365_3": 21.172725677490234, 
    "F_613_3": 20.028921127319336, 
    "F_706_3": 19.599042892456055, 
    "F_923_3": 19.405759811401367, 
    "F_458_3": 21.281038284301758, 
    "F_768_3": 19.428424835205078, 
    "Z": 2.010146141052246, 
    "F_799_3": 19.450960159301758, 
    "F_427_3": 21.2730770111084, 
    "F_489_3": 20.81405258178711, 
    "F_954_3": 19.33328628540039, 
    "F_830_3": 19.264448165893555, 
    "F_582_3": 20.166553497314453, 
    "F_520_3": 20.561742782592773, 
    "F_892_3": 19.353254318237305
}