{
    "F_644_3": 20.64400291442871, 
    "F_551_3": 20.646907806396484, 
    "F_861_3": 20.251569747924805, 
    "id": "spec-5369-56272-0786-QSOs-201", 
    "F_675_3": 20.693559646606445, 
    "F_737_3": 20.559856414794922, 
    "F_396_3": 20.459331512451172, 
    "F_365_3": 20.268720626831055, 
    "F_613_3": 20.637033462524414, 
    "F_706_3": 20.624658584594727, 
    "F_923_3": 20.360549926757812, 
    "F_458_3": 20.700172424316406, 
    "F_768_3": 20.50029754638672, 
    "Z": 2.0920469760894775, 
    "F_799_3": 20.49011993408203, 
    "F_427_3": 20.69140625, 
    "F_489_3": 20.531085968017578, 
    "F_954_3": 20.408668518066406, 
    "F_830_3": 20.51729393005371, 
    "F_582_3": 20.46613883972168, 
    "F_520_3": 20.65859603881836, 
    "F_892_3": 20.375722885131836
}