{
    "F_644_3": 20.200950622558594, 
    "F_551_3": 19.936704635620117, 
    "F_861_3": 19.93817710876465, 
    "id": "spec-5872-56027-0684-QSOs-201", 
    "F_675_3": 20.087322235107422, 
    "F_737_3": 20.18025016784668, 
    "F_396_3": 20.773822784423828, 
    "F_365_3": 20.51691436767578, 
    "F_613_3": 20.254467010498047, 
    "F_706_3": 20.23397445678711, 
    "F_923_3": 19.87673568725586, 
    "F_458_3": 20.415138244628906, 
    "F_768_3": 20.180776596069336, 
    "Z": 2.5011560916900635, 
    "F_799_3": 20.062469482421875, 
    "F_427_3": 19.749229431152344, 
    "F_489_3": 20.356365203857422, 
    "F_954_3": 19.77959632873535, 
    "F_830_3": 20.000591278076172, 
    "F_582_3": 20.20471954345703, 
    "F_520_3": 20.291839599609375, 
    "F_892_3": 19.88402557373047
}