{
    "F_644_3": 19.662296295166016, 
    "F_551_3": 19.70997428894043, 
    "F_861_3": 19.245100021362305, 
    "id": "spec-6469-56328-0599-QSOs-201", 
    "F_675_3": 19.634004592895508, 
    "F_737_3": 19.46851348876953, 
    "F_396_3": 19.926084518432617, 
    "F_365_3": 19.497941970825195, 
    "F_613_3": 19.65934181213379, 
    "F_706_3": 19.53114128112793, 
    "F_923_3": 19.308500289916992, 
    "F_458_3": 19.656986236572266, 
    "F_768_3": 19.441247940063477, 
    "Z": 2.014021158218384, 
    "F_799_3": 19.415651321411133, 
    "F_427_3": 19.902328491210938, 
    "F_489_3": 19.721607208251953, 
    "F_954_3": 19.26937484741211, 
    "F_830_3": 19.22174072265625, 
    "F_582_3": 19.569515228271484, 
    "F_520_3": 19.77532386779785, 
    "F_892_3": 19.3017578125
}