{
    "F_644_3": 23.139602661132812, 
    "F_551_3": 23.16177749633789, 
    "F_861_3": 22.50031089782715, 
    "id": "spec-6591-56535-0301-QSOs-201", 
    "F_675_3": 23.141983032226562, 
    "F_737_3": 22.821353912353516, 
    "F_396_3": 23.173566818237305, 
    "F_365_3": 22.31942367553711, 
    "F_613_3": 23.085329055786133, 
    "F_706_3": 22.93301773071289, 
    "F_923_3": 22.44883918762207, 
    "F_458_3": 23.135574340820312, 
    "F_768_3": 22.74361801147461, 
    "Z": 2.0106072425842285, 
    "F_799_3": 22.798612594604492, 
    "F_427_3": 23.35858154296875, 
    "F_489_3": 23.322025299072266, 
    "F_954_3": 21.81279945373535, 
    "F_830_3": 22.502466201782227, 
    "F_582_3": 22.915876388549805, 
    "F_520_3": 23.42953109741211, 
    "F_892_3": 22.539146423339844
}