{
    "F_644_3": 19.61348533630371, 
    "F_551_3": 19.569639205932617, 
    "F_861_3": 19.238101959228516, 
    "id": "spec-3941-55321-0690-QSOs-201", 
    "F_675_3": 19.61259651184082, 
    "F_737_3": 19.463653564453125, 
    "F_396_3": 20.056259155273438, 
    "F_365_3": 19.903228759765625, 
    "F_613_3": 19.581626892089844, 
    "F_706_3": 19.50462532043457, 
    "F_923_3": 19.31356430053711, 
    "F_458_3": 19.724618911743164, 
    "F_768_3": 19.43472671508789, 
    "Z": 2.010347366333008, 
    "F_799_3": 19.39470863342285, 
    "F_427_3": 19.913482666015625, 
    "F_489_3": 19.706363677978516, 
    "F_954_3": 19.157377243041992, 
    "F_830_3": 19.163484573364258, 
    "F_582_3": 19.481849670410156, 
    "F_520_3": 19.696182250976562, 
    "F_892_3": 19.262487411499023
}