{
    "F_644_3": 21.98807144165039, 
    "F_551_3": 21.609010696411133, 
    "F_861_3": 22.172042846679688, 
    "id": "spec-3862-55276-0400-QSOs-201", 
    "F_675_3": 21.91303062438965, 
    "F_737_3": 22.216394424438477, 
    "F_396_3": 22.248146057128906, 
    "F_365_3": 21.641700744628906, 
    "F_613_3": 21.94418716430664, 
    "F_706_3": 22.152809143066406, 
    "F_923_3": 21.929508209228516, 
    "F_458_3": 22.226573944091797, 
    "F_768_3": 22.18221092224121, 
    "Z": 2.5029397010803223, 
    "F_799_3": 22.21075439453125, 
    "F_427_3": 21.51807403564453, 
    "F_489_3": 22.186124801635742, 
    "F_954_3": Infinity, 
    "F_830_3": 22.175193786621094, 
    "F_582_3": 21.930124282836914, 
    "F_520_3": 22.10157585144043, 
    "F_892_3": 22.209705352783203
}