{
    "F_644_3": 19.597518920898438, 
    "F_551_3": 19.645767211914062, 
    "F_861_3": 19.1224422454834, 
    "id": "spec-0366-52017-0258-QSOs-201", 
    "F_675_3": 19.551340103149414, 
    "F_737_3": 19.347179412841797, 
    "F_396_3": 19.939668655395508, 
    "F_365_3": 19.94330406188965, 
    "F_613_3": 19.632089614868164, 
    "F_706_3": 19.430133819580078, 
    "F_923_3": 19.201749801635742, 
    "F_458_3": 19.37558937072754, 
    "F_768_3": 19.311017990112305, 
    "Z": 2.015839099884033, 
    "F_799_3": 19.327096939086914, 
    "F_427_3": 19.847270965576172, 
    "F_489_3": 19.543376922607422, 
    "F_954_3": Infinity, 
    "F_830_3": 19.11859703063965, 
    "F_582_3": 19.53118324279785, 
    "F_520_3": 19.70426368713379, 
    "F_892_3": 19.19014549255371
}