{
    "F_644_3": 21.30928611755371, 
    "F_551_3": 21.290321350097656, 
    "F_861_3": 20.80523109436035, 
    "id": "spec-6682-56390-0926-QSOs-201", 
    "F_675_3": 21.334367752075195, 
    "F_737_3": 21.106908798217773, 
    "F_396_3": 21.52294921875, 
    "F_365_3": 20.72488784790039, 
    "F_613_3": 21.245969772338867, 
    "F_706_3": 21.174596786499023, 
    "F_923_3": 21.14556884765625, 
    "F_458_3": 21.210416793823242, 
    "F_768_3": 21.08912467956543, 
    "Z": 2.0132665634155273, 
    "F_799_3": 21.104413986206055, 
    "F_427_3": 21.55509376525879, 
    "F_489_3": 21.333843231201172, 
    "F_954_3": 20.980907440185547, 
    "F_830_3": 20.831514358520508, 
    "F_582_3": 21.04264259338379, 
    "F_520_3": 21.3743953704834, 
    "F_892_3": 20.958633422851562
}