{
    "F_644_3": 21.31308364868164, 
    "F_551_3": 21.001079559326172, 
    "F_861_3": 21.214651107788086, 
    "id": "spec-4462-55600-0626-QSOs-201", 
    "F_675_3": 21.226594924926758, 
    "F_737_3": 21.362308502197266, 
    "F_396_3": 21.23989486694336, 
    "F_365_3": 21.01361846923828, 
    "F_613_3": 21.19172477722168, 
    "F_706_3": 21.403383255004883, 
    "F_923_3": 21.37716293334961, 
    "F_458_3": 21.165857315063477, 
    "F_768_3": 21.367998123168945, 
    "Z": 2.503404378890991, 
    "F_799_3": 21.34957504272461, 
    "F_427_3": 20.79814338684082, 
    "F_489_3": 21.101829528808594, 
    "F_954_3": 21.159513473510742, 
    "F_830_3": 21.31773567199707, 
    "F_582_3": 21.11971092224121, 
    "F_520_3": 21.104455947875977, 
    "F_892_3": 21.200740814208984
}