{
    "F_644_3": 20.33138084411621, 
    "F_551_3": 20.475341796875, 
    "F_861_3": 19.720428466796875, 
    "id": "spec-0471-51924-0418-QSOs-201", 
    "F_675_3": 20.35237693786621, 
    "F_737_3": 19.96892547607422, 
    "F_396_3": 20.871082305908203, 
    "F_365_3": 20.68478012084961, 
    "F_613_3": 20.5314998626709, 
    "F_706_3": 20.1815128326416, 
    "F_923_3": 19.971588134765625, 
    "F_458_3": 20.344511032104492, 
    "F_768_3": 19.90290641784668, 
    "Z": 2.0129311084747314, 
    "F_799_3": 19.869428634643555, 
    "F_427_3": 20.887971878051758, 
    "F_489_3": 20.681713104248047, 
    "F_954_3": Infinity, 
    "F_830_3": 19.637571334838867, 
    "F_582_3": 20.26949691772461, 
    "F_520_3": 20.72601890563965, 
    "F_892_3": 19.771595001220703
}