{
    "F_644_3": 21.422800064086914, 
    "F_551_3": 21.207260131835938, 
    "F_861_3": 20.943843841552734, 
    "id": "spec-3682-55244-0490-QSOs-201", 
    "F_675_3": 21.376800537109375, 
    "F_737_3": 21.195219039916992, 
    "F_396_3": 21.613021850585938, 
    "F_365_3": 21.148752212524414, 
    "F_613_3": 21.383146286010742, 
    "F_706_3": 21.257762908935547, 
    "F_923_3": 21.16225814819336, 
    "F_458_3": 21.255746841430664, 
    "F_768_3": 21.20284652709961, 
    "Z": 2.011428117752075, 
    "F_799_3": 21.1997013092041, 
    "F_427_3": 21.60755157470703, 
    "F_489_3": 21.48809242248535, 
    "F_954_3": 21.045507431030273, 
    "F_830_3": 20.88151741027832, 
    "F_582_3": 21.148426055908203, 
    "F_520_3": 21.56512451171875, 
    "F_892_3": 21.103601455688477
}