{
    "F_644_3": 18.720504760742188, 
    "F_551_3": 18.721094131469727, 
    "F_861_3": 18.291934967041016, 
    "id": "spec-0558-52317-0163-QSOs-201", 
    "F_675_3": 18.721513748168945, 
    "F_737_3": 18.564088821411133, 
    "F_396_3": 18.420639038085938, 
    "F_365_3": 17.93449592590332, 
    "F_613_3": 18.72964859008789, 
    "F_706_3": 18.64716339111328, 
    "F_923_3": 18.373319625854492, 
    "F_458_3": 18.676923751831055, 
    "F_768_3": 18.501628875732422, 
    "Z": 2.0914182662963867, 
    "F_799_3": 18.49428939819336, 
    "F_427_3": 18.62755012512207, 
    "F_489_3": 18.43610954284668, 
    "F_954_3": Infinity, 
    "F_830_3": 18.47614097595215, 
    "F_582_3": 18.615697860717773, 
    "F_520_3": 18.68540382385254, 
    "F_892_3": 18.394145965576172
}