{
    "F_644_3": 20.334266662597656, 
    "F_551_3": 19.979448318481445, 
    "F_861_3": 20.135250091552734, 
    "id": "spec-4609-56251-0274-QSOs-201", 
    "F_675_3": 20.2943172454834, 
    "F_737_3": 20.43060302734375, 
    "F_396_3": 20.471832275390625, 
    "F_365_3": 20.54505157470703, 
    "F_613_3": 20.421710968017578, 
    "F_706_3": 20.50132179260254, 
    "F_923_3": 20.105674743652344, 
    "F_458_3": 20.312519073486328, 
    "F_768_3": 20.35624885559082, 
    "Z": 2.5034713745117188, 
    "F_799_3": 20.24164390563965, 
    "F_427_3": 19.50525665283203, 
    "F_489_3": 20.320213317871094, 
    "F_954_3": 19.73649787902832, 
    "F_830_3": 20.156970977783203, 
    "F_582_3": 20.320018768310547, 
    "F_520_3": 20.265361785888672, 
    "F_892_3": 20.02678680419922
}