{
    "F_644_3": 22.22276496887207, 
    "F_551_3": 22.367441177368164, 
    "F_861_3": Infinity, 
    "id": "spec-5120-55895-0100-QSOs-201", 
    "F_675_3": 22.197778701782227, 
    "F_737_3": 22.12342643737793, 
    "F_396_3": 22.161773681640625, 
    "F_365_3": 20.973979949951172, 
    "F_613_3": 22.213342666625977, 
    "F_706_3": 22.030038833618164, 
    "F_923_3": Infinity, 
    "F_458_3": 21.858680725097656, 
    "F_768_3": 22.089859008789062, 
    "Z": 2.0142908096313477, 
    "F_799_3": 22.206785202026367, 
    "F_427_3": 22.400344848632812, 
    "F_489_3": 22.24479103088379, 
    "F_954_3": Infinity, 
    "F_830_3": 21.91629409790039, 
    "F_582_3": 22.11936378479004, 
    "F_520_3": 22.57794761657715, 
    "F_892_3": Infinity
}