{
    "F_644_3": 21.54030418395996, 
    "F_551_3": 21.586252212524414, 
    "F_861_3": 20.97049331665039, 
    "id": "spec-7378-56715-0213-QSOs-201", 
    "F_675_3": 21.527263641357422, 
    "F_737_3": 21.291370391845703, 
    "F_396_3": 21.73848533630371, 
    "F_365_3": 21.102270126342773, 
    "F_613_3": 21.595813751220703, 
    "F_706_3": 21.42412757873535, 
    "F_923_3": 21.017601013183594, 
    "F_458_3": 21.37306022644043, 
    "F_768_3": 21.274398803710938, 
    "Z": 2.0107288360595703, 
    "F_799_3": 21.224925994873047, 
    "F_427_3": 21.786598205566406, 
    "F_489_3": 21.558095932006836, 
    "F_954_3": 20.84705924987793, 
    "F_830_3": 21.023229598999023, 
    "F_582_3": 21.473112106323242, 
    "F_520_3": 21.644498825073242, 
    "F_892_3": 21.064401626586914
}