{
    "F_644_3": 20.63814353942871, 
    "F_551_3": 20.482725143432617, 
    "F_861_3": 20.44451332092285, 
    "id": "spec-3755-55504-0298-QSOs-201", 
    "F_675_3": 20.570417404174805, 
    "F_737_3": 20.716861724853516, 
    "F_396_3": 21.283740997314453, 
    "F_365_3": 20.967214584350586, 
    "F_613_3": 20.79126739501953, 
    "F_706_3": 20.785045623779297, 
    "F_923_3": 20.402494430541992, 
    "F_458_3": 21.01230239868164, 
    "F_768_3": 20.67905044555664, 
    "Z": 2.501674175262451, 
    "F_799_3": 20.581697463989258, 
    "F_427_3": 20.41340446472168, 
    "F_489_3": 21.034284591674805, 
    "F_954_3": 20.28913116455078, 
    "F_830_3": 20.54637336730957, 
    "F_582_3": 20.808277130126953, 
    "F_520_3": 20.93437385559082, 
    "F_892_3": 20.4071102142334
}