{
    "F_644_3": 21.274553298950195, 
    "F_551_3": 21.004514694213867, 
    "F_861_3": 20.982070922851562, 
    "id": "spec-6981-56443-0880-QSOs-201", 
    "F_675_3": 21.353195190429688, 
    "F_737_3": 21.13484764099121, 
    "F_396_3": 20.965190887451172, 
    "F_365_3": 20.2498779296875, 
    "F_613_3": 21.122499465942383, 
    "F_706_3": 21.260305404663086, 
    "F_923_3": 21.207441329956055, 
    "F_458_3": 20.934240341186523, 
    "F_768_3": 21.140213012695312, 
    "Z": 2.014047622680664, 
    "F_799_3": 21.246898651123047, 
    "F_427_3": 21.050203323364258, 
    "F_489_3": 21.019275665283203, 
    "F_954_3": 21.156511306762695, 
    "F_830_3": 20.984359741210938, 
    "F_582_3": 20.937152862548828, 
    "F_520_3": 21.095069885253906, 
    "F_892_3": 21.25223731994629
}