{
    "F_644_3": 20.117515563964844, 
    "F_551_3": 20.153165817260742, 
    "F_861_3": 19.643146514892578, 
    "id": "spec-1203-52669-0081-QSOs-201", 
    "F_675_3": 20.089397430419922, 
    "F_737_3": 19.862428665161133, 
    "F_396_3": 20.352937698364258, 
    "F_365_3": 20.009077072143555, 
    "F_613_3": 20.11286735534668, 
    "F_706_3": 19.948081970214844, 
    "F_923_3": 19.765974044799805, 
    "F_458_3": 20.039960861206055, 
    "F_768_3": 19.914323806762695, 
    "Z": 2.0116188526153564, 
    "F_799_3": 19.8789119720459, 
    "F_427_3": 20.275833129882812, 
    "F_489_3": 20.1622314453125, 
    "F_954_3": Infinity, 
    "F_830_3": 19.629674911499023, 
    "F_582_3": 19.961488723754883, 
    "F_520_3": 20.205705642700195, 
    "F_892_3": 19.73457908630371
}