{
    "F_644_3": 20.109962463378906, 
    "F_551_3": 20.206022262573242, 
    "F_861_3": Infinity, 
    "id": "spec-5416-56002-0534-QSOs-201", 
    "F_675_3": 20.01715087890625, 
    "F_737_3": 19.699607849121094, 
    "F_396_3": 20.415632247924805, 
    "F_365_3": 19.298873901367188, 
    "F_613_3": 20.192867279052734, 
    "F_706_3": 19.843076705932617, 
    "F_923_3": 19.57805061340332, 
    "F_458_3": 19.859338760375977, 
    "F_768_3": 19.6682071685791, 
    "Z": 2.0130703449249268, 
    "F_799_3": Infinity, 
    "F_427_3": 20.372711181640625, 
    "F_489_3": 20.135303497314453, 
    "F_954_3": 19.49152374267578, 
    "F_830_3": Infinity, 
    "F_582_3": 20.008283615112305, 
    "F_520_3": 20.30451774597168, 
    "F_892_3": Infinity
}