{
    "F_644_3": 19.329633712768555, 
    "F_551_3": 19.357572555541992, 
    "F_861_3": 18.8386287689209, 
    "id": "spec-1692-53473-0113-QSOs-201", 
    "F_675_3": 19.29706382751465, 
    "F_737_3": 19.098798751831055, 
    "F_396_3": 19.841400146484375, 
    "F_365_3": 19.843036651611328, 
    "F_613_3": 19.328676223754883, 
    "F_706_3": 19.16631317138672, 
    "F_923_3": 18.890718460083008, 
    "F_458_3": 19.455259323120117, 
    "F_768_3": 19.094650268554688, 
    "Z": 2.013451099395752, 
    "F_799_3": 19.063161849975586, 
    "F_427_3": 19.69614028930664, 
    "F_489_3": 19.490386962890625, 
    "F_954_3": Infinity, 
    "F_830_3": 18.924034118652344, 
    "F_582_3": 19.203149795532227, 
    "F_520_3": 19.451719284057617, 
    "F_892_3": 18.926729202270508
}