{
    "F_644_3": 20.61400604248047, 
    "F_551_3": 20.458044052124023, 
    "F_861_3": 20.508031845092773, 
    "id": "spec-3942-55338-0028-QSOs-201", 
    "F_675_3": 20.530500411987305, 
    "F_737_3": 20.69847297668457, 
    "F_396_3": 21.134658813476562, 
    "F_365_3": 20.918195724487305, 
    "F_613_3": 20.708284378051758, 
    "F_706_3": 20.66040802001953, 
    "F_923_3": 20.51075553894043, 
    "F_458_3": 20.781673431396484, 
    "F_768_3": 20.642141342163086, 
    "Z": 2.5016655921936035, 
    "F_799_3": 20.559038162231445, 
    "F_427_3": 20.399768829345703, 
    "F_489_3": 20.715803146362305, 
    "F_954_3": 20.242307662963867, 
    "F_830_3": 20.522411346435547, 
    "F_582_3": 20.68276596069336, 
    "F_520_3": 20.654897689819336, 
    "F_892_3": 20.442623138427734
}