{
    "F_644_3": 19.28219985961914, 
    "F_551_3": 19.230480194091797, 
    "F_861_3": 18.891006469726562, 
    "id": "spec-6700-56384-0562-QSOs-201", 
    "F_675_3": 19.254764556884766, 
    "F_737_3": 19.08481216430664, 
    "F_396_3": 19.102645874023438, 
    "F_365_3": 18.29171371459961, 
    "F_613_3": 19.282773971557617, 
    "F_706_3": 19.146350860595703, 
    "F_923_3": 19.096675872802734, 
    "F_458_3": 18.98931312561035, 
    "F_768_3": 19.080455780029297, 
    "Z": 2.010207414627075, 
    "F_799_3": 19.10738182067871, 
    "F_427_3": 19.163171768188477, 
    "F_489_3": 19.1981201171875, 
    "F_954_3": 19.075336456298828, 
    "F_830_3": 18.9283447265625, 
    "F_582_3": 19.042720794677734, 
    "F_520_3": 19.283605575561523, 
    "F_892_3": 19.014738082885742
}