{
    "F_644_3": 18.58686065673828, 
    "F_551_3": 18.817832946777344, 
    "F_861_3": 17.79717445373535, 
    "id": "spec-1172-52759-0008-QSOs-201", 
    "F_675_3": 18.475753784179688, 
    "F_737_3": 18.186952590942383, 
    "F_396_3": 19.5606689453125, 
    "F_365_3": 19.26247215270996, 
    "F_613_3": 18.67975616455078, 
    "F_706_3": 18.317277908325195, 
    "F_923_3": 17.94656753540039, 
    "F_458_3": 19.16806411743164, 
    "F_768_3": 18.103059768676758, 
    "Z": 2.0109546184539795, 
    "F_799_3": 18.04541015625, 
    "F_427_3": 19.45838165283203, 
    "F_489_3": 19.046844482421875, 
    "F_954_3": Infinity, 
    "F_830_3": 17.835573196411133, 
    "F_582_3": 18.622175216674805, 
    "F_520_3": 19.013872146606445, 
    "F_892_3": 17.895835876464844
}