{
    "F_644_3": 21.824329376220703, 
    "F_551_3": 21.314884185791016, 
    "F_861_3": 21.733896255493164, 
    "id": "spec-6675-56415-0543-QSOs-201", 
    "F_675_3": 21.91802215576172, 
    "F_737_3": 21.793628692626953, 
    "F_396_3": 21.829160690307617, 
    "F_365_3": 21.39649772644043, 
    "F_613_3": 21.589563369750977, 
    "F_706_3": 21.783279418945312, 
    "F_923_3": 22.196605682373047, 
    "F_458_3": 21.274629592895508, 
    "F_768_3": 21.823026657104492, 
    "Z": 2.0126097202301025, 
    "F_799_3": 22.05474281311035, 
    "F_427_3": 21.696392059326172, 
    "F_489_3": 21.528926849365234, 
    "F_954_3": 22.325971603393555, 
    "F_830_3": 21.760540008544922, 
    "F_582_3": 21.156131744384766, 
    "F_520_3": 21.602182388305664, 
    "F_892_3": 22.04457664489746
}