{
    "F_644_3": 21.260168075561523, 
    "F_551_3": 21.1965274810791, 
    "F_861_3": 20.832477569580078, 
    "id": "spec-5864-56047-0352-QSOs-201", 
    "F_675_3": 21.308530807495117, 
    "F_737_3": 21.077360153198242, 
    "F_396_3": 21.52167510986328, 
    "F_365_3": 20.905248641967773, 
    "F_613_3": 21.169906616210938, 
    "F_706_3": 21.1418514251709, 
    "F_923_3": 20.931396484375, 
    "F_458_3": 21.310993194580078, 
    "F_768_3": 21.033750534057617, 
    "Z": 2.0107877254486084, 
    "F_799_3": 21.030677795410156, 
    "F_427_3": 21.496652603149414, 
    "F_489_3": 21.368370056152344, 
    "F_954_3": 20.68478012084961, 
    "F_830_3": 20.84929656982422, 
    "F_582_3": 21.126686096191406, 
    "F_520_3": 21.274784088134766, 
    "F_892_3": 20.86198616027832
}