{
    "F_644_3": 20.351543426513672, 
    "F_551_3": 20.281755447387695, 
    "F_861_3": 19.885498046875, 
    "id": "spec-0710-52203-0469-QSOs-201", 
    "F_675_3": 20.323781967163086, 
    "F_737_3": 20.13121795654297, 
    "F_396_3": 20.70298957824707, 
    "F_365_3": 20.535411834716797, 
    "F_613_3": 20.34375, 
    "F_706_3": 20.18122100830078, 
    "F_923_3": 19.96022605895996, 
    "F_458_3": 20.360166549682617, 
    "F_768_3": 20.11211585998535, 
    "Z": 2.0106313228607178, 
    "F_799_3": 20.057266235351562, 
    "F_427_3": 20.69042205810547, 
    "F_489_3": 20.408559799194336, 
    "F_954_3": Infinity, 
    "F_830_3": 19.805130004882812, 
    "F_582_3": 20.19786262512207, 
    "F_520_3": 20.45794105529785, 
    "F_892_3": 19.870962142944336
}