{
    "F_644_3": 20.66033172607422, 
    "F_551_3": 21.046762466430664, 
    "F_861_3": 19.8469295501709, 
    "id": "spec-6494-56363-0213-QSOs-201", 
    "F_675_3": 20.611154556274414, 
    "F_737_3": 20.29032325744629, 
    "F_396_3": 21.507301330566406, 
    "F_365_3": 20.912105560302734, 
    "F_613_3": 20.815683364868164, 
    "F_706_3": 20.352994918823242, 
    "F_923_3": 19.908639907836914, 
    "F_458_3": 21.288959503173828, 
    "F_768_3": 20.153064727783203, 
    "Z": 2.013181209564209, 
    "F_799_3": 20.145782470703125, 
    "F_427_3": 21.426639556884766, 
    "F_489_3": 21.10017967224121, 
    "F_954_3": 19.78412437438965, 
    "F_830_3": 19.91486167907715, 
    "F_582_3": 20.880037307739258, 
    "F_520_3": 21.096982955932617, 
    "F_892_3": 19.89777183532715
}