{
    "F_644_3": 19.747020721435547, 
    "F_551_3": 19.906219482421875, 
    "F_861_3": 19.23040008544922, 
    "id": "spec-0362-51999-0358-QSOs-201", 
    "F_675_3": 19.65030860900879, 
    "F_737_3": 19.45686912536621, 
    "F_396_3": 20.164335250854492, 
    "F_365_3": 20.0590877532959, 
    "F_613_3": 19.753376007080078, 
    "F_706_3": 19.553421020507812, 
    "F_923_3": 19.453367233276367, 
    "F_458_3": 19.788066864013672, 
    "F_768_3": 19.43702507019043, 
    "Z": 2.019364356994629, 
    "F_799_3": 19.42399024963379, 
    "F_427_3": 20.142650604248047, 
    "F_489_3": 19.89812469482422, 
    "F_954_3": Infinity, 
    "F_830_3": 19.35384178161621, 
    "F_582_3": 19.6246395111084, 
    "F_520_3": 19.980283737182617, 
    "F_892_3": 19.31731414794922
}