{
    "F_644_3": 19.0472469329834, 
    "F_551_3": 19.02487564086914, 
    "F_861_3": 18.57834815979004, 
    "id": "spec-4979-56045-0020-QSOs-201", 
    "F_675_3": 19.03084945678711, 
    "F_737_3": 18.850719451904297, 
    "F_396_3": 19.643877029418945, 
    "F_365_3": 19.395360946655273, 
    "F_613_3": 19.098108291625977, 
    "F_706_3": 18.922033309936523, 
    "F_923_3": 18.824220657348633, 
    "F_458_3": 19.09412956237793, 
    "F_768_3": 18.824766159057617, 
    "Z": 2.0122923851013184, 
    "F_799_3": 18.821889877319336, 
    "F_427_3": 19.456771850585938, 
    "F_489_3": 19.122407913208008, 
    "F_954_3": 18.730602264404297, 
    "F_830_3": 18.57785415649414, 
    "F_582_3": 18.945343017578125, 
    "F_520_3": 19.205127716064453, 
    "F_892_3": 18.706933975219727
}