{
    "F_644_3": 19.704248428344727, 
    "F_551_3": 19.731571197509766, 
    "F_861_3": 19.22007179260254, 
    "id": "spec-4647-55621-0232-QSOs-201", 
    "F_675_3": 19.691946029663086, 
    "F_737_3": 19.462217330932617, 
    "F_396_3": 19.9959716796875, 
    "F_365_3": 19.549875259399414, 
    "F_613_3": 19.721431732177734, 
    "F_706_3": 19.557151794433594, 
    "F_923_3": 19.32278060913086, 
    "F_458_3": 19.73311424255371, 
    "F_768_3": 19.456680297851562, 
    "Z": 2.012087821960449, 
    "F_799_3": 19.4262752532959, 
    "F_427_3": 19.94693374633789, 
    "F_489_3": 19.79708480834961, 
    "F_954_3": 19.232433319091797, 
    "F_830_3": 19.27334976196289, 
    "F_582_3": 19.569366455078125, 
    "F_520_3": 19.823444366455078, 
    "F_892_3": 19.27421760559082
}