{
    "F_644_3": 18.754283905029297, 
    "F_551_3": 18.75151824951172, 
    "F_861_3": 18.334651947021484, 
    "id": "spec-1567-53172-0041-QSOs-201", 
    "F_675_3": 18.737062454223633, 
    "F_737_3": 18.545225143432617, 
    "F_396_3": 19.065330505371094, 
    "F_365_3": 19.100502014160156, 
    "F_613_3": 18.7415771484375, 
    "F_706_3": 18.638355255126953, 
    "F_923_3": 18.584627151489258, 
    "F_458_3": 18.696609497070312, 
    "F_768_3": 18.541950225830078, 
    "Z": 2.0114548206329346, 
    "F_799_3": 18.541967391967773, 
    "F_427_3": 18.95295524597168, 
    "F_489_3": 18.794279098510742, 
    "F_954_3": Infinity, 
    "F_830_3": 18.35166358947754, 
    "F_582_3": 18.59135627746582, 
    "F_520_3": 18.83607292175293, 
    "F_892_3": 18.46026611328125
}