{
    "F_644_3": 18.714855194091797, 
    "F_551_3": 18.78034782409668, 
    "F_861_3": 18.210628509521484, 
    "id": "spec-0465-51910-0391-QSOs-201", 
    "F_675_3": 18.657852172851562, 
    "F_737_3": 18.466276168823242, 
    "F_396_3": 18.938488006591797, 
    "F_365_3": 18.833219528198242, 
    "F_613_3": 18.755704879760742, 
    "F_706_3": 18.54852867126465, 
    "F_923_3": 18.403413772583008, 
    "F_458_3": 18.63382911682129, 
    "F_768_3": 18.420534133911133, 
    "Z": 2.0220823287963867, 
    "F_799_3": 18.40978240966797, 
    "F_427_3": 18.91362190246582, 
    "F_489_3": 18.77778434753418, 
    "F_954_3": Infinity, 
    "F_830_3": 18.275413513183594, 
    "F_582_3": 18.647523880004883, 
    "F_520_3": 18.842321395874023, 
    "F_892_3": 18.290565490722656
}