{
    "F_644_3": 21.26075553894043, 
    "F_551_3": 20.980545043945312, 
    "F_861_3": 20.932275772094727, 
    "id": "spec-4229-55501-0522-QSOs-201", 
    "F_675_3": 21.19317054748535, 
    "F_737_3": 21.11534309387207, 
    "F_396_3": 22.102611541748047, 
    "F_365_3": 21.67273712158203, 
    "F_613_3": 21.244083404541016, 
    "F_706_3": 21.298870086669922, 
    "F_923_3": 20.92737579345703, 
    "F_458_3": 21.698591232299805, 
    "F_768_3": 21.137744903564453, 
    "Z": 2.501047134399414, 
    "F_799_3": 21.01060676574707, 
    "F_427_3": 21.131250381469727, 
    "F_489_3": 21.605539321899414, 
    "F_954_3": 20.723567962646484, 
    "F_830_3": 20.984291076660156, 
    "F_582_3": 21.273874282836914, 
    "F_520_3": 21.465415954589844, 
    "F_892_3": 20.823076248168945
}