{
    "F_644_3": 20.3907470703125, 
    "F_551_3": 20.36534881591797, 
    "F_861_3": 20.003583908081055, 
    "id": "spec-6630-56358-0878-QSOs-201", 
    "F_675_3": 20.424537658691406, 
    "F_737_3": 20.287216186523438, 
    "F_396_3": 20.6002197265625, 
    "F_365_3": 20.012046813964844, 
    "F_613_3": 20.35557746887207, 
    "F_706_3": 20.295557022094727, 
    "F_923_3": 20.22562026977539, 
    "F_458_3": 20.35540008544922, 
    "F_768_3": 20.232519149780273, 
    "Z": 2.01375675201416, 
    "F_799_3": 20.251184463500977, 
    "F_427_3": 20.585628509521484, 
    "F_489_3": 20.423757553100586, 
    "F_954_3": 20.166975021362305, 
    "F_830_3": 20.041492462158203, 
    "F_582_3": 20.178495407104492, 
    "F_520_3": 20.44389533996582, 
    "F_892_3": 20.148759841918945
}