{
    "F_644_3": 18.683198928833008, 
    "F_551_3": 18.642507553100586, 
    "F_861_3": 18.343950271606445, 
    "id": "spec-1610-53144-0219-QSOs-201", 
    "F_675_3": 18.690406799316406, 
    "F_737_3": 18.525470733642578, 
    "F_396_3": 18.834943771362305, 
    "F_365_3": 18.68860626220703, 
    "F_613_3": 18.66995620727539, 
    "F_706_3": 18.5737361907959, 
    "F_923_3": 18.564069747924805, 
    "F_458_3": 18.653779983520508, 
    "F_768_3": 18.510229110717773, 
    "Z": 2.012993574142456, 
    "F_799_3": 18.552078247070312, 
    "F_427_3": 18.769006729125977, 
    "F_489_3": 18.717754364013672, 
    "F_954_3": Infinity, 
    "F_830_3": 18.388334274291992, 
    "F_582_3": 18.54709815979004, 
    "F_520_3": 18.726457595825195, 
    "F_892_3": 18.423906326293945
}