{
    "F_644_3": 21.709951400756836, 
    "F_551_3": 21.543752670288086, 
    "F_861_3": 20.9721736907959, 
    "id": "spec-4180-55679-0198-QSOs-201", 
    "F_675_3": 21.61899757385254, 
    "F_737_3": 21.352407455444336, 
    "F_396_3": 21.90131187438965, 
    "F_365_3": 21.147768020629883, 
    "F_613_3": 21.659582138061523, 
    "F_706_3": 21.45587158203125, 
    "F_923_3": 21.20712661743164, 
    "F_458_3": 21.533607482910156, 
    "F_768_3": 21.346891403198242, 
    "Z": 2.012939691543579, 
    "F_799_3": 21.3393611907959, 
    "F_427_3": 21.835865020751953, 
    "F_489_3": 21.70459747314453, 
    "F_954_3": 21.072532653808594, 
    "F_830_3": 20.981182098388672, 
    "F_582_3": 21.40360450744629, 
    "F_520_3": 21.74055290222168, 
    "F_892_3": 21.12128448486328
}