{
    "F_644_3": 18.981752395629883, 
    "F_551_3": 19.059167861938477, 
    "F_861_3": 18.404390335083008, 
    "id": "spec-1842-53501-0351-QSOs-201", 
    "F_675_3": 18.915027618408203, 
    "F_737_3": 18.64982795715332, 
    "F_396_3": 19.19564437866211, 
    "F_365_3": 18.99321746826172, 
    "F_613_3": 19.041057586669922, 
    "F_706_3": 18.763336181640625, 
    "F_923_3": 18.574655532836914, 
    "F_458_3": 18.69205665588379, 
    "F_768_3": 18.61729621887207, 
    "Z": 2.0174479484558105, 
    "F_799_3": 18.619918823242188, 
    "F_427_3": 19.13019371032715, 
    "F_489_3": 18.91861343383789, 
    "F_954_3": Infinity, 
    "F_830_3": 18.405670166015625, 
    "F_582_3": 18.905717849731445, 
    "F_520_3": 19.10218048095703, 
    "F_892_3": 18.452293395996094
}