{
    "F_644_3": 20.10745620727539, 
    "F_551_3": 19.845170974731445, 
    "F_861_3": 19.748151779174805, 
    "id": "spec-6809-56454-0991-QSOs-201", 
    "F_675_3": 20.125152587890625, 
    "F_737_3": 19.952301025390625, 
    "F_396_3": 20.013675689697266, 
    "F_365_3": 19.24087142944336, 
    "F_613_3": 20.025911331176758, 
    "F_706_3": 20.02161979675293, 
    "F_923_3": 20.03133201599121, 
    "F_458_3": 19.76576042175293, 
    "F_768_3": 19.974058151245117, 
    "Z": 2.010955572128296, 
    "F_799_3": 19.97054100036621, 
    "F_427_3": 20.042980194091797, 
    "F_489_3": 19.98955535888672, 
    "F_954_3": 19.76532554626465, 
    "F_830_3": 19.732765197753906, 
    "F_582_3": 19.792709350585938, 
    "F_520_3": 20.039581298828125, 
    "F_892_3": 19.869245529174805
}