{
    "F_644_3": 19.666833877563477, 
    "F_551_3": 19.777088165283203, 
    "F_861_3": 18.99610710144043, 
    "id": "spec-6046-56096-0194-QSOs-201", 
    "F_675_3": 19.58272361755371, 
    "F_737_3": 19.324655532836914, 
    "F_396_3": 19.9970760345459, 
    "F_365_3": 19.16396141052246, 
    "F_613_3": 19.717287063598633, 
    "F_706_3": 19.4173641204834, 
    "F_923_3": 19.141010284423828, 
    "F_458_3": 19.548433303833008, 
    "F_768_3": 19.274362564086914, 
    "Z": 2.0119686126708984, 
    "F_799_3": 19.268844604492188, 
    "F_427_3": 19.977678298950195, 
    "F_489_3": 19.680208206176758, 
    "F_954_3": 19.062557220458984, 
    "F_830_3": 19.026765823364258, 
    "F_582_3": 19.61857795715332, 
    "F_520_3": 19.860305786132812, 
    "F_892_3": 19.115753173828125
}