{
    "F_644_3": 19.953462600708008, 
    "F_551_3": 19.2342586517334, 
    "F_861_3": 19.901620864868164, 
    "id": "spec-4265-55505-0614-QSOs-201", 
    "F_675_3": 19.86678123474121, 
    "F_737_3": 20.02823829650879, 
    "F_396_3": 20.18663787841797, 
    "F_365_3": 19.800045013427734, 
    "F_613_3": 19.954240798950195, 
    "F_706_3": 20.071346282958984, 
    "F_923_3": 19.893234252929688, 
    "F_458_3": 19.90569305419922, 
    "F_768_3": 20.058767318725586, 
    "Z": 2.5022997856140137, 
    "F_799_3": 19.998044967651367, 
    "F_427_3": 19.048465728759766, 
    "F_489_3": 19.878252029418945, 
    "F_954_3": 19.886390686035156, 
    "F_830_3": 19.911455154418945, 
    "F_582_3": 19.71680450439453, 
    "F_520_3": 19.799516677856445, 
    "F_892_3": 19.929351806640625
}