{
    "F_644_3": 20.17121124267578, 
    "F_551_3": 20.073156356811523, 
    "F_861_3": 19.63043212890625, 
    "id": "spec-4419-55867-0535-QSOs-201", 
    "F_675_3": 20.21683692932129, 
    "F_737_3": 20.013046264648438, 
    "F_396_3": 19.995437622070312, 
    "F_365_3": 19.758708953857422, 
    "F_613_3": 20.20760726928711, 
    "F_706_3": 20.153888702392578, 
    "F_923_3": 19.785985946655273, 
    "F_458_3": 20.261608123779297, 
    "F_768_3": 19.995712280273438, 
    "Z": 2.0905988216400146, 
    "F_799_3": 19.976320266723633, 
    "F_427_3": 20.234149932861328, 
    "F_489_3": 19.960912704467773, 
    "F_954_3": Infinity, 
    "F_830_3": 19.93553924560547, 
    "F_582_3": 19.92023277282715, 
    "F_520_3": 20.153724670410156, 
    "F_892_3": 19.774276733398438
}