{
    "F_644_3": 21.481584548950195, 
    "F_551_3": 21.39010238647461, 
    "F_861_3": 21.017438888549805, 
    "id": "spec-7425-56777-0087-QSOs-201", 
    "F_675_3": 21.454776763916016, 
    "F_737_3": 21.244421005249023, 
    "F_396_3": 21.644235610961914, 
    "F_365_3": 20.7590274810791, 
    "F_613_3": 21.42453384399414, 
    "F_706_3": 21.271480560302734, 
    "F_923_3": 21.116764068603516, 
    "F_458_3": 21.363483428955078, 
    "F_768_3": 21.215484619140625, 
    "Z": 2.011942148208618, 
    "F_799_3": 21.20600700378418, 
    "F_427_3": 21.63849449157715, 
    "F_489_3": 21.56568145751953, 
    "F_954_3": 20.91684341430664, 
    "F_830_3": 20.9753360748291, 
    "F_582_3": 21.404733657836914, 
    "F_520_3": 21.638580322265625, 
    "F_892_3": 21.177263259887695
}