{
    "F_644_3": 20.010051727294922, 
    "F_551_3": 19.9635009765625, 
    "F_861_3": 19.667795181274414, 
    "id": "spec-1668-53433-0510-QSOs-201", 
    "F_675_3": 19.971712112426758, 
    "F_737_3": 19.79560661315918, 
    "F_396_3": 20.197534561157227, 
    "F_365_3": 20.15851593017578, 
    "F_613_3": 19.999479293823242, 
    "F_706_3": 19.882930755615234, 
    "F_923_3": 19.733903884887695, 
    "F_458_3": 19.86017417907715, 
    "F_768_3": 19.828195571899414, 
    "Z": 2.013556957244873, 
    "F_799_3": 19.844202041625977, 
    "F_427_3": 20.15982437133789, 
    "F_489_3": 19.960412979125977, 
    "F_954_3": Infinity, 
    "F_830_3": 19.654016494750977, 
    "F_582_3": 19.8613338470459, 
    "F_520_3": 20.066865921020508, 
    "F_892_3": 19.64812660217285
}