{
    "F_644_3": 20.139190673828125, 
    "F_551_3": 20.108800888061523, 
    "F_861_3": 19.650854110717773, 
    "id": "spec-7391-56781-0540-QSOs-201", 
    "F_675_3": 20.049076080322266, 
    "F_737_3": 19.85828399658203, 
    "F_396_3": 20.30251121520996, 
    "F_365_3": 19.077438354492188, 
    "F_613_3": 20.13271713256836, 
    "F_706_3": 19.947099685668945, 
    "F_923_3": 19.772857666015625, 
    "F_458_3": 19.846019744873047, 
    "F_768_3": 19.83794403076172, 
    "Z": 2.010765552520752, 
    "F_799_3": 19.845510482788086, 
    "F_427_3": 20.275312423706055, 
    "F_489_3": 20.083192825317383, 
    "F_954_3": 19.66901206970215, 
    "F_830_3": 19.579818725585938, 
    "F_582_3": 19.961700439453125, 
    "F_520_3": 20.171485900878906, 
    "F_892_3": 19.71120262145996
}