{
    "F_644_3": 18.539594650268555, 
    "F_551_3": 18.53415298461914, 
    "F_861_3": 18.087308883666992, 
    "id": "spec-1365-53062-0194-QSOs-201", 
    "F_675_3": 18.49585723876953, 
    "F_737_3": 18.321054458618164, 
    "F_396_3": 18.701309204101562, 
    "F_365_3": 18.55866813659668, 
    "F_613_3": 18.522550582885742, 
    "F_706_3": 18.386831283569336, 
    "F_923_3": 18.241666793823242, 
    "F_458_3": 18.479877471923828, 
    "F_768_3": 18.304668426513672, 
    "Z": 2.0110578536987305, 
    "F_799_3": 18.314212799072266, 
    "F_427_3": 18.639225006103516, 
    "F_489_3": 18.58723258972168, 
    "F_954_3": Infinity, 
    "F_830_3": 18.143985748291016, 
    "F_582_3": 18.37981605529785, 
    "F_520_3": 18.605003356933594, 
    "F_892_3": 18.124813079833984
}