{
    "F_644_3": 21.030189514160156, 
    "F_551_3": 21.083023071289062, 
    "F_861_3": 20.659082412719727, 
    "id": "spec-3987-55590-0332-QSOs-201", 
    "F_675_3": 21.000947952270508, 
    "F_737_3": 20.83432960510254, 
    "F_396_3": 21.291025161743164, 
    "F_365_3": 20.956134796142578, 
    "F_613_3": 21.022178649902344, 
    "F_706_3": 20.939912796020508, 
    "F_923_3": 20.758974075317383, 
    "F_458_3": 21.183048248291016, 
    "F_768_3": 20.860980987548828, 
    "Z": 2.014044761657715, 
    "F_799_3": 20.826847076416016, 
    "F_427_3": 21.265384674072266, 
    "F_489_3": 21.18867301940918, 
    "F_954_3": 20.577957153320312, 
    "F_830_3": 20.648746490478516, 
    "F_582_3": 20.937559127807617, 
    "F_520_3": 21.20283317565918, 
    "F_892_3": 20.687837600708008
}