{
    "F_644_3": 20.72596549987793, 
    "F_551_3": 20.913469314575195, 
    "F_861_3": 20.18023109436035, 
    "id": "spec-7238-56660-0187-QSOs-201", 
    "F_675_3": 20.720680236816406, 
    "F_737_3": 20.49315643310547, 
    "F_396_3": 21.471633911132812, 
    "F_365_3": 20.8156681060791, 
    "F_613_3": 20.807159423828125, 
    "F_706_3": 20.58518409729004, 
    "F_923_3": 20.248430252075195, 
    "F_458_3": 21.01777458190918, 
    "F_768_3": 20.436912536621094, 
    "Z": 2.014220714569092, 
    "F_799_3": 20.429555892944336, 
    "F_427_3": 21.286863327026367, 
    "F_489_3": 21.041305541992188, 
    "F_954_3": 20.063325881958008, 
    "F_830_3": 20.267108917236328, 
    "F_582_3": 20.678159713745117, 
    "F_520_3": 20.999298095703125, 
    "F_892_3": 20.23894500732422
}