{
    "F_644_3": 21.561267852783203, 
    "F_551_3": 20.930355072021484, 
    "F_861_3": 21.372222900390625, 
    "id": "spec-6479-56364-0460-QSOs-201", 
    "F_675_3": 21.357580184936523, 
    "F_737_3": 21.67001724243164, 
    "F_396_3": 22.05999183654785, 
    "F_365_3": 21.629562377929688, 
    "F_613_3": 21.64493179321289, 
    "F_706_3": 21.621198654174805, 
    "F_923_3": 21.22685432434082, 
    "F_458_3": 21.74947738647461, 
    "F_768_3": 21.63417625427246, 
    "Z": 2.501438856124878, 
    "F_799_3": 21.54476547241211, 
    "F_427_3": 20.827922821044922, 
    "F_489_3": 21.65349769592285, 
    "F_954_3": 21.158235549926758, 
    "F_830_3": 21.455890655517578, 
    "F_582_3": 21.55529022216797, 
    "F_520_3": 21.40532112121582, 
    "F_892_3": 21.358522415161133
}