{
    "F_644_3": 20.504919052124023, 
    "F_551_3": 20.42302703857422, 
    "F_861_3": 20.417789459228516, 
    "id": "spec-4793-55648-0138-QSOs-201", 
    "F_675_3": 20.438331604003906, 
    "F_737_3": 20.56477928161621, 
    "F_396_3": 20.750017166137695, 
    "F_365_3": 20.31844139099121, 
    "F_613_3": 20.55320167541504, 
    "F_706_3": 20.633949279785156, 
    "F_923_3": 20.446575164794922, 
    "F_458_3": 20.595901489257812, 
    "F_768_3": 20.638065338134766, 
    "Z": 2.5000784397125244, 
    "F_799_3": 20.564075469970703, 
    "F_427_3": 20.211505889892578, 
    "F_489_3": 20.553020477294922, 
    "F_954_3": 20.405569076538086, 
    "F_830_3": 20.455339431762695, 
    "F_582_3": 20.6252384185791, 
    "F_520_3": 20.60610008239746, 
    "F_892_3": 20.438753128051758
}