{
    "F_644_3": 21.96001625061035, 
    "F_551_3": 21.76277732849121, 
    "F_861_3": 21.726234436035156, 
    "id": "spec-6201-56186-0279-QSOs-201", 
    "F_675_3": 21.835500717163086, 
    "F_737_3": 21.992996215820312, 
    "F_396_3": 22.406755447387695, 
    "F_365_3": 21.923561096191406, 
    "F_613_3": 21.87744140625, 
    "F_706_3": 22.0458927154541, 
    "F_923_3": 21.600143432617188, 
    "F_458_3": 22.272781372070312, 
    "F_768_3": 21.823312759399414, 
    "Z": 2.5003111362457275, 
    "F_799_3": 21.81826400756836, 
    "F_427_3": 21.76647186279297, 
    "F_489_3": 22.21329116821289, 
    "F_954_3": 20.93690299987793, 
    "F_830_3": 21.80811882019043, 
    "F_582_3": 21.843278884887695, 
    "F_520_3": 22.21125602722168, 
    "F_892_3": 21.498018264770508
}