{
    "F_644_3": 20.432350158691406, 
    "F_551_3": 20.654565811157227, 
    "F_861_3": 19.789722442626953, 
    "id": "spec-6783-56284-0844-QSOs-201", 
    "F_675_3": 20.374799728393555, 
    "F_737_3": 20.099506378173828, 
    "F_396_3": 21.158349990844727, 
    "F_365_3": 20.29751968383789, 
    "F_613_3": 20.537240982055664, 
    "F_706_3": 20.20818328857422, 
    "F_923_3": 19.876392364501953, 
    "F_458_3": 20.486841201782227, 
    "F_768_3": 20.0521240234375, 
    "Z": 2.0106658935546875, 
    "F_799_3": 20.0207462310791, 
    "F_427_3": 21.044658660888672, 
    "F_489_3": 20.69032859802246, 
    "F_954_3": 19.700780868530273, 
    "F_830_3": 19.761980056762695, 
    "F_582_3": 20.40548324584961, 
    "F_520_3": 20.745973587036133, 
    "F_892_3": 19.817005157470703
}