{
    "F_644_3": 20.133256912231445, 
    "F_551_3": 20.221729278564453, 
    "F_861_3": 19.726612091064453, 
    "id": "spec-5121-55856-0894-QSOs-201", 
    "F_675_3": 20.134174346923828, 
    "F_737_3": 20.028034210205078, 
    "F_396_3": 20.167034149169922, 
    "F_365_3": 20.209796905517578, 
    "F_613_3": 20.16709327697754, 
    "F_706_3": 20.08442497253418, 
    "F_923_3": 19.844600677490234, 
    "F_458_3": 20.423816680908203, 
    "F_768_3": 19.95587158203125, 
    "Z": 2.0900049209594727, 
    "F_799_3": 19.93756675720215, 
    "F_427_3": 20.3920955657959, 
    "F_489_3": 20.207294464111328, 
    "F_954_3": 19.905344009399414, 
    "F_830_3": 19.905637741088867, 
    "F_582_3": 20.05084228515625, 
    "F_520_3": 20.28763198852539, 
    "F_892_3": 19.839710235595703
}