{
    "F_644_3": 20.540897369384766, 
    "F_551_3": 20.545570373535156, 
    "F_861_3": 20.101886749267578, 
    "id": "spec-1203-52669-0054-QSOs-201", 
    "F_675_3": 20.491966247558594, 
    "F_737_3": 20.369991302490234, 
    "F_396_3": 20.646194458007812, 
    "F_365_3": 20.14539337158203, 
    "F_613_3": 20.568204879760742, 
    "F_706_3": 20.404998779296875, 
    "F_923_3": 20.09796142578125, 
    "F_458_3": 20.336423873901367, 
    "F_768_3": 20.39521598815918, 
    "Z": 2.012578248977661, 
    "F_799_3": 20.427433013916016, 
    "F_427_3": 20.675168991088867, 
    "F_489_3": 20.466773986816406, 
    "F_954_3": Infinity, 
    "F_830_3": 20.236772537231445, 
    "F_582_3": 20.435094833374023, 
    "F_520_3": 20.62626075744629, 
    "F_892_3": 20.188535690307617
}