{
    "F_644_3": 21.300315856933594, 
    "F_551_3": 21.204421997070312, 
    "F_861_3": 20.707942962646484, 
    "id": "spec-6621-56366-0225-QSOs-201", 
    "F_675_3": 21.23592758178711, 
    "F_737_3": 21.011661529541016, 
    "F_396_3": 21.36189079284668, 
    "F_365_3": 20.578651428222656, 
    "F_613_3": 21.246932983398438, 
    "F_706_3": 21.161001205444336, 
    "F_923_3": 20.901866912841797, 
    "F_458_3": 20.986106872558594, 
    "F_768_3": 20.997756958007812, 
    "Z": 2.0125234127044678, 
    "F_799_3": 20.977018356323242, 
    "F_427_3": 21.375408172607422, 
    "F_489_3": 21.17266845703125, 
    "F_954_3": 20.61927604675293, 
    "F_830_3": 20.70423698425293, 
    "F_582_3": 21.02003288269043, 
    "F_520_3": 21.309837341308594, 
    "F_892_3": 20.815919876098633
}