{
    "F_644_3": 20.555622100830078, 
    "F_551_3": 20.65342903137207, 
    "F_861_3": 19.962526321411133, 
    "id": "spec-5793-56337-0322-QSOs-201", 
    "F_675_3": 20.489715576171875, 
    "F_737_3": 20.252105712890625, 
    "F_396_3": 20.939964294433594, 
    "F_365_3": 19.939821243286133, 
    "F_613_3": 20.64491081237793, 
    "F_706_3": 20.335277557373047, 
    "F_923_3": 20.18254280090332, 
    "F_458_3": 20.232534408569336, 
    "F_768_3": 20.222688674926758, 
    "Z": 2.011213541030884, 
    "F_799_3": 20.2159366607666, 
    "F_427_3": 20.865285873413086, 
    "F_489_3": 20.561107635498047, 
    "F_954_3": 20.070711135864258, 
    "F_830_3": 19.91550064086914, 
    "F_582_3": 20.452638626098633, 
    "F_520_3": 20.706192016601562, 
    "F_892_3": 20.059146881103516
}