{
    "F_644_3": 20.115846633911133, 
    "F_551_3": 20.049123764038086, 
    "F_861_3": 19.885950088500977, 
    "id": "spec-5855-56088-0750-QSOs-201", 
    "F_675_3": 20.043643951416016, 
    "F_737_3": 20.141393661499023, 
    "F_396_3": 21.077173233032227, 
    "F_365_3": 20.725021362304688, 
    "F_613_3": 20.35586166381836, 
    "F_706_3": 20.212142944335938, 
    "F_923_3": 19.83970832824707, 
    "F_458_3": 20.694215774536133, 
    "F_768_3": 20.177200317382812, 
    "Z": 2.5000951290130615, 
    "F_799_3": 20.06562614440918, 
    "F_427_3": 20.138948440551758, 
    "F_489_3": 20.606582641601562, 
    "F_954_3": 19.789928436279297, 
    "F_830_3": 19.95635223388672, 
    "F_582_3": 20.358619689941406, 
    "F_520_3": 20.442386627197266, 
    "F_892_3": 19.84330177307129
}