{
    "F_644_3": 21.250688552856445, 
    "F_551_3": 21.507081985473633, 
    "F_861_3": 20.50265884399414, 
    "id": "spec-4383-55881-0543-QSOs-201", 
    "F_675_3": 21.219547271728516, 
    "F_737_3": 20.869630813598633, 
    "F_396_3": 22.201555252075195, 
    "F_365_3": 21.990859985351562, 
    "F_613_3": 21.361034393310547, 
    "F_706_3": 21.047454833984375, 
    "F_923_3": 20.583349227905273, 
    "F_458_3": 22.15033531188965, 
    "F_768_3": 20.798280715942383, 
    "Z": 2.090181827545166, 
    "F_799_3": 20.749942779541016, 
    "F_427_3": 22.330808639526367, 
    "F_489_3": 21.844463348388672, 
    "F_954_3": 20.629493713378906, 
    "F_830_3": 20.744935989379883, 
    "F_582_3": 21.303213119506836, 
    "F_520_3": 21.84754753112793, 
    "F_892_3": 20.580955505371094
}