{
    "F_644_3": 22.186424255371094, 
    "F_551_3": 22.018110275268555, 
    "F_861_3": 21.861034393310547, 
    "id": "spec-5206-56033-0848-QSOs-201", 
    "F_675_3": 22.206668853759766, 
    "F_737_3": 21.976924896240234, 
    "F_396_3": 21.933141708374023, 
    "F_365_3": 20.977336883544922, 
    "F_613_3": 22.183290481567383, 
    "F_706_3": 22.068082809448242, 
    "F_923_3": 21.906370162963867, 
    "F_458_3": 22.016511917114258, 
    "F_768_3": 22.025699615478516, 
    "Z": 2.011082410812378, 
    "F_799_3": 21.956146240234375, 
    "F_427_3": 22.182172775268555, 
    "F_489_3": 22.188453674316406, 
    "F_954_3": 21.607826232910156, 
    "F_830_3": 21.780010223388672, 
    "F_582_3": 21.987573623657227, 
    "F_520_3": 22.255746841430664, 
    "F_892_3": 21.877422332763672
}