{
    "F_644_3": 19.811687469482422, 
    "F_551_3": 19.769628524780273, 
    "F_861_3": 19.351274490356445, 
    "id": "spec-7417-56753-0016-QSOs-201", 
    "F_675_3": 19.802650451660156, 
    "F_737_3": 19.568626403808594, 
    "F_396_3": 20.3016300201416, 
    "F_365_3": 19.997560501098633, 
    "F_613_3": 19.808412551879883, 
    "F_706_3": 19.626941680908203, 
    "F_923_3": 19.4716739654541, 
    "F_458_3": 20.177688598632812, 
    "F_768_3": 19.573705673217773, 
    "Z": 2.010695695877075, 
    "F_799_3": 19.60211944580078, 
    "F_427_3": 20.178062438964844, 
    "F_489_3": 19.890506744384766, 
    "F_954_3": 19.308555603027344, 
    "F_830_3": 19.343734741210938, 
    "F_582_3": 19.654767990112305, 
    "F_520_3": 19.894176483154297, 
    "F_892_3": 19.395769119262695
}