{
    "F_644_3": 21.453500747680664, 
    "F_551_3": 21.138648986816406, 
    "F_861_3": 21.034870147705078, 
    "id": "spec-4648-55673-0713-QSOs-201", 
    "F_675_3": 21.458236694335938, 
    "F_737_3": 21.346647262573242, 
    "F_396_3": 21.54880714416504, 
    "F_365_3": 20.791561126708984, 
    "F_613_3": 21.41691017150879, 
    "F_706_3": 21.393512725830078, 
    "F_923_3": 21.019649505615234, 
    "F_458_3": 21.17259407043457, 
    "F_768_3": 21.256929397583008, 
    "Z": 2.014108180999756, 
    "F_799_3": 21.264293670654297, 
    "F_427_3": 21.433401107788086, 
    "F_489_3": 21.247770309448242, 
    "F_954_3": 20.90979766845703, 
    "F_830_3": 21.064172744750977, 
    "F_582_3": 21.19922637939453, 
    "F_520_3": 21.2962703704834, 
    "F_892_3": 21.0389347076416
}