{
    "F_644_3": 21.180620193481445, 
    "F_551_3": 21.193445205688477, 
    "F_861_3": 20.618223190307617, 
    "id": "spec-4301-55810-0684-QSOs-201", 
    "F_675_3": 21.180452346801758, 
    "F_737_3": 20.923419952392578, 
    "F_396_3": 21.277008056640625, 
    "F_365_3": 20.758792877197266, 
    "F_613_3": 21.206207275390625, 
    "F_706_3": 21.06493377685547, 
    "F_923_3": 20.582897186279297, 
    "F_458_3": 20.94235610961914, 
    "F_768_3": 20.95844268798828, 
    "Z": 2.0121207237243652, 
    "F_799_3": 20.88395118713379, 
    "F_427_3": 21.229909896850586, 
    "F_489_3": 21.140056610107422, 
    "F_954_3": 20.35304832458496, 
    "F_830_3": 20.690061569213867, 
    "F_582_3": 20.95732307434082, 
    "F_520_3": 21.21686553955078, 
    "F_892_3": 20.60374641418457
}