{
    "F_644_3": 20.024415969848633, 
    "F_551_3": 19.93084716796875, 
    "F_861_3": 19.77872657775879, 
    "id": "spec-6269-56246-0546-QSOs-201", 
    "F_675_3": 20.03775978088379, 
    "F_737_3": 19.864303588867188, 
    "F_396_3": 19.781068801879883, 
    "F_365_3": 19.242469787597656, 
    "F_613_3": 19.995420455932617, 
    "F_706_3": 19.952152252197266, 
    "F_923_3": 20.085554122924805, 
    "F_458_3": 20.02269172668457, 
    "F_768_3": 19.85562515258789, 
    "Z": 2.0119500160217285, 
    "F_799_3": 19.893281936645508, 
    "F_427_3": 19.84346580505371, 
    "F_489_3": 19.91434097290039, 
    "F_954_3": 20.006755828857422, 
    "F_830_3": 19.819229125976562, 
    "F_582_3": 19.79483985900879, 
    "F_520_3": 19.9450626373291, 
    "F_892_3": 19.946277618408203
}