{
    "F_644_3": 19.01580047607422, 
    "F_551_3": 19.000431060791016, 
    "F_861_3": 18.621973037719727, 
    "id": "spec-7293-56741-0400-QSOs-201", 
    "F_675_3": 19.046327590942383, 
    "F_737_3": 18.880285263061523, 
    "F_396_3": 19.41893768310547, 
    "F_365_3": 19.09732437133789, 
    "F_613_3": 19.01946258544922, 
    "F_706_3": 18.948060989379883, 
    "F_923_3": 18.87017059326172, 
    "F_458_3": 19.129484176635742, 
    "F_768_3": 18.85196304321289, 
    "Z": 2.011887311935425, 
    "F_799_3": 18.870065689086914, 
    "F_427_3": 19.28951072692871, 
    "F_489_3": 19.119945526123047, 
    "F_954_3": 18.78479766845703, 
    "F_830_3": 18.692962646484375, 
    "F_582_3": 18.85413360595703, 
    "F_520_3": 19.08835220336914, 
    "F_892_3": 18.756805419921875
}