{
    "F_644_3": 18.90176773071289, 
    "F_551_3": 18.901273727416992, 
    "F_861_3": 18.585477828979492, 
    "id": "spec-5451-56010-0136-QSOs-201", 
    "F_675_3": 18.86284828186035, 
    "F_737_3": 18.742616653442383, 
    "F_396_3": 18.98200225830078, 
    "F_365_3": 18.45583724975586, 
    "F_613_3": 18.880094528198242, 
    "F_706_3": 18.846099853515625, 
    "F_923_3": 18.671627044677734, 
    "F_458_3": 18.842443466186523, 
    "F_768_3": 18.72646713256836, 
    "Z": 2.0111289024353027, 
    "F_799_3": 18.71719741821289, 
    "F_427_3": 18.971864700317383, 
    "F_489_3": 18.913049697875977, 
    "F_954_3": 18.614580154418945, 
    "F_830_3": 18.562366485595703, 
    "F_582_3": 18.82584571838379, 
    "F_520_3": 18.942930221557617, 
    "F_892_3": 18.63789939880371
}