{
    "F_644_3": 19.155916213989258, 
    "F_551_3": 19.197593688964844, 
    "F_861_3": 18.68597984313965, 
    "id": "spec-1801-54156-0557-QSOs-201", 
    "F_675_3": 19.15690803527832, 
    "F_737_3": 19.02094841003418, 
    "F_396_3": 19.274486541748047, 
    "F_365_3": 18.764432907104492, 
    "F_613_3": 19.181001663208008, 
    "F_706_3": 19.071659088134766, 
    "F_923_3": 18.970142364501953, 
    "F_458_3": 19.28211784362793, 
    "F_768_3": 18.961437225341797, 
    "Z": 2.090064764022827, 
    "F_799_3": 18.97559356689453, 
    "F_427_3": 19.333621978759766, 
    "F_489_3": 19.071578979492188, 
    "F_954_3": Infinity, 
    "F_830_3": 18.985139846801758, 
    "F_582_3": 18.99835205078125, 
    "F_520_3": 19.23731231689453, 
    "F_892_3": 18.883726119995117
}