{
    "F_644_3": 18.227697372436523, 
    "F_551_3": 18.26273536682129, 
    "F_861_3": 17.674043655395508, 
    "id": "spec-0942-52703-0497-QSOs-201", 
    "F_675_3": 18.172569274902344, 
    "F_737_3": 17.93135643005371, 
    "F_396_3": 18.620498657226562, 
    "F_365_3": 18.311052322387695, 
    "F_613_3": 18.248497009277344, 
    "F_706_3": 18.03705596923828, 
    "F_923_3": 17.871578216552734, 
    "F_458_3": 18.310890197753906, 
    "F_768_3": 17.935121536254883, 
    "Z": 2.01491379737854, 
    "F_799_3": 17.936145782470703, 
    "F_427_3": 18.624298095703125, 
    "F_489_3": 18.39842414855957, 
    "F_954_3": Infinity, 
    "F_830_3": 17.741588592529297, 
    "F_582_3": 18.064037322998047, 
    "F_520_3": 18.38315773010254, 
    "F_892_3": 17.7822265625
}