{
    "F_644_3": 19.910682678222656, 
    "F_551_3": 19.95880126953125, 
    "F_861_3": 19.405166625976562, 
    "id": "spec-6406-56330-0924-QSOs-201", 
    "F_675_3": 19.841426849365234, 
    "F_737_3": 19.605613708496094, 
    "F_396_3": 20.155954360961914, 
    "F_365_3": 19.022396087646484, 
    "F_613_3": 19.925071716308594, 
    "F_706_3": 19.683568954467773, 
    "F_923_3": 19.548786163330078, 
    "F_458_3": 19.622634887695312, 
    "F_768_3": 19.575361251831055, 
    "Z": 2.0142078399658203, 
    "F_799_3": 19.62677001953125, 
    "F_427_3": 20.10662269592285, 
    "F_489_3": 19.881855010986328, 
    "F_954_3": 19.4823055267334, 
    "F_830_3": 19.35619354248047, 
    "F_582_3": 19.76888656616211, 
    "F_520_3": 20.028871536254883, 
    "F_892_3": 19.49327850341797
}