{
    "F_644_3": 20.455156326293945, 
    "F_551_3": 20.26923370361328, 
    "F_861_3": 20.19047737121582, 
    "id": "spec-7294-56739-0452-QSOs-201", 
    "F_675_3": 20.45530128479004, 
    "F_737_3": 20.341602325439453, 
    "F_396_3": 20.05879020690918, 
    "F_365_3": 19.197433471679688, 
    "F_613_3": 20.355249404907227, 
    "F_706_3": 20.383563995361328, 
    "F_923_3": 20.379560470581055, 
    "F_458_3": 19.96272087097168, 
    "F_768_3": 20.347387313842773, 
    "Z": 2.0143415927886963, 
    "F_799_3": 20.385183334350586, 
    "F_427_3": 20.14795684814453, 
    "F_489_3": 20.165855407714844, 
    "F_954_3": 20.243852615356445, 
    "F_830_3": 20.164358139038086, 
    "F_582_3": 20.12880516052246, 
    "F_520_3": 20.294052124023438, 
    "F_892_3": 20.286365509033203
}