{
    "F_644_3": 21.522737503051758, 
    "F_551_3": 21.499046325683594, 
    "F_861_3": 21.327869415283203, 
    "id": "spec-4795-55889-0144-QSOs-201", 
    "F_675_3": 21.532751083374023, 
    "F_737_3": 21.483627319335938, 
    "F_396_3": 21.789058685302734, 
    "F_365_3": 21.192134857177734, 
    "F_613_3": 21.485668182373047, 
    "F_706_3": 21.461299896240234, 
    "F_923_3": 21.462890625, 
    "F_458_3": 21.449268341064453, 
    "F_768_3": 21.44550895690918, 
    "Z": 2.011423110961914, 
    "F_799_3": 21.521501541137695, 
    "F_427_3": 21.66641616821289, 
    "F_489_3": 21.571149826049805, 
    "F_954_3": 21.364320755004883, 
    "F_830_3": 21.25873374938965, 
    "F_582_3": 21.413713455200195, 
    "F_520_3": 21.567331314086914, 
    "F_892_3": 21.414697647094727
}