{
    "F_644_3": 19.98440170288086, 
    "F_551_3": 19.990039825439453, 
    "F_861_3": 19.533105850219727, 
    "id": "spec-6421-56274-0150-QSOs-201", 
    "F_675_3": 19.957916259765625, 
    "F_737_3": 19.759035110473633, 
    "F_396_3": 20.62700653076172, 
    "F_365_3": 20.20291519165039, 
    "F_613_3": 19.950748443603516, 
    "F_706_3": 19.83871078491211, 
    "F_923_3": 19.64493751525879, 
    "F_458_3": 20.342823028564453, 
    "F_768_3": 19.778881072998047, 
    "Z": 2.0124948024749756, 
    "F_799_3": 19.779550552368164, 
    "F_427_3": 20.37567710876465, 
    "F_489_3": 20.08847427368164, 
    "F_954_3": 19.58696174621582, 
    "F_830_3": 19.52107810974121, 
    "F_582_3": 19.81864356994629, 
    "F_520_3": 20.05113983154297, 
    "F_892_3": 19.656553268432617
}