{
    "F_644_3": 20.940814971923828, 
    "F_551_3": 20.99869155883789, 
    "F_861_3": 20.509811401367188, 
    "id": "spec-7407-56772-0952-QSOs-201", 
    "F_675_3": 20.959623336791992, 
    "F_737_3": 20.790271759033203, 
    "F_396_3": 21.188289642333984, 
    "F_365_3": 20.91695785522461, 
    "F_613_3": 20.93347930908203, 
    "F_706_3": 20.867698669433594, 
    "F_923_3": 20.709505081176758, 
    "F_458_3": 21.161376953125, 
    "F_768_3": 20.757394790649414, 
    "Z": 2.0900299549102783, 
    "F_799_3": 20.742300033569336, 
    "F_427_3": 21.207660675048828, 
    "F_489_3": 20.935279846191406, 
    "F_954_3": 20.713045120239258, 
    "F_830_3": 20.74956512451172, 
    "F_582_3": 20.82796287536621, 
    "F_520_3": 21.082529067993164, 
    "F_892_3": 20.723907470703125
}