{
    "F_644_3": 20.80202865600586, 
    "F_551_3": 20.53237533569336, 
    "F_861_3": 20.615732192993164, 
    "id": "spec-5009-55707-0398-QSOs-201", 
    "F_675_3": 20.644479751586914, 
    "F_737_3": 20.81304168701172, 
    "F_396_3": 21.429067611694336, 
    "F_365_3": 20.99031639099121, 
    "F_613_3": 20.892498016357422, 
    "F_706_3": 20.88913345336914, 
    "F_923_3": 20.616382598876953, 
    "F_458_3": 21.142396926879883, 
    "F_768_3": 20.83672332763672, 
    "Z": 2.501422643661499, 
    "F_799_3": 20.7242488861084, 
    "F_427_3": 20.316112518310547, 
    "F_489_3": 21.07020378112793, 
    "F_954_3": 20.53765869140625, 
    "F_830_3": 20.66924285888672, 
    "F_582_3": 20.831472396850586, 
    "F_520_3": 20.968908309936523, 
    "F_892_3": 20.59150505065918
}