{
    "F_644_3": 20.218820571899414, 
    "F_551_3": 20.157073974609375, 
    "F_861_3": 19.724824905395508, 
    "id": "spec-1084-52591-0481-QSOs-201", 
    "F_675_3": 20.14621353149414, 
    "F_737_3": 19.873779296875, 
    "F_396_3": 20.223310470581055, 
    "F_365_3": 19.98261070251465, 
    "F_613_3": 20.21274757385254, 
    "F_706_3": 20.017192840576172, 
    "F_923_3": 19.826505661010742, 
    "F_458_3": 19.739002227783203, 
    "F_768_3": 19.824174880981445, 
    "Z": 2.0107524394989014, 
    "F_799_3": 19.893396377563477, 
    "F_427_3": 20.17902183532715, 
    "F_489_3": 19.956989288330078, 
    "F_954_3": Infinity, 
    "F_830_3": 19.669612884521484, 
    "F_582_3": 19.977371215820312, 
    "F_520_3": 20.203763961791992, 
    "F_892_3": 19.713518142700195
}