{
    "F_644_3": 18.3592586517334, 
    "F_551_3": 18.28948402404785, 
    "F_861_3": 18.031997680664062, 
    "id": "spec-6809-56454-0339-QSOs-201", 
    "F_675_3": 18.377073287963867, 
    "F_737_3": 18.269838333129883, 
    "F_396_3": 18.09735679626465, 
    "F_365_3": 17.934837341308594, 
    "F_613_3": 18.346799850463867, 
    "F_706_3": 18.30709457397461, 
    "F_923_3": 18.179344177246094, 
    "F_458_3": 18.29080581665039, 
    "F_768_3": 18.236936569213867, 
    "Z": 2.092493772506714, 
    "F_799_3": 18.245147705078125, 
    "F_427_3": 18.178747177124023, 
    "F_489_3": 18.123910903930664, 
    "F_954_3": 18.05314826965332, 
    "F_830_3": 18.204591751098633, 
    "F_582_3": 18.149072647094727, 
    "F_520_3": 18.2633056640625, 
    "F_892_3": 18.132400512695312
}