{
    "F_644_3": 19.904022216796875, 
    "F_551_3": 19.840707778930664, 
    "F_861_3": 19.581045150756836, 
    "id": "spec-0613-52345-0576-QSOs-201", 
    "F_675_3": 19.894367218017578, 
    "F_737_3": 19.707740783691406, 
    "F_396_3": 20.01415252685547, 
    "F_365_3": 19.869407653808594, 
    "F_613_3": 19.868762969970703, 
    "F_706_3": 19.792713165283203, 
    "F_923_3": 19.722745895385742, 
    "F_458_3": 19.724279403686523, 
    "F_768_3": 19.741329193115234, 
    "Z": 2.0112814903259277, 
    "F_799_3": 19.763389587402344, 
    "F_427_3": 19.949813842773438, 
    "F_489_3": 19.878578186035156, 
    "F_954_3": Infinity, 
    "F_830_3": 19.54311180114746, 
    "F_582_3": 19.6845703125, 
    "F_520_3": 19.909515380859375, 
    "F_892_3": 19.608240127563477
}