{
    "F_644_3": 20.489837646484375, 
    "F_551_3": 20.334388732910156, 
    "F_861_3": 20.25318145751953, 
    "id": "spec-0470-51929-0172-QSOs-201", 
    "F_675_3": 20.496337890625, 
    "F_737_3": 20.411909103393555, 
    "F_396_3": 20.715967178344727, 
    "F_365_3": 20.80727195739746, 
    "F_613_3": 20.43952751159668, 
    "F_706_3": 20.416746139526367, 
    "F_923_3": 20.302392959594727, 
    "F_458_3": 20.210546493530273, 
    "F_768_3": 20.37407875061035, 
    "Z": 2.011068344116211, 
    "F_799_3": 20.446496963500977, 
    "F_427_3": 20.53220558166504, 
    "F_489_3": 20.32099723815918, 
    "F_954_3": Infinity, 
    "F_830_3": 20.217334747314453, 
    "F_582_3": 20.214590072631836, 
    "F_520_3": 20.354087829589844, 
    "F_892_3": 20.24759292602539
}