{
    "F_644_3": 21.093917846679688, 
    "F_551_3": 20.850379943847656, 
    "F_861_3": 21.286754608154297, 
    "id": "spec-4041-55361-0428-QSOs-201", 
    "F_675_3": 21.0360050201416, 
    "F_737_3": 21.284557342529297, 
    "F_396_3": 21.418437957763672, 
    "F_365_3": 21.09105682373047, 
    "F_613_3": 21.2149715423584, 
    "F_706_3": 21.27313804626465, 
    "F_923_3": 21.31378936767578, 
    "F_458_3": 21.17730712890625, 
    "F_768_3": 21.390899658203125, 
    "Z": 2.5000171661376953, 
    "F_799_3": 21.38616371154785, 
    "F_427_3": 20.54007911682129, 
    "F_489_3": 21.132753372192383, 
    "F_954_3": 21.168575286865234, 
    "F_830_3": 21.300676345825195, 
    "F_582_3": 21.168453216552734, 
    "F_520_3": 21.094894409179688, 
    "F_892_3": 21.297040939331055
}