{
    "F_644_3": 19.640424728393555, 
    "F_551_3": 19.601945877075195, 
    "F_861_3": 19.050460815429688, 
    "id": "spec-5164-56067-0636-QSOs-201", 
    "F_675_3": 19.583608627319336, 
    "F_737_3": 19.392797470092773, 
    "F_396_3": 19.73086929321289, 
    "F_365_3": 18.862585067749023, 
    "F_613_3": 19.627201080322266, 
    "F_706_3": 19.477149963378906, 
    "F_923_3": 19.285179138183594, 
    "F_458_3": 19.439899444580078, 
    "F_768_3": 19.35961151123047, 
    "Z": 2.012326240539551, 
    "F_799_3": 19.346641540527344, 
    "F_427_3": 19.713781356811523, 
    "F_489_3": 19.626476287841797, 
    "F_954_3": 19.16948699951172, 
    "F_830_3": 19.101266860961914, 
    "F_582_3": 19.46436309814453, 
    "F_520_3": 19.691444396972656, 
    "F_892_3": 19.197223663330078
}