{
    "F_644_3": 21.219310760498047, 
    "F_551_3": 20.86537742614746, 
    "F_861_3": 20.717823028564453, 
    "id": "spec-6582-56274-0054-QSOs-201", 
    "F_675_3": 21.03232765197754, 
    "F_737_3": 21.128618240356445, 
    "F_396_3": 22.276077270507812, 
    "F_365_3": 21.95052146911621, 
    "F_613_3": 21.476774215698242, 
    "F_706_3": 21.239749908447266, 
    "F_923_3": 20.66816520690918, 
    "F_458_3": 21.74742889404297, 
    "F_768_3": 21.07106590270996, 
    "Z": 2.500159502029419, 
    "F_799_3": 20.929487228393555, 
    "F_427_3": 21.307079315185547, 
    "F_489_3": 21.70626449584961, 
    "F_954_3": 20.652902603149414, 
    "F_830_3": 20.76573371887207, 
    "F_582_3": 21.315202713012695, 
    "F_520_3": 21.318981170654297, 
    "F_892_3": 20.6732177734375
}