{
    "F_644_3": 21.289955139160156, 
    "F_551_3": 21.2620906829834, 
    "F_861_3": 20.872087478637695, 
    "id": "spec-7408-56780-0042-QSOs-201", 
    "F_675_3": 21.297626495361328, 
    "F_737_3": 21.13718605041504, 
    "F_396_3": 21.652660369873047, 
    "F_365_3": 21.150585174560547, 
    "F_613_3": 21.271800994873047, 
    "F_706_3": 21.29402732849121, 
    "F_923_3": 20.99312400817871, 
    "F_458_3": 21.200439453125, 
    "F_768_3": 21.03759765625, 
    "Z": 2.0116615295410156, 
    "F_799_3": 21.074228286743164, 
    "F_427_3": 21.58242416381836, 
    "F_489_3": 21.34173583984375, 
    "F_954_3": 20.588218688964844, 
    "F_830_3": 20.821714401245117, 
    "F_582_3": 21.177385330200195, 
    "F_520_3": 21.42100715637207, 
    "F_892_3": 20.844253540039062
}