{
    "F_644_3": 20.430824279785156, 
    "F_551_3": 20.379352569580078, 
    "F_861_3": 19.954145431518555, 
    "id": "spec-7282-56660-0602-QSOs-201", 
    "F_675_3": 20.430471420288086, 
    "F_737_3": 20.224905014038086, 
    "F_396_3": 20.41313362121582, 
    "F_365_3": 19.529272079467773, 
    "F_613_3": 20.39463996887207, 
    "F_706_3": 20.309066772460938, 
    "F_923_3": 20.25259780883789, 
    "F_458_3": 20.059833526611328, 
    "F_768_3": 20.213132858276367, 
    "Z": 2.013193368911743, 
    "F_799_3": 20.234779357910156, 
    "F_427_3": 20.45136070251465, 
    "F_489_3": 20.259653091430664, 
    "F_954_3": 20.202733993530273, 
    "F_830_3": 19.952232360839844, 
    "F_582_3": 20.172855377197266, 
    "F_520_3": 20.44072914123535, 
    "F_892_3": 20.16358757019043
}