{
    "F_644_3": 21.380290985107422, 
    "F_551_3": 21.33820152282715, 
    "F_861_3": 20.74755096435547, 
    "id": "spec-7414-56748-0243-QSOs-201", 
    "F_675_3": 21.403236389160156, 
    "F_737_3": 21.19560432434082, 
    "F_396_3": 21.319128036499023, 
    "F_365_3": 20.91558837890625, 
    "F_613_3": 21.4269962310791, 
    "F_706_3": 21.33954620361328, 
    "F_923_3": 20.94292640686035, 
    "F_458_3": 21.535995483398438, 
    "F_768_3": 21.15689468383789, 
    "Z": 2.0908329486846924, 
    "F_799_3": 21.151329040527344, 
    "F_427_3": 21.515695571899414, 
    "F_489_3": 21.18006706237793, 
    "F_954_3": 20.764041900634766, 
    "F_830_3": 21.06425666809082, 
    "F_582_3": 21.1251220703125, 
    "F_520_3": 21.404115676879883, 
    "F_892_3": 20.930395126342773
}