{
    "F_644_3": 19.328859329223633, 
    "F_551_3": 19.337419509887695, 
    "F_861_3": 18.85667610168457, 
    "id": "spec-5401-55949-0612-QSOs-201", 
    "F_675_3": 19.279008865356445, 
    "F_737_3": 19.099634170532227, 
    "F_396_3": 19.393020629882812, 
    "F_365_3": 18.626192092895508, 
    "F_613_3": 19.32405662536621, 
    "F_706_3": 19.18716812133789, 
    "F_923_3": 18.98206901550293, 
    "F_458_3": 19.054216384887695, 
    "F_768_3": 19.07925796508789, 
    "Z": 2.0114426612854004, 
    "F_799_3": 19.05925750732422, 
    "F_427_3": 19.401771545410156, 
    "F_489_3": 19.24603271484375, 
    "F_954_3": 18.904708862304688, 
    "F_830_3": 18.8275203704834, 
    "F_582_3": 19.179290771484375, 
    "F_520_3": 19.382946014404297, 
    "F_892_3": 18.926959991455078
}