{
    "F_644_3": 19.63925552368164, 
    "F_551_3": 19.74032974243164, 
    "F_861_3": 19.290752410888672, 
    "id": "spec-4633-55620-0934-QSOs-201", 
    "F_675_3": 19.729074478149414, 
    "F_737_3": 19.616727828979492, 
    "F_396_3": 19.634077072143555, 
    "F_365_3": 19.456443786621094, 
    "F_613_3": 19.63368797302246, 
    "F_706_3": 19.6680965423584, 
    "F_923_3": 19.5028018951416, 
    "F_458_3": 19.79978370666504, 
    "F_768_3": 19.5566349029541, 
    "Z": 2.0924832820892334, 
    "F_799_3": 19.552820205688477, 
    "F_427_3": 19.785097122192383, 
    "F_489_3": 19.513978958129883, 
    "F_954_3": 19.52411651611328, 
    "F_830_3": 19.5769100189209, 
    "F_582_3": 19.557918548583984, 
    "F_520_3": 19.72042465209961, 
    "F_892_3": 19.447046279907227
}