{
    "F_644_3": 22.106660842895508, 
    "F_551_3": 22.260887145996094, 
    "F_861_3": 21.748443603515625, 
    "id": "spec-7032-56471-0121-QSOs-201", 
    "F_675_3": 22.1420841217041, 
    "F_737_3": 22.00353240966797, 
    "F_396_3": 22.570491790771484, 
    "F_365_3": 21.806272506713867, 
    "F_613_3": 22.08682632446289, 
    "F_706_3": 22.043859481811523, 
    "F_923_3": 21.989187240600586, 
    "F_458_3": 22.080434799194336, 
    "F_768_3": 21.974979400634766, 
    "Z": 2.0133533477783203, 
    "F_799_3": 22.049001693725586, 
    "F_427_3": 22.574682235717773, 
    "F_489_3": 22.284683227539062, 
    "F_954_3": 21.8513126373291, 
    "F_830_3": 21.702415466308594, 
    "F_582_3": 21.95161247253418, 
    "F_520_3": 22.405967712402344, 
    "F_892_3": 22.002248764038086
}