{
    "F_644_3": 20.33579444885254, 
    "F_551_3": 20.252092361450195, 
    "F_861_3": 19.92693519592285, 
    "id": "spec-7381-56717-0596-QSOs-201", 
    "F_675_3": 20.320310592651367, 
    "F_737_3": 20.114971160888672, 
    "F_396_3": 20.411394119262695, 
    "F_365_3": 19.777156829833984, 
    "F_613_3": 20.305978775024414, 
    "F_706_3": 20.216299057006836, 
    "F_923_3": 20.159889221191406, 
    "F_458_3": 20.089553833007812, 
    "F_768_3": 20.131608963012695, 
    "Z": 2.0100460052490234, 
    "F_799_3": 20.14141845703125, 
    "F_427_3": 20.358394622802734, 
    "F_489_3": 20.23521614074707, 
    "F_954_3": 20.12588882446289, 
    "F_830_3": 19.87938690185547, 
    "F_582_3": 20.084917068481445, 
    "F_520_3": 20.3128604888916, 
    "F_892_3": 20.08151626586914
}