{
    "F_644_3": 19.174299240112305, 
    "F_551_3": 19.142276763916016, 
    "F_861_3": 18.787656784057617, 
    "id": "spec-0337-51997-0191-QSOs-201", 
    "F_675_3": 19.171344757080078, 
    "F_737_3": 18.982702255249023, 
    "F_396_3": 19.237625122070312, 
    "F_365_3": 19.04608917236328, 
    "F_613_3": 19.147724151611328, 
    "F_706_3": 19.063688278198242, 
    "F_923_3": 18.967124938964844, 
    "F_458_3": 19.034610748291016, 
    "F_768_3": 18.969512939453125, 
    "Z": 2.01711106300354, 
    "F_799_3": 18.974397659301758, 
    "F_427_3": 19.21221351623535, 
    "F_489_3": 19.161670684814453, 
    "F_954_3": Infinity, 
    "F_830_3": 18.836017608642578, 
    "F_582_3": 18.977392196655273, 
    "F_520_3": 19.206436157226562, 
    "F_892_3": 18.920879364013672
}