{
    "F_644_3": 21.273128509521484, 
    "F_551_3": 21.467906951904297, 
    "F_861_3": 20.548845291137695, 
    "id": "spec-4560-55575-0556-QSOs-201", 
    "F_675_3": 21.221094131469727, 
    "F_737_3": 21.025440216064453, 
    "F_396_3": 21.935514450073242, 
    "F_365_3": 21.034801483154297, 
    "F_613_3": 21.376441955566406, 
    "F_706_3": 21.077613830566406, 
    "F_923_3": 20.46660614013672, 
    "F_458_3": 21.578411102294922, 
    "F_768_3": 20.911542892456055, 
    "Z": 2.0101020336151123, 
    "F_799_3": 20.78609848022461, 
    "F_427_3": 21.9143009185791, 
    "F_489_3": 21.617708206176758, 
    "F_954_3": 20.460033416748047, 
    "F_830_3": 20.57254409790039, 
    "F_582_3": 21.237258911132812, 
    "F_520_3": 21.589588165283203, 
    "F_892_3": 20.55491828918457
}