{
    "F_644_3": 21.50629234313965, 
    "F_551_3": 21.53258514404297, 
    "F_861_3": 20.904420852661133, 
    "id": "spec-7419-56811-0724-QSOs-201", 
    "F_675_3": 21.414405822753906, 
    "F_737_3": 21.245508193969727, 
    "F_396_3": 21.53226089477539, 
    "F_365_3": 20.501237869262695, 
    "F_613_3": 21.483118057250977, 
    "F_706_3": 21.26612091064453, 
    "F_923_3": 21.214143753051758, 
    "F_458_3": 21.113656997680664, 
    "F_768_3": 21.15446662902832, 
    "Z": 2.0133042335510254, 
    "F_799_3": 21.1646671295166, 
    "F_427_3": 21.648977279663086, 
    "F_489_3": 21.42854118347168, 
    "F_954_3": 20.950828552246094, 
    "F_830_3": 20.891550064086914, 
    "F_582_3": 21.3237361907959, 
    "F_520_3": 21.609699249267578, 
    "F_892_3": 21.067235946655273
}