{
    "F_644_3": 20.569917678833008, 
    "F_551_3": 20.519207000732422, 
    "F_861_3": 20.107027053833008, 
    "id": "spec-6010-56097-0254-QSOs-201", 
    "F_675_3": 20.62264633178711, 
    "F_737_3": 20.372926712036133, 
    "F_396_3": 21.164306640625, 
    "F_365_3": 20.898494720458984, 
    "F_613_3": 20.54666519165039, 
    "F_706_3": 20.44450569152832, 
    "F_923_3": 20.250486373901367, 
    "F_458_3": 20.84592056274414, 
    "F_768_3": 20.351898193359375, 
    "Z": 2.010211229324341, 
    "F_799_3": 20.354084014892578, 
    "F_427_3": 21.029863357543945, 
    "F_489_3": 20.775766372680664, 
    "F_954_3": 20.056398391723633, 
    "F_830_3": 20.16126823425293, 
    "F_582_3": 20.436767578125, 
    "F_520_3": 20.66135597229004, 
    "F_892_3": 20.148380279541016
}