{
    "F_644_3": 18.247966766357422, 
    "F_551_3": 18.297714233398438, 
    "F_861_3": 17.76333999633789, 
    "id": "spec-0493-51957-0482-QSOs-201", 
    "F_675_3": 18.238746643066406, 
    "F_737_3": 18.09988784790039, 
    "F_396_3": 18.228256225585938, 
    "F_365_3": 17.736316680908203, 
    "F_613_3": 18.242219924926758, 
    "F_706_3": 18.202651977539062, 
    "F_923_3": 17.881393432617188, 
    "F_458_3": 18.351179122924805, 
    "F_768_3": 18.034404754638672, 
    "Z": 2.0947721004486084, 
    "F_799_3": 18.024658203125, 
    "F_427_3": 18.315122604370117, 
    "F_489_3": 18.120512008666992, 
    "F_954_3": Infinity, 
    "F_830_3": 18.007661819458008, 
    "F_582_3": 18.11844825744629, 
    "F_520_3": 18.313730239868164, 
    "F_892_3": 17.877408981323242
}