{
    "F_644_3": 18.963274002075195, 
    "F_551_3": 19.640878677368164, 
    "F_861_3": 18.08547592163086, 
    "id": "spec-5771-56011-0504-QSOs-201", 
    "F_675_3": 18.875320434570312, 
    "F_737_3": 18.514432907104492, 
    "F_396_3": 20.638811111450195, 
    "F_365_3": 20.01144790649414, 
    "F_613_3": 19.020065307617188, 
    "F_706_3": 18.663434982299805, 
    "F_923_3": 18.142471313476562, 
    "F_458_3": 20.154651641845703, 
    "F_768_3": 18.38112449645996, 
    "Z": 2.0129706859588623, 
    "F_799_3": 18.487659454345703, 
    "F_427_3": 20.190345764160156, 
    "F_489_3": 19.999305725097656, 
    "F_954_3": 18.042335510253906, 
    "F_830_3": 18.217815399169922, 
    "F_582_3": 19.028018951416016, 
    "F_520_3": 19.537555694580078, 
    "F_892_3": 18.051450729370117
}