{
    "F_644_3": 20.662023544311523, 
    "F_551_3": 20.386255264282227, 
    "F_861_3": 20.199859619140625, 
    "id": "spec-1200-52668-0590-QSOs-201", 
    "F_675_3": 20.589845657348633, 
    "F_737_3": 20.39425277709961, 
    "F_396_3": 20.37464714050293, 
    "F_365_3": 20.205215454101562, 
    "F_613_3": 20.62532615661621, 
    "F_706_3": 20.446685791015625, 
    "F_923_3": 20.267841339111328, 
    "F_458_3": 20.197546005249023, 
    "F_768_3": 20.387859344482422, 
    "Z": 2.012631416320801, 
    "F_799_3": 20.449321746826172, 
    "F_427_3": 20.406198501586914, 
    "F_489_3": 20.3575382232666, 
    "F_954_3": Infinity, 
    "F_830_3": 20.190555572509766, 
    "F_582_3": 20.26676368713379, 
    "F_520_3": 20.486677169799805, 
    "F_892_3": 20.293859481811523
}