{
    "F_644_3": 21.001007080078125, 
    "F_551_3": 20.936260223388672, 
    "F_861_3": 20.589313507080078, 
    "id": "spec-7420-56753-0930-QSOs-201", 
    "F_675_3": 20.980072021484375, 
    "F_737_3": 20.801713943481445, 
    "F_396_3": 21.103466033935547, 
    "F_365_3": 20.244831085205078, 
    "F_613_3": 20.944618225097656, 
    "F_706_3": 20.837589263916016, 
    "F_923_3": 20.845458984375, 
    "F_458_3": 20.739788055419922, 
    "F_768_3": 20.77622413635254, 
    "Z": 2.0126473903656006, 
    "F_799_3": 20.910322189331055, 
    "F_427_3": 21.067800521850586, 
    "F_489_3": 20.90155792236328, 
    "F_954_3": 20.70137596130371, 
    "F_830_3": 20.55994987487793, 
    "F_582_3": 20.77482032775879, 
    "F_520_3": 21.032079696655273, 
    "F_892_3": 20.74909210205078
}