{
    "F_644_3": 22.10223960876465, 
    "F_551_3": 22.10146141052246, 
    "F_861_3": 22.178075790405273, 
    "id": "spec-7099-56666-0752-QSOs-201", 
    "F_675_3": 22.1646785736084, 
    "F_737_3": 22.009302139282227, 
    "F_396_3": 21.806060791015625, 
    "F_365_3": 20.999509811401367, 
    "F_613_3": 22.080360412597656, 
    "F_706_3": 22.11257553100586, 
    "F_923_3": 22.3565673828125, 
    "F_458_3": 21.798091888427734, 
    "F_768_3": 22.11566925048828, 
    "Z": 2.0117204189300537, 
    "F_799_3": 22.167818069458008, 
    "F_427_3": 21.909648895263672, 
    "F_489_3": 21.951148986816406, 
    "F_954_3": Infinity, 
    "F_830_3": 22.071224212646484, 
    "F_582_3": 22.026798248291016, 
    "F_520_3": 22.098838806152344, 
    "F_892_3": 22.3978271484375
}