{
    "F_644_3": 19.3049259185791, 
    "F_551_3": 19.288450241088867, 
    "F_861_3": 18.892675399780273, 
    "id": "spec-2099-53469-0543-QSOs-201", 
    "F_675_3": 19.276742935180664, 
    "F_737_3": 19.123323440551758, 
    "F_396_3": 19.566036224365234, 
    "F_365_3": 19.595561981201172, 
    "F_613_3": 19.28510284423828, 
    "F_706_3": 19.195701599121094, 
    "F_923_3": 19.198345184326172, 
    "F_458_3": 19.25318717956543, 
    "F_768_3": 19.120092391967773, 
    "Z": 2.0106112957000732, 
    "F_799_3": 19.135513305664062, 
    "F_427_3": 19.48069953918457, 
    "F_489_3": 19.33798599243164, 
    "F_954_3": Infinity, 
    "F_830_3": 18.935131072998047, 
    "F_582_3": 19.159618377685547, 
    "F_520_3": 19.36528205871582, 
    "F_892_3": 19.053020477294922
}