{
    "F_644_3": 19.335969924926758, 
    "F_551_3": 19.29334831237793, 
    "F_861_3": 19.225147247314453, 
    "id": "spec-4448-55538-0446-QSOs-201", 
    "F_675_3": 19.282855987548828, 
    "F_737_3": 19.399112701416016, 
    "F_396_3": 19.926513671875, 
    "F_365_3": 19.76325225830078, 
    "F_613_3": 19.45804786682129, 
    "F_706_3": 19.414302825927734, 
    "F_923_3": 19.269804000854492, 
    "F_458_3": 19.610395431518555, 
    "F_768_3": 19.446121215820312, 
    "Z": 2.500147819519043, 
    "F_799_3": 19.356679916381836, 
    "F_427_3": 19.147050857543945, 
    "F_489_3": 19.526634216308594, 
    "F_954_3": 19.18525505065918, 
    "F_830_3": 19.29191780090332, 
    "F_582_3": 19.471389770507812, 
    "F_520_3": 19.48809242248535, 
    "F_892_3": 19.237869262695312
}