{
    "F_644_3": 21.16315460205078, 
    "F_551_3": 21.346723556518555, 
    "F_861_3": 20.55902862548828, 
    "id": "spec-6599-56567-0114-QSOs-201", 
    "F_675_3": 21.109954833984375, 
    "F_737_3": 20.88080406188965, 
    "F_396_3": 21.868501663208008, 
    "F_365_3": 21.482086181640625, 
    "F_613_3": 21.283308029174805, 
    "F_706_3": 20.982023239135742, 
    "F_923_3": 20.534791946411133, 
    "F_458_3": 21.88843536376953, 
    "F_768_3": 20.816951751708984, 
    "Z": 2.0141735076904297, 
    "F_799_3": 20.767822265625, 
    "F_427_3": 21.905864715576172, 
    "F_489_3": 21.528371810913086, 
    "F_954_3": 20.461502075195312, 
    "F_830_3": 20.50873565673828, 
    "F_582_3": 21.149669647216797, 
    "F_520_3": 21.521493911743164, 
    "F_892_3": 20.568023681640625
}