{
    "F_644_3": 19.82503318786621, 
    "F_551_3": 19.907865524291992, 
    "F_861_3": 19.2391357421875, 
    "id": "spec-4560-55575-0248-QSOs-201", 
    "F_675_3": 19.758832931518555, 
    "F_737_3": 19.47458267211914, 
    "F_396_3": 20.227643966674805, 
    "F_365_3": 20.141090393066406, 
    "F_613_3": 19.830184936523438, 
    "F_706_3": 19.600820541381836, 
    "F_923_3": 19.29723358154297, 
    "F_458_3": 20.360986709594727, 
    "F_768_3": 19.47627067565918, 
    "Z": 2.0126733779907227, 
    "F_799_3": 19.448612213134766, 
    "F_427_3": 20.451770782470703, 
    "F_489_3": 20.023021697998047, 
    "F_954_3": 19.22102928161621, 
    "F_830_3": 19.260631561279297, 
    "F_582_3": 19.717453002929688, 
    "F_520_3": 19.996522903442383, 
    "F_892_3": 19.25999641418457
}