{
    "F_644_3": 21.226472854614258, 
    "F_551_3": 20.994688034057617, 
    "F_861_3": 21.142972946166992, 
    "id": "spec-4979-56045-0993-QSOs-201", 
    "F_675_3": 21.14818000793457, 
    "F_737_3": 21.24772071838379, 
    "F_396_3": 21.820514678955078, 
    "F_365_3": 21.36976432800293, 
    "F_613_3": 21.254892349243164, 
    "F_706_3": 21.37235450744629, 
    "F_923_3": 21.072200775146484, 
    "F_458_3": 21.38131332397461, 
    "F_768_3": 21.31529998779297, 
    "Z": 2.5003323554992676, 
    "F_799_3": 21.21750259399414, 
    "F_427_3": 20.903045654296875, 
    "F_489_3": 21.368698120117188, 
    "F_954_3": 20.77179718017578, 
    "F_830_3": 21.16522979736328, 
    "F_582_3": 21.191410064697266, 
    "F_520_3": 21.338104248046875, 
    "F_892_3": 20.87272071838379
}