{
    "F_644_3": 22.44899559020996, 
    "F_551_3": 22.395296096801758, 
    "F_861_3": 21.742591857910156, 
    "id": "spec-6407-56311-0480-QSOs-201", 
    "F_675_3": 22.66962242126465, 
    "F_737_3": 22.543283462524414, 
    "F_396_3": 22.1409912109375, 
    "F_365_3": 21.381654739379883, 
    "F_613_3": 22.274160385131836, 
    "F_706_3": 22.50055503845215, 
    "F_923_3": 21.5444393157959, 
    "F_458_3": 22.29939079284668, 
    "F_768_3": 22.396947860717773, 
    "Z": 2.090359687805176, 
    "F_799_3": 22.310636520385742, 
    "F_427_3": 22.43232536315918, 
    "F_489_3": 21.847354888916016, 
    "F_954_3": 21.194795608520508, 
    "F_830_3": 22.13496208190918, 
    "F_582_3": 22.135601043701172, 
    "F_520_3": 22.461688995361328, 
    "F_892_3": 21.678133010864258
}