{
    "F_644_3": 20.555500030517578, 
    "F_551_3": 20.548368453979492, 
    "F_861_3": 20.197792053222656, 
    "id": "spec-6406-56330-0180-QSOs-201", 
    "F_675_3": 20.51555061340332, 
    "F_737_3": 20.308807373046875, 
    "F_396_3": 20.62433433532715, 
    "F_365_3": 19.964885711669922, 
    "F_613_3": 20.554548263549805, 
    "F_706_3": 20.39407730102539, 
    "F_923_3": 20.330501556396484, 
    "F_458_3": 20.355792999267578, 
    "F_768_3": 20.327749252319336, 
    "Z": 2.0105063915252686, 
    "F_799_3": 20.316932678222656, 
    "F_427_3": 20.575090408325195, 
    "F_489_3": 20.45442771911621, 
    "F_954_3": 20.140974044799805, 
    "F_830_3": 20.156192779541016, 
    "F_582_3": 20.460227966308594, 
    "F_520_3": 20.587404251098633, 
    "F_892_3": 20.299022674560547
}