{
    "F_644_3": 18.839675903320312, 
    "F_551_3": 18.919200897216797, 
    "F_861_3": 18.446184158325195, 
    "id": "spec-0516-52017-0619-QSOs-201", 
    "F_675_3": 18.799795150756836, 
    "F_737_3": 18.6221981048584, 
    "F_396_3": 18.988393783569336, 
    "F_365_3": 18.825498580932617, 
    "F_613_3": 18.888782501220703, 
    "F_706_3": 18.692380905151367, 
    "F_923_3": 18.602506637573242, 
    "F_458_3": 18.543224334716797, 
    "F_768_3": 18.585086822509766, 
    "Z": 2.015880823135376, 
    "F_799_3": 18.60219383239746, 
    "F_427_3": 18.975248336791992, 
    "F_489_3": 18.75513458251953, 
    "F_954_3": Infinity, 
    "F_830_3": 18.435745239257812, 
    "F_582_3": 18.773813247680664, 
    "F_520_3": 18.93277359008789, 
    "F_892_3": 18.55305290222168
}