{
    "F_644_3": 21.1108455657959, 
    "F_551_3": 20.73990821838379, 
    "F_861_3": 20.8900089263916, 
    "id": "spec-5036-55751-0296-QSOs-201", 
    "F_675_3": 20.930734634399414, 
    "F_737_3": 21.12027359008789, 
    "F_396_3": 21.981250762939453, 
    "F_365_3": 21.427759170532227, 
    "F_613_3": 21.192434310913086, 
    "F_706_3": 21.147937774658203, 
    "F_923_3": 20.740888595581055, 
    "F_458_3": 21.53548812866211, 
    "F_768_3": 21.092741012573242, 
    "Z": 2.501227855682373, 
    "F_799_3": 20.97931480407715, 
    "F_427_3": 20.909637451171875, 
    "F_489_3": 21.54977798461914, 
    "F_954_3": 20.473812103271484, 
    "F_830_3": 20.87899398803711, 
    "F_582_3": 21.220352172851562, 
    "F_520_3": 21.309255599975586, 
    "F_892_3": 20.79375648498535
}