{
    "F_644_3": 20.97715187072754, 
    "F_551_3": 21.011560440063477, 
    "F_861_3": 20.39552116394043, 
    "id": "spec-6181-56239-0974-QSOs-201", 
    "F_675_3": 20.956146240234375, 
    "F_737_3": 20.702011108398438, 
    "F_396_3": 21.593557357788086, 
    "F_365_3": 20.684619903564453, 
    "F_613_3": 20.967395782470703, 
    "F_706_3": 20.817779541015625, 
    "F_923_3": 20.62643051147461, 
    "F_458_3": 20.996021270751953, 
    "F_768_3": 20.692516326904297, 
    "Z": 2.01190185546875, 
    "F_799_3": 20.6769962310791, 
    "F_427_3": 21.444168090820312, 
    "F_489_3": 21.119279861450195, 
    "F_954_3": 20.516498565673828, 
    "F_830_3": 20.406721115112305, 
    "F_582_3": 20.821659088134766, 
    "F_520_3": 21.15326690673828, 
    "F_892_3": 20.534276962280273
}