{
    "F_644_3": 20.437427520751953, 
    "F_551_3": 20.580821990966797, 
    "F_861_3": 19.733692169189453, 
    "id": "spec-6442-56369-0388-QSOs-201", 
    "F_675_3": 20.35906410217285, 
    "F_737_3": 20.097084045410156, 
    "F_396_3": 21.259326934814453, 
    "F_365_3": 20.53498649597168, 
    "F_613_3": 20.466873168945312, 
    "F_706_3": 20.224124908447266, 
    "F_923_3": 20.031396865844727, 
    "F_458_3": 20.57976531982422, 
    "F_768_3": 20.003379821777344, 
    "Z": 2.0140762329101562, 
    "F_799_3": 20.002275466918945, 
    "F_427_3": 21.129770278930664, 
    "F_489_3": 20.718914031982422, 
    "F_954_3": 19.77159309387207, 
    "F_830_3": 19.743980407714844, 
    "F_582_3": 20.418319702148438, 
    "F_520_3": 20.775232315063477, 
    "F_892_3": 19.73732566833496
}