{
    "F_644_3": 19.977283477783203, 
    "F_551_3": 20.05381202697754, 
    "F_861_3": 19.474586486816406, 
    "id": "spec-7293-56741-0792-QSOs-201", 
    "F_675_3": 19.925024032592773, 
    "F_737_3": 19.728836059570312, 
    "F_396_3": 20.346553802490234, 
    "F_365_3": 19.69587516784668, 
    "F_613_3": 20.016103744506836, 
    "F_706_3": 19.817705154418945, 
    "F_923_3": 19.64112663269043, 
    "F_458_3": 19.923593521118164, 
    "F_768_3": 19.69740104675293, 
    "Z": 2.0112500190734863, 
    "F_799_3": 19.715662002563477, 
    "F_427_3": 20.277204513549805, 
    "F_489_3": 20.02737045288086, 
    "F_954_3": 19.53751564025879, 
    "F_830_3": 19.489099502563477, 
    "F_582_3": 19.870365142822266, 
    "F_520_3": 20.095447540283203, 
    "F_892_3": 19.572521209716797
}