{
    "F_644_3": 21.017131805419922, 
    "F_551_3": 21.031869888305664, 
    "F_861_3": 20.283411026000977, 
    "id": "spec-7306-56684-0083-QSOs-201", 
    "F_675_3": 20.970067977905273, 
    "F_737_3": 20.692184448242188, 
    "F_396_3": 21.217205047607422, 
    "F_365_3": 20.243558883666992, 
    "F_613_3": 21.082204818725586, 
    "F_706_3": 20.756568908691406, 
    "F_923_3": 20.617883682250977, 
    "F_458_3": 20.32707405090332, 
    "F_768_3": 20.652908325195312, 
    "Z": 2.011723756790161, 
    "F_799_3": 20.665300369262695, 
    "F_427_3": 21.21368980407715, 
    "F_489_3": 20.762161254882812, 
    "F_954_3": 20.548341751098633, 
    "F_830_3": 20.31772232055664, 
    "F_582_3": 20.777833938598633, 
    "F_520_3": 21.148052215576172, 
    "F_892_3": 20.546661376953125
}