{
    "F_644_3": 19.560649871826172, 
    "F_551_3": 19.555072784423828, 
    "F_861_3": 19.168745040893555, 
    "id": "spec-6973-56741-0240-QSOs-201", 
    "F_675_3": 19.566499710083008, 
    "F_737_3": 19.405256271362305, 
    "F_396_3": 19.45806121826172, 
    "F_365_3": 18.664770126342773, 
    "F_613_3": 19.6178035736084, 
    "F_706_3": 19.454374313354492, 
    "F_923_3": 19.355241775512695, 
    "F_458_3": 19.471689224243164, 
    "F_768_3": 19.399614334106445, 
    "Z": 2.0130670070648193, 
    "F_799_3": 19.392133712768555, 
    "F_427_3": 19.553571701049805, 
    "F_489_3": 19.53200912475586, 
    "F_954_3": 19.259721755981445, 
    "F_830_3": 19.164005279541016, 
    "F_582_3": 19.348865509033203, 
    "F_520_3": 19.63157081604004, 
    "F_892_3": 19.272069931030273
}