{
    "F_644_3": 19.08440399169922, 
    "F_551_3": 19.10652732849121, 
    "F_861_3": 18.685684204101562, 
    "id": "spec-0666-52149-0016-QSOs-201", 
    "F_675_3": 19.107765197753906, 
    "F_737_3": 18.96200180053711, 
    "F_396_3": 19.176973342895508, 
    "F_365_3": 18.73600959777832, 
    "F_613_3": 19.08309555053711, 
    "F_706_3": 19.023773193359375, 
    "F_923_3": 18.810300827026367, 
    "F_458_3": 19.137575149536133, 
    "F_768_3": 18.909191131591797, 
    "Z": 2.0933938026428223, 
    "F_799_3": 18.891315460205078, 
    "F_427_3": 19.187746047973633, 
    "F_489_3": 18.88744354248047, 
    "F_954_3": Infinity, 
    "F_830_3": 18.925846099853516, 
    "F_582_3": 18.927331924438477, 
    "F_520_3": 19.105072021484375, 
    "F_892_3": 18.796030044555664
}