{
    "F_644_3": 21.332080841064453, 
    "F_551_3": 21.12088394165039, 
    "F_861_3": 21.299867630004883, 
    "id": "spec-2968-54585-0363-QSOs-201", 
    "F_675_3": 21.39986228942871, 
    "F_737_3": 21.315759658813477, 
    "F_396_3": 20.96034049987793, 
    "F_365_3": 20.199298858642578, 
    "F_613_3": 21.21600914001465, 
    "F_706_3": 21.272533416748047, 
    "F_923_3": 22.198339462280273, 
    "F_458_3": 20.97150421142578, 
    "F_768_3": 21.345375061035156, 
    "Z": 2.0915822982788086, 
    "F_799_3": 21.458507537841797, 
    "F_427_3": 21.197160720825195, 
    "F_489_3": 20.488243103027344, 
    "F_954_3": Infinity, 
    "F_830_3": 21.042354583740234, 
    "F_582_3": 20.939598083496094, 
    "F_520_3": 20.982221603393555, 
    "F_892_3": 21.86204719543457
}