{
    "F_644_3": 18.84290885925293, 
    "F_551_3": 18.797922134399414, 
    "F_861_3": 18.720890045166016, 
    "id": "spec-2138-53757-0625-QSOs-201", 
    "F_675_3": 18.783565521240234, 
    "F_737_3": 18.885120391845703, 
    "F_396_3": 19.358135223388672, 
    "F_365_3": 19.430387496948242, 
    "F_613_3": 18.941669464111328, 
    "F_706_3": 18.90362548828125, 
    "F_923_3": 18.692977905273438, 
    "F_458_3": 19.08605194091797, 
    "F_768_3": 18.8858699798584, 
    "Z": 2.5010411739349365, 
    "F_799_3": 18.79180908203125, 
    "F_427_3": 18.650314331054688, 
    "F_489_3": 19.00988006591797, 
    "F_954_3": Infinity, 
    "F_830_3": 18.754974365234375, 
    "F_582_3": 18.937623977661133, 
    "F_520_3": 18.96828269958496, 
    "F_892_3": 18.705228805541992
}