{
    "F_644_3": 21.400297164916992, 
    "F_551_3": 21.3515682220459, 
    "F_861_3": 20.787887573242188, 
    "id": "spec-4201-55443-0468-QSOs-201", 
    "F_675_3": 21.34539222717285, 
    "F_737_3": 21.082128524780273, 
    "F_396_3": 21.579147338867188, 
    "F_365_3": 20.73935317993164, 
    "F_613_3": 21.384571075439453, 
    "F_706_3": 21.19577980041504, 
    "F_923_3": 20.89296531677246, 
    "F_458_3": 21.116960525512695, 
    "F_768_3": 21.02384376525879, 
    "Z": 2.0137202739715576, 
    "F_799_3": 21.044490814208984, 
    "F_427_3": 21.542688369750977, 
    "F_489_3": 21.29258918762207, 
    "F_954_3": 20.589265823364258, 
    "F_830_3": 20.784223556518555, 
    "F_582_3": 21.193010330200195, 
    "F_520_3": 21.45372772216797, 
    "F_892_3": 20.8367919921875
}