{
    "F_644_3": 21.168039321899414, 
    "F_551_3": 21.09151840209961, 
    "F_861_3": 21.081695556640625, 
    "id": "spec-6054-56089-0416-QSOs-201", 
    "F_675_3": 21.30075454711914, 
    "F_737_3": 21.252222061157227, 
    "F_396_3": 20.985183715820312, 
    "F_365_3": 20.910053253173828, 
    "F_613_3": 21.141376495361328, 
    "F_706_3": 21.28766441345215, 
    "F_923_3": 21.439804077148438, 
    "F_458_3": 21.092967987060547, 
    "F_768_3": 21.231534957885742, 
    "Z": 2.0919501781463623, 
    "F_799_3": 21.278656005859375, 
    "F_427_3": 21.06597900390625, 
    "F_489_3": 20.965200424194336, 
    "F_954_3": 21.503803253173828, 
    "F_830_3": 21.36690902709961, 
    "F_582_3": 21.000307083129883, 
    "F_520_3": 21.13079261779785, 
    "F_892_3": 21.303407669067383
}