{
    "F_644_3": 19.835214614868164, 
    "F_551_3": 19.860815048217773, 
    "F_861_3": 19.440719604492188, 
    "id": "spec-2968-54585-0011-QSOs-201", 
    "F_675_3": 19.76708984375, 
    "F_737_3": 19.602264404296875, 
    "F_396_3": 20.09766960144043, 
    "F_365_3": 19.77410125732422, 
    "F_613_3": 19.857141494750977, 
    "F_706_3": 19.681467056274414, 
    "F_923_3": 19.610963821411133, 
    "F_458_3": 19.75824737548828, 
    "F_768_3": 19.636735916137695, 
    "Z": 2.0142765045166016, 
    "F_799_3": 19.601634979248047, 
    "F_427_3": 20.034128189086914, 
    "F_489_3": 19.841278076171875, 
    "F_954_3": Infinity, 
    "F_830_3": 19.372713088989258, 
    "F_582_3": 19.663755416870117, 
    "F_520_3": 19.94099235534668, 
    "F_892_3": 19.61739730834961
}