{
    "F_644_3": 19.159608840942383, 
    "F_551_3": 19.38589859008789, 
    "F_861_3": 18.534997940063477, 
    "id": "spec-2151-54523-0496-QSOs-201", 
    "F_675_3": 19.01038360595703, 
    "F_737_3": 18.74939727783203, 
    "F_396_3": 19.855819702148438, 
    "F_365_3": 19.593034744262695, 
    "F_613_3": 19.244935989379883, 
    "F_706_3": 18.84408187866211, 
    "F_923_3": 18.680343627929688, 
    "F_458_3": 19.587610244750977, 
    "F_768_3": 18.714385986328125, 
    "Z": 2.0143046379089355, 
    "F_799_3": 18.7286434173584, 
    "F_427_3": 19.821121215820312, 
    "F_489_3": 19.524703979492188, 
    "F_954_3": Infinity, 
    "F_830_3": 18.51627540588379, 
    "F_582_3": 19.200183868408203, 
    "F_520_3": 19.51082420349121, 
    "F_892_3": 18.584821701049805
}