{
    "F_644_3": 18.78963851928711, 
    "F_551_3": 18.801034927368164, 
    "F_861_3": 18.284025192260742, 
    "id": "spec-0294-51986-0093-QSOs-201", 
    "F_675_3": 18.77111053466797, 
    "F_737_3": 18.542381286621094, 
    "F_396_3": 18.880573272705078, 
    "F_365_3": 18.664621353149414, 
    "F_613_3": 18.794265747070312, 
    "F_706_3": 18.620655059814453, 
    "F_923_3": 18.41792106628418, 
    "F_458_3": 18.61188507080078, 
    "F_768_3": 18.51346206665039, 
    "Z": 2.014817476272583, 
    "F_799_3": 18.496475219726562, 
    "F_427_3": 18.872507095336914, 
    "F_489_3": 18.768844604492188, 
    "F_954_3": Infinity, 
    "F_830_3": 18.344085693359375, 
    "F_582_3": 18.605928421020508, 
    "F_520_3": 18.84914779663086, 
    "F_892_3": 18.38540267944336
}