{
    "F_644_3": 17.882022857666016, 
    "F_551_3": 18.012144088745117, 
    "F_861_3": 17.375137329101562, 
    "id": "spec-4218-55479-0147-QSOs-201", 
    "F_675_3": 17.852874755859375, 
    "F_737_3": 17.652687072753906, 
    "F_396_3": 17.893512725830078, 
    "F_365_3": 17.649250030517578, 
    "F_613_3": 17.943988800048828, 
    "F_706_3": 17.815153121948242, 
    "F_923_3": 17.452373504638672, 
    "F_458_3": 18.13504409790039, 
    "F_768_3": 17.651630401611328, 
    "Z": 2.091869354248047, 
    "F_799_3": 17.587080001831055, 
    "F_427_3": 18.102907180786133, 
    "F_489_3": 17.8565673828125, 
    "F_954_3": 17.482057571411133, 
    "F_830_3": 17.65778923034668, 
    "F_582_3": 17.796401977539062, 
    "F_520_3": 18.01723861694336, 
    "F_892_3": 17.469970703125
}