{
    "F_644_3": 19.64171028137207, 
    "F_551_3": 19.587270736694336, 
    "F_861_3": 19.158353805541992, 
    "id": "spec-6809-56454-0333-QSOs-201", 
    "F_675_3": 19.61077117919922, 
    "F_737_3": 19.426101684570312, 
    "F_396_3": 19.861858367919922, 
    "F_365_3": 19.142030715942383, 
    "F_613_3": 19.626419067382812, 
    "F_706_3": 19.484375, 
    "F_923_3": 19.289274215698242, 
    "F_458_3": 19.492477416992188, 
    "F_768_3": 19.382858276367188, 
    "Z": 2.011549472808838, 
    "F_799_3": 19.404464721679688, 
    "F_427_3": 19.80177116394043, 
    "F_489_3": 19.646583557128906, 
    "F_954_3": 19.06523895263672, 
    "F_830_3": 19.176193237304688, 
    "F_582_3": 19.411958694458008, 
    "F_520_3": 19.674358367919922, 
    "F_892_3": 19.21530532836914
}