{
    "F_644_3": Infinity, 
    "F_551_3": 18.70937156677246, 
    "F_861_3": Infinity, 
    "id": "spec-0341-51690-0490-QSOs-201", 
    "F_675_3": Infinity, 
    "F_737_3": Infinity, 
    "F_396_3": 18.893569946289062, 
    "F_365_3": 18.79579734802246, 
    "F_613_3": 18.685510635375977, 
    "F_706_3": Infinity, 
    "F_923_3": Infinity, 
    "F_458_3": 18.58953857421875, 
    "F_768_3": Infinity, 
    "Z": 2.0141103267669678, 
    "F_799_3": Infinity, 
    "F_427_3": 18.889585494995117, 
    "F_489_3": 18.733116149902344, 
    "F_954_3": Infinity, 
    "F_830_3": Infinity, 
    "F_582_3": 18.540128707885742, 
    "F_520_3": 18.796037673950195, 
    "F_892_3": Infinity
}