{
    "F_644_3": 20.34051513671875, 
    "F_551_3": 20.22883415222168, 
    "F_861_3": 19.91029930114746, 
    "id": "spec-7088-56657-0334-QSOs-201", 
    "F_675_3": 20.355226516723633, 
    "F_737_3": 20.161413192749023, 
    "F_396_3": 20.132354736328125, 
    "F_365_3": 19.328943252563477, 
    "F_613_3": 20.37664794921875, 
    "F_706_3": 20.181859970092773, 
    "F_923_3": 20.08346939086914, 
    "F_458_3": 19.86463165283203, 
    "F_768_3": 20.113666534423828, 
    "Z": 2.0112006664276123, 
    "F_799_3": 20.144100189208984, 
    "F_427_3": 20.205625534057617, 
    "F_489_3": 20.142047882080078, 
    "F_954_3": 19.710647583007812, 
    "F_830_3": 19.869945526123047, 
    "F_582_3": 20.156299591064453, 
    "F_520_3": 20.311939239501953, 
    "F_892_3": 19.959482192993164
}