{
    "F_644_3": 18.999372482299805, 
    "F_551_3": 19.043670654296875, 
    "F_861_3": 18.527387619018555, 
    "id": "spec-0567-52252-0531-QSOs-201", 
    "F_675_3": 18.94844627380371, 
    "F_737_3": 18.743030548095703, 
    "F_396_3": 19.305286407470703, 
    "F_365_3": 19.197057723999023, 
    "F_613_3": 19.018835067749023, 
    "F_706_3": 18.820802688598633, 
    "F_923_3": 18.687278747558594, 
    "F_458_3": 18.98674964904785, 
    "F_768_3": 18.709463119506836, 
    "Z": 2.015109062194824, 
    "F_799_3": 18.742334365844727, 
    "F_427_3": 19.210542678833008, 
    "F_489_3": 19.050235748291016, 
    "F_954_3": Infinity, 
    "F_830_3": 18.592008590698242, 
    "F_582_3": 18.851469039916992, 
    "F_520_3": 19.108745574951172, 
    "F_892_3": 18.610652923583984
}