{
    "F_644_3": 19.499860763549805, 
    "F_551_3": 19.535497665405273, 
    "F_861_3": 18.992061614990234, 
    "id": "spec-6688-56412-0404-QSOs-201", 
    "F_675_3": 19.48710823059082, 
    "F_737_3": 19.299503326416016, 
    "F_396_3": 19.753185272216797, 
    "F_365_3": 19.191566467285156, 
    "F_613_3": 19.51137924194336, 
    "F_706_3": 19.362852096557617, 
    "F_923_3": 19.194732666015625, 
    "F_458_3": 19.457233428955078, 
    "F_768_3": 19.259201049804688, 
    "Z": 2.0141942501068115, 
    "F_799_3": 19.254661560058594, 
    "F_427_3": 19.697484970092773, 
    "F_489_3": 19.537588119506836, 
    "F_954_3": 19.122102737426758, 
    "F_830_3": 19.050378799438477, 
    "F_582_3": 19.353290557861328, 
    "F_520_3": 19.614978790283203, 
    "F_892_3": 19.116472244262695
}