{
    "F_644_3": 18.755340576171875, 
    "F_551_3": 18.908544540405273, 
    "F_861_3": 18.187488555908203, 
    "id": "spec-0878-52353-0560-QSOs-201", 
    "F_675_3": 18.670902252197266, 
    "F_737_3": 18.452251434326172, 
    "F_396_3": 19.224994659423828, 
    "F_365_3": 19.077062606811523, 
    "F_613_3": 18.836021423339844, 
    "F_706_3": 18.55669403076172, 
    "F_923_3": 18.245891571044922, 
    "F_458_3": 18.90459442138672, 
    "F_768_3": 18.417922973632812, 
    "Z": 2.011861562728882, 
    "F_799_3": 18.373455047607422, 
    "F_427_3": 19.153139114379883, 
    "F_489_3": 18.972013473510742, 
    "F_954_3": Infinity, 
    "F_830_3": 18.165451049804688, 
    "F_582_3": 18.697940826416016, 
    "F_520_3": 19.01444435119629, 
    "F_892_3": 18.236404418945312
}