{
    "F_644_3": 20.109989166259766, 
    "F_551_3": 20.18754768371582, 
    "F_861_3": 19.57370948791504, 
    "id": "spec-6831-56426-0118-QSOs-201", 
    "F_675_3": 20.124958038330078, 
    "F_737_3": 19.972957611083984, 
    "F_396_3": 19.93923568725586, 
    "F_365_3": 19.79779815673828, 
    "F_613_3": 20.08660316467285, 
    "F_706_3": 20.034061431884766, 
    "F_923_3": 19.74003791809082, 
    "F_458_3": 20.188222885131836, 
    "F_768_3": 19.924726486206055, 
    "Z": 2.0901668071746826, 
    "F_799_3": 19.901369094848633, 
    "F_427_3": 20.165176391601562, 
    "F_489_3": 19.912534713745117, 
    "F_954_3": 19.859500885009766, 
    "F_830_3": 19.88862419128418, 
    "F_582_3": 19.961442947387695, 
    "F_520_3": 20.164749145507812, 
    "F_892_3": 19.764894485473633
}