{
    "F_644_3": 19.434432983398438, 
    "F_551_3": 19.265953063964844, 
    "F_861_3": 19.20410919189453, 
    "id": "spec-6973-56741-0608-QSOs-201", 
    "F_675_3": 19.494230270385742, 
    "F_737_3": 19.34165382385254, 
    "F_396_3": 19.257373809814453, 
    "F_365_3": 18.633665084838867, 
    "F_613_3": 19.38374137878418, 
    "F_706_3": 19.381881713867188, 
    "F_923_3": 19.412546157836914, 
    "F_458_3": 19.19379425048828, 
    "F_768_3": 19.3609561920166, 
    "Z": 2.0124404430389404, 
    "F_799_3": 19.413053512573242, 
    "F_427_3": 19.277076721191406, 
    "F_489_3": 19.31020736694336, 
    "F_954_3": 19.373775482177734, 
    "F_830_3": 19.24781036376953, 
    "F_582_3": 19.188358306884766, 
    "F_520_3": 19.31582260131836, 
    "F_892_3": 19.31912612915039
}