{
    "F_644_3": 22.077409744262695, 
    "F_551_3": 21.984617233276367, 
    "F_861_3": 21.618328094482422, 
    "id": "spec-7407-56772-0282-QSOs-201", 
    "F_675_3": 22.072296142578125, 
    "F_737_3": 21.873111724853516, 
    "F_396_3": 22.376585006713867, 
    "F_365_3": 21.506925582885742, 
    "F_613_3": 22.015718460083008, 
    "F_706_3": 21.868282318115234, 
    "F_923_3": 21.72403907775879, 
    "F_458_3": 22.1475830078125, 
    "F_768_3": 21.75846290588379, 
    "Z": 2.0140862464904785, 
    "F_799_3": 21.933752059936523, 
    "F_427_3": 22.371204376220703, 
    "F_489_3": 22.189504623413086, 
    "F_954_3": 21.211275100708008, 
    "F_830_3": 21.675378799438477, 
    "F_582_3": 21.866392135620117, 
    "F_520_3": 22.177383422851562, 
    "F_892_3": 21.631885528564453
}