{
    "F_644_3": 23.205120086669922, 
    "F_551_3": 22.819204330444336, 
    "F_861_3": Infinity, 
    "id": "spec-6829-56453-0574-QSOs-201", 
    "F_675_3": 23.391599655151367, 
    "F_737_3": 23.304962158203125, 
    "F_396_3": 22.297405242919922, 
    "F_365_3": 21.589147567749023, 
    "F_613_3": 22.933277130126953, 
    "F_706_3": 23.363269805908203, 
    "F_923_3": Infinity, 
    "F_458_3": 22.898517608642578, 
    "F_768_3": Infinity, 
    "Z": 2.0918569564819336, 
    "F_799_3": Infinity, 
    "F_427_3": 22.613962173461914, 
    "F_489_3": 22.666950225830078, 
    "F_954_3": Infinity, 
    "F_830_3": Infinity, 
    "F_582_3": 22.717859268188477, 
    "F_520_3": 23.000465393066406, 
    "F_892_3": Infinity
}