{
    "F_644_3": 20.101734161376953, 
    "F_551_3": 20.170560836791992, 
    "F_861_3": 19.53644561767578, 
    "id": "spec-0795-52378-0026-QSOs-201", 
    "F_675_3": 20.010269165039062, 
    "F_737_3": 19.756698608398438, 
    "F_396_3": 20.320934295654297, 
    "F_365_3": 19.897127151489258, 
    "F_613_3": 20.13545799255371, 
    "F_706_3": 19.863929748535156, 
    "F_923_3": 19.614139556884766, 
    "F_458_3": 19.928281784057617, 
    "F_768_3": 19.75048828125, 
    "Z": 2.0143511295318604, 
    "F_799_3": 19.787860870361328, 
    "F_427_3": 20.320785522460938, 
    "F_489_3": 20.11556053161621, 
    "F_954_3": Infinity, 
    "F_830_3": 19.500389099121094, 
    "F_582_3": 19.94163703918457, 
    "F_520_3": 20.205175399780273, 
    "F_892_3": 19.549837112426758
}