{
    "F_644_3": 20.465682983398438, 
    "F_551_3": 20.338008880615234, 
    "F_861_3": 20.24336051940918, 
    "id": "spec-2878-54465-0247-QSOs-201", 
    "F_675_3": 20.46117401123047, 
    "F_737_3": 20.303585052490234, 
    "F_396_3": 20.238807678222656, 
    "F_365_3": 20.242761611938477, 
    "F_613_3": 20.369876861572266, 
    "F_706_3": 20.40332794189453, 
    "F_923_3": 20.45840835571289, 
    "F_458_3": 20.050823211669922, 
    "F_768_3": 20.31693458557129, 
    "Z": 2.0102577209472656, 
    "F_799_3": 20.457332611083984, 
    "F_427_3": 20.230648040771484, 
    "F_489_3": 20.236244201660156, 
    "F_954_3": Infinity, 
    "F_830_3": 20.140710830688477, 
    "F_582_3": 20.19339370727539, 
    "F_520_3": 20.37554168701172, 
    "F_892_3": 20.239389419555664
}