{
    "F_644_3": 19.565731048583984, 
    "F_551_3": 19.708337783813477, 
    "F_861_3": Infinity, 
    "id": "spec-7378-56715-0884-QSOs-201", 
    "F_675_3": 19.519357681274414, 
    "F_737_3": 19.236278533935547, 
    "F_396_3": 20.086820602416992, 
    "F_365_3": 19.244659423828125, 
    "F_613_3": 19.599918365478516, 
    "F_706_3": 19.337738037109375, 
    "F_923_3": Infinity, 
    "F_458_3": 19.88920021057129, 
    "F_768_3": 19.203542709350586, 
    "Z": 2.0130112171173096, 
    "F_799_3": Infinity, 
    "F_427_3": 20.061857223510742, 
    "F_489_3": 19.87375259399414, 
    "F_954_3": 18.944883346557617, 
    "F_830_3": Infinity, 
    "F_582_3": 19.409536361694336, 
    "F_520_3": 19.809127807617188, 
    "F_892_3": Infinity
}