{
    "F_644_3": 20.15638542175293, 
    "F_551_3": 19.995616912841797, 
    "F_861_3": 19.500572204589844, 
    "id": "spec-7163-56593-0008-QSOs-201", 
    "F_675_3": 20.10081672668457, 
    "F_737_3": 19.857006072998047, 
    "F_396_3": 21.111398696899414, 
    "F_365_3": 20.46734619140625, 
    "F_613_3": 20.2003173828125, 
    "F_706_3": 19.962158203125, 
    "F_923_3": 19.588478088378906, 
    "F_458_3": 20.461692810058594, 
    "F_768_3": 19.83090591430664, 
    "Z": 2.0121514797210693, 
    "F_799_3": 19.768892288208008, 
    "F_427_3": 20.836223602294922, 
    "F_489_3": 20.444808959960938, 
    "F_954_3": 19.318832397460938, 
    "F_830_3": 19.57302474975586, 
    "F_582_3": 20.03864860534668, 
    "F_520_3": 20.380491256713867, 
    "F_892_3": 19.47809600830078
}