{
    "F_644_3": 20.677202224731445, 
    "F_551_3": 20.961076736450195, 
    "F_861_3": 19.884449005126953, 
    "id": "spec-7327-56715-0143-QSOs-201", 
    "F_675_3": 20.576148986816406, 
    "F_737_3": 20.313081741333008, 
    "F_396_3": 21.624658584594727, 
    "F_365_3": 21.0523681640625, 
    "F_613_3": 20.813766479492188, 
    "F_706_3": 20.41687774658203, 
    "F_923_3": 19.841585159301758, 
    "F_458_3": 21.267969131469727, 
    "F_768_3": 20.230745315551758, 
    "Z": 2.0104644298553467, 
    "F_799_3": 20.17144775390625, 
    "F_427_3": 21.50709342956543, 
    "F_489_3": 21.169387817382812, 
    "F_954_3": 19.750946044921875, 
    "F_830_3": 19.976585388183594, 
    "F_582_3": 20.707138061523438, 
    "F_520_3": 21.12956428527832, 
    "F_892_3": 19.879749298095703
}