{
    "F_644_3": 20.74685287475586, 
    "F_551_3": 20.724206924438477, 
    "F_861_3": 20.195446014404297, 
    "id": "spec-1114-53179-0056-QSOs-201", 
    "F_675_3": 20.670873641967773, 
    "F_737_3": 20.408531188964844, 
    "F_396_3": 20.750736236572266, 
    "F_365_3": 20.804122924804688, 
    "F_613_3": 20.8035831451416, 
    "F_706_3": 20.54439353942871, 
    "F_923_3": 20.039756774902344, 
    "F_458_3": 20.32276153564453, 
    "F_768_3": 20.302104949951172, 
    "Z": 2.0142126083374023, 
    "F_799_3": 20.452392578125, 
    "F_427_3": 20.73395347595215, 
    "F_489_3": 20.671009063720703, 
    "F_954_3": Infinity, 
    "F_830_3": 20.0847110748291, 
    "F_582_3": 20.573728561401367, 
    "F_520_3": 20.768539428710938, 
    "F_892_3": 20.223600387573242
}