{
    "F_644_3": 19.47568702697754, 
    "F_551_3": 19.517244338989258, 
    "F_861_3": 19.231651306152344, 
    "id": "spec-6701-56367-0768-QSOs-201", 
    "F_675_3": 19.366247177124023, 
    "F_737_3": 19.3992919921875, 
    "F_396_3": Infinity, 
    "F_365_3": Infinity, 
    "F_613_3": 19.617637634277344, 
    "F_706_3": 19.468463897705078, 
    "F_923_3": 19.131040573120117, 
    "F_458_3": Infinity, 
    "F_768_3": 19.39101219177246, 
    "Z": 2.500469207763672, 
    "F_799_3": 19.34377670288086, 
    "F_427_3": Infinity, 
    "F_489_3": Infinity, 
    "F_954_3": 19.12100601196289, 
    "F_830_3": 19.244876861572266, 
    "F_582_3": 19.651227951049805, 
    "F_520_3": 19.864837646484375, 
    "F_892_3": 19.14885902404785
}