{
    "F_644_3": 22.798583984375, 
    "F_551_3": 22.634357452392578, 
    "F_861_3": 21.90250587463379, 
    "id": "spec-5352-56269-0498-QSOs-201", 
    "F_675_3": 22.760332107543945, 
    "F_737_3": 22.776979446411133, 
    "F_396_3": 22.166772842407227, 
    "F_365_3": 21.281862258911133, 
    "F_613_3": 22.57921028137207, 
    "F_706_3": 22.90021324157715, 
    "F_923_3": 21.2248477935791, 
    "F_458_3": 22.173696517944336, 
    "F_768_3": Infinity, 
    "Z": 2.011859178543091, 
    "F_799_3": Infinity, 
    "F_427_3": 22.404666900634766, 
    "F_489_3": 22.5526123046875, 
    "F_954_3": 20.158206939697266, 
    "F_830_3": 22.049217224121094, 
    "F_582_3": 22.54572868347168, 
    "F_520_3": 22.706296920776367, 
    "F_892_3": 21.339494705200195
}