{
    "F_644_3": 20.42523956298828, 
    "F_551_3": 20.243087768554688, 
    "F_861_3": 20.336400985717773, 
    "id": "spec-5429-55979-0476-QSOs-201", 
    "F_675_3": 20.351621627807617, 
    "F_737_3": 20.567594528198242, 
    "F_396_3": 20.802888870239258, 
    "F_365_3": 20.617847442626953, 
    "F_613_3": 20.578556060791016, 
    "F_706_3": 20.576662063598633, 
    "F_923_3": 20.2412109375, 
    "F_458_3": 20.563823699951172, 
    "F_768_3": 20.564952850341797, 
    "Z": 2.5008864402770996, 
    "F_799_3": 20.436569213867188, 
    "F_427_3": 20.03433609008789, 
    "F_489_3": 20.550277709960938, 
    "F_954_3": 19.82346534729004, 
    "F_830_3": 20.417009353637695, 
    "F_582_3": 20.556053161621094, 
    "F_520_3": 20.538978576660156, 
    "F_892_3": 20.129777908325195
}