{
    "F_644_3": 19.553298950195312, 
    "F_551_3": 19.64891815185547, 
    "F_861_3": 18.905248641967773, 
    "id": "spec-6621-56366-0744-QSOs-201", 
    "F_675_3": 19.590618133544922, 
    "F_737_3": 19.364595413208008, 
    "F_396_3": 19.412879943847656, 
    "F_365_3": 19.094457626342773, 
    "F_613_3": 19.61183738708496, 
    "F_706_3": 19.464454650878906, 
    "F_923_3": 19.134960174560547, 
    "F_458_3": 19.826993942260742, 
    "F_768_3": 19.2867374420166, 
    "Z": 2.0911614894866943, 
    "F_799_3": 19.265405654907227, 
    "F_427_3": 19.783313751220703, 
    "F_489_3": 19.493227005004883, 
    "F_954_3": 19.208803176879883, 
    "F_830_3": 19.230749130249023, 
    "F_582_3": 19.3704833984375, 
    "F_520_3": 19.7104434967041, 
    "F_892_3": 19.087682723999023
}