{
    "F_644_3": 19.598512649536133, 
    "F_551_3": 19.50472640991211, 
    "F_861_3": 19.27629852294922, 
    "id": "spec-6634-56367-0910-QSOs-201", 
    "F_675_3": 19.590415954589844, 
    "F_737_3": 19.461606979370117, 
    "F_396_3": 19.618587493896484, 
    "F_365_3": 18.9320068359375, 
    "F_613_3": 19.562562942504883, 
    "F_706_3": 19.501747131347656, 
    "F_923_3": 19.492887496948242, 
    "F_458_3": 19.40304183959961, 
    "F_768_3": 19.44251251220703, 
    "Z": 2.0142288208007812, 
    "F_799_3": 19.459552764892578, 
    "F_427_3": 19.602750778198242, 
    "F_489_3": 19.54769515991211, 
    "F_954_3": 19.344587326049805, 
    "F_830_3": 19.300474166870117, 
    "F_582_3": 19.401681900024414, 
    "F_520_3": 19.56977081298828, 
    "F_892_3": 19.39194679260254
}