{
    "F_644_3": 21.479595184326172, 
    "F_551_3": 21.390974044799805, 
    "F_861_3": 21.50711441040039, 
    "id": "spec-3978-55330-0364-QSOs-201", 
    "F_675_3": 21.324186325073242, 
    "F_737_3": 21.660236358642578, 
    "F_396_3": 22.347726821899414, 
    "F_365_3": 21.960596084594727, 
    "F_613_3": 21.516902923583984, 
    "F_706_3": 21.579029083251953, 
    "F_923_3": 21.50871467590332, 
    "F_458_3": 21.924747467041016, 
    "F_768_3": 21.788515090942383, 
    "Z": 2.5031685829162598, 
    "F_799_3": 21.615724563598633, 
    "F_427_3": 21.530675888061523, 
    "F_489_3": 21.871278762817383, 
    "F_954_3": 21.321077346801758, 
    "F_830_3": 21.524770736694336, 
    "F_582_3": 21.525516510009766, 
    "F_520_3": 21.853303909301758, 
    "F_892_3": 21.598020553588867
}