{
    "F_644_3": 20.921518325805664, 
    "F_551_3": 20.873863220214844, 
    "F_861_3": 20.583005905151367, 
    "id": "spec-6448-56365-0480-QSOs-201", 
    "F_675_3": 20.917688369750977, 
    "F_737_3": 20.84505271911621, 
    "F_396_3": 21.087995529174805, 
    "F_365_3": 20.395030975341797, 
    "F_613_3": 20.851924896240234, 
    "F_706_3": 20.7995662689209, 
    "F_923_3": 20.65029525756836, 
    "F_458_3": 20.720346450805664, 
    "F_768_3": 20.804861068725586, 
    "Z": 2.0136771202087402, 
    "F_799_3": 20.83635139465332, 
    "F_427_3": 21.032556533813477, 
    "F_489_3": 20.837444305419922, 
    "F_954_3": 20.470468521118164, 
    "F_830_3": 20.581148147583008, 
    "F_582_3": 20.712570190429688, 
    "F_520_3": 20.979246139526367, 
    "F_892_3": 20.77166175842285
}