{
    "F_644_3": 20.039087295532227, 
    "F_551_3": 20.081382751464844, 
    "F_861_3": 19.599729537963867, 
    "id": "spec-6804-56447-0108-QSOs-201", 
    "F_675_3": 19.99825096130371, 
    "F_737_3": 19.789064407348633, 
    "F_396_3": 20.5593204498291, 
    "F_365_3": 19.740741729736328, 
    "F_613_3": 20.049732208251953, 
    "F_706_3": 19.87281608581543, 
    "F_923_3": 19.807416915893555, 
    "F_458_3": 20.059404373168945, 
    "F_768_3": 19.778141021728516, 
    "Z": 2.0117995738983154, 
    "F_799_3": 19.802125930786133, 
    "F_427_3": 20.384532928466797, 
    "F_489_3": 20.182273864746094, 
    "F_954_3": 19.777084350585938, 
    "F_830_3": 19.557884216308594, 
    "F_582_3": 19.887765884399414, 
    "F_520_3": 20.206077575683594, 
    "F_892_3": 19.7601318359375
}