{
    "F_644_3": 21.316307067871094, 
    "F_551_3": 20.87938117980957, 
    "F_861_3": 20.814104080200195, 
    "id": "spec-3752-55236-0796-QSOs-201", 
    "F_675_3": 21.24566078186035, 
    "F_737_3": 21.266286849975586, 
    "F_396_3": 21.462886810302734, 
    "F_365_3": 21.228361129760742, 
    "F_613_3": 21.310256958007812, 
    "F_706_3": 21.38535499572754, 
    "F_923_3": 20.880830764770508, 
    "F_458_3": 21.214828491210938, 
    "F_768_3": 21.20599365234375, 
    "Z": 2.5011966228485107, 
    "F_799_3": 21.006031036376953, 
    "F_427_3": 20.754066467285156, 
    "F_489_3": 21.198627471923828, 
    "F_954_3": 20.784360885620117, 
    "F_830_3": 20.87677574157715, 
    "F_582_3": 21.05799674987793, 
    "F_520_3": 21.097623825073242, 
    "F_892_3": 20.8549747467041
}