{
    "F_644_3": 20.471948623657227, 
    "F_551_3": 20.52730941772461, 
    "F_861_3": 19.666547775268555, 
    "id": "spec-0697-52226-0211-QSOs-201", 
    "F_675_3": 20.41742706298828, 
    "F_737_3": 20.147140502929688, 
    "F_396_3": 20.84774398803711, 
    "F_365_3": 20.676298141479492, 
    "F_613_3": 20.53329086303711, 
    "F_706_3": 20.323955535888672, 
    "F_923_3": 19.854528427124023, 
    "F_458_3": 20.59880256652832, 
    "F_768_3": 20.035673141479492, 
    "Z": 2.0102362632751465, 
    "F_799_3": 19.9797306060791, 
    "F_427_3": 20.956584930419922, 
    "F_489_3": 20.700464248657227, 
    "F_954_3": Infinity, 
    "F_830_3": 19.750282287597656, 
    "F_582_3": 20.337526321411133, 
    "F_520_3": 20.701801300048828, 
    "F_892_3": 19.32391929626465
}