{
    "F_644_3": 20.03157615661621, 
    "F_551_3": 19.77196502685547, 
    "F_861_3": Infinity, 
    "id": "spec-0676-52174-0496-QSOs-201", 
    "F_675_3": 20.16512107849121, 
    "F_737_3": 20.25904083251953, 
    "F_396_3": 19.39014434814453, 
    "F_365_3": 19.34195327758789, 
    "F_613_3": 19.87038803100586, 
    "F_706_3": 20.16762351989746, 
    "F_923_3": 19.126657485961914, 
    "F_458_3": 19.621112823486328, 
    "F_768_3": 20.079984664916992, 
    "Z": 2.0140130519866943, 
    "F_799_3": 20.103313446044922, 
    "F_427_3": 19.531618118286133, 
    "F_489_3": 19.708669662475586, 
    "F_954_3": Infinity, 
    "F_830_3": 20.06839370727539, 
    "F_582_3": 19.65178108215332, 
    "F_520_3": 19.763423919677734, 
    "F_892_3": 19.55008316040039
}