{
    "F_644_3": 20.939966201782227, 
    "F_551_3": 20.97561264038086, 
    "F_861_3": 20.2644100189209, 
    "id": "spec-7515-56781-0599-QSOs-201", 
    "F_675_3": 20.92302894592285, 
    "F_737_3": 20.62998390197754, 
    "F_396_3": 21.128681182861328, 
    "F_365_3": 20.186153411865234, 
    "F_613_3": 20.940109252929688, 
    "F_706_3": 20.79346466064453, 
    "F_923_3": 20.61053466796875, 
    "F_458_3": 20.655643463134766, 
    "F_768_3": 20.580930709838867, 
    "Z": 2.0119688510894775, 
    "F_799_3": 20.575862884521484, 
    "F_427_3": 21.132070541381836, 
    "F_489_3": 20.959665298461914, 
    "F_954_3": 20.458547592163086, 
    "F_830_3": 20.27897071838379, 
    "F_582_3": 20.6824893951416, 
    "F_520_3": 21.07717514038086, 
    "F_892_3": 20.435632705688477
}