{
    "F_644_3": 20.064769744873047, 
    "F_551_3": 20.002357482910156, 
    "F_861_3": 19.896194458007812, 
    "id": "spec-3871-55307-0686-QSOs-201", 
    "F_675_3": 19.95989418029785, 
    "F_737_3": 20.079792022705078, 
    "F_396_3": 20.785701751708984, 
    "F_365_3": 20.410009384155273, 
    "F_613_3": 20.244924545288086, 
    "F_706_3": 20.135080337524414, 
    "F_923_3": 19.92926597595215, 
    "F_458_3": 20.462900161743164, 
    "F_768_3": 20.15736198425293, 
    "Z": 2.501148223876953, 
    "F_799_3": 20.067102432250977, 
    "F_427_3": 19.904577255249023, 
    "F_489_3": 20.320613861083984, 
    "F_954_3": 19.825586318969727, 
    "F_830_3": 19.97096061706543, 
    "F_582_3": 20.23366928100586, 
    "F_520_3": 20.295949935913086, 
    "F_892_3": 19.89649772644043
}