{
    "F_644_3": 21.24138832092285, 
    "F_551_3": 21.419921875, 
    "F_861_3": 20.34396743774414, 
    "id": "spec-4619-55599-0138-QSOs-201", 
    "F_675_3": 21.147512435913086, 
    "F_737_3": 20.763103485107422, 
    "F_396_3": 22.047161102294922, 
    "F_365_3": 21.277734756469727, 
    "F_613_3": 21.34901237487793, 
    "F_706_3": 20.89171600341797, 
    "F_923_3": 20.482730865478516, 
    "F_458_3": 21.120615005493164, 
    "F_768_3": 20.730436325073242, 
    "Z": 2.013054370880127, 
    "F_799_3": 20.635072708129883, 
    "F_427_3": 21.916906356811523, 
    "F_489_3": 21.324562072753906, 
    "F_954_3": 20.380220413208008, 
    "F_830_3": 20.393136978149414, 
    "F_582_3": 21.158348083496094, 
    "F_520_3": 21.535842895507812, 
    "F_892_3": 20.46416473388672
}