{
    "F_644_3": 19.271135330200195, 
    "F_551_3": 19.344404220581055, 
    "F_861_3": 18.810884475708008, 
    "id": "spec-7427-56751-0512-QSOs-201", 
    "F_675_3": 19.22316551208496, 
    "F_737_3": 19.035747528076172, 
    "F_396_3": 19.8391056060791, 
    "F_365_3": 19.2515869140625, 
    "F_613_3": 19.332256317138672, 
    "F_706_3": 19.11631965637207, 
    "F_923_3": 18.94927406311035, 
    "F_458_3": 19.169755935668945, 
    "F_768_3": 19.01782989501953, 
    "Z": 2.011648178100586, 
    "F_799_3": 19.010040283203125, 
    "F_427_3": 19.674114227294922, 
    "F_489_3": 19.315412521362305, 
    "F_954_3": 18.784204483032227, 
    "F_830_3": 18.708332061767578, 
    "F_582_3": 19.15689468383789, 
    "F_520_3": 19.475133895874023, 
    "F_892_3": 18.908811569213867
}