{
    "F_644_3": 21.872007369995117, 
    "F_551_3": 21.456157684326172, 
    "F_861_3": 21.879316329956055, 
    "id": "spec-4953-55749-0570-QSOs-201", 
    "F_675_3": 21.82634162902832, 
    "F_737_3": 22.026294708251953, 
    "F_396_3": 21.689285278320312, 
    "F_365_3": 21.092870712280273, 
    "F_613_3": 21.815744400024414, 
    "F_706_3": 22.087787628173828, 
    "F_923_3": 21.800743103027344, 
    "F_458_3": 21.891141891479492, 
    "F_768_3": 22.15614891052246, 
    "Z": 2.500572681427002, 
    "F_799_3": 22.072887420654297, 
    "F_427_3": 21.29002571105957, 
    "F_489_3": 21.909440994262695, 
    "F_954_3": 21.407840728759766, 
    "F_830_3": 21.953405380249023, 
    "F_582_3": 21.956613540649414, 
    "F_520_3": 21.949779510498047, 
    "F_892_3": 21.884721755981445
}