{
    "F_644_3": 20.36008071899414, 
    "F_551_3": 20.543718338012695, 
    "F_861_3": 19.825735092163086, 
    "id": "spec-7277-56748-0645-QSOs-201", 
    "F_675_3": 20.372390747070312, 
    "F_737_3": 20.141963958740234, 
    "F_396_3": 20.617450714111328, 
    "F_365_3": 20.220989227294922, 
    "F_613_3": 20.406213760375977, 
    "F_706_3": 20.268558502197266, 
    "F_923_3": 20.12143898010254, 
    "F_458_3": 20.892414093017578, 
    "F_768_3": 20.118497848510742, 
    "Z": 2.091815233230591, 
    "F_799_3": 20.117916107177734, 
    "F_427_3": 20.838356018066406, 
    "F_489_3": 20.53154754638672, 
    "F_954_3": 20.17681121826172, 
    "F_830_3": 20.124921798706055, 
    "F_582_3": 20.151241302490234, 
    "F_520_3": 20.63205337524414, 
    "F_892_3": 20.069515228271484
}