{
    "F_644_3": 22.133953094482422, 
    "F_551_3": 22.167343139648438, 
    "F_861_3": 22.026077270507812, 
    "id": "spec-7124-56720-0864-QSOs-201", 
    "F_675_3": 22.20456886291504, 
    "F_737_3": 22.102319717407227, 
    "F_396_3": 21.80861473083496, 
    "F_365_3": 20.827159881591797, 
    "F_613_3": 22.11973762512207, 
    "F_706_3": 22.133817672729492, 
    "F_923_3": 22.031301498413086, 
    "F_458_3": 21.777732849121094, 
    "F_768_3": 22.05441665649414, 
    "Z": 2.0113134384155273, 
    "F_799_3": 22.211931228637695, 
    "F_427_3": 22.068359375, 
    "F_489_3": 21.950149536132812, 
    "F_954_3": 21.772951126098633, 
    "F_830_3": 21.973867416381836, 
    "F_582_3": 22.028039932250977, 
    "F_520_3": 22.20118522644043, 
    "F_892_3": 22.008485794067383
}