{
    "F_644_3": 21.57010269165039, 
    "F_551_3": 21.347776412963867, 
    "F_861_3": 21.015995025634766, 
    "id": "spec-0772-52375-0620-QSOs-201", 
    "F_675_3": 21.43422508239746, 
    "F_737_3": 21.2841739654541, 
    "F_396_3": 21.639909744262695, 
    "F_365_3": 21.37455940246582, 
    "F_613_3": 21.584318161010742, 
    "F_706_3": 21.311168670654297, 
    "F_923_3": 21.339683532714844, 
    "F_458_3": 21.435888290405273, 
    "F_768_3": 21.2130069732666, 
    "Z": 2.016911745071411, 
    "F_799_3": 21.26243019104004, 
    "F_427_3": 21.734643936157227, 
    "F_489_3": 21.480451583862305, 
    "F_954_3": Infinity, 
    "F_830_3": 21.00308609008789, 
    "F_582_3": 21.16552734375, 
    "F_520_3": 21.603662490844727, 
    "F_892_3": 20.919519424438477
}