{
    "F_644_3": 20.619909286499023, 
    "F_551_3": 20.770902633666992, 
    "F_861_3": 20.075403213500977, 
    "id": "spec-3760-55268-0902-QSOs-201", 
    "F_675_3": 20.611305236816406, 
    "F_737_3": 20.44050407409668, 
    "F_396_3": 21.06012535095215, 
    "F_365_3": 21.20938491821289, 
    "F_613_3": 20.598896026611328, 
    "F_706_3": 20.54302215576172, 
    "F_923_3": 20.15850257873535, 
    "F_458_3": 21.39128875732422, 
    "F_768_3": 20.37800407409668, 
    "Z": 2.090620756149292, 
    "F_799_3": 20.32585334777832, 
    "F_427_3": 21.18057632446289, 
    "F_489_3": 20.814044952392578, 
    "F_954_3": 20.06999397277832, 
    "F_830_3": 20.326475143432617, 
    "F_582_3": 20.5314884185791, 
    "F_520_3": 20.852218627929688, 
    "F_892_3": 20.1551456451416
}