{
    "F_644_3": 22.045255661010742, 
    "F_551_3": 22.104270935058594, 
    "F_861_3": 21.318655014038086, 
    "id": "spec-4272-55509-0484-QSOs-201", 
    "F_675_3": 22.040311813354492, 
    "F_737_3": 21.817407608032227, 
    "F_396_3": 21.780447006225586, 
    "F_365_3": 21.156938552856445, 
    "F_613_3": 21.877065658569336, 
    "F_706_3": 21.90443992614746, 
    "F_923_3": 21.488201141357422, 
    "F_458_3": 22.090242385864258, 
    "F_768_3": 21.68396759033203, 
    "Z": 2.093346118927002, 
    "F_799_3": 21.657747268676758, 
    "F_427_3": 22.127220153808594, 
    "F_489_3": 21.552284240722656, 
    "F_954_3": 21.423397064208984, 
    "F_830_3": 21.70471954345703, 
    "F_582_3": 21.74839210510254, 
    "F_520_3": 22.08138656616211, 
    "F_892_3": 21.45557975769043
}