{
    "F_644_3": 20.43682861328125, 
    "F_551_3": 20.68313217163086, 
    "F_861_3": 19.894893646240234, 
    "id": "spec-1080-52614-0124-QSOs-201", 
    "F_675_3": 20.340686798095703, 
    "F_737_3": 20.12179183959961, 
    "F_396_3": 20.915359497070312, 
    "F_365_3": 20.598392486572266, 
    "F_613_3": 20.457181930541992, 
    "F_706_3": 20.22279930114746, 
    "F_923_3": 19.913959503173828, 
    "F_458_3": 20.44533920288086, 
    "F_768_3": 20.044479370117188, 
    "Z": 2.0142064094543457, 
    "F_799_3": 20.051616668701172, 
    "F_427_3": 20.85947608947754, 
    "F_489_3": 20.600727081298828, 
    "F_954_3": Infinity, 
    "F_830_3": 19.890005111694336, 
    "F_582_3": 20.370683670043945, 
    "F_520_3": 20.702999114990234, 
    "F_892_3": 19.907554626464844
}