{
    "F_644_3": 19.978872299194336, 
    "F_551_3": 19.972713470458984, 
    "F_861_3": 19.50666618347168, 
    "id": "spec-7385-56710-0140-QSOs-201", 
    "F_675_3": 19.969337463378906, 
    "F_737_3": 19.766704559326172, 
    "F_396_3": 20.170095443725586, 
    "F_365_3": 19.439668655395508, 
    "F_613_3": 19.983684539794922, 
    "F_706_3": 19.83635711669922, 
    "F_923_3": 19.817813873291016, 
    "F_458_3": 19.810943603515625, 
    "F_768_3": 19.772371292114258, 
    "Z": 2.010166645050049, 
    "F_799_3": 19.777490615844727, 
    "F_427_3": 20.132694244384766, 
    "F_489_3": 19.975584030151367, 
    "F_954_3": 19.719655990600586, 
    "F_830_3": 19.45892333984375, 
    "F_582_3": 19.785860061645508, 
    "F_520_3": 20.046728134155273, 
    "F_892_3": 19.71731948852539
}