{
    "F_644_3": 18.974536895751953, 
    "F_551_3": 18.964069366455078, 
    "F_861_3": 18.623077392578125, 
    "id": "spec-4737-55630-0830-QSOs-201", 
    "F_675_3": 18.954139709472656, 
    "F_737_3": 18.78924560546875, 
    "F_396_3": 19.23566436767578, 
    "F_365_3": 18.84821319580078, 
    "F_613_3": 18.952810287475586, 
    "F_706_3": 18.86659812927246, 
    "F_923_3": 18.77271842956543, 
    "F_458_3": 19.198589324951172, 
    "F_768_3": 18.796785354614258, 
    "Z": 2.0112247467041016, 
    "F_799_3": 18.785402297973633, 
    "F_427_3": 19.272247314453125, 
    "F_489_3": 19.011457443237305, 
    "F_954_3": 18.74708366394043, 
    "F_830_3": 18.64505386352539, 
    "F_582_3": 18.802579879760742, 
    "F_520_3": 19.042030334472656, 
    "F_892_3": 18.710420608520508
}