{
    "F_644_3": 22.058971405029297, 
    "F_551_3": 21.419410705566406, 
    "F_861_3": 22.196699142456055, 
    "id": "spec-4733-55649-0394-QSOs-201", 
    "F_675_3": 21.982210159301758, 
    "F_737_3": 22.215496063232422, 
    "F_396_3": 22.08399200439453, 
    "F_365_3": 21.52520179748535, 
    "F_613_3": 22.04537010192871, 
    "F_706_3": 22.224395751953125, 
    "F_923_3": 22.112926483154297, 
    "F_458_3": 21.994596481323242, 
    "F_768_3": 22.329345703125, 
    "Z": 2.503314733505249, 
    "F_799_3": 22.232107162475586, 
    "F_427_3": 21.187313079833984, 
    "F_489_3": 22.043630599975586, 
    "F_954_3": 22.01068687438965, 
    "F_830_3": 22.216346740722656, 
    "F_582_3": 21.922718048095703, 
    "F_520_3": 21.920555114746094, 
    "F_892_3": 22.226593017578125
}