{
    "F_644_3": 18.74095916748047, 
    "F_551_3": 18.745927810668945, 
    "F_861_3": 18.28925895690918, 
    "id": "spec-0895-52581-0132-QSOs-201", 
    "F_675_3": 18.758848190307617, 
    "F_737_3": 18.560562133789062, 
    "F_396_3": 18.945663452148438, 
    "F_365_3": 18.740766525268555, 
    "F_613_3": 18.749042510986328, 
    "F_706_3": 18.637598037719727, 
    "F_923_3": 18.51734161376953, 
    "F_458_3": 18.691747665405273, 
    "F_768_3": 18.502052307128906, 
    "Z": 2.0115246772766113, 
    "F_799_3": 18.508615493774414, 
    "F_427_3": 18.894506454467773, 
    "F_489_3": 18.74793243408203, 
    "F_954_3": Infinity, 
    "F_830_3": 18.313804626464844, 
    "F_582_3": 18.61064910888672, 
    "F_520_3": 18.833595275878906, 
    "F_892_3": 18.388044357299805
}