{
    "F_644_3": 20.600017547607422, 
    "F_551_3": 20.44161605834961, 
    "F_861_3": 20.186372756958008, 
    "id": "spec-7381-56717-0014-QSOs-201", 
    "F_675_3": 20.524307250976562, 
    "F_737_3": 20.36086082458496, 
    "F_396_3": 20.924718856811523, 
    "F_365_3": 20.3992919921875, 
    "F_613_3": 20.555068969726562, 
    "F_706_3": 20.450790405273438, 
    "F_923_3": 20.325244903564453, 
    "F_458_3": 20.441619873046875, 
    "F_768_3": 20.367042541503906, 
    "Z": 2.0103800296783447, 
    "F_799_3": 20.39266014099121, 
    "F_427_3": 20.75946044921875, 
    "F_489_3": 20.53705596923828, 
    "F_954_3": 20.09663963317871, 
    "F_830_3": 20.142024993896484, 
    "F_582_3": 20.40632438659668, 
    "F_520_3": 20.619150161743164, 
    "F_892_3": 20.23505210876465
}