{
    "F_644_3": 19.58594512939453, 
    "F_551_3": 19.527263641357422, 
    "F_861_3": 19.115819931030273, 
    "id": "spec-0676-52178-0229-QSOs-201", 
    "F_675_3": 19.562135696411133, 
    "F_737_3": 19.35275650024414, 
    "F_396_3": 19.782581329345703, 
    "F_365_3": 19.466392517089844, 
    "F_613_3": 19.56198501586914, 
    "F_706_3": 19.400327682495117, 
    "F_923_3": 19.426342010498047, 
    "F_458_3": 19.474079132080078, 
    "F_768_3": 19.37590217590332, 
    "Z": 2.0134475231170654, 
    "F_799_3": 19.367496490478516, 
    "F_427_3": 19.678817749023438, 
    "F_489_3": 19.580190658569336, 
    "F_954_3": Infinity, 
    "F_830_3": 19.157732009887695, 
    "F_582_3": 19.359458923339844, 
    "F_520_3": 19.58070182800293, 
    "F_892_3": 19.189680099487305
}