{
    "F_644_3": 19.387418746948242, 
    "F_551_3": 19.489519119262695, 
    "F_861_3": 18.85702133178711, 
    "id": "spec-5385-55960-0092-QSOs-201", 
    "F_675_3": 19.333757400512695, 
    "F_737_3": 19.1185302734375, 
    "F_396_3": 19.757280349731445, 
    "F_365_3": 18.875015258789062, 
    "F_613_3": 19.44771385192871, 
    "F_706_3": 19.194021224975586, 
    "F_923_3": 18.99335289001465, 
    "F_458_3": 19.210956573486328, 
    "F_768_3": 19.102458953857422, 
    "Z": 2.0114386081695557, 
    "F_799_3": 19.087600708007812, 
    "F_427_3": 19.684436798095703, 
    "F_489_3": 19.44666862487793, 
    "F_954_3": 18.921476364135742, 
    "F_830_3": 18.833904266357422, 
    "F_582_3": 19.280973434448242, 
    "F_520_3": 19.536977767944336, 
    "F_892_3": 18.96873664855957
}