{
    "F_644_3": 20.781265258789062, 
    "F_551_3": 20.632551193237305, 
    "F_861_3": 20.4346866607666, 
    "id": "spec-7316-56710-0053-QSOs-201", 
    "F_675_3": 20.76559066772461, 
    "F_737_3": 20.62505531311035, 
    "F_396_3": 20.80731773376465, 
    "F_365_3": 20.147119522094727, 
    "F_613_3": 20.692405700683594, 
    "F_706_3": 20.685009002685547, 
    "F_923_3": 20.732288360595703, 
    "F_458_3": 20.590965270996094, 
    "F_768_3": 20.617416381835938, 
    "Z": 2.0127315521240234, 
    "F_799_3": 20.62181854248047, 
    "F_427_3": 20.800514221191406, 
    "F_489_3": 20.724546432495117, 
    "F_954_3": 20.636837005615234, 
    "F_830_3": 20.40656280517578, 
    "F_582_3": 20.51921844482422, 
    "F_520_3": 20.762285232543945, 
    "F_892_3": 20.59681510925293
}