{
    "F_644_3": 23.908889770507812, 
    "F_551_3": 23.88184356689453, 
    "F_861_3": Infinity, 
    "id": "spec-5730-56607-0898-QSOs-201", 
    "F_675_3": 23.9072265625, 
    "F_737_3": 23.964019775390625, 
    "F_396_3": 23.568998336791992, 
    "F_365_3": 22.359365463256836, 
    "F_613_3": 23.736034393310547, 
    "F_706_3": 23.936283111572266, 
    "F_923_3": Infinity, 
    "F_458_3": 23.630287170410156, 
    "F_768_3": Infinity, 
    "Z": 2.011806011199951, 
    "F_799_3": Infinity, 
    "F_427_3": 23.84532356262207, 
    "F_489_3": 23.818525314331055, 
    "F_954_3": Infinity, 
    "F_830_3": 23.83183479309082, 
    "F_582_3": 23.8594970703125, 
    "F_520_3": 24.06575584411621, 
    "F_892_3": Infinity
}