{
    "F_644_3": 20.177902221679688, 
    "F_551_3": 20.35696029663086, 
    "F_861_3": 19.566110610961914, 
    "id": "spec-0598-52316-0493-QSOs-201", 
    "F_675_3": 20.16731834411621, 
    "F_737_3": 19.935012817382812, 
    "F_396_3": 20.378469467163086, 
    "F_365_3": 19.800447463989258, 
    "F_613_3": 20.1865177154541, 
    "F_706_3": 20.076730728149414, 
    "F_923_3": 19.513534545898438, 
    "F_458_3": 20.432170867919922, 
    "F_768_3": 19.942567825317383, 
    "Z": 2.0933825969696045, 
    "F_799_3": 19.85662078857422, 
    "F_427_3": 20.50823974609375, 
    "F_489_3": 20.06411361694336, 
    "F_954_3": Infinity, 
    "F_830_3": 19.886516571044922, 
    "F_582_3": 20.1050968170166, 
    "F_520_3": 20.343549728393555, 
    "F_892_3": 19.452627182006836
}