{
    "F_644_3": 22.80061149597168, 
    "F_551_3": 22.578927993774414, 
    "F_861_3": 22.347644805908203, 
    "id": "spec-4653-55622-0418-QSOs-201", 
    "F_675_3": 22.753612518310547, 
    "F_737_3": 22.626312255859375, 
    "F_396_3": 22.798988342285156, 
    "F_365_3": 21.98625373840332, 
    "F_613_3": 22.68000602722168, 
    "F_706_3": 22.768497467041016, 
    "F_923_3": 22.67363739013672, 
    "F_458_3": 22.441333770751953, 
    "F_768_3": 22.472007751464844, 
    "Z": 2.010272741317749, 
    "F_799_3": 22.65313720703125, 
    "F_427_3": 22.853668212890625, 
    "F_489_3": 22.88157081604004, 
    "F_954_3": 22.32769012451172, 
    "F_830_3": 22.145099639892578, 
    "F_582_3": 22.53300666809082, 
    "F_520_3": 23.076568603515625, 
    "F_892_3": 22.518966674804688
}