{
    "F_644_3": 19.85826301574707, 
    "F_551_3": 19.831266403198242, 
    "F_861_3": 19.585113525390625, 
    "id": "spec-2013-53818-0366-QSOs-201", 
    "F_675_3": 19.801471710205078, 
    "F_737_3": 19.694740295410156, 
    "F_396_3": 19.98029136657715, 
    "F_365_3": 19.90509605407715, 
    "F_613_3": 19.863710403442383, 
    "F_706_3": 19.73797035217285, 
    "F_923_3": 19.499835968017578, 
    "F_458_3": 19.653255462646484, 
    "F_768_3": 19.722658157348633, 
    "Z": 2.0149805545806885, 
    "F_799_3": 19.702905654907227, 
    "F_427_3": 19.920724868774414, 
    "F_489_3": 19.750179290771484, 
    "F_954_3": Infinity, 
    "F_830_3": 19.496042251586914, 
    "F_582_3": 19.680105209350586, 
    "F_520_3": 19.86492347717285, 
    "F_892_3": 19.688655853271484
}