{
    "F_644_3": 20.921201705932617, 
    "F_551_3": 20.80046844482422, 
    "F_861_3": 20.58748435974121, 
    "id": "spec-1970-53386-0611-QSOs-201", 
    "F_675_3": 20.929967880249023, 
    "F_737_3": 20.767492294311523, 
    "F_396_3": 21.20758819580078, 
    "F_365_3": 21.105443954467773, 
    "F_613_3": 20.87132453918457, 
    "F_706_3": 20.775999069213867, 
    "F_923_3": 20.919836044311523, 
    "F_458_3": 20.71300506591797, 
    "F_768_3": 20.759563446044922, 
    "Z": 2.013103485107422, 
    "F_799_3": 20.76614761352539, 
    "F_427_3": 21.206083297729492, 
    "F_489_3": 20.922264099121094, 
    "F_954_3": Infinity, 
    "F_830_3": 20.621320724487305, 
    "F_582_3": 20.712806701660156, 
    "F_520_3": 21.023954391479492, 
    "F_892_3": 20.828184127807617
}