{
    "F_644_3": 21.348983764648438, 
    "F_551_3": 21.250988006591797, 
    "F_861_3": 20.89202308654785, 
    "id": "spec-7393-56749-0922-QSOs-201", 
    "F_675_3": 21.36817741394043, 
    "F_737_3": 21.171985626220703, 
    "F_396_3": 21.402002334594727, 
    "F_365_3": 20.52878189086914, 
    "F_613_3": 21.36516761779785, 
    "F_706_3": 21.240041732788086, 
    "F_923_3": 21.16118621826172, 
    "F_458_3": 21.15865707397461, 
    "F_768_3": 21.12940216064453, 
    "Z": 2.014207601547241, 
    "F_799_3": 21.21500015258789, 
    "F_427_3": 21.440645217895508, 
    "F_489_3": 21.324880599975586, 
    "F_954_3": 21.05972671508789, 
    "F_830_3": 20.90744400024414, 
    "F_582_3": 21.12836265563965, 
    "F_520_3": 21.43790054321289, 
    "F_892_3": 21.058130264282227
}