{
    "F_644_3": 18.904186248779297, 
    "F_551_3": 18.878337860107422, 
    "F_861_3": 18.392141342163086, 
    "id": "spec-0917-52400-0054-QSOs-201", 
    "F_675_3": 18.85219383239746, 
    "F_737_3": 18.672740936279297, 
    "F_396_3": 19.01218605041504, 
    "F_365_3": 18.790184020996094, 
    "F_613_3": 18.908416748046875, 
    "F_706_3": 18.74896812438965, 
    "F_923_3": 18.64733123779297, 
    "F_458_3": 18.753007888793945, 
    "F_768_3": 18.65057373046875, 
    "Z": 2.01416015625, 
    "F_799_3": 18.65012550354004, 
    "F_427_3": 18.966779708862305, 
    "F_489_3": 18.834716796875, 
    "F_954_3": Infinity, 
    "F_830_3": 18.45928382873535, 
    "F_582_3": 18.70416831970215, 
    "F_520_3": 18.910619735717773, 
    "F_892_3": 18.4840145111084
}