{
    "F_644_3": 19.99118995666504, 
    "F_551_3": 20.139034271240234, 
    "F_861_3": 19.422317504882812, 
    "id": "spec-6397-56365-0399-QSOs-201", 
    "F_675_3": 19.94304847717285, 
    "F_737_3": 19.69615936279297, 
    "F_396_3": 21.196096420288086, 
    "F_365_3": 20.950246810913086, 
    "F_613_3": 19.981826782226562, 
    "F_706_3": 19.807687759399414, 
    "F_923_3": 19.515214920043945, 
    "F_458_3": 20.719619750976562, 
    "F_768_3": 19.680429458618164, 
    "Z": 2.011728286743164, 
    "F_799_3": 19.635757446289062, 
    "F_427_3": 20.94829750061035, 
    "F_489_3": 20.44585418701172, 
    "F_954_3": 19.38884162902832, 
    "F_830_3": 19.430755615234375, 
    "F_582_3": 19.930185317993164, 
    "F_520_3": 20.2867431640625, 
    "F_892_3": 19.413654327392578
}