{
    "F_644_3": 19.214031219482422, 
    "F_551_3": 19.314733505249023, 
    "F_861_3": 18.652971267700195, 
    "id": "spec-0510-52381-0254-QSOs-201", 
    "F_675_3": 19.247591018676758, 
    "F_737_3": 19.071094512939453, 
    "F_396_3": 19.208568572998047, 
    "F_365_3": 18.664676666259766, 
    "F_613_3": 19.235889434814453, 
    "F_706_3": 19.156902313232422, 
    "F_923_3": 18.83469009399414, 
    "F_458_3": 19.34115982055664, 
    "F_768_3": 18.991008758544922, 
    "Z": 2.0936689376831055, 
    "F_799_3": 18.962265014648438, 
    "F_427_3": 19.376304626464844, 
    "F_489_3": 19.09696388244629, 
    "F_954_3": Infinity, 
    "F_830_3": 18.9448184967041, 
    "F_582_3": 19.083223342895508, 
    "F_520_3": 19.28264617919922, 
    "F_892_3": 18.81509780883789
}