{
    "F_644_3": 20.789104461669922, 
    "F_551_3": 20.832313537597656, 
    "F_861_3": 20.06035614013672, 
    "id": "spec-4215-55471-0708-QSOs-201", 
    "F_675_3": 20.790679931640625, 
    "F_737_3": 20.547317504882812, 
    "F_396_3": 21.26319694519043, 
    "F_365_3": 20.909494400024414, 
    "F_613_3": 20.801687240600586, 
    "F_706_3": 20.662353515625, 
    "F_923_3": 20.136119842529297, 
    "F_458_3": 21.1744441986084, 
    "F_768_3": 20.472536087036133, 
    "Z": 2.0956506729125977, 
    "F_799_3": 20.39945411682129, 
    "F_427_3": 21.199888229370117, 
    "F_489_3": 20.813142776489258, 
    "F_954_3": 19.999650955200195, 
    "F_830_3": 20.360794067382812, 
    "F_582_3": 20.62543296813965, 
    "F_520_3": 20.904916763305664, 
    "F_892_3": 20.107471466064453
}