{
    "F_644_3": Infinity, 
    "F_551_3": 20.04681396484375, 
    "F_861_3": Infinity, 
    "id": "spec-0774-52286-0549-QSOs-201", 
    "F_675_3": Infinity, 
    "F_737_3": Infinity, 
    "F_396_3": 20.16927146911621, 
    "F_365_3": 20.054750442504883, 
    "F_613_3": 20.114173889160156, 
    "F_706_3": Infinity, 
    "F_923_3": Infinity, 
    "F_458_3": 19.769855499267578, 
    "F_768_3": Infinity, 
    "Z": 2.0137526988983154, 
    "F_799_3": Infinity, 
    "F_427_3": 20.160743713378906, 
    "F_489_3": 20.00000762939453, 
    "F_954_3": Infinity, 
    "F_830_3": Infinity, 
    "F_582_3": 19.896652221679688, 
    "F_520_3": 20.15728187561035, 
    "F_892_3": Infinity
}