{
    "F_644_3": 19.355030059814453, 
    "F_551_3": 19.472412109375, 
    "F_861_3": 18.976276397705078, 
    "id": "spec-1756-53080-0369-QSOs-201", 
    "F_675_3": 19.279037475585938, 
    "F_737_3": 19.089576721191406, 
    "F_396_3": 19.756458282470703, 
    "F_365_3": 19.600963592529297, 
    "F_613_3": 19.400981903076172, 
    "F_706_3": 19.167720794677734, 
    "F_923_3": 19.05330467224121, 
    "F_458_3": 19.55480194091797, 
    "F_768_3": 19.097248077392578, 
    "Z": 2.011453866958618, 
    "F_799_3": 19.08867073059082, 
    "F_427_3": 19.689165115356445, 
    "F_489_3": 19.628116607666016, 
    "F_954_3": Infinity, 
    "F_830_3": 18.89921760559082, 
    "F_582_3": 19.337011337280273, 
    "F_520_3": 19.557313919067383, 
    "F_892_3": 19.108760833740234
}