{
    "F_644_3": 20.58064842224121, 
    "F_551_3": 20.473899841308594, 
    "F_861_3": 20.1898136138916, 
    "id": "spec-0500-51994-0630-QSOs-201", 
    "F_675_3": 20.676044464111328, 
    "F_737_3": 20.46018409729004, 
    "F_396_3": 20.55276870727539, 
    "F_365_3": 20.2008056640625, 
    "F_613_3": 20.558368682861328, 
    "F_706_3": 20.543455123901367, 
    "F_923_3": 20.252979278564453, 
    "F_458_3": 20.34375, 
    "F_768_3": 20.422607421875, 
    "Z": 2.020383596420288, 
    "F_799_3": 20.459436416625977, 
    "F_427_3": 20.572776794433594, 
    "F_489_3": 20.422197341918945, 
    "F_954_3": Infinity, 
    "F_830_3": 20.357559204101562, 
    "F_582_3": 20.372041702270508, 
    "F_520_3": 20.532272338867188, 
    "F_892_3": 20.105743408203125
}