{
    "F_644_3": 19.54909896850586, 
    "F_551_3": 19.460613250732422, 
    "F_861_3": 19.477615356445312, 
    "id": "spec-5308-55976-0192-QSOs-201", 
    "F_675_3": 19.488941192626953, 
    "F_737_3": 19.62333869934082, 
    "F_396_3": 19.92128562927246, 
    "F_365_3": 19.695566177368164, 
    "F_613_3": 19.62244415283203, 
    "F_706_3": 19.632797241210938, 
    "F_923_3": 19.451519012451172, 
    "F_458_3": 19.76340675354004, 
    "F_768_3": 19.641315460205078, 
    "Z": 2.501190423965454, 
    "F_799_3": 19.570791244506836, 
    "F_427_3": 19.34900665283203, 
    "F_489_3": 19.678298950195312, 
    "F_954_3": 19.387855529785156, 
    "F_830_3": 19.525636672973633, 
    "F_582_3": 19.632221221923828, 
    "F_520_3": 19.616897583007812, 
    "F_892_3": 19.458364486694336
}