{
    "F_644_3": 18.868446350097656, 
    "F_551_3": 18.86995506286621, 
    "F_861_3": 18.49256134033203, 
    "id": "spec-4766-55677-0050-QSOs-201", 
    "F_675_3": 18.843828201293945, 
    "F_737_3": 18.70358657836914, 
    "F_396_3": 19.263967514038086, 
    "F_365_3": 18.924650192260742, 
    "F_613_3": 18.86729621887207, 
    "F_706_3": 18.769445419311523, 
    "F_923_3": 18.65937042236328, 
    "F_458_3": 18.917236328125, 
    "F_768_3": 18.69913101196289, 
    "Z": 2.0110654830932617, 
    "F_799_3": 18.675262451171875, 
    "F_427_3": 19.192230224609375, 
    "F_489_3": 18.981184005737305, 
    "F_954_3": 18.588430404663086, 
    "F_830_3": 18.485692977905273, 
    "F_582_3": 18.761028289794922, 
    "F_520_3": 18.989290237426758, 
    "F_892_3": 18.589887619018555
}