{
    "F_644_3": 21.906618118286133, 
    "F_551_3": 21.471981048583984, 
    "F_861_3": 21.943866729736328, 
    "id": "spec-5121-55856-0018-QSOs-201", 
    "F_675_3": 21.912569046020508, 
    "F_737_3": 21.965614318847656, 
    "F_396_3": 21.977617263793945, 
    "F_365_3": 21.368440628051758, 
    "F_613_3": 21.8778018951416, 
    "F_706_3": 21.90007972717285, 
    "F_923_3": 21.825647354125977, 
    "F_458_3": 22.053546905517578, 
    "F_768_3": 21.846532821655273, 
    "Z": 2.0133516788482666, 
    "F_799_3": 21.890165328979492, 
    "F_427_3": 22.16178321838379, 
    "F_489_3": 22.189546585083008, 
    "F_954_3": 21.342857360839844, 
    "F_830_3": 21.892457962036133, 
    "F_582_3": 22.02437400817871, 
    "F_520_3": 22.125883102416992, 
    "F_892_3": 21.704954147338867
}