{
    "F_644_3": 21.88669776916504, 
    "F_551_3": 21.80657958984375, 
    "F_861_3": 21.28850555419922, 
    "id": "spec-6799-56478-0742-QSOs-201", 
    "F_675_3": 21.901805877685547, 
    "F_737_3": 21.810970306396484, 
    "F_396_3": 22.261789321899414, 
    "F_365_3": 21.66576385498047, 
    "F_613_3": 21.66020393371582, 
    "F_706_3": 21.84584617614746, 
    "F_923_3": 21.184471130371094, 
    "F_458_3": 21.971712112426758, 
    "F_768_3": 21.718046188354492, 
    "Z": 2.011183977127075, 
    "F_799_3": 21.61707878112793, 
    "F_427_3": 22.200809478759766, 
    "F_489_3": 21.883935928344727, 
    "F_954_3": 20.927364349365234, 
    "F_830_3": 21.448026657104492, 
    "F_582_3": 21.5449161529541, 
    "F_520_3": 21.838708877563477, 
    "F_892_3": 21.300634384155273
}