{
    "F_644_3": 20.51399040222168, 
    "F_551_3": 20.580364227294922, 
    "F_861_3": 20.14670753479004, 
    "id": "spec-6783-56284-0445-QSOs-201", 
    "F_675_3": 20.578022003173828, 
    "F_737_3": 20.343902587890625, 
    "F_396_3": 21.19937515258789, 
    "F_365_3": 20.788415908813477, 
    "F_613_3": 20.510499954223633, 
    "F_706_3": 20.330005645751953, 
    "F_923_3": 20.295530319213867, 
    "F_458_3": 20.79970932006836, 
    "F_768_3": 20.30944061279297, 
    "Z": 2.0104618072509766, 
    "F_799_3": 20.359092712402344, 
    "F_427_3": 20.97878646850586, 
    "F_489_3": 20.706275939941406, 
    "F_954_3": 20.45497703552246, 
    "F_830_3": 20.10711669921875, 
    "F_582_3": 20.374441146850586, 
    "F_520_3": 20.691226959228516, 
    "F_892_3": 20.290895462036133
}