{
    "F_644_3": 21.475624084472656, 
    "F_551_3": 21.540328979492188, 
    "F_861_3": 20.94391632080078, 
    "id": "spec-4206-55471-0866-QSOs-201", 
    "F_675_3": 21.40778350830078, 
    "F_737_3": 21.239883422851562, 
    "F_396_3": 21.626367568969727, 
    "F_365_3": 20.809492111206055, 
    "F_613_3": 21.445600509643555, 
    "F_706_3": 21.33131217956543, 
    "F_923_3": 21.160953521728516, 
    "F_458_3": 21.37770652770996, 
    "F_768_3": 21.168787002563477, 
    "Z": 2.0136771202087402, 
    "F_799_3": 21.240135192871094, 
    "F_427_3": 21.774696350097656, 
    "F_489_3": 21.631977081298828, 
    "F_954_3": 20.935009002685547, 
    "F_830_3": 20.982406616210938, 
    "F_582_3": 21.383617401123047, 
    "F_520_3": 21.7401123046875, 
    "F_892_3": 21.046905517578125
}