{
    "F_644_3": 20.32065773010254, 
    "F_551_3": 20.49530792236328, 
    "F_861_3": 19.72267723083496, 
    "id": "spec-4616-55617-0102-QSOs-201", 
    "F_675_3": 20.165538787841797, 
    "F_737_3": 20.1768856048584, 
    "F_396_3": 21.61733627319336, 
    "F_365_3": 21.338916778564453, 
    "F_613_3": 20.511445999145508, 
    "F_706_3": 20.251455307006836, 
    "F_923_3": 19.63250732421875, 
    "F_458_3": 21.112911224365234, 
    "F_768_3": 20.10216522216797, 
    "Z": 2.5018677711486816, 
    "F_799_3": 19.987323760986328, 
    "F_427_3": 20.616796493530273, 
    "F_489_3": 20.981542587280273, 
    "F_954_3": 19.50927734375, 
    "F_830_3": 19.86001205444336, 
    "F_582_3": 20.5828800201416, 
    "F_520_3": 20.873971939086914, 
    "F_892_3": 19.687471389770508
}