{
    "F_644_3": 21.706026077270508, 
    "F_551_3": 21.77492904663086, 
    "F_861_3": 21.11918830871582, 
    "id": "spec-4896-55712-0464-QSOs-201", 
    "F_675_3": 21.743770599365234, 
    "F_737_3": 21.464113235473633, 
    "F_396_3": 22.030797958374023, 
    "F_365_3": 21.23387908935547, 
    "F_613_3": 21.764474868774414, 
    "F_706_3": 21.616567611694336, 
    "F_923_3": 21.315093994140625, 
    "F_458_3": 21.736732482910156, 
    "F_768_3": 21.37909698486328, 
    "Z": 2.0124053955078125, 
    "F_799_3": 21.392887115478516, 
    "F_427_3": 22.07443618774414, 
    "F_489_3": 21.895427703857422, 
    "F_954_3": 20.988117218017578, 
    "F_830_3": 21.12127113342285, 
    "F_582_3": 21.58269500732422, 
    "F_520_3": 21.928939819335938, 
    "F_892_3": 21.204774856567383
}