{
    "F_644_3": 19.712894439697266, 
    "F_551_3": 19.667200088500977, 
    "F_861_3": 19.314298629760742, 
    "id": "spec-0476-52314-0351-QSOs-201", 
    "F_675_3": 19.73939323425293, 
    "F_737_3": 19.62521743774414, 
    "F_396_3": 20.038066864013672, 
    "F_365_3": 19.9663143157959, 
    "F_613_3": 19.684329986572266, 
    "F_706_3": 19.66230583190918, 
    "F_923_3": 19.556291580200195, 
    "F_458_3": 19.692136764526367, 
    "F_768_3": 19.62311363220215, 
    "Z": 2.0198376178741455, 
    "F_799_3": 19.560222625732422, 
    "F_427_3": 19.87774085998535, 
    "F_489_3": 19.741968154907227, 
    "F_954_3": Infinity, 
    "F_830_3": 19.445261001586914, 
    "F_582_3": 19.55771255493164, 
    "F_520_3": 19.724990844726562, 
    "F_892_3": 19.43156623840332
}