{
    "F_644_3": 20.426719665527344, 
    "F_551_3": 20.518390655517578, 
    "F_861_3": 20.229692459106445, 
    "id": "spec-3773-55240-0552-QSOs-201", 
    "F_675_3": 20.233030319213867, 
    "F_737_3": 20.43328285217285, 
    "F_396_3": 21.286767959594727, 
    "F_365_3": 21.209348678588867, 
    "F_613_3": 20.510774612426758, 
    "F_706_3": 20.464479446411133, 
    "F_923_3": 20.350746154785156, 
    "F_458_3": 20.917387008666992, 
    "F_768_3": 20.45858383178711, 
    "Z": 2.5034754276275635, 
    "F_799_3": 20.406835556030273, 
    "F_427_3": 20.51942253112793, 
    "F_489_3": 20.82181739807129, 
    "F_954_3": 20.200931549072266, 
    "F_830_3": 20.2725887298584, 
    "F_582_3": 20.576011657714844, 
    "F_520_3": 20.774477005004883, 
    "F_892_3": 20.189788818359375
}