{
    "F_644_3": 18.84449577331543, 
    "F_551_3": 18.92276954650879, 
    "F_861_3": 18.389028549194336, 
    "id": "spec-0653-52145-0392-QSOs-201", 
    "F_675_3": 18.865758895874023, 
    "F_737_3": 18.716218948364258, 
    "F_396_3": 18.968582153320312, 
    "F_365_3": 18.386775970458984, 
    "F_613_3": 18.85590934753418, 
    "F_706_3": 18.796558380126953, 
    "F_923_3": 18.59137725830078, 
    "F_458_3": 18.995595932006836, 
    "F_768_3": 18.67493438720703, 
    "Z": 2.090536594390869, 
    "F_799_3": 18.633813858032227, 
    "F_427_3": 18.997255325317383, 
    "F_489_3": 18.772720336914062, 
    "F_954_3": Infinity, 
    "F_830_3": 18.62704086303711, 
    "F_582_3": 18.70775604248047, 
    "F_520_3": 18.95826530456543, 
    "F_892_3": 18.5260066986084
}