{
    "F_644_3": 19.86031150817871, 
    "F_551_3": 20.06652069091797, 
    "F_861_3": 19.268707275390625, 
    "id": "spec-0541-51959-0094-QSOs-201", 
    "F_675_3": 19.716794967651367, 
    "F_737_3": 19.398426055908203, 
    "F_396_3": 20.771806716918945, 
    "F_365_3": 20.705196380615234, 
    "F_613_3": 19.97710609436035, 
    "F_706_3": 19.52029037475586, 
    "F_923_3": 19.726789474487305, 
    "F_458_3": 20.42713165283203, 
    "F_768_3": 19.344160079956055, 
    "Z": 2.01155686378479, 
    "F_799_3": 19.455764770507812, 
    "F_427_3": 20.658002853393555, 
    "F_489_3": 20.391807556152344, 
    "F_954_3": Infinity, 
    "F_830_3": 19.13947296142578, 
    "F_582_3": 19.81275749206543, 
    "F_520_3": 20.23316764831543, 
    "F_892_3": 19.428070068359375
}