{
    "F_644_3": 21.735332489013672, 
    "F_551_3": 21.744117736816406, 
    "F_861_3": 21.254575729370117, 
    "id": "spec-3691-55274-0014-QSOs-201", 
    "F_675_3": 21.613920211791992, 
    "F_737_3": 21.5176944732666, 
    "F_396_3": 22.02729034423828, 
    "F_365_3": 21.180686950683594, 
    "F_613_3": 21.7170352935791, 
    "F_706_3": 21.523849487304688, 
    "F_923_3": 21.3726863861084, 
    "F_458_3": 21.3237247467041, 
    "F_768_3": 21.495769500732422, 
    "Z": 2.013948917388916, 
    "F_799_3": 21.51692008972168, 
    "F_427_3": 21.956077575683594, 
    "F_489_3": 21.71847915649414, 
    "F_954_3": 21.219839096069336, 
    "F_830_3": 21.231143951416016, 
    "F_582_3": 21.539215087890625, 
    "F_520_3": 21.936113357543945, 
    "F_892_3": 21.31155776977539
}