{
    "F_644_3": 22.62542152404785, 
    "F_551_3": 22.776552200317383, 
    "F_861_3": 22.29617691040039, 
    "id": "spec-3766-55213-0094-QSOs-201", 
    "F_675_3": 22.664216995239258, 
    "F_737_3": 22.516536712646484, 
    "F_396_3": 22.815519332885742, 
    "F_365_3": 22.439071655273438, 
    "F_613_3": 22.57447624206543, 
    "F_706_3": 22.585716247558594, 
    "F_923_3": 22.455577850341797, 
    "F_458_3": 22.992311477661133, 
    "F_768_3": 22.419086456298828, 
    "Z": 2.0904600620269775, 
    "F_799_3": 22.358543395996094, 
    "F_427_3": 22.934696197509766, 
    "F_489_3": 22.847183227539062, 
    "F_954_3": 22.130460739135742, 
    "F_830_3": 22.369794845581055, 
    "F_582_3": 22.478605270385742, 
    "F_520_3": 22.859596252441406, 
    "F_892_3": 22.38517189025879
}