{
    "F_644_3": 22.171422958374023, 
    "F_551_3": 22.033123016357422, 
    "F_861_3": 21.31800651550293, 
    "id": "spec-4460-55533-0410-QSOs-201", 
    "F_675_3": 22.202821731567383, 
    "F_737_3": 21.8814640045166, 
    "F_396_3": 21.04353141784668, 
    "F_365_3": 20.104774475097656, 
    "F_613_3": 22.085540771484375, 
    "F_706_3": 22.08335304260254, 
    "F_923_3": 21.731306076049805, 
    "F_458_3": 21.528047561645508, 
    "F_768_3": 21.792142868041992, 
    "Z": 2.090134859085083, 
    "F_799_3": 21.89614486694336, 
    "F_427_3": 21.596675872802734, 
    "F_489_3": 21.055030822753906, 
    "F_954_3": 21.80716323852539, 
    "F_830_3": 21.826236724853516, 
    "F_582_3": 21.861370086669922, 
    "F_520_3": 21.876148223876953, 
    "F_892_3": 21.64447784423828
}