{
    "F_644_3": 21.0953369140625, 
    "F_551_3": 20.841259002685547, 
    "F_861_3": 20.295854568481445, 
    "id": "spec-4794-55647-0952-QSOs-201", 
    "F_675_3": 21.19110679626465, 
    "F_737_3": 20.832029342651367, 
    "F_396_3": 21.212921142578125, 
    "F_365_3": 21.11343765258789, 
    "F_613_3": 21.025354385375977, 
    "F_706_3": 21.052249908447266, 
    "F_923_3": 20.463146209716797, 
    "F_458_3": 21.33235740661621, 
    "F_768_3": 20.63079261779785, 
    "Z": 2.0900068283081055, 
    "F_799_3": 20.615076065063477, 
    "F_427_3": 21.327972412109375, 
    "F_489_3": 21.017480850219727, 
    "F_954_3": 20.33315086364746, 
    "F_830_3": 20.60428237915039, 
    "F_582_3": 20.770856857299805, 
    "F_520_3": 21.142831802368164, 
    "F_892_3": 20.38492202758789
}