{
    "F_644_3": 18.85474395751953, 
    "F_551_3": 18.933256149291992, 
    "F_861_3": 18.297393798828125, 
    "id": "spec-5891-56034-0770-QSOs-201", 
    "F_675_3": 18.787979125976562, 
    "F_737_3": 18.578571319580078, 
    "F_396_3": 19.05194664001465, 
    "F_365_3": 18.389202117919922, 
    "F_613_3": 18.890565872192383, 
    "F_706_3": 18.66871452331543, 
    "F_923_3": 18.372785568237305, 
    "F_458_3": 18.944019317626953, 
    "F_768_3": 18.53598976135254, 
    "Z": 2.013282537460327, 
    "F_799_3": 18.512989044189453, 
    "F_427_3": 19.09420394897461, 
    "F_489_3": 18.943950653076172, 
    "F_954_3": 18.31064796447754, 
    "F_830_3": 18.325008392333984, 
    "F_582_3": 18.745359420776367, 
    "F_520_3": 19.0136775970459, 
    "F_892_3": 18.334959030151367
}