{
    "F_644_3": 21.440044403076172, 
    "F_551_3": 21.5604248046875, 
    "F_861_3": 20.73249053955078, 
    "id": "spec-6206-56245-0148-QSOs-201", 
    "F_675_3": 21.486013412475586, 
    "F_737_3": 21.239639282226562, 
    "F_396_3": 21.770017623901367, 
    "F_365_3": 21.44662857055664, 
    "F_613_3": 21.455915451049805, 
    "F_706_3": 21.367563247680664, 
    "F_923_3": 20.853515625, 
    "F_458_3": 21.822139739990234, 
    "F_768_3": 21.162206649780273, 
    "Z": 2.092223644256592, 
    "F_799_3": 21.140268325805664, 
    "F_427_3": 21.80954360961914, 
    "F_489_3": 21.34071159362793, 
    "F_954_3": 20.832983016967773, 
    "F_830_3": 21.1155948638916, 
    "F_582_3": 21.305326461791992, 
    "F_520_3": 21.585790634155273, 
    "F_892_3": 20.910186767578125
}