{
    "F_644_3": 19.019947052001953, 
    "F_551_3": Infinity, 
    "F_861_3": 18.65890884399414, 
    "id": "spec-1679-53149-0343-QSOs-201", 
    "F_675_3": 19.08746910095215, 
    "F_737_3": 18.98658561706543, 
    "F_396_3": Infinity, 
    "F_365_3": Infinity, 
    "F_613_3": 19.044700622558594, 
    "F_706_3": 19.021451950073242, 
    "F_923_3": 18.745731353759766, 
    "F_458_3": Infinity, 
    "F_768_3": 18.9389705657959, 
    "Z": 2.0913212299346924, 
    "F_799_3": 18.94346046447754, 
    "F_427_3": Infinity, 
    "F_489_3": Infinity, 
    "F_954_3": Infinity, 
    "F_830_3": 18.97278594970703, 
    "F_582_3": 18.84004783630371, 
    "F_520_3": Infinity, 
    "F_892_3": 18.735427856445312
}