{
    "F_644_3": 21.074304580688477, 
    "F_551_3": 21.209266662597656, 
    "F_861_3": 20.39165687561035, 
    "id": "spec-7379-56713-0598-QSOs-201", 
    "F_675_3": 20.92755126953125, 
    "F_737_3": 20.682924270629883, 
    "F_396_3": 21.367902755737305, 
    "F_365_3": 20.226350784301758, 
    "F_613_3": 21.13849639892578, 
    "F_706_3": 20.784757614135742, 
    "F_923_3": 20.65265464782715, 
    "F_458_3": 20.78626251220703, 
    "F_768_3": 20.627687454223633, 
    "Z": 2.011594772338867, 
    "F_799_3": 20.64159393310547, 
    "F_427_3": 21.375001907348633, 
    "F_489_3": 21.15435218811035, 
    "F_954_3": 20.544631958007812, 
    "F_830_3": 20.283985137939453, 
    "F_582_3": 21.083267211914062, 
    "F_520_3": 21.331209182739258, 
    "F_892_3": 20.56848907470703
}