{
    "F_644_3": 20.78032875061035, 
    "F_551_3": 20.381637573242188, 
    "F_861_3": 20.528417587280273, 
    "id": "spec-7168-56625-0724-QSOs-201", 
    "F_675_3": 20.654495239257812, 
    "F_737_3": 20.757429122924805, 
    "F_396_3": 21.337203979492188, 
    "F_365_3": 21.053525924682617, 
    "F_613_3": 20.885438919067383, 
    "F_706_3": 20.749107360839844, 
    "F_923_3": 20.3979549407959, 
    "F_458_3": 20.93754005432129, 
    "F_768_3": 20.70221519470215, 
    "Z": 2.5000131130218506, 
    "F_799_3": 20.6577091217041, 
    "F_427_3": 20.09425926208496, 
    "F_489_3": 20.880943298339844, 
    "F_954_3": 20.40281867980957, 
    "F_830_3": 20.540672302246094, 
    "F_582_3": 20.706989288330078, 
    "F_520_3": 20.712528228759766, 
    "F_892_3": 20.530315399169922
}