{
    "F_644_3": 18.4165096282959, 
    "F_551_3": 18.510099411010742, 
    "F_861_3": 17.91506004333496, 
    "id": "spec-6005-56090-0116-QSOs-201", 
    "F_675_3": 18.359737396240234, 
    "F_737_3": 18.12042236328125, 
    "F_396_3": 18.597705841064453, 
    "F_365_3": 17.83702850341797, 
    "F_613_3": 18.467782974243164, 
    "F_706_3": 18.215534210205078, 
    "F_923_3": 17.999099731445312, 
    "F_458_3": 18.28722381591797, 
    "F_768_3": 18.08956527709961, 
    "Z": 2.0119919776916504, 
    "F_799_3": 18.074432373046875, 
    "F_427_3": 18.629484176635742, 
    "F_489_3": 18.4491024017334, 
    "F_954_3": 17.92475700378418, 
    "F_830_3": 17.8665828704834, 
    "F_582_3": 18.396648406982422, 
    "F_520_3": 18.585065841674805, 
    "F_892_3": 17.98410987854004
}