{
    "F_644_3": 19.392515182495117, 
    "F_551_3": 19.52858543395996, 
    "F_861_3": 18.848247528076172, 
    "id": "spec-2214-53794-0301-QSOs-201", 
    "F_675_3": 19.352285385131836, 
    "F_737_3": 19.180856704711914, 
    "F_396_3": 20.03376579284668, 
    "F_365_3": 19.971189498901367, 
    "F_613_3": 19.398456573486328, 
    "F_706_3": 19.200965881347656, 
    "F_923_3": 18.95386505126953, 
    "F_458_3": 19.32167625427246, 
    "F_768_3": 19.079753875732422, 
    "Z": 2.010981321334839, 
    "F_799_3": 19.10896873474121, 
    "F_427_3": 19.83749008178711, 
    "F_489_3": 19.46753692626953, 
    "F_954_3": Infinity, 
    "F_830_3": 18.848308563232422, 
    "F_582_3": 19.337427139282227, 
    "F_520_3": 19.613786697387695, 
    "F_892_3": 18.893251419067383
}