{
    "F_644_3": 20.2924861907959, 
    "F_551_3": Infinity, 
    "F_861_3": 19.827749252319336, 
    "id": "spec-0714-52201-0381-QSOs-201", 
    "F_675_3": 20.23259735107422, 
    "F_737_3": 19.987886428833008, 
    "F_396_3": Infinity, 
    "F_365_3": Infinity, 
    "F_613_3": 20.288776397705078, 
    "F_706_3": 20.095335006713867, 
    "F_923_3": 20.147533416748047, 
    "F_458_3": Infinity, 
    "F_768_3": 19.974037170410156, 
    "Z": 2.0136449337005615, 
    "F_799_3": 19.99559783935547, 
    "F_427_3": Infinity, 
    "F_489_3": Infinity, 
    "F_954_3": Infinity, 
    "F_830_3": 19.749462127685547, 
    "F_582_3": 20.07867431640625, 
    "F_520_3": Infinity, 
    "F_892_3": 19.96480369567871
}