{
    "F_644_3": 16.20974349975586, 
    "F_551_3": 16.594074249267578, 
    "F_861_3": 15.698782920837402, 
    "id": "spec-0623-52051-0405-QSOs-010", 
    "F_675_3": 15.830302238464355, 
    "F_737_3": 15.983806610107422, 
    "F_396_3": 17.62355613708496, 
    "F_365_3": 17.603422164916992, 
    "F_613_3": 16.29510498046875, 
    "F_706_3": 16.00313377380371, 
    "F_923_3": 15.605353355407715, 
    "F_458_3": 17.093456268310547, 
    "F_768_3": 15.864794731140137, 
    "Z": 0.04103752225637436, 
    "F_799_3": 15.815351486206055, 
    "F_427_3": 17.37683868408203, 
    "F_489_3": 16.782005310058594, 
    "F_954_3": Infinity, 
    "F_830_3": 15.772428512573242, 
    "F_582_3": 16.444841384887695, 
    "F_520_3": 16.631074905395508, 
    "F_892_3": 15.698431015014648
}