{
    "F_644_3": 19.5280704498291, 
    "F_551_3": 19.79387664794922, 
    "F_861_3": 19.052509307861328, 
    "id": "spec-2128-53800-0599-QSOs-010", 
    "F_675_3": 19.42183494567871, 
    "F_737_3": 19.248497009277344, 
    "F_396_3": 20.211793899536133, 
    "F_365_3": 20.445316314697266, 
    "F_613_3": 19.642433166503906, 
    "F_706_3": 19.311668395996094, 
    "F_923_3": 18.952415466308594, 
    "F_458_3": 20.27102279663086, 
    "F_768_3": 18.911190032958984, 
    "Z": 0.19846868515014648, 
    "F_799_3": 18.788883209228516, 
    "F_427_3": 20.2436580657959, 
    "F_489_3": 20.15091896057129, 
    "F_954_3": Infinity, 
    "F_830_3": 19.066062927246094, 
    "F_582_3": 19.614046096801758, 
    "F_520_3": 19.984882354736328, 
    "F_892_3": 19.026216506958008
}