{
    "F_644_3": 23.542016983032227, 
    "F_551_3": 23.294631958007812, 
    "F_861_3": Infinity, 
    "id": "spec-4387-55534-0456-QSOs-010", 
    "F_675_3": 23.156959533691406, 
    "F_737_3": Infinity, 
    "F_396_3": 23.126129150390625, 
    "F_365_3": 22.23845100402832, 
    "F_613_3": 23.195459365844727, 
    "F_706_3": 23.245098114013672, 
    "F_923_3": Infinity, 
    "F_458_3": 23.260669708251953, 
    "F_768_3": Infinity, 
    "Z": 0.05135280266404152, 
    "F_799_3": Infinity, 
    "F_427_3": 23.228612899780273, 
    "F_489_3": 23.39519500732422, 
    "F_954_3": Infinity, 
    "F_830_3": Infinity, 
    "F_582_3": 23.343290328979492, 
    "F_520_3": 23.508684158325195, 
    "F_892_3": Infinity
}