{
    "F_644_3": 20.51249122619629, 
    "F_551_3": 20.629684448242188, 
    "F_861_3": 20.35809326171875, 
    "id": "spec-3818-55532-0824-QSOs-010", 
    "F_675_3": 20.45147705078125, 
    "F_737_3": 20.483028411865234, 
    "F_396_3": 20.97262954711914, 
    "F_365_3": 20.902820587158203, 
    "F_613_3": 20.49909210205078, 
    "F_706_3": 20.502243041992188, 
    "F_923_3": 20.151762008666992, 
    "F_458_3": 20.764169692993164, 
    "F_768_3": 20.433853149414062, 
    "Z": 0.8222274780273438, 
    "F_799_3": 20.34444808959961, 
    "F_427_3": 20.833513259887695, 
    "F_489_3": 20.699872970581055, 
    "F_954_3": 20.195356369018555, 
    "F_830_3": 20.304710388183594, 
    "F_582_3": 20.559110641479492, 
    "F_520_3": 20.56879425048828, 
    "F_892_3": 20.056880950927734
}