{
    "F_644_3": 18.008665084838867, 
    "F_551_3": 18.13620948791504, 
    "F_861_3": 17.61043930053711, 
    "id": "spec-1420-53146-0093-QSOs-010", 
    "F_675_3": 17.94121742248535, 
    "F_737_3": 17.734350204467773, 
    "F_396_3": 18.81021499633789, 
    "F_365_3": 18.97513771057129, 
    "F_613_3": 18.10287857055664, 
    "F_706_3": 17.327173233032227, 
    "F_923_3": 17.54323387145996, 
    "F_458_3": 18.544273376464844, 
    "F_768_3": 17.761741638183594, 
    "Z": 0.09659283608198166, 
    "F_799_3": 17.682443618774414, 
    "F_427_3": 18.67916488647461, 
    "F_489_3": 18.355121612548828, 
    "F_954_3": Infinity, 
    "F_830_3": 17.634218215942383, 
    "F_582_3": 18.10668182373047, 
    "F_520_3": 18.203857421875, 
    "F_892_3": 17.521818161010742
}