{
    "F_644_3": 18.48502540588379, 
    "F_551_3": 18.578582763671875, 
    "F_861_3": 18.312740325927734, 
    "id": "spec-0497-51989-0226-QSOs-010", 
    "F_675_3": 18.4798641204834, 
    "F_737_3": 18.454395294189453, 
    "F_396_3": 18.92169761657715, 
    "F_365_3": 18.784685134887695, 
    "F_613_3": 18.586212158203125, 
    "F_706_3": 18.470134735107422, 
    "F_923_3": 18.239749908447266, 
    "F_458_3": 18.829160690307617, 
    "F_768_3": 18.45038604736328, 
    "Z": 0.9998539090156555, 
    "F_799_3": 18.46925926208496, 
    "F_427_3": 18.897125244140625, 
    "F_489_3": 18.7175235748291, 
    "F_954_3": Infinity, 
    "F_830_3": 18.412309646606445, 
    "F_582_3": 18.588939666748047, 
    "F_520_3": 18.706403732299805, 
    "F_892_3": 18.306421279907227
}