{
    "F_644_3": 18.789386749267578, 
    "F_551_3": 18.677274703979492, 
    "F_861_3": 18.84381103515625, 
    "id": "spec-1020-52721-0137-QSOs-010", 
    "F_675_3": 18.879833221435547, 
    "F_737_3": 18.888681411743164, 
    "F_396_3": 18.88530731201172, 
    "F_365_3": 19.041606903076172, 
    "F_613_3": 18.69043731689453, 
    "F_706_3": 18.800872802734375, 
    "F_923_3": 18.8627872467041, 
    "F_458_3": 18.591869354248047, 
    "F_768_3": 18.808767318725586, 
    "Z": 0.6379306316375732, 
    "F_799_3": 18.397377014160156, 
    "F_427_3": 18.86261558532715, 
    "F_489_3": 18.794147491455078, 
    "F_954_3": Infinity, 
    "F_830_3": 18.675966262817383, 
    "F_582_3": 18.653396606445312, 
    "F_520_3": 18.70764923095703, 
    "F_892_3": 18.901023864746094
}