{
    "F_644_3": 20.513425827026367, 
    "F_551_3": 20.861488342285156, 
    "F_861_3": 20.10660743713379, 
    "id": "spec-6636-56367-0113-QSOs-010", 
    "F_675_3": 20.463876724243164, 
    "F_737_3": 20.320295333862305, 
    "F_396_3": 21.19795036315918, 
    "F_365_3": 21.2708797454834, 
    "F_613_3": 20.66644287109375, 
    "F_706_3": 20.16680145263672, 
    "F_923_3": 19.945423126220703, 
    "F_458_3": 21.05109405517578, 
    "F_768_3": 20.280170440673828, 
    "Z": 0.444580614566803, 
    "F_799_3": 20.270191192626953, 
    "F_427_3": 21.185577392578125, 
    "F_489_3": 20.942623138427734, 
    "F_954_3": 19.316387176513672, 
    "F_830_3": 20.209318161010742, 
    "F_582_3": 20.76511001586914, 
    "F_520_3": 20.894834518432617, 
    "F_892_3": 20.14964485168457
}