{
    "F_644_3": 16.743486404418945, 
    "F_551_3": 17.27076530456543, 
    "F_861_3": 16.076562881469727, 
    "id": "spec-0627-52144-0261-QSOs-010", 
    "F_675_3": 16.550537109375, 
    "F_737_3": 16.432191848754883, 
    "F_396_3": 18.908239364624023, 
    "F_365_3": 19.33225440979004, 
    "F_613_3": 16.867860794067383, 
    "F_706_3": 16.336557388305664, 
    "F_923_3": 16.02227020263672, 
    "F_458_3": 18.061351776123047, 
    "F_768_3": 16.337852478027344, 
    "Z": 0.05815265700221062, 
    "F_799_3": 16.212791442871094, 
    "F_427_3": 18.54015350341797, 
    "F_489_3": 17.58119773864746, 
    "F_954_3": Infinity, 
    "F_830_3": 16.187725067138672, 
    "F_582_3": 17.028995513916016, 
    "F_520_3": 17.304378509521484, 
    "F_892_3": 16.06753158569336
}