{
    "F_644_3": Infinity, 
    "F_551_3": 18.710243225097656, 
    "F_861_3": Infinity, 
    "id": "spec-0689-52262-0306-QSOs-010", 
    "F_675_3": Infinity, 
    "F_737_3": Infinity, 
    "F_396_3": 20.173873901367188, 
    "F_365_3": 20.12779426574707, 
    "F_613_3": 18.610788345336914, 
    "F_706_3": Infinity, 
    "F_923_3": Infinity, 
    "F_458_3": 19.44811248779297, 
    "F_768_3": Infinity, 
    "Z": 0.10680020600557327, 
    "F_799_3": Infinity, 
    "F_427_3": 19.828462600708008, 
    "F_489_3": 19.182859420776367, 
    "F_954_3": Infinity, 
    "F_830_3": Infinity, 
    "F_582_3": 18.74639129638672, 
    "F_520_3": 18.964431762695312, 
    "F_892_3": Infinity
}