{
    "F_644_3": 16.530418395996094, 
    "F_551_3": 16.940034866333008, 
    "F_861_3": 15.826037406921387, 
    "id": "spec-1740-53050-0215-QSOs-010", 
    "F_675_3": 16.099018096923828, 
    "F_737_3": 16.217031478881836, 
    "F_396_3": 17.179431915283203, 
    "F_365_3": 16.97383689880371, 
    "F_613_3": 16.62684440612793, 
    "F_706_3": 16.276308059692383, 
    "F_923_3": 15.714988708496094, 
    "F_458_3": 17.219402313232422, 
    "F_768_3": 16.068819046020508, 
    "Z": 0.03947804868221283, 
    "F_799_3": 16.000282287597656, 
    "F_427_3": 17.276519775390625, 
    "F_489_3": 17.057287216186523, 
    "F_954_3": Infinity, 
    "F_830_3": 15.927457809448242, 
    "F_582_3": 16.789833068847656, 
    "F_520_3": 16.959989547729492, 
    "F_892_3": 15.798807144165039
}