{
    "F_644_3": 20.47292709350586, 
    "F_551_3": 20.554607391357422, 
    "F_861_3": 20.162273406982422, 
    "id": "spec-6636-56367-0080-QSOs-010", 
    "F_675_3": 20.455533981323242, 
    "F_737_3": 20.258960723876953, 
    "F_396_3": 20.746368408203125, 
    "F_365_3": 20.805448532104492, 
    "F_613_3": 20.5430965423584, 
    "F_706_3": 20.30491828918457, 
    "F_923_3": 20.2096004486084, 
    "F_458_3": 20.471433639526367, 
    "F_768_3": 20.245967864990234, 
    "Z": 0.647086501121521, 
    "F_799_3": 19.978853225708008, 
    "F_427_3": 20.717514038085938, 
    "F_489_3": 20.66071319580078, 
    "F_954_3": 20.21584701538086, 
    "F_830_3": 20.097272872924805, 
    "F_582_3": 20.566064834594727, 
    "F_520_3": 20.582897186279297, 
    "F_892_3": 20.188077926635742
}