{
    "F_644_3": 20.421510696411133, 
    "F_551_3": 21.09699058532715, 
    "F_861_3": 19.60293960571289, 
    "id": "spec-5886-56034-0256-QSOs-010", 
    "F_675_3": 20.23583984375, 
    "F_737_3": 20.07648277282715, 
    "F_396_3": 22.515058517456055, 
    "F_365_3": 22.045310974121094, 
    "F_613_3": 20.683313369750977, 
    "F_706_3": 19.979211807250977, 
    "F_923_3": 19.321889877319336, 
    "F_458_3": 22.287538528442383, 
    "F_768_3": 19.927326202392578, 
    "Z": 0.4296145737171173, 
    "F_799_3": 19.789289474487305, 
    "F_427_3": 22.445140838623047, 
    "F_489_3": 21.93979263305664, 
    "F_954_3": 18.87177848815918, 
    "F_830_3": 19.69857406616211, 
    "F_582_3": 20.87228012084961, 
    "F_520_3": 21.605083465576172, 
    "F_892_3": 19.465469360351562
}