{
    "F_644_3": 19.291566848754883, 
    "F_551_3": 19.603010177612305, 
    "F_861_3": 18.851707458496094, 
    "id": "spec-0756-52577-0411-QSOs-010", 
    "F_675_3": 18.991451263427734, 
    "F_737_3": 19.11139678955078, 
    "F_396_3": 19.394912719726562, 
    "F_365_3": 19.549074172973633, 
    "F_613_3": 19.38783836364746, 
    "F_706_3": 19.026765823364258, 
    "F_923_3": 17.88690948486328, 
    "F_458_3": 19.622535705566406, 
    "F_768_3": 19.085922241210938, 
    "Z": 0.40521764755249023, 
    "F_799_3": 18.994230270385742, 
    "F_427_3": 19.72875213623047, 
    "F_489_3": 19.60369873046875, 
    "F_954_3": Infinity, 
    "F_830_3": 18.851587295532227, 
    "F_582_3": 19.55425453186035, 
    "F_520_3": 19.59005355834961, 
    "F_892_3": 18.7421817779541
}