{
    "F_644_3": Infinity, 
    "F_551_3": 16.399517059326172, 
    "F_861_3": 15.611315727233887, 
    "id": "spec-1575-53493-0640-QSOs-010", 
    "F_675_3": 15.449692726135254, 
    "F_737_3": 15.876215934753418, 
    "F_396_3": 17.03090476989746, 
    "F_365_3": 17.113059997558594, 
    "F_613_3": 16.147445678710938, 
    "F_706_3": 15.904914855957031, 
    "F_923_3": 15.5462064743042, 
    "F_458_3": 16.723230361938477, 
    "F_768_3": 15.78347110748291, 
    "Z": 0.03923710063099861, 
    "F_799_3": 15.734150886535645, 
    "F_427_3": 16.928688049316406, 
    "F_489_3": 16.476421356201172, 
    "F_954_3": Infinity, 
    "F_830_3": 15.691340446472168, 
    "F_582_3": 16.3298282623291, 
    "F_520_3": 16.380632400512695, 
    "F_892_3": 15.591658592224121
}