{
    "F_644_3": Infinity, 
    "F_551_3": 19.18906593322754, 
    "F_861_3": Infinity, 
    "id": "spec-1020-52721-0188-QSOs-010", 
    "F_675_3": Infinity, 
    "F_737_3": Infinity, 
    "F_396_3": 19.20562744140625, 
    "F_365_3": 19.182958602905273, 
    "F_613_3": 19.32110023498535, 
    "F_706_3": Infinity, 
    "F_923_3": Infinity, 
    "F_458_3": 19.284263610839844, 
    "F_768_3": Infinity, 
    "Z": 0.5156356692314148, 
    "F_799_3": Infinity, 
    "F_427_3": 18.900405883789062, 
    "F_489_3": 19.20646858215332, 
    "F_954_3": Infinity, 
    "F_830_3": Infinity, 
    "F_582_3": 19.284500122070312, 
    "F_520_3": 19.181852340698242, 
    "F_892_3": Infinity
}