{
    "F_644_3": 20.422130584716797, 
    "F_551_3": 20.447525024414062, 
    "F_861_3": 19.987642288208008, 
    "id": "spec-6465-56279-0724-QSOs-010", 
    "F_675_3": 20.520517349243164, 
    "F_737_3": 20.404817581176758, 
    "F_396_3": 20.826093673706055, 
    "F_365_3": 20.961944580078125, 
    "F_613_3": 20.410863876342773, 
    "F_706_3": 20.502155303955078, 
    "F_923_3": 20.15828514099121, 
    "F_458_3": 20.5554256439209, 
    "F_768_3": 20.36838722229004, 
    "Z": 0.7127276659011841, 
    "F_799_3": 20.278202056884766, 
    "F_427_3": 20.64361572265625, 
    "F_489_3": 20.3698673248291, 
    "F_954_3": 20.158761978149414, 
    "F_830_3": 19.97477912902832, 
    "F_582_3": 20.406410217285156, 
    "F_520_3": 20.561737060546875, 
    "F_892_3": 20.17911148071289
}