{
    "F_644_3": 19.686260223388672, 
    "F_551_3": 19.56731414794922, 
    "F_861_3": 19.291162490844727, 
    "id": "spec-0753-52233-0090-QSOs-010", 
    "F_675_3": 19.720989227294922, 
    "F_737_3": 19.70707893371582, 
    "F_396_3": 19.915695190429688, 
    "F_365_3": 19.9022159576416, 
    "F_613_3": 19.620431900024414, 
    "F_706_3": 19.73444366455078, 
    "F_923_3": 19.572107315063477, 
    "F_458_3": 19.724695205688477, 
    "F_768_3": 19.579214096069336, 
    "Z": 0.7456838488578796, 
    "F_799_3": 19.554399490356445, 
    "F_427_3": 19.794767379760742, 
    "F_489_3": 19.45407485961914, 
    "F_954_3": Infinity, 
    "F_830_3": 19.62598991394043, 
    "F_582_3": 19.579442977905273, 
    "F_520_3": 19.621803283691406, 
    "F_892_3": 19.703189849853516
}