{
    "F_644_3": 18.832778930664062, 
    "F_551_3": 19.30782699584961, 
    "F_861_3": 18.14461326599121, 
    "id": "spec-1020-52721-0022-QSOs-010", 
    "F_675_3": 18.669206619262695, 
    "F_737_3": 18.446617126464844, 
    "F_396_3": 20.638586044311523, 
    "F_365_3": 20.53634262084961, 
    "F_613_3": 18.882598876953125, 
    "F_706_3": 18.5516414642334, 
    "F_923_3": 17.97711753845215, 
    "F_458_3": 20.353389739990234, 
    "F_768_3": 18.380645751953125, 
    "Z": 0.2219412624835968, 
    "F_799_3": 18.09056854248047, 
    "F_427_3": 20.543781280517578, 
    "F_489_3": 19.910585403442383, 
    "F_954_3": Infinity, 
    "F_830_3": 18.206880569458008, 
    "F_582_3": 19.13104248046875, 
    "F_520_3": 19.640073776245117, 
    "F_892_3": 18.067537307739258
}