{
    "F_644_3": 17.751028060913086, 
    "F_551_3": 18.125871658325195, 
    "F_861_3": 17.19963836669922, 
    "id": "spec-1797-54507-0357-QSOs-010", 
    "F_675_3": 17.68294906616211, 
    "F_737_3": 17.43185043334961, 
    "F_396_3": 19.278663635253906, 
    "F_365_3": 19.3480167388916, 
    "F_613_3": 17.90505027770996, 
    "F_706_3": 17.293298721313477, 
    "F_923_3": 17.095319747924805, 
    "F_458_3": 18.944944381713867, 
    "F_768_3": 17.4263858795166, 
    "Z": 0.0940999761223793, 
    "F_799_3": 17.32779312133789, 
    "F_427_3": 19.237436294555664, 
    "F_489_3": 18.540634155273438, 
    "F_954_3": Infinity, 
    "F_830_3": 17.232572555541992, 
    "F_582_3": 18.07758140563965, 
    "F_520_3": 18.270431518554688, 
    "F_892_3": 17.11568832397461
}