{
    "F_644_3": 19.780641555786133, 
    "F_551_3": 20.103782653808594, 
    "F_861_3": 19.14215087890625, 
    "id": "spec-1948-53388-0589-QSOs-010", 
    "F_675_3": 19.697914123535156, 
    "F_737_3": 19.459758758544922, 
    "F_396_3": 20.624385833740234, 
    "F_365_3": 20.73244285583496, 
    "F_613_3": 19.758447647094727, 
    "F_706_3": 19.471206665039062, 
    "F_923_3": 19.104965209960938, 
    "F_458_3": 20.28352928161621, 
    "F_768_3": 19.244335174560547, 
    "Z": 0.6256036758422852, 
    "F_799_3": 18.616504669189453, 
    "F_427_3": 20.64055633544922, 
    "F_489_3": 20.391834259033203, 
    "F_954_3": Infinity, 
    "F_830_3": 19.089401245117188, 
    "F_582_3": 20.013736724853516, 
    "F_520_3": 20.23158073425293, 
    "F_892_3": 19.102184295654297
}