{
    "F_644_3": 16.971088409423828, 
    "F_551_3": 17.08002471923828, 
    "F_861_3": 16.676347732543945, 
    "id": "spec-2425-54139-0243-QSOs-010", 
    "F_675_3": 16.93182373046875, 
    "F_737_3": 16.803495407104492, 
    "F_396_3": 17.40961456298828, 
    "F_365_3": 17.44060516357422, 
    "F_613_3": 17.04780387878418, 
    "F_706_3": 16.614559173583984, 
    "F_923_3": 16.617626190185547, 
    "F_458_3": 17.330551147460938, 
    "F_768_3": 16.799732208251953, 
    "Z": 0.09495957940816879, 
    "F_799_3": 16.747276306152344, 
    "F_427_3": 17.39558219909668, 
    "F_489_3": 17.212299346923828, 
    "F_954_3": Infinity, 
    "F_830_3": 16.691268920898438, 
    "F_582_3": 17.092666625976562, 
    "F_520_3": 17.140878677368164, 
    "F_892_3": 16.608642578125
}