{
    "F_644_3": 19.714570999145508, 
    "F_551_3": 19.885784149169922, 
    "F_861_3": 19.224069595336914, 
    "id": "spec-6464-56309-0365-QSOs-010", 
    "F_675_3": 19.6895751953125, 
    "F_737_3": 19.609710693359375, 
    "F_396_3": 20.84444236755371, 
    "F_365_3": 20.931434631347656, 
    "F_613_3": 19.72376251220703, 
    "F_706_3": 19.679977416992188, 
    "F_923_3": 19.37408447265625, 
    "F_458_3": 20.329248428344727, 
    "F_768_3": 19.48809814453125, 
    "Z": 0.769109308719635, 
    "F_799_3": 19.431743621826172, 
    "F_427_3": 20.514013290405273, 
    "F_489_3": 20.01056480407715, 
    "F_954_3": 19.454421997070312, 
    "F_830_3": 19.425600051879883, 
    "F_582_3": 19.750205993652344, 
    "F_520_3": 19.968643188476562, 
    "F_892_3": 19.253429412841797
}