{
    "F_644_3": 17.264705657958984, 
    "F_551_3": 17.817058563232422, 
    "F_861_3": 16.45108413696289, 
    "id": "spec-1104-52912-0181-QSOs-010", 
    "F_675_3": 16.981307983398438, 
    "F_737_3": 16.894634246826172, 
    "F_396_3": 19.54680824279785, 
    "F_365_3": 19.923519134521484, 
    "F_613_3": 17.398120880126953, 
    "F_706_3": 16.957134246826172, 
    "F_923_3": 16.239238739013672, 
    "F_458_3": 18.638837814331055, 
    "F_768_3": 16.72250747680664, 
    "Z": 0.03404476121068001, 
    "F_799_3": 16.64998435974121, 
    "F_427_3": 18.977481842041016, 
    "F_489_3": 18.268049240112305, 
    "F_954_3": Infinity, 
    "F_830_3": 16.543197631835938, 
    "F_582_3": 17.58064079284668, 
    "F_520_3": 17.998050689697266, 
    "F_892_3": 16.36836814880371
}