{
    "F_644_3": 19.31715965270996, 
    "F_551_3": 19.47638511657715, 
    "F_861_3": 18.99221420288086, 
    "id": "spec-2492-54178-0028-QSOs-010", 
    "F_675_3": 19.195146560668945, 
    "F_737_3": 18.612180709838867, 
    "F_396_3": 19.75718116760254, 
    "F_365_3": 19.7125301361084, 
    "F_613_3": 19.48794174194336, 
    "F_706_3": 19.104095458984375, 
    "F_923_3": Infinity, 
    "F_458_3": 19.606151580810547, 
    "F_768_3": 19.118494033813477, 
    "Z": 0.49396154284477234, 
    "F_799_3": 19.097244262695312, 
    "F_427_3": 19.42628288269043, 
    "F_489_3": 19.48779296875, 
    "F_954_3": Infinity, 
    "F_830_3": 19.087085723876953, 
    "F_582_3": 19.53346824645996, 
    "F_520_3": 19.503093719482422, 
    "F_892_3": Infinity
}