{
    "F_644_3": 17.83103370666504, 
    "F_551_3": 17.698505401611328, 
    "F_861_3": 17.77410125732422, 
    "id": "spec-1331-52766-0075-QSOs-010", 
    "F_675_3": 17.90780258178711, 
    "F_737_3": 17.29773712158203, 
    "F_396_3": 17.78438377380371, 
    "F_365_3": 17.779682159423828, 
    "F_613_3": 17.9034423828125, 
    "F_706_3": 17.779674530029297, 
    "F_923_3": 17.690271377563477, 
    "F_458_3": 17.822179794311523, 
    "F_768_3": 17.513656616210938, 
    "Z": 0.505845308303833, 
    "F_799_3": 17.84776496887207, 
    "F_427_3": 17.7015323638916, 
    "F_489_3": 17.740297317504883, 
    "F_954_3": Infinity, 
    "F_830_3": 17.845075607299805, 
    "F_582_3": 17.795677185058594, 
    "F_520_3": 17.69852638244629, 
    "F_892_3": 17.65365219116211
}