{
    "F_644_3": 19.310436248779297, 
    "F_551_3": 19.111799240112305, 
    "F_861_3": 19.2612247467041, 
    "id": "spec-2492-54178-0523-QSOs-010", 
    "F_675_3": 19.34430694580078, 
    "F_737_3": 19.283296585083008, 
    "F_396_3": 19.098478317260742, 
    "F_365_3": 19.14594078063965, 
    "F_613_3": 19.20131492614746, 
    "F_706_3": 19.22395896911621, 
    "F_923_3": 19.18701934814453, 
    "F_458_3": 18.88434410095215, 
    "F_768_3": 19.231298446655273, 
    "Z": 0.6417623162269592, 
    "F_799_3": 18.8903751373291, 
    "F_427_3": 19.118141174316406, 
    "F_489_3": 19.144014358520508, 
    "F_954_3": Infinity, 
    "F_830_3": 19.065526962280273, 
    "F_582_3": 19.131736755371094, 
    "F_520_3": 19.079662322998047, 
    "F_892_3": 19.242698669433594
}