{
    "F_644_3": 19.412376403808594, 
    "F_551_3": 19.52158546447754, 
    "F_861_3": 18.98877716064453, 
    "id": "spec-6636-56367-0109-QSOs-010", 
    "F_675_3": 19.30484962463379, 
    "F_737_3": 19.247665405273438, 
    "F_396_3": 19.360315322875977, 
    "F_365_3": 19.44864273071289, 
    "F_613_3": 19.580852508544922, 
    "F_706_3": 19.038928985595703, 
    "F_923_3": 18.875091552734375, 
    "F_458_3": 19.46356201171875, 
    "F_768_3": 19.245908737182617, 
    "Z": 0.45264485478401184, 
    "F_799_3": 19.202911376953125, 
    "F_427_3": 19.533279418945312, 
    "F_489_3": 19.412864685058594, 
    "F_954_3": 18.075279235839844, 
    "F_830_3": 19.129375457763672, 
    "F_582_3": 19.60306167602539, 
    "F_520_3": 19.405838012695312, 
    "F_892_3": 19.005126953125
}