{
    "F_644_3": 20.24706268310547, 
    "F_551_3": 20.7037353515625, 
    "F_861_3": 19.53388786315918, 
    "id": "spec-4768-55944-0003-QSOs-010", 
    "F_675_3": 20.024993896484375, 
    "F_737_3": 19.914005279541016, 
    "F_396_3": 21.560508728027344, 
    "F_365_3": 21.111862182617188, 
    "F_613_3": 20.348480224609375, 
    "F_706_3": 19.350448608398438, 
    "F_923_3": 19.039472579956055, 
    "F_458_3": 21.660673141479492, 
    "F_768_3": 19.784021377563477, 
    "Z": 0.42597469687461853, 
    "F_799_3": 19.675527572631836, 
    "F_427_3": 21.78476333618164, 
    "F_489_3": 21.402599334716797, 
    "F_954_3": 18.52492904663086, 
    "F_830_3": 19.56846046447754, 
    "F_582_3": 20.50261878967285, 
    "F_520_3": 20.906787872314453, 
    "F_892_3": 19.340496063232422
}