{
    "F_644_3": 20.018455505371094, 
    "F_551_3": 20.43565559387207, 
    "F_861_3": 19.624509811401367, 
    "id": "spec-6714-56447-0152-QSOs-010", 
    "F_675_3": 19.864242553710938, 
    "F_737_3": 19.766948699951172, 
    "F_396_3": 21.0256290435791, 
    "F_365_3": 21.056612014770508, 
    "F_613_3": 20.206323623657227, 
    "F_706_3": 19.848371505737305, 
    "F_923_3": 19.492942810058594, 
    "F_458_3": 20.714576721191406, 
    "F_768_3": 19.72046661376953, 
    "Z": 0.4755190908908844, 
    "F_799_3": 19.704879760742188, 
    "F_427_3": 20.786590576171875, 
    "F_489_3": 20.57021141052246, 
    "F_954_3": 19.403553009033203, 
    "F_830_3": 19.6934757232666, 
    "F_582_3": 20.34000015258789, 
    "F_520_3": 20.519412994384766, 
    "F_892_3": 19.598371505737305
}