{
    "F_644_3": 21.01416778564453, 
    "F_551_3": 20.998214721679688, 
    "F_861_3": 20.22622299194336, 
    "id": "spec-1331-52766-0076-QSOs-010", 
    "F_675_3": 21.0081729888916, 
    "F_737_3": 20.969039916992188, 
    "F_396_3": 21.383941650390625, 
    "F_365_3": 20.963964462280273, 
    "F_613_3": 20.945899963378906, 
    "F_706_3": 21.039539337158203, 
    "F_923_3": 20.470027923583984, 
    "F_458_3": 21.043291091918945, 
    "F_768_3": 20.76896858215332, 
    "Z": 0.7893489599227905, 
    "F_799_3": 20.72492790222168, 
    "F_427_3": 21.189315795898438, 
    "F_489_3": 20.608577728271484, 
    "F_954_3": Infinity, 
    "F_830_3": 20.5836238861084, 
    "F_582_3": 20.85721206665039, 
    "F_520_3": 20.81604766845703, 
    "F_892_3": 20.17195701599121
}