{
    "F_644_3": Infinity, 
    "F_551_3": 18.196130752563477, 
    "F_861_3": Infinity, 
    "id": "spec-0546-52205-0173-QSOs-010", 
    "F_675_3": Infinity, 
    "F_737_3": Infinity, 
    "F_396_3": 19.96260643005371, 
    "F_365_3": 20.17835807800293, 
    "F_613_3": 18.191272735595703, 
    "F_706_3": Infinity, 
    "F_923_3": Infinity, 
    "F_458_3": 19.29754066467285, 
    "F_768_3": Infinity, 
    "Z": 0.09966529905796051, 
    "F_799_3": Infinity, 
    "F_427_3": 19.677522659301758, 
    "F_489_3": 18.93677520751953, 
    "F_954_3": Infinity, 
    "F_830_3": Infinity, 
    "F_582_3": 18.41210174560547, 
    "F_520_3": 18.62607192993164, 
    "F_892_3": Infinity
}