{
    "F_644_3": 18.55645751953125, 
    "F_551_3": 18.7298641204834, 
    "F_861_3": 18.1324462890625, 
    "id": "spec-0777-52320-0126-QSOs-010", 
    "F_675_3": 18.4985408782959, 
    "F_737_3": 18.167661666870117, 
    "F_396_3": 19.31249237060547, 
    "F_365_3": 19.33232879638672, 
    "F_613_3": 18.688159942626953, 
    "F_706_3": 18.096965789794922, 
    "F_923_3": 18.105697631835938, 
    "F_458_3": 19.260725021362305, 
    "F_768_3": 18.275131225585938, 
    "Z": 0.09839881956577301, 
    "F_799_3": 18.219343185424805, 
    "F_427_3": 19.357437133789062, 
    "F_489_3": 19.067358016967773, 
    "F_954_3": Infinity, 
    "F_830_3": 18.17801284790039, 
    "F_582_3": 18.783584594726562, 
    "F_520_3": 18.83502769470215, 
    "F_892_3": 18.057340621948242
}