{
    "F_644_3": 17.81305503845215, 
    "F_551_3": 18.05097198486328, 
    "F_861_3": 17.29678726196289, 
    "id": "spec-0841-52375-0208-QSOs-010", 
    "F_675_3": 17.736244201660156, 
    "F_737_3": 17.533790588378906, 
    "F_396_3": 18.688701629638672, 
    "F_365_3": 18.607147216796875, 
    "F_613_3": 17.94996452331543, 
    "F_706_3": 17.277685165405273, 
    "F_923_3": 17.185928344726562, 
    "F_458_3": 18.53692626953125, 
    "F_768_3": 17.504796981811523, 
    "Z": 0.09466131031513214, 
    "F_799_3": 17.4217586517334, 
    "F_427_3": 18.69210433959961, 
    "F_489_3": 18.29347801208496, 
    "F_954_3": Infinity, 
    "F_830_3": 17.34651756286621, 
    "F_582_3": 17.990507125854492, 
    "F_520_3": 18.124744415283203, 
    "F_892_3": 17.20509147644043
}