{
    "F_644_3": Infinity, 
    "F_551_3": 19.446521759033203, 
    "F_861_3": Infinity, 
    "id": "spec-1602-53117-0639-QSOs-010", 
    "F_675_3": Infinity, 
    "F_737_3": Infinity, 
    "F_396_3": 19.903005599975586, 
    "F_365_3": 20.039052963256836, 
    "F_613_3": 19.34518814086914, 
    "F_706_3": Infinity, 
    "F_923_3": Infinity, 
    "F_458_3": 20.03778648376465, 
    "F_768_3": Infinity, 
    "Z": 0.09600361436605453, 
    "F_799_3": Infinity, 
    "F_427_3": 20.128536224365234, 
    "F_489_3": 19.6396484375, 
    "F_954_3": Infinity, 
    "F_830_3": Infinity, 
    "F_582_3": 19.393762588500977, 
    "F_520_3": 19.573469161987305, 
    "F_892_3": Infinity
}