{
    "F_644_3": 19.60932159423828, 
    "F_551_3": 19.672975540161133, 
    "F_861_3": 19.68895149230957, 
    "id": "spec-6464-56309-0480-QSOs-010", 
    "F_675_3": 19.626832962036133, 
    "F_737_3": 19.779848098754883, 
    "F_396_3": 19.94687843322754, 
    "F_365_3": 19.94086456298828, 
    "F_613_3": 19.606496810913086, 
    "F_706_3": 19.694700241088867, 
    "F_923_3": 19.21744155883789, 
    "F_458_3": 19.700361251831055, 
    "F_768_3": 19.84937858581543, 
    "Z": 0.8759908080101013, 
    "F_799_3": 19.7701416015625, 
    "F_427_3": 19.828092575073242, 
    "F_489_3": 19.717973709106445, 
    "F_954_3": 19.298763275146484, 
    "F_830_3": 19.704626083374023, 
    "F_582_3": 19.654306411743164, 
    "F_520_3": 19.520130157470703, 
    "F_892_3": 19.60076904296875
}