{
    "F_644_3": 20.313135147094727, 
    "F_551_3": 20.0771484375, 
    "F_861_3": 20.3533992767334, 
    "id": "spec-6464-56309-0342-QSOs-010", 
    "F_675_3": 20.302345275878906, 
    "F_737_3": 20.343673706054688, 
    "F_396_3": 20.7852725982666, 
    "F_365_3": 20.44615936279297, 
    "F_613_3": 20.298795700073242, 
    "F_706_3": 20.27834701538086, 
    "F_923_3": 20.36216926574707, 
    "F_458_3": 20.537004470825195, 
    "F_768_3": 20.412355422973633, 
    "Z": 0.939666748046875, 
    "F_799_3": 20.409337997436523, 
    "F_427_3": 20.770627975463867, 
    "F_489_3": 20.41505241394043, 
    "F_954_3": 19.90001678466797, 
    "F_830_3": 20.381404876708984, 
    "F_582_3": 20.426881790161133, 
    "F_520_3": 20.392961502075195, 
    "F_892_3": 20.353967666625977
}