{
    "F_644_3": Infinity, 
    "F_551_3": 19.253149032592773, 
    "F_861_3": Infinity, 
    "id": "spec-2492-54178-0248-QSOs-010", 
    "F_675_3": Infinity, 
    "F_737_3": Infinity, 
    "F_396_3": 19.578811645507812, 
    "F_365_3": 19.42128562927246, 
    "F_613_3": 19.128171920776367, 
    "F_706_3": Infinity, 
    "F_923_3": Infinity, 
    "F_458_3": 19.36126136779785, 
    "F_768_3": Infinity, 
    "Z": 0.8174293041229248, 
    "F_799_3": Infinity, 
    "F_427_3": 19.411611557006836, 
    "F_489_3": 19.30581283569336, 
    "F_954_3": Infinity, 
    "F_830_3": Infinity, 
    "F_582_3": 19.14429473876953, 
    "F_520_3": 19.178138732910156, 
    "F_892_3": Infinity
}