{
    "F_644_3": 20.015302658081055, 
    "F_551_3": 19.768592834472656, 
    "F_861_3": 19.828454971313477, 
    "id": "spec-5331-55976-0072-QSOs-010", 
    "F_675_3": 19.99349594116211, 
    "F_737_3": 19.982852935791016, 
    "F_396_3": 20.531696319580078, 
    "F_365_3": 20.369882583618164, 
    "F_613_3": 20.064233779907227, 
    "F_706_3": 20.006986618041992, 
    "F_923_3": 19.746374130249023, 
    "F_458_3": 20.362146377563477, 
    "F_768_3": 20.001697540283203, 
    "Z": 0.9698137640953064, 
    "F_799_3": 19.967500686645508, 
    "F_427_3": 20.512126922607422, 
    "F_489_3": 20.194904327392578, 
    "F_954_3": 19.59593963623047, 
    "F_830_3": 19.949209213256836, 
    "F_582_3": 20.065738677978516, 
    "F_520_3": 20.170042037963867, 
    "F_892_3": 19.79918098449707
}