{
    "F_644_3": 18.159582138061523, 
    "F_551_3": 18.384130477905273, 
    "F_861_3": 17.670419692993164, 
    "id": "spec-0411-51817-0263-QSOs-010", 
    "F_675_3": 18.098617553710938, 
    "F_737_3": 17.514272689819336, 
    "F_396_3": 19.26668357849121, 
    "F_365_3": 19.465131759643555, 
    "F_613_3": 18.31153678894043, 
    "F_706_3": 17.541826248168945, 
    "F_923_3": 17.572965621948242, 
    "F_458_3": 19.07032585144043, 
    "F_768_3": 17.85496711730957, 
    "Z": 0.10140277445316315, 
    "F_799_3": 17.806869506835938, 
    "F_427_3": 19.24382781982422, 
    "F_489_3": 18.793136596679688, 
    "F_954_3": Infinity, 
    "F_830_3": 17.70595932006836, 
    "F_582_3": 18.442304611206055, 
    "F_520_3": 18.478288650512695, 
    "F_892_3": 17.579689025878906
}