{
    "F_644_3": 17.846275329589844, 
    "F_551_3": 18.329364776611328, 
    "F_861_3": 17.191181182861328, 
    "id": "spec-0266-51630-0227-QSOs-010", 
    "F_675_3": 17.718477249145508, 
    "F_737_3": 17.542219161987305, 
    "F_396_3": 19.741945266723633, 
    "F_365_3": 19.831016540527344, 
    "F_613_3": 17.96465492248535, 
    "F_706_3": 17.427974700927734, 
    "F_923_3": 17.10558319091797, 
    "F_458_3": 18.9868221282959, 
    "F_768_3": 17.466154098510742, 
    "Z": 0.06315506249666214, 
    "F_799_3": 17.319623947143555, 
    "F_427_3": 19.31478500366211, 
    "F_489_3": 18.620594024658203, 
    "F_954_3": Infinity, 
    "F_830_3": 17.284822463989258, 
    "F_582_3": 18.117698669433594, 
    "F_520_3": 18.349077224731445, 
    "F_892_3": 17.13119125366211
}