{
    "F_644_3": 18.722734451293945, 
    "F_551_3": 18.72803497314453, 
    "F_861_3": 18.595762252807617, 
    "id": "spec-0753-52233-0058-QSOs-010", 
    "F_675_3": 18.57416534423828, 
    "F_737_3": 18.478206634521484, 
    "F_396_3": 18.943761825561523, 
    "F_365_3": 18.917619705200195, 
    "F_613_3": 18.74927520751953, 
    "F_706_3": 18.542062759399414, 
    "F_923_3": 18.53160285949707, 
    "F_458_3": 18.840377807617188, 
    "F_768_3": 18.463655471801758, 
    "Z": 0.5439127683639526, 
    "F_799_3": 18.508588790893555, 
    "F_427_3": 18.791688919067383, 
    "F_489_3": 18.76994514465332, 
    "F_954_3": Infinity, 
    "F_830_3": 18.524534225463867, 
    "F_582_3": 18.727800369262695, 
    "F_520_3": 18.72454071044922, 
    "F_892_3": 18.605422973632812
}