{
    "F_644_3": 20.396312713623047, 
    "F_551_3": 21.30243682861328, 
    "F_861_3": 19.51238441467285, 
    "id": "spec-6497-56329-0133-QSOs-010", 
    "F_675_3": 20.170507431030273, 
    "F_737_3": 19.855667114257812, 
    "F_396_3": 22.437707901000977, 
    "F_365_3": 22.3622989654541, 
    "F_613_3": 20.627954483032227, 
    "F_706_3": 19.97728729248047, 
    "F_923_3": 19.33487319946289, 
    "F_458_3": 21.9283447265625, 
    "F_768_3": 19.67005729675293, 
    "Z": 0.5394702553749084, 
    "F_799_3": 19.719377517700195, 
    "F_427_3": 21.982301712036133, 
    "F_489_3": 21.702598571777344, 
    "F_954_3": 19.32318687438965, 
    "F_830_3": 19.600811004638672, 
    "F_582_3": 20.915353775024414, 
    "F_520_3": 21.452239990234375, 
    "F_892_3": 19.422801971435547
}