{
    "F_644_3": 21.955015182495117, 
    "F_551_3": 22.2666015625, 
    "F_861_3": 21.496414184570312, 
    "id": "spec-7101-56659-0220-QSOs-010", 
    "F_675_3": 21.92365074157715, 
    "F_737_3": 22.02608299255371, 
    "F_396_3": 22.259937286376953, 
    "F_365_3": 21.90979766845703, 
    "F_613_3": 21.941984176635742, 
    "F_706_3": 21.991718292236328, 
    "F_923_3": 20.789052963256836, 
    "F_458_3": 22.295005798339844, 
    "F_768_3": 21.821352005004883, 
    "Z": 0.8591629266738892, 
    "F_799_3": 21.677675247192383, 
    "F_427_3": 22.353458404541016, 
    "F_489_3": 22.255773544311523, 
    "F_954_3": 20.49401092529297, 
    "F_830_3": 21.672428131103516, 
    "F_582_3": 22.083507537841797, 
    "F_520_3": 22.0048885345459, 
    "F_892_3": 21.12513542175293
}