{
    "F_644_3": Infinity, 
    "F_551_3": 18.76280975341797, 
    "F_861_3": Infinity, 
    "id": "spec-1946-53432-0175-QSOs-010", 
    "F_675_3": Infinity, 
    "F_737_3": Infinity, 
    "F_396_3": 19.07846450805664, 
    "F_365_3": 19.026058197021484, 
    "F_613_3": 18.664339065551758, 
    "F_706_3": Infinity, 
    "F_923_3": Infinity, 
    "F_458_3": 18.90654754638672, 
    "F_768_3": Infinity, 
    "Z": 0.8248780965805054, 
    "F_799_3": Infinity, 
    "F_427_3": 18.98873519897461, 
    "F_489_3": 18.84682846069336, 
    "F_954_3": Infinity, 
    "F_830_3": Infinity, 
    "F_582_3": 18.68029022216797, 
    "F_520_3": 18.658851623535156, 
    "F_892_3": Infinity
}