{
    "F_644_3": 19.704879760742188, 
    "F_551_3": 19.933013916015625, 
    "F_861_3": 19.48550796508789, 
    "id": "spec-6714-56447-0314-QSOs-010", 
    "F_675_3": 19.620819091796875, 
    "F_737_3": 19.694128036499023, 
    "F_396_3": 20.99884796142578, 
    "F_365_3": 21.06001853942871, 
    "F_613_3": 19.768497467041016, 
    "F_706_3": 19.700302124023438, 
    "F_923_3": 18.992727279663086, 
    "F_458_3": 20.35439682006836, 
    "F_768_3": 19.69302749633789, 
    "Z": 0.8297075033187866, 
    "F_799_3": 19.483890533447266, 
    "F_427_3": 20.625022888183594, 
    "F_489_3": 20.179161071777344, 
    "F_954_3": 19.340288162231445, 
    "F_830_3": 19.531593322753906, 
    "F_582_3": 19.803916931152344, 
    "F_520_3": 19.929180145263672, 
    "F_892_3": 18.99652862548828
}