{
    "F_644_3": 18.33688735961914, 
    "F_551_3": Infinity, 
    "F_861_3": 17.66499900817871, 
    "id": "spec-2492-54178-0279-QSOs-010", 
    "F_675_3": 18.232669830322266, 
    "F_737_3": 17.849660873413086, 
    "F_396_3": Infinity, 
    "F_365_3": Infinity, 
    "F_613_3": 18.497913360595703, 
    "F_706_3": 18.130544662475586, 
    "F_923_3": 17.53518295288086, 
    "F_458_3": Infinity, 
    "F_768_3": 17.907033920288086, 
    "Z": 0.13461126387119293, 
    "F_799_3": 17.87266731262207, 
    "F_427_3": Infinity, 
    "F_489_3": Infinity, 
    "F_954_3": Infinity, 
    "F_830_3": 17.772071838378906, 
    "F_582_3": 18.713600158691406, 
    "F_520_3": Infinity, 
    "F_892_3": 17.619417190551758
}