{
    "F_644_3": 21.820451736450195, 
    "F_551_3": 22.19035530090332, 
    "F_861_3": 20.92759895324707, 
    "id": "spec-6464-56309-0202-QSOs-010", 
    "F_675_3": 21.62310218811035, 
    "F_737_3": 21.39134407043457, 
    "F_396_3": 22.29242515563965, 
    "F_365_3": 22.08008575439453, 
    "F_613_3": 21.861406326293945, 
    "F_706_3": 21.4205379486084, 
    "F_923_3": 20.725902557373047, 
    "F_458_3": 22.15940284729004, 
    "F_768_3": 21.164775848388672, 
    "Z": 0.5831844806671143, 
    "F_799_3": 21.152992248535156, 
    "F_427_3": 22.3231258392334, 
    "F_489_3": 22.36011505126953, 
    "F_954_3": 20.47726821899414, 
    "F_830_3": 21.07566261291504, 
    "F_582_3": 22.049755096435547, 
    "F_520_3": 22.2880859375, 
    "F_892_3": 20.896554946899414
}