{
    "F_644_3": 19.2321720123291, 
    "F_551_3": 19.063682556152344, 
    "F_861_3": 19.305315017700195, 
    "id": "spec-1332-52781-0399-QSOs-010", 
    "F_675_3": 19.24010467529297, 
    "F_737_3": 19.34048080444336, 
    "F_396_3": 19.469196319580078, 
    "F_365_3": 19.503171920776367, 
    "F_613_3": 19.184757232666016, 
    "F_706_3": 19.29233169555664, 
    "F_923_3": 19.288429260253906, 
    "F_458_3": 19.34408950805664, 
    "F_768_3": 19.40235710144043, 
    "Z": 0.9204632639884949, 
    "F_799_3": 19.43598747253418, 
    "F_427_3": 19.527250289916992, 
    "F_489_3": 19.283287048339844, 
    "F_954_3": Infinity, 
    "F_830_3": 19.235496520996094, 
    "F_582_3": 19.291074752807617, 
    "F_520_3": 19.13699722290039, 
    "F_892_3": 19.221633911132812
}