{
    "F_644_3": 18.428895950317383, 
    "F_551_3": 18.684642791748047, 
    "F_861_3": 17.63347625732422, 
    "id": "spec-1331-52766-0081-QSOs-010", 
    "F_675_3": 18.39142608642578, 
    "F_737_3": 18.467668533325195, 
    "F_396_3": 18.763994216918945, 
    "F_365_3": 18.623319625854492, 
    "F_613_3": 18.550249099731445, 
    "F_706_3": 18.442733764648438, 
    "F_923_3": 18.134008407592773, 
    "F_458_3": 18.80371856689453, 
    "F_768_3": 18.35548210144043, 
    "Z": 0.2955501675605774, 
    "F_799_3": 18.299880981445312, 
    "F_427_3": 18.740516662597656, 
    "F_489_3": 18.848182678222656, 
    "F_954_3": Infinity, 
    "F_830_3": 18.158138275146484, 
    "F_582_3": 18.540367126464844, 
    "F_520_3": 18.832429885864258, 
    "F_892_3": 18.18674659729004
}