{
    "F_644_3": 21.267379760742188, 
    "F_551_3": 22.087953567504883, 
    "F_861_3": 20.123228073120117, 
    "id": "spec-7101-56659-0195-QSOs-010", 
    "F_675_3": 20.93352508544922, 
    "F_737_3": 20.24699592590332, 
    "F_396_3": 22.71320343017578, 
    "F_365_3": 22.044391632080078, 
    "F_613_3": 21.405738830566406, 
    "F_706_3": 20.771650314331055, 
    "F_923_3": 19.89906120300293, 
    "F_458_3": 22.805139541625977, 
    "F_768_3": 20.549585342407227, 
    "Z": 0.49893414974212646, 
    "F_799_3": 20.38846778869629, 
    "F_427_3": 22.843692779541016, 
    "F_489_3": 22.67690658569336, 
    "F_954_3": 19.69278907775879, 
    "F_830_3": 20.258026123046875, 
    "F_582_3": 21.93186378479004, 
    "F_520_3": 22.47286605834961, 
    "F_892_3": 19.98220443725586
}