{
    "F_644_3": 21.38396453857422, 
    "F_551_3": 21.503639221191406, 
    "F_861_3": 20.781017303466797, 
    "id": "spec-5336-55957-0877-QSOs-010", 
    "F_675_3": 21.45794105529785, 
    "F_737_3": 21.29601287841797, 
    "F_396_3": 21.625221252441406, 
    "F_365_3": 21.313945770263672, 
    "F_613_3": 21.442014694213867, 
    "F_706_3": 21.343626022338867, 
    "F_923_3": 20.470407485961914, 
    "F_458_3": 21.619335174560547, 
    "F_768_3": 21.198726654052734, 
    "Z": 0.8648019433021545, 
    "F_799_3": 20.997970581054688, 
    "F_427_3": 21.668699264526367, 
    "F_489_3": 21.62392234802246, 
    "F_954_3": 20.5893497467041, 
    "F_830_3": 20.900497436523438, 
    "F_582_3": 21.450851440429688, 
    "F_520_3": 21.17289161682129, 
    "F_892_3": 20.674345016479492
}