{
    "F_644_3": 18.522735595703125, 
    "F_551_3": 18.691539764404297, 
    "F_861_3": 18.201120376586914, 
    "id": "spec-2212-53789-0207-QSOs-010", 
    "F_675_3": 18.473831176757812, 
    "F_737_3": 18.36959457397461, 
    "F_396_3": 19.133543014526367, 
    "F_365_3": 19.189138412475586, 
    "F_613_3": 18.58115005493164, 
    "F_706_3": 18.141664505004883, 
    "F_923_3": 18.136581420898438, 
    "F_458_3": 19.031312942504883, 
    "F_768_3": 18.348175048828125, 
    "Z": 0.09458301216363907, 
    "F_799_3": 18.2824649810791, 
    "F_427_3": 19.130094528198242, 
    "F_489_3": 18.840970993041992, 
    "F_954_3": Infinity, 
    "F_830_3": 18.23093605041504, 
    "F_582_3": 18.605131149291992, 
    "F_520_3": 18.720521926879883, 
    "F_892_3": 18.103958129882812
}