{
    "F_644_3": 17.90415382385254, 
    "F_551_3": 18.797000885009766, 
    "F_861_3": 16.452192306518555, 
    "id": "spec-1250-52930-0584-QSOs-010", 
    "F_675_3": 17.660228729248047, 
    "F_737_3": 17.249711990356445, 
    "F_396_3": 21.26261329650879, 
    "F_365_3": 21.960426330566406, 
    "F_613_3": 18.117094039916992, 
    "F_706_3": 17.460285186767578, 
    "F_923_3": 16.174718856811523, 
    "F_458_3": 20.194957733154297, 
    "F_768_3": 17.013660430908203, 
    "Z": 0.019047290086746216, 
    "F_799_3": 16.80309295654297, 
    "F_427_3": 20.793527603149414, 
    "F_489_3": 19.671062469482422, 
    "F_954_3": Infinity, 
    "F_830_3": 16.629674911499023, 
    "F_582_3": 18.452478408813477, 
    "F_520_3": 19.146238327026367, 
    "F_892_3": 16.284088134765625
}