{
    "F_644_3": 20.61733055114746, 
    "F_551_3": 20.176124572753906, 
    "F_861_3": 20.78715705871582, 
    "id": "spec-5714-56660-0765-QSOs-010", 
    "F_675_3": 20.745439529418945, 
    "F_737_3": 20.66900062561035, 
    "F_396_3": 19.87451934814453, 
    "F_365_3": 19.830612182617188, 
    "F_613_3": 20.50316619873047, 
    "F_706_3": 20.76225471496582, 
    "F_923_3": 20.880712509155273, 
    "F_458_3": 19.932178497314453, 
    "F_768_3": 20.660358428955078, 
    "Z": 0.6887319684028625, 
    "F_799_3": 20.830177307128906, 
    "F_427_3": 19.932525634765625, 
    "F_489_3": 20.00063133239746, 
    "F_954_3": 20.893871307373047, 
    "F_830_3": 20.49698829650879, 
    "F_582_3": 20.331811904907227, 
    "F_520_3": 20.191547393798828, 
    "F_892_3": 20.85086441040039
}