{
    "F_644_3": 17.615402221679688, 
    "F_551_3": 17.94349479675293, 
    "F_861_3": 17.151517868041992, 
    "id": "spec-0827-52312-0515-QSOs-010", 
    "F_675_3": 17.554285049438477, 
    "F_737_3": 17.25514793395996, 
    "F_396_3": 18.899728775024414, 
    "F_365_3": 19.00425148010254, 
    "F_613_3": 17.76441764831543, 
    "F_706_3": 17.18655014038086, 
    "F_923_3": 17.06780242919922, 
    "F_458_3": 18.557178497314453, 
    "F_768_3": 17.318208694458008, 
    "Z": 0.09908352792263031, 
    "F_799_3": 17.25019645690918, 
    "F_427_3": 18.81584358215332, 
    "F_489_3": 18.252609252929688, 
    "F_954_3": Infinity, 
    "F_830_3": 17.16285514831543, 
    "F_582_3": 17.89508819580078, 
    "F_520_3": 18.012285232543945, 
    "F_892_3": 17.07654571533203
}