{
    "F_644_3": 18.703035354614258, 
    "F_551_3": 18.67661476135254, 
    "F_861_3": 18.571121215820312, 
    "id": "spec-2207-53558-0439-QSOs-010", 
    "F_675_3": 18.667924880981445, 
    "F_737_3": 18.69149398803711, 
    "F_396_3": 18.438934326171875, 
    "F_365_3": 18.691314697265625, 
    "F_613_3": 18.73707389831543, 
    "F_706_3": 18.310190200805664, 
    "F_923_3": 18.560962677001953, 
    "F_458_3": 18.60809898376465, 
    "F_768_3": 18.708181381225586, 
    "Z": 0.43736740946769714, 
    "F_799_3": 18.753738403320312, 
    "F_427_3": 18.668935775756836, 
    "F_489_3": 18.60280990600586, 
    "F_954_3": Infinity, 
    "F_830_3": 18.673023223876953, 
    "F_582_3": 18.76340675354004, 
    "F_520_3": 18.632476806640625, 
    "F_892_3": 18.59867286682129
}