{
    "F_644_3": 17.326993942260742, 
    "F_551_3": 17.575498580932617, 
    "F_861_3": 16.873920440673828, 
    "id": "spec-0719-52203-0023-QSOs-010", 
    "F_675_3": 17.28104019165039, 
    "F_737_3": 17.048717498779297, 
    "F_396_3": 18.102611541748047, 
    "F_365_3": 18.157529830932617, 
    "F_613_3": 17.466934204101562, 
    "F_706_3": 16.774253845214844, 
    "F_923_3": 16.786264419555664, 
    "F_458_3": 18.026081085205078, 
    "F_768_3": 17.057796478271484, 
    "Z": 0.09083930402994156, 
    "F_799_3": 16.98258399963379, 
    "F_427_3": 18.136106491088867, 
    "F_489_3": 17.811159133911133, 
    "F_954_3": Infinity, 
    "F_830_3": 16.91738510131836, 
    "F_582_3": 17.601173400878906, 
    "F_520_3": 17.60603904724121, 
    "F_892_3": 16.80617332458496
}