{
    "F_644_3": 21.768035888671875, 
    "F_551_3": 22.080528259277344, 
    "F_861_3": 21.060726165771484, 
    "id": "spec-5714-56660-0325-QSOs-010", 
    "F_675_3": 21.658754348754883, 
    "F_737_3": 21.502304077148438, 
    "F_396_3": Infinity, 
    "F_365_3": Infinity, 
    "F_613_3": 21.783687591552734, 
    "F_706_3": 21.648216247558594, 
    "F_923_3": 20.982633590698242, 
    "F_458_3": Infinity, 
    "F_768_3": 21.242656707763672, 
    "Z": 0.8173974752426147, 
    "F_799_3": 21.205467224121094, 
    "F_427_3": Infinity, 
    "F_489_3": Infinity, 
    "F_954_3": 20.72637367248535, 
    "F_830_3": 21.049102783203125, 
    "F_582_3": 21.89778709411621, 
    "F_520_3": 22.287342071533203, 
    "F_892_3": 20.793132781982422
}