{
    "F_644_3": 18.183032989501953, 
    "F_551_3": Infinity, 
    "F_861_3": 18.141433715820312, 
    "id": "spec-0490-51929-0344-QSOs-010", 
    "F_675_3": 18.152950286865234, 
    "F_737_3": 18.162946701049805, 
    "F_396_3": Infinity, 
    "F_365_3": Infinity, 
    "F_613_3": 18.301469802856445, 
    "F_706_3": 18.045623779296875, 
    "F_923_3": 18.087505340576172, 
    "F_458_3": Infinity, 
    "F_768_3": 18.163284301757812, 
    "Z": 0.47114264965057373, 
    "F_799_3": 18.23142433166504, 
    "F_427_3": Infinity, 
    "F_489_3": Infinity, 
    "F_954_3": Infinity, 
    "F_830_3": 18.238300323486328, 
    "F_582_3": Infinity, 
    "F_520_3": Infinity, 
    "F_892_3": 18.129281997680664
}