{
    "F_644_3": 18.168325424194336, 
    "F_551_3": 18.12957191467285, 
    "F_861_3": 18.068687438964844, 
    "id": "spec-1650-53174-0234-QSOs-010", 
    "F_675_3": 18.155254364013672, 
    "F_737_3": 18.175308227539062, 
    "F_396_3": 18.521631240844727, 
    "F_365_3": 18.474702835083008, 
    "F_613_3": 18.217443466186523, 
    "F_706_3": 18.175813674926758, 
    "F_923_3": 18.127538681030273, 
    "F_458_3": 18.412551879882812, 
    "F_768_3": 18.18954086303711, 
    "Z": 0.9668776392936707, 
    "F_799_3": 18.199613571166992, 
    "F_427_3": 18.509578704833984, 
    "F_489_3": 18.322669982910156, 
    "F_954_3": Infinity, 
    "F_830_3": 18.1955623626709, 
    "F_582_3": 18.22068977355957, 
    "F_520_3": 18.306377410888672, 
    "F_892_3": 18.108396530151367
}