{
    "F_644_3": 17.35406494140625, 
    "F_551_3": 17.87423324584961, 
    "F_861_3": 16.740877151489258, 
    "id": "spec-0966-52642-0008-QSOs-010", 
    "F_675_3": 16.91390609741211, 
    "F_737_3": 17.0662841796875, 
    "F_396_3": 19.526451110839844, 
    "F_365_3": 20.04450225830078, 
    "F_613_3": 17.478376388549805, 
    "F_706_3": 16.87710189819336, 
    "F_923_3": 16.671300888061523, 
    "F_458_3": 18.610607147216797, 
    "F_768_3": 16.96892738342285, 
    "Z": 0.05419643968343735, 
    "F_799_3": 16.86824607849121, 
    "F_427_3": 19.01728630065918, 
    "F_489_3": 18.174989700317383, 
    "F_954_3": Infinity, 
    "F_830_3": 16.834911346435547, 
    "F_582_3": 17.65799903869629, 
    "F_520_3": 17.912811279296875, 
    "F_892_3": 16.739463806152344
}