{
    "F_644_3": 18.6840877532959, 
    "F_551_3": 18.967195510864258, 
    "F_861_3": 18.180646896362305, 
    "id": "spec-2128-53800-0625-QSOs-010", 
    "F_675_3": 18.59731101989746, 
    "F_737_3": 18.434419631958008, 
    "F_396_3": 19.539161682128906, 
    "F_365_3": 19.554283142089844, 
    "F_613_3": 18.768733978271484, 
    "F_706_3": 18.48788070678711, 
    "F_923_3": 18.047285079956055, 
    "F_458_3": 19.49529457092285, 
    "F_768_3": 18.18708038330078, 
    "Z": 0.20061220228672028, 
    "F_799_3": 17.991073608398438, 
    "F_427_3": 19.526912689208984, 
    "F_489_3": 19.33547019958496, 
    "F_954_3": Infinity, 
    "F_830_3": 18.243032455444336, 
    "F_582_3": 18.76350212097168, 
    "F_520_3": 19.15467643737793, 
    "F_892_3": 18.10694122314453
}