{
    "F_644_3": 19.68596649169922, 
    "F_551_3": 19.540369033813477, 
    "F_861_3": 19.603229522705078, 
    "id": "spec-6465-56279-0974-QSOs-010", 
    "F_675_3": 19.748674392700195, 
    "F_737_3": 19.82236099243164, 
    "F_396_3": 19.796594619750977, 
    "F_365_3": 19.72736930847168, 
    "F_613_3": 19.5723819732666, 
    "F_706_3": 19.806058883666992, 
    "F_923_3": 19.5467529296875, 
    "F_458_3": 19.611051559448242, 
    "F_768_3": 19.86834716796875, 
    "Z": 0.8997712731361389, 
    "F_799_3": 19.787763595581055, 
    "F_427_3": 19.782020568847656, 
    "F_489_3": 19.608577728271484, 
    "F_954_3": 19.57764434814453, 
    "F_830_3": 19.632816314697266, 
    "F_582_3": 19.693910598754883, 
    "F_520_3": 19.425443649291992, 
    "F_892_3": 19.775367736816406
}