{
    "F_644_3": 21.046663284301758, 
    "F_551_3": 20.968738555908203, 
    "F_861_3": 20.810388565063477, 
    "id": "spec-5045-56181-0164-QSOs-010", 
    "F_675_3": 21.076255798339844, 
    "F_737_3": 21.208524703979492, 
    "F_396_3": 21.357664108276367, 
    "F_365_3": 21.200393676757812, 
    "F_613_3": 20.973936080932617, 
    "F_706_3": 21.150110244750977, 
    "F_923_3": 21.025985717773438, 
    "F_458_3": 21.069355010986328, 
    "F_768_3": 21.106761932373047, 
    "Z": 0.7995938062667847, 
    "F_799_3": 21.10627555847168, 
    "F_427_3": 21.189420700073242, 
    "F_489_3": 20.857677459716797, 
    "F_954_3": 20.816415786743164, 
    "F_830_3": 20.974660873413086, 
    "F_582_3": 20.88796043395996, 
    "F_520_3": 20.91822052001953, 
    "F_892_3": 20.736045837402344
}