{
    "F_644_3": 18.002830505371094, 
    "F_551_3": 18.39708137512207, 
    "F_861_3": 17.310041427612305, 
    "id": "spec-0348-51671-0274-QSOs-010", 
    "F_675_3": 17.876049041748047, 
    "F_737_3": 17.677688598632812, 
    "F_396_3": 20.007640838623047, 
    "F_365_3": 20.30668830871582, 
    "F_613_3": 18.129337310791016, 
    "F_706_3": 17.472881317138672, 
    "F_923_3": 17.30180549621582, 
    "F_458_3": 19.287731170654297, 
    "F_768_3": 17.572900772094727, 
    "Z": 0.07038988173007965, 
    "F_799_3": 17.457645416259766, 
    "F_427_3": 19.559043884277344, 
    "F_489_3": 18.861555099487305, 
    "F_954_3": Infinity, 
    "F_830_3": 17.432592391967773, 
    "F_582_3": 18.32433319091797, 
    "F_520_3": 18.08719825744629, 
    "F_892_3": 17.270309448242188
}