{
    "F_644_3": 16.361265182495117, 
    "F_551_3": 16.765439987182617, 
    "F_861_3": 15.824817657470703, 
    "id": "spec-1000-52643-0080-QSOs-010", 
    "F_675_3": 15.812299728393555, 
    "F_737_3": 16.106008529663086, 
    "F_396_3": 18.077495574951172, 
    "F_365_3": 18.210613250732422, 
    "F_613_3": 16.462406158447266, 
    "F_706_3": 16.131214141845703, 
    "F_923_3": 15.693742752075195, 
    "F_458_3": 17.378768920898438, 
    "F_768_3": 15.965365409851074, 
    "Z": 0.027647092938423157, 
    "F_799_3": 15.944304466247559, 
    "F_427_3": 17.74142837524414, 
    "F_489_3": 17.02786636352539, 
    "F_954_3": Infinity, 
    "F_830_3": 15.865778923034668, 
    "F_582_3": 16.60276985168457, 
    "F_520_3": 16.626760482788086, 
    "F_892_3": 15.755447387695312
}