{
    "F_644_3": 19.08427619934082, 
    "F_551_3": 19.28273582458496, 
    "F_861_3": 18.662981033325195, 
    "id": "spec-2492-54178-0219-QSOs-010", 
    "F_675_3": 19.002946853637695, 
    "F_737_3": 18.90962791442871, 
    "F_396_3": 19.206787109375, 
    "F_365_3": 19.36080551147461, 
    "F_613_3": 19.220335006713867, 
    "F_706_3": 18.780982971191406, 
    "F_923_3": 18.55805778503418, 
    "F_458_3": 19.327491760253906, 
    "F_768_3": 18.866971969604492, 
    "Z": 0.44495847821235657, 
    "F_799_3": 18.81747817993164, 
    "F_427_3": 19.356321334838867, 
    "F_489_3": 19.3074893951416, 
    "F_954_3": Infinity, 
    "F_830_3": 18.736963272094727, 
    "F_582_3": 19.270692825317383, 
    "F_520_3": 19.296859741210938, 
    "F_892_3": 18.66522979736328
}