{
    "F_644_3": 17.139257431030273, 
    "F_551_3": Infinity, 
    "F_861_3": 16.738670349121094, 
    "id": "spec-0570-52266-0263-QSOs-010", 
    "F_675_3": 17.03114891052246, 
    "F_737_3": 16.937286376953125, 
    "F_396_3": Infinity, 
    "F_365_3": Infinity, 
    "F_613_3": 17.232601165771484, 
    "F_706_3": 16.721294403076172, 
    "F_923_3": 16.699108123779297, 
    "F_458_3": Infinity, 
    "F_768_3": 16.904321670532227, 
    "Z": 0.06068149954080582, 
    "F_799_3": 16.825334548950195, 
    "F_427_3": Infinity, 
    "F_489_3": Infinity, 
    "F_954_3": Infinity, 
    "F_830_3": 16.79405403137207, 
    "F_582_3": 17.346742630004883, 
    "F_520_3": Infinity, 
    "F_892_3": 16.701805114746094
}