{
    "F_644_3": 20.51789665222168, 
    "F_551_3": 20.493322372436523, 
    "F_861_3": 19.996091842651367, 
    "id": "spec-6714-56447-0310-QSOs-010", 
    "F_675_3": 20.448781967163086, 
    "F_737_3": 20.1684627532959, 
    "F_396_3": 21.18524742126465, 
    "F_365_3": 21.273744583129883, 
    "F_613_3": 20.52738380432129, 
    "F_706_3": 20.261064529418945, 
    "F_923_3": 19.990522384643555, 
    "F_458_3": 20.64801788330078, 
    "F_768_3": 20.173213958740234, 
    "Z": 0.6343342065811157, 
    "F_799_3": 19.856657028198242, 
    "F_427_3": 21.009380340576172, 
    "F_489_3": 20.75116729736328, 
    "F_954_3": 19.735559463500977, 
    "F_830_3": 20.04218292236328, 
    "F_582_3": 20.535831451416016, 
    "F_520_3": 20.56233787536621, 
    "F_892_3": 19.934391021728516
}