{
    "F_644_3": 18.81827163696289, 
    "F_551_3": 19.123716354370117, 
    "F_861_3": 18.226762771606445, 
    "id": "spec-1331-52766-0097-QSOs-010", 
    "F_675_3": 18.678701400756836, 
    "F_737_3": 18.521886825561523, 
    "F_396_3": 20.001611709594727, 
    "F_365_3": 19.895963668823242, 
    "F_613_3": 18.950040817260742, 
    "F_706_3": 18.599464416503906, 
    "F_923_3": 18.141006469726562, 
    "F_458_3": 19.8559627532959, 
    "F_768_3": 18.063859939575195, 
    "Z": 0.16969752311706543, 
    "F_799_3": 18.343700408935547, 
    "F_427_3": 19.91981315612793, 
    "F_489_3": 19.563854217529297, 
    "F_954_3": Infinity, 
    "F_830_3": 18.319007873535156, 
    "F_582_3": 18.763050079345703, 
    "F_520_3": 19.303564071655273, 
    "F_892_3": 18.1462345123291
}