{
    "F_644_3": 20.463359832763672, 
    "F_551_3": 20.736835479736328, 
    "F_861_3": 19.96065902709961, 
    "id": "spec-6714-56447-0342-QSOs-010", 
    "F_675_3": 20.32979965209961, 
    "F_737_3": 20.08978843688965, 
    "F_396_3": 21.285747528076172, 
    "F_365_3": 21.195974349975586, 
    "F_613_3": 20.600536346435547, 
    "F_706_3": 20.205406188964844, 
    "F_923_3": 19.86298942565918, 
    "F_458_3": 21.030935287475586, 
    "F_768_3": 20.19721031188965, 
    "Z": 0.47395288944244385, 
    "F_799_3": 20.126617431640625, 
    "F_427_3": 21.025243759155273, 
    "F_489_3": 20.888559341430664, 
    "F_954_3": 19.6254825592041, 
    "F_830_3": 20.075420379638672, 
    "F_582_3": 20.687030792236328, 
    "F_520_3": 20.852746963500977, 
    "F_892_3": 19.9332218170166
}