{
    "F_644_3": 18.570253372192383, 
    "F_551_3": 18.786359786987305, 
    "F_861_3": 18.112197875976562, 
    "id": "spec-0554-52000-0242-QSOs-010", 
    "F_675_3": 18.5122013092041, 
    "F_737_3": 18.11845588684082, 
    "F_396_3": 19.28449058532715, 
    "F_365_3": 19.393266677856445, 
    "F_613_3": 18.68793487548828, 
    "F_706_3": 18.033966064453125, 
    "F_923_3": 18.047239303588867, 
    "F_458_3": 19.223905563354492, 
    "F_768_3": 18.311979293823242, 
    "Z": 0.10125811398029327, 
    "F_799_3": 18.253986358642578, 
    "F_427_3": 19.36299705505371, 
    "F_489_3": 18.9979190826416, 
    "F_954_3": Infinity, 
    "F_830_3": 18.17007064819336, 
    "F_582_3": 18.746509552001953, 
    "F_520_3": 18.791433334350586, 
    "F_892_3": 18.033985137939453
}