{
    "F_644_3": 20.796846389770508, 
    "F_551_3": 21.510711669921875, 
    "F_861_3": 19.824350357055664, 
    "id": "spec-5988-56072-0019-QSOs-010", 
    "F_675_3": 20.651479721069336, 
    "F_737_3": 20.216623306274414, 
    "F_396_3": 22.510414123535156, 
    "F_365_3": 22.106958389282227, 
    "F_613_3": 21.195995330810547, 
    "F_706_3": 20.397048950195312, 
    "F_923_3": 19.641618728637695, 
    "F_458_3": 22.43950653076172, 
    "F_768_3": 20.06757164001465, 
    "Z": 0.5846003293991089, 
    "F_799_3": 19.940879821777344, 
    "F_427_3": 22.551843643188477, 
    "F_489_3": 22.17377281188965, 
    "F_954_3": 19.517370223999023, 
    "F_830_3": 19.934974670410156, 
    "F_582_3": 21.512073516845703, 
    "F_520_3": 22.018550872802734, 
    "F_892_3": 19.702438354492188
}