{
    "F_644_3": 20.217660903930664, 
    "F_551_3": 20.31662368774414, 
    "F_861_3": 19.980304718017578, 
    "id": "spec-6636-56367-0088-QSOs-010", 
    "F_675_3": 20.162734985351562, 
    "F_737_3": 20.24543571472168, 
    "F_396_3": 20.563434600830078, 
    "F_365_3": 20.56540870666504, 
    "F_613_3": 20.197383880615234, 
    "F_706_3": 20.23113250732422, 
    "F_923_3": 19.748886108398438, 
    "F_458_3": 20.263858795166016, 
    "F_768_3": 20.225473403930664, 
    "Z": 0.8116182088851929, 
    "F_799_3": 20.122821807861328, 
    "F_427_3": 20.359365463256836, 
    "F_489_3": 20.059865951538086, 
    "F_954_3": 20.042495727539062, 
    "F_830_3": 20.097000122070312, 
    "F_582_3": 20.217222213745117, 
    "F_520_3": 20.060930252075195, 
    "F_892_3": 19.588722229003906
}