{
    "F_644_3": 18.85338592529297, 
    "F_551_3": 19.118276596069336, 
    "F_861_3": 18.375560760498047, 
    "id": "spec-0266-51630-0125-QSOs-010", 
    "F_675_3": 18.831653594970703, 
    "F_737_3": 18.639257431030273, 
    "F_396_3": 19.617305755615234, 
    "F_365_3": 19.731489181518555, 
    "F_613_3": 18.789310455322266, 
    "F_706_3": 18.747699737548828, 
    "F_923_3": 18.363189697265625, 
    "F_458_3": 19.35552978515625, 
    "F_768_3": 18.6071834564209, 
    "Z": 0.27128034830093384, 
    "F_799_3": 18.526798248291016, 
    "F_427_3": 19.467906951904297, 
    "F_489_3": 19.345523834228516, 
    "F_954_3": Infinity, 
    "F_830_3": 17.794353485107422, 
    "F_582_3": 19.027097702026367, 
    "F_520_3": 19.27224349975586, 
    "F_892_3": 18.377086639404297
}