{
    "F_644_3": 17.845806121826172, 
    "F_551_3": 18.158489227294922, 
    "F_861_3": 17.358964920043945, 
    "id": "spec-2580-54092-0193-QSOs-010", 
    "F_675_3": 17.78805160522461, 
    "F_737_3": 17.58555030822754, 
    "F_396_3": 19.204669952392578, 
    "F_365_3": 19.462854385375977, 
    "F_613_3": 17.970626831054688, 
    "F_706_3": 17.46758270263672, 
    "F_923_3": 17.28154754638672, 
    "F_458_3": 18.806922912597656, 
    "F_768_3": 17.566804885864258, 
    "Z": 0.09037856757640839, 
    "F_799_3": 17.468793869018555, 
    "F_427_3": 19.066259384155273, 
    "F_489_3": 18.510528564453125, 
    "F_954_3": Infinity, 
    "F_830_3": 17.402929306030273, 
    "F_582_3": 18.10550880432129, 
    "F_520_3": 18.29307746887207, 
    "F_892_3": 17.291189193725586
}