{
    "F_644_3": Infinity, 
    "F_551_3": 19.672449111938477, 
    "F_861_3": Infinity, 
    "id": "spec-0753-52233-0048-QSOs-010", 
    "F_675_3": Infinity, 
    "F_737_3": Infinity, 
    "F_396_3": 19.393352508544922, 
    "F_365_3": 19.89698028564453, 
    "F_613_3": 19.50568962097168, 
    "F_706_3": Infinity, 
    "F_923_3": Infinity, 
    "F_458_3": 19.625804901123047, 
    "F_768_3": Infinity, 
    "Z": 0.4362778067588806, 
    "F_799_3": Infinity, 
    "F_427_3": 19.74498748779297, 
    "F_489_3": 19.64569664001465, 
    "F_954_3": Infinity, 
    "F_830_3": Infinity, 
    "F_582_3": 19.650083541870117, 
    "F_520_3": 19.680179595947266, 
    "F_892_3": Infinity
}