{
    "F_644_3": 20.515953063964844, 
    "F_551_3": 21.365381240844727, 
    "F_861_3": 19.667552947998047, 
    "id": "spec-6636-56367-0075-QSOs-010", 
    "F_675_3": 20.289941787719727, 
    "F_737_3": 19.941871643066406, 
    "F_396_3": 22.424867630004883, 
    "F_365_3": 22.172975540161133, 
    "F_613_3": 20.865243911743164, 
    "F_706_3": 20.111614227294922, 
    "F_923_3": 19.530738830566406, 
    "F_458_3": 22.289138793945312, 
    "F_768_3": 19.980825424194336, 
    "Z": 0.4563872516155243, 
    "F_799_3": 19.839134216308594, 
    "F_427_3": 22.41804313659668, 
    "F_489_3": 21.891080856323242, 
    "F_954_3": 19.299617767333984, 
    "F_830_3": 19.747634887695312, 
    "F_582_3": 21.085729598999023, 
    "F_520_3": 21.821090698242188, 
    "F_892_3": 19.62195587158203
}