{
    "F_644_3": 19.879098892211914, 
    "F_551_3": 20.016202926635742, 
    "F_861_3": 19.524126052856445, 
    "id": "spec-6465-56279-0932-QSOs-010", 
    "F_675_3": 19.856142044067383, 
    "F_737_3": 19.821191787719727, 
    "F_396_3": 20.74041175842285, 
    "F_365_3": 20.804128646850586, 
    "F_613_3": 19.86346435546875, 
    "F_706_3": 19.824806213378906, 
    "F_923_3": 19.146562576293945, 
    "F_458_3": 20.282716751098633, 
    "F_768_3": 19.773550033569336, 
    "Z": 0.8564635515213013, 
    "F_799_3": 19.577394485473633, 
    "F_427_3": 20.520851135253906, 
    "F_489_3": 20.191444396972656, 
    "F_954_3": 19.500764846801758, 
    "F_830_3": 19.555557250976562, 
    "F_582_3": 19.95822525024414, 
    "F_520_3": 19.89762306213379, 
    "F_892_3": 19.33878517150879
}