{
    "F_644_3": 18.66710090637207, 
    "F_551_3": 18.827720642089844, 
    "F_861_3": 18.561410903930664, 
    "id": "spec-1333-52782-0040-QSOs-010", 
    "F_675_3": 18.56229591369629, 
    "F_737_3": 18.44430923461914, 
    "F_396_3": 18.884258270263672, 
    "F_365_3": 19.035676956176758, 
    "F_613_3": 18.7974853515625, 
    "F_706_3": 18.602357864379883, 
    "F_923_3": 18.4266414642334, 
    "F_458_3": 18.832517623901367, 
    "F_768_3": 18.564897537231445, 
    "Z": 0.5177818536758423, 
    "F_799_3": 18.439672470092773, 
    "F_427_3": 18.686368942260742, 
    "F_489_3": 18.730712890625, 
    "F_954_3": Infinity, 
    "F_830_3": 18.531625747680664, 
    "F_582_3": 18.804964065551758, 
    "F_520_3": 18.772401809692383, 
    "F_892_3": 18.490802764892578
}