{
    "F_644_3": 17.44306755065918, 
    "F_551_3": 17.57014274597168, 
    "F_861_3": 17.015094757080078, 
    "id": "spec-1650-53174-0148-QSOs-010", 
    "F_675_3": 17.372467041015625, 
    "F_737_3": 16.783899307250977, 
    "F_396_3": 18.16404914855957, 
    "F_365_3": 18.14923667907715, 
    "F_613_3": 17.527658462524414, 
    "F_706_3": 17.300092697143555, 
    "F_923_3": 16.9279842376709, 
    "F_458_3": 18.00507926940918, 
    "F_768_3": 17.170392990112305, 
    "Z": 0.123975969851017, 
    "F_799_3": 17.129838943481445, 
    "F_427_3": 18.12113380432129, 
    "F_489_3": 17.814416885375977, 
    "F_954_3": Infinity, 
    "F_830_3": 17.055391311645508, 
    "F_582_3": 17.58477783203125, 
    "F_520_3": 17.70584487915039, 
    "F_892_3": 16.95857048034668
}