{
    "F_644_3": 17.05350112915039, 
    "F_551_3": 17.1093692779541, 
    "F_861_3": 16.521074295043945, 
    "id": "spec-0374-51791-0142-QSOs-010", 
    "F_675_3": 17.002918243408203, 
    "F_737_3": 16.472095489501953, 
    "F_396_3": 17.929174423217773, 
    "F_365_3": 18.00591278076172, 
    "F_613_3": 17.2401123046875, 
    "F_706_3": 16.23271942138672, 
    "F_923_3": 16.392833709716797, 
    "F_458_3": 17.900814056396484, 
    "F_768_3": 16.72926139831543, 
    "Z": 0.09911174327135086, 
    "F_799_3": 16.66580581665039, 
    "F_427_3": 17.920330047607422, 
    "F_489_3": 17.619632720947266, 
    "F_954_3": Infinity, 
    "F_830_3": 16.586490631103516, 
    "F_582_3": 17.334077835083008, 
    "F_520_3": 17.341020584106445, 
    "F_892_3": 16.437725067138672
}