{
    "F_644_3": 21.165353775024414, 
    "F_551_3": 21.66840934753418, 
    "F_861_3": 20.830305099487305, 
    "id": "spec-5045-56181-0153-QSOs-010", 
    "F_675_3": 21.131420135498047, 
    "F_737_3": 21.04191017150879, 
    "F_396_3": 22.047117233276367, 
    "F_365_3": 21.805206298828125, 
    "F_613_3": 21.340757369995117, 
    "F_706_3": 21.09107208251953, 
    "F_923_3": 20.650306701660156, 
    "F_458_3": 21.978759765625, 
    "F_768_3": 20.91688346862793, 
    "Z": 0.6552687883377075, 
    "F_799_3": 20.67658805847168, 
    "F_427_3": 22.07816505432129, 
    "F_489_3": 21.945430755615234, 
    "F_954_3": 20.443927764892578, 
    "F_830_3": 19.960763931274414, 
    "F_582_3": 21.600322723388672, 
    "F_520_3": 21.80105209350586, 
    "F_892_3": 20.839693069458008
}