{
    "F_644_3": 17.420717239379883, 
    "F_551_3": 17.796016693115234, 
    "F_861_3": 16.82954216003418, 
    "id": "spec-1868-53318-0121-QSOs-010", 
    "F_675_3": 17.33904457092285, 
    "F_737_3": 17.0736141204834, 
    "F_396_3": 18.952558517456055, 
    "F_365_3": 19.08620262145996, 
    "F_613_3": 17.568843841552734, 
    "F_706_3": 17.033193588256836, 
    "F_923_3": 16.712787628173828, 
    "F_458_3": 18.449317932128906, 
    "F_768_3": 17.05181312561035, 
    "Z": 0.09780119359493256, 
    "F_799_3": 16.967451095581055, 
    "F_427_3": 18.73041534423828, 
    "F_489_3": 18.15201187133789, 
    "F_954_3": Infinity, 
    "F_830_3": 16.87560272216797, 
    "F_582_3": 17.72214126586914, 
    "F_520_3": 17.938573837280273, 
    "F_892_3": 16.73923683166504
}