{
    "F_644_3": 17.351381301879883, 
    "F_551_3": 17.52355194091797, 
    "F_861_3": 16.712671279907227, 
    "id": "spec-1226-52734-0151-QSOs-010", 
    "F_675_3": 17.237430572509766, 
    "F_737_3": 16.94080924987793, 
    "F_396_3": 18.997774124145508, 
    "F_365_3": 19.334165573120117, 
    "F_613_3": 17.491933822631836, 
    "F_706_3": 16.846675872802734, 
    "F_923_3": 16.60077476501465, 
    "F_458_3": 18.447221755981445, 
    "F_768_3": 16.968351364135742, 
    "Z": 0.09513725340366364, 
    "F_799_3": 16.861915588378906, 
    "F_427_3": 18.768207550048828, 
    "F_489_3": 18.148563385009766, 
    "F_954_3": Infinity, 
    "F_830_3": 16.765424728393555, 
    "F_582_3": 17.641891479492188, 
    "F_520_3": 17.91205406188965, 
    "F_892_3": 16.608896255493164
}