{
    "F_644_3": 18.37175178527832, 
    "F_551_3": 18.807754516601562, 
    "F_861_3": 17.728532791137695, 
    "id": "spec-0753-52233-0037-QSOs-010", 
    "F_675_3": 18.226526260375977, 
    "F_737_3": 18.051429748535156, 
    "F_396_3": 20.3613338470459, 
    "F_365_3": 20.458332061767578, 
    "F_613_3": 18.339475631713867, 
    "F_706_3": 18.122346878051758, 
    "F_923_3": 17.537765502929688, 
    "F_458_3": 19.750045776367188, 
    "F_768_3": 17.911802291870117, 
    "Z": 0.20294354856014252, 
    "F_799_3": 17.562185287475586, 
    "F_427_3": 20.176708221435547, 
    "F_489_3": 19.35978889465332, 
    "F_954_3": Infinity, 
    "F_830_3": 17.798736572265625, 
    "F_582_3": 18.582035064697266, 
    "F_520_3": 19.100019454956055, 
    "F_892_3": 17.618635177612305
}