{
    "F_644_3": 21.03827667236328, 
    "F_551_3": 20.9296817779541, 
    "F_861_3": 20.707216262817383, 
    "id": "spec-4321-55504-0138-QSOs-010", 
    "F_675_3": 21.108064651489258, 
    "F_737_3": 21.05791473388672, 
    "F_396_3": 21.000844955444336, 
    "F_365_3": 20.89926528930664, 
    "F_613_3": 20.99005126953125, 
    "F_706_3": 21.074277877807617, 
    "F_923_3": 20.832218170166016, 
    "F_458_3": 20.99673843383789, 
    "F_768_3": 20.887094497680664, 
    "Z": 0.7361366748809814, 
    "F_799_3": 20.90715217590332, 
    "F_427_3": 20.952280044555664, 
    "F_489_3": 20.82480812072754, 
    "F_954_3": 20.71407127380371, 
    "F_830_3": 20.86139678955078, 
    "F_582_3": 21.015932083129883, 
    "F_520_3": 21.039276123046875, 
    "F_892_3": 20.908367156982422
}