{
    "F_644_3": 20.638412475585938, 
    "F_551_3": 21.126028060913086, 
    "F_861_3": 20.085773468017578, 
    "id": "spec-2207-53558-0092-QSOs-010", 
    "F_675_3": 20.5127010345459, 
    "F_737_3": 20.270782470703125, 
    "F_396_3": 22.36643409729004, 
    "F_365_3": 22.475393295288086, 
    "F_613_3": 20.795175552368164, 
    "F_706_3": 20.394588470458984, 
    "F_923_3": 19.989253997802734, 
    "F_458_3": 21.869869232177734, 
    "F_768_3": 20.100770950317383, 
    "Z": 0.2024020254611969, 
    "F_799_3": 20.033061981201172, 
    "F_427_3": 22.170852661132812, 
    "F_489_3": 21.738956451416016, 
    "F_954_3": Infinity, 
    "F_830_3": 20.037185668945312, 
    "F_582_3": 20.814891815185547, 
    "F_520_3": 21.433324813842773, 
    "F_892_3": 19.990501403808594
}