{
    "F_644_3": 18.707239151000977, 
    "F_551_3": 18.923837661743164, 
    "F_861_3": 18.186363220214844, 
    "id": "spec-1946-53432-0033-QSOs-010", 
    "F_675_3": 18.600473403930664, 
    "F_737_3": 18.43364715576172, 
    "F_396_3": 19.41170310974121, 
    "F_365_3": 19.578182220458984, 
    "F_613_3": 18.58432960510254, 
    "F_706_3": 18.547679901123047, 
    "F_923_3": 18.1311092376709, 
    "F_458_3": 19.265090942382812, 
    "F_768_3": 18.388517379760742, 
    "Z": 0.24989736080169678, 
    "F_799_3": 18.22445297241211, 
    "F_427_3": 19.314058303833008, 
    "F_489_3": 19.254676818847656, 
    "F_954_3": Infinity, 
    "F_830_3": 17.793561935424805, 
    "F_582_3": 18.822771072387695, 
    "F_520_3": 19.12499237060547, 
    "F_892_3": 18.19246482849121
}