{
    "F_644_3": 20.055444717407227, 
    "F_551_3": 19.69978904724121, 
    "F_861_3": 20.144323348999023, 
    "id": "spec-7099-56666-0284-QSOs-010", 
    "F_675_3": 20.096925735473633, 
    "F_737_3": 20.124332427978516, 
    "F_396_3": 20.302589416503906, 
    "F_365_3": 20.13408660888672, 
    "F_613_3": 20.133214950561523, 
    "F_706_3": 20.1528263092041, 
    "F_923_3": 20.215816497802734, 
    "F_458_3": 20.201976776123047, 
    "F_768_3": 20.21773910522461, 
    "Z": 0.9875200986862183, 
    "F_799_3": 20.29298210144043, 
    "F_427_3": 20.355012893676758, 
    "F_489_3": 20.032791137695312, 
    "F_954_3": 19.916139602661133, 
    "F_830_3": 20.2996826171875, 
    "F_582_3": 20.03076934814453, 
    "F_520_3": 20.067581176757812, 
    "F_892_3": 20.14999771118164
}