{
    "F_644_3": 15.837942123413086, 
    "F_551_3": 15.951077461242676, 
    "F_861_3": 15.429948806762695, 
    "id": "spec-1799-53556-0369-QSOs-010", 
    "F_675_3": 15.250904083251953, 
    "F_737_3": 15.659608840942383, 
    "F_396_3": 15.981268882751465, 
    "F_365_3": 15.924800872802734, 
    "F_613_3": 15.849248886108398, 
    "F_706_3": 15.567163467407227, 
    "F_923_3": 15.39417839050293, 
    "F_458_3": 16.00840950012207, 
    "F_768_3": 15.59319019317627, 
    "Z": 0.04994618520140648, 
    "F_799_3": 15.536388397216797, 
    "F_427_3": 16.086524963378906, 
    "F_489_3": 15.94223690032959, 
    "F_954_3": Infinity, 
    "F_830_3": 15.4832763671875, 
    "F_582_3": 15.99222469329834, 
    "F_520_3": 15.849538803100586, 
    "F_892_3": 15.352770805358887
}