{
    "F_644_3": 17.895349502563477, 
    "F_551_3": 18.210439682006836, 
    "F_861_3": 17.4191837310791, 
    "id": "spec-2509-54180-0303-QSOs-010", 
    "F_675_3": 17.833694458007812, 
    "F_737_3": 17.631534576416016, 
    "F_396_3": 19.157270431518555, 
    "F_365_3": 19.20783233642578, 
    "F_613_3": 18.008941650390625, 
    "F_706_3": 17.554960250854492, 
    "F_923_3": 17.352970123291016, 
    "F_458_3": 18.702003479003906, 
    "F_768_3": 17.602298736572266, 
    "Z": 0.09563332051038742, 
    "F_799_3": 17.54456901550293, 
    "F_427_3": 18.974905014038086, 
    "F_489_3": 18.461793899536133, 
    "F_954_3": Infinity, 
    "F_830_3": 17.454792022705078, 
    "F_582_3": 18.155298233032227, 
    "F_520_3": 18.30613899230957, 
    "F_892_3": 17.330162048339844
}