{
    "F_644_3": 17.592758178710938, 
    "F_551_3": 17.927270889282227, 
    "F_861_3": 16.94437026977539, 
    "id": "spec-0389-51795-0575-QSOs-010", 
    "F_675_3": 17.49383544921875, 
    "F_737_3": 17.07282829284668, 
    "F_396_3": 19.965600967407227, 
    "F_365_3": 19.82818031311035, 
    "F_613_3": 17.746440887451172, 
    "F_706_3": 17.355321884155273, 
    "F_923_3": 16.825910568237305, 
    "F_458_3": 18.830894470214844, 
    "F_768_3": 17.1857967376709, 
    "Z": 0.10567107796669006, 
    "F_799_3": 17.107135772705078, 
    "F_427_3": 19.350238800048828, 
    "F_489_3": 18.523086547851562, 
    "F_954_3": Infinity, 
    "F_830_3": 17.000200271606445, 
    "F_582_3": 17.9572696685791, 
    "F_520_3": 18.24718475341797, 
    "F_892_3": 16.84291648864746
}