{
    "F_644_3": 19.765392303466797, 
    "F_551_3": 20.2825927734375, 
    "F_861_3": 18.948619842529297, 
    "id": "spec-1522-52932-0426-QSOs-010", 
    "F_675_3": 19.72179412841797, 
    "F_737_3": 19.53798484802246, 
    "F_396_3": 21.101844787597656, 
    "F_365_3": 21.25308609008789, 
    "F_613_3": 19.923070907592773, 
    "F_706_3": 19.62274169921875, 
    "F_923_3": 19.314128875732422, 
    "F_458_3": 20.905921936035156, 
    "F_768_3": 19.461240768432617, 
    "Z": 0.29843974113464355, 
    "F_799_3": 19.396310806274414, 
    "F_427_3": 21.00845718383789, 
    "F_489_3": 20.74641227722168, 
    "F_954_3": Infinity, 
    "F_830_3": 19.305309295654297, 
    "F_582_3": 20.06523895263672, 
    "F_520_3": 20.49526023864746, 
    "F_892_3": 19.31685447692871
}