{
    "F_644_3": 17.61798858642578, 
    "F_551_3": 17.85898780822754, 
    "F_861_3": 17.047454833984375, 
    "id": "spec-0591-52022-0519-QSOs-010", 
    "F_675_3": 17.53058624267578, 
    "F_737_3": 17.282506942749023, 
    "F_396_3": 19.810245513916016, 
    "F_365_3": 20.267606735229492, 
    "F_613_3": 17.787555694580078, 
    "F_706_3": 17.271615982055664, 
    "F_923_3": 16.880767822265625, 
    "F_458_3": 19.016441345214844, 
    "F_768_3": 17.25381088256836, 
    "Z": 0.0976824164390564, 
    "F_799_3": 17.178054809570312, 
    "F_427_3": 19.561342239379883, 
    "F_489_3": 18.533966064453125, 
    "F_954_3": Infinity, 
    "F_830_3": 17.065147399902344, 
    "F_582_3": 17.970958709716797, 
    "F_520_3": 18.2453670501709, 
    "F_892_3": 16.92975425720215
}