{
    "F_644_3": 17.978471755981445, 
    "F_551_3": 17.8264102935791, 
    "F_861_3": 17.94076156616211, 
    "id": "spec-1020-52721-0474-QSOs-010", 
    "F_675_3": 17.872756958007812, 
    "F_737_3": 17.917539596557617, 
    "F_396_3": 17.72018814086914, 
    "F_365_3": 17.720306396484375, 
    "F_613_3": 17.90383529663086, 
    "F_706_3": 17.866613388061523, 
    "F_923_3": 17.86363983154297, 
    "F_458_3": 17.695308685302734, 
    "F_768_3": 17.67129898071289, 
    "Z": 0.5729780793190002, 
    "F_799_3": 17.868408203125, 
    "F_427_3": 17.633207321166992, 
    "F_489_3": 17.800683975219727, 
    "F_954_3": Infinity, 
    "F_830_3": 17.827844619750977, 
    "F_582_3": 17.87127685546875, 
    "F_520_3": 17.78677749633789, 
    "F_892_3": 17.94072914123535
}