{
    "F_644_3": 17.751176834106445, 
    "F_551_3": 17.93540382385254, 
    "F_861_3": 17.26676368713379, 
    "id": "spec-2212-53789-0244-QSOs-010", 
    "F_675_3": 17.69710922241211, 
    "F_737_3": 17.381389617919922, 
    "F_396_3": 18.58820343017578, 
    "F_365_3": 18.622299194335938, 
    "F_613_3": 17.89061737060547, 
    "F_706_3": 17.1450138092041, 
    "F_923_3": 17.15376091003418, 
    "F_458_3": 18.5015869140625, 
    "F_768_3": 17.463916778564453, 
    "Z": 0.09654796123504639, 
    "F_799_3": 17.40312385559082, 
    "F_427_3": 18.63876724243164, 
    "F_489_3": 18.240821838378906, 
    "F_954_3": Infinity, 
    "F_830_3": 17.30706787109375, 
    "F_582_3": 17.984222412109375, 
    "F_520_3": 18.008047103881836, 
    "F_892_3": 17.14946937561035
}