{
    "F_644_3": 21.416362762451172, 
    "F_551_3": 21.217058181762695, 
    "F_861_3": 20.806657791137695, 
    "id": "spec-6714-56447-0490-QSOs-010", 
    "F_675_3": 21.351701736450195, 
    "F_737_3": 21.21817970275879, 
    "F_396_3": 21.60531997680664, 
    "F_365_3": 21.303138732910156, 
    "F_613_3": 21.384546279907227, 
    "F_706_3": 21.30864143371582, 
    "F_923_3": 20.811471939086914, 
    "F_458_3": 21.412080764770508, 
    "F_768_3": 21.114383697509766, 
    "Z": 0.8003947138786316, 
    "F_799_3": 21.068090438842773, 
    "F_427_3": 21.477643966674805, 
    "F_489_3": 21.234018325805664, 
    "F_954_3": 20.346731185913086, 
    "F_830_3": 20.98812484741211, 
    "F_582_3": 21.400798797607422, 
    "F_520_3": 21.433547973632812, 
    "F_892_3": 20.60375213623047
}