{
    "F_644_3": 17.996307373046875, 
    "F_551_3": 18.10233497619629, 
    "F_861_3": 17.60753631591797, 
    "id": "spec-0791-52435-0511-QSOs-010", 
    "F_675_3": 17.93426513671875, 
    "F_737_3": 17.431055068969727, 
    "F_396_3": 18.69051742553711, 
    "F_365_3": 18.611637115478516, 
    "F_613_3": 18.09590721130371, 
    "F_706_3": 17.75303077697754, 
    "F_923_3": 17.52739906311035, 
    "F_458_3": 18.53815460205078, 
    "F_768_3": 17.760665893554688, 
    "Z": 0.1051226258277893, 
    "F_799_3": 17.71000099182129, 
    "F_427_3": 18.647205352783203, 
    "F_489_3": 18.35272216796875, 
    "F_954_3": Infinity, 
    "F_830_3": 17.632917404174805, 
    "F_582_3": 18.14777374267578, 
    "F_520_3": 18.228246688842773, 
    "F_892_3": 17.562355041503906
}