{
    "F_644_3": 16.70142364501953, 
    "F_551_3": 17.26023292541504, 
    "F_861_3": 16.02178192138672, 
    "id": "spec-0660-52177-0282-QSOs-010", 
    "F_675_3": 16.455703735351562, 
    "F_737_3": 16.38222312927246, 
    "F_396_3": 19.122371673583984, 
    "F_365_3": 19.38568878173828, 
    "F_613_3": 16.82844352722168, 
    "F_706_3": 16.386550903320312, 
    "F_923_3": 15.962499618530273, 
    "F_458_3": 18.047290802001953, 
    "F_768_3": 16.27492904663086, 
    "Z": 0.052203353494405746, 
    "F_799_3": 16.160789489746094, 
    "F_427_3": 18.502412796020508, 
    "F_489_3": 17.59825325012207, 
    "F_954_3": Infinity, 
    "F_830_3": 16.12434196472168, 
    "F_582_3": 17.027877807617188, 
    "F_520_3": 17.30289077758789, 
    "F_892_3": 16.007156372070312
}