{
    "F_644_3": 18.295806884765625, 
    "F_551_3": 18.188499450683594, 
    "F_861_3": 18.09295654296875, 
    "id": "spec-1331-52766-0096-QSOs-010", 
    "F_675_3": 18.29656982421875, 
    "F_737_3": 18.106075286865234, 
    "F_396_3": 18.00437355041504, 
    "F_365_3": 18.014678955078125, 
    "F_613_3": 18.284910202026367, 
    "F_706_3": 18.168458938598633, 
    "F_923_3": 18.257221221923828, 
    "F_458_3": 18.023038864135742, 
    "F_768_3": 18.25611686706543, 
    "Z": 0.6386953592300415, 
    "F_799_3": 18.137432098388672, 
    "F_427_3": 18.107866287231445, 
    "F_489_3": 18.152894973754883, 
    "F_954_3": Infinity, 
    "F_830_3": 18.216352462768555, 
    "F_582_3": 18.209306716918945, 
    "F_520_3": 18.14466094970703, 
    "F_892_3": 18.209182739257812
}