{
    "F_644_3": Infinity, 
    "F_551_3": 18.617599487304688, 
    "F_861_3": Infinity, 
    "id": "spec-1331-52766-0104-QSOs-010", 
    "F_675_3": Infinity, 
    "F_737_3": Infinity, 
    "F_396_3": 18.78057289123535, 
    "F_365_3": 18.776432037353516, 
    "F_613_3": 18.504201889038086, 
    "F_706_3": Infinity, 
    "F_923_3": Infinity, 
    "F_458_3": 18.71708106994629, 
    "F_768_3": Infinity, 
    "Z": 0.7790756225585938, 
    "F_799_3": Infinity, 
    "F_427_3": 18.727779388427734, 
    "F_489_3": 18.559370040893555, 
    "F_954_3": Infinity, 
    "F_830_3": Infinity, 
    "F_582_3": 18.543779373168945, 
    "F_520_3": 18.620346069335938, 
    "F_892_3": Infinity
}