{
    "F_644_3": Infinity, 
    "F_551_3": 19.137676239013672, 
    "F_861_3": Infinity, 
    "id": "spec-1334-52764-0505-QSOs-010", 
    "F_675_3": Infinity, 
    "F_737_3": Infinity, 
    "F_396_3": 20.13535499572754, 
    "F_365_3": 20.038864135742188, 
    "F_613_3": 18.829818725585938, 
    "F_706_3": Infinity, 
    "F_923_3": Infinity, 
    "F_458_3": 19.85133171081543, 
    "F_768_3": Infinity, 
    "Z": 0.1957463175058365, 
    "F_799_3": Infinity, 
    "F_427_3": 20.024024963378906, 
    "F_489_3": 19.595502853393555, 
    "F_954_3": Infinity, 
    "F_830_3": Infinity, 
    "F_582_3": 18.864301681518555, 
    "F_520_3": 19.34613800048828, 
    "F_892_3": Infinity
}