{
    "F_644_3": 16.220626831054688, 
    "F_551_3": 16.526235580444336, 
    "F_861_3": 15.790274620056152, 
    "id": "spec-0951-52398-0129-QSOs-010", 
    "F_675_3": 15.614285469055176, 
    "F_737_3": 16.029342651367188, 
    "F_396_3": 16.964799880981445, 
    "F_365_3": 16.85009002685547, 
    "F_613_3": 16.270626068115234, 
    "F_706_3": 16.078798294067383, 
    "F_923_3": 15.740372657775879, 
    "F_458_3": 16.743587493896484, 
    "F_768_3": 15.93011474609375, 
    "Z": 0.02783847413957119, 
    "F_799_3": 15.900815963745117, 
    "F_427_3": 16.9679012298584, 
    "F_489_3": 16.506250381469727, 
    "F_954_3": Infinity, 
    "F_830_3": 15.8492431640625, 
    "F_582_3": 16.425004959106445, 
    "F_520_3": 16.547197341918945, 
    "F_892_3": 15.785948753356934
}