{
    "F_644_3": 19.704607009887695, 
    "F_551_3": 19.948091506958008, 
    "F_861_3": 19.442394256591797, 
    "id": "spec-6636-56367-0168-QSOs-010", 
    "F_675_3": 19.568904876708984, 
    "F_737_3": 19.364221572875977, 
    "F_396_3": 20.417739868164062, 
    "F_365_3": 20.517230987548828, 
    "F_613_3": 19.849910736083984, 
    "F_706_3": 19.524770736694336, 
    "F_923_3": 19.329055786132812, 
    "F_458_3": 20.118610382080078, 
    "F_768_3": 19.44631576538086, 
    "Z": 0.5229148268699646, 
    "F_799_3": 19.40439796447754, 
    "F_427_3": 20.157936096191406, 
    "F_489_3": 20.000041961669922, 
    "F_954_3": 19.285324096679688, 
    "F_830_3": 19.478443145751953, 
    "F_582_3": 19.869251251220703, 
    "F_520_3": 19.930082321166992, 
    "F_892_3": 19.35177993774414
}