{
    "F_644_3": 17.117385864257812, 
    "F_551_3": 17.5682373046875, 
    "F_861_3": 16.508956909179688, 
    "id": "spec-0565-52225-0560-QSOs-010", 
    "F_675_3": 17.020660400390625, 
    "F_737_3": 16.822031021118164, 
    "F_396_3": 19.02383041381836, 
    "F_365_3": 19.412240982055664, 
    "F_613_3": 17.22960090637207, 
    "F_706_3": 16.65584373474121, 
    "F_923_3": 16.46575355529785, 
    "F_458_3": 18.281099319458008, 
    "F_768_3": 16.750659942626953, 
    "Z": 0.07099781185388565, 
    "F_799_3": 16.6138916015625, 
    "F_427_3": 18.63686180114746, 
    "F_489_3": 17.898616790771484, 
    "F_954_3": Infinity, 
    "F_830_3": 16.5903263092041, 
    "F_582_3": 17.392822265625, 
    "F_520_3": 17.586183547973633, 
    "F_892_3": 16.43684196472168
}