{
    "F_644_3": 18.544626235961914, 
    "F_551_3": 18.716087341308594, 
    "F_861_3": 18.17154884338379, 
    "id": "spec-1650-53174-0053-QSOs-010", 
    "F_675_3": 18.39479637145996, 
    "F_737_3": 18.273967742919922, 
    "F_396_3": 19.41214942932129, 
    "F_365_3": 19.827205657958984, 
    "F_613_3": 18.619495391845703, 
    "F_706_3": 18.287399291992188, 
    "F_923_3": 18.127317428588867, 
    "F_458_3": 18.974109649658203, 
    "F_768_3": 18.274169921875, 
    "Z": 0.5926583409309387, 
    "F_799_3": 18.270160675048828, 
    "F_427_3": 19.21629524230957, 
    "F_489_3": 18.886812210083008, 
    "F_954_3": Infinity, 
    "F_830_3": 18.132225036621094, 
    "F_582_3": 18.688627243041992, 
    "F_520_3": 18.776273727416992, 
    "F_892_3": 18.1978816986084
}