{
    "F_644_3": 20.169832229614258, 
    "F_551_3": 20.538875579833984, 
    "F_861_3": 19.921653747558594, 
    "id": "spec-4321-55504-0118-QSOs-010", 
    "F_675_3": 20.099342346191406, 
    "F_737_3": 20.052305221557617, 
    "F_396_3": 21.17152976989746, 
    "F_365_3": 21.249523162841797, 
    "F_613_3": 20.299001693725586, 
    "F_706_3": 19.915639877319336, 
    "F_923_3": 19.374160766601562, 
    "F_458_3": 20.8768310546875, 
    "F_768_3": 20.01125144958496, 
    "Z": 0.4254430830478668, 
    "F_799_3": 19.993478775024414, 
    "F_427_3": 21.08951759338379, 
    "F_489_3": 20.791038513183594, 
    "F_954_3": 19.19257926940918, 
    "F_830_3": 19.905902862548828, 
    "F_582_3": 20.494375228881836, 
    "F_520_3": 20.694887161254883, 
    "F_892_3": 19.86600685119629
}