{
    "F_644_3": 19.110443115234375, 
    "F_551_3": 19.052284240722656, 
    "F_861_3": 18.87952423095703, 
    "id": "spec-2128-53800-0589-QSOs-010", 
    "F_675_3": 18.963342666625977, 
    "F_737_3": 18.88909149169922, 
    "F_396_3": 19.142982482910156, 
    "F_365_3": 19.156278610229492, 
    "F_613_3": 19.076339721679688, 
    "F_706_3": 18.967287063598633, 
    "F_923_3": 18.79252052307129, 
    "F_458_3": 19.095197677612305, 
    "F_768_3": 18.45102310180664, 
    "Z": 0.5731571912765503, 
    "F_799_3": 18.585519790649414, 
    "F_427_3": 19.041473388671875, 
    "F_489_3": 19.117706298828125, 
    "F_954_3": Infinity, 
    "F_830_3": 18.780054092407227, 
    "F_582_3": 19.016904830932617, 
    "F_520_3": 19.08152198791504, 
    "F_892_3": 18.787490844726562
}