{
    "F_644_3": 20.677242279052734, 
    "F_551_3": 21.499963760375977, 
    "F_861_3": 19.77652931213379, 
    "id": "spec-6714-56447-0100-QSOs-010", 
    "F_675_3": 20.508075714111328, 
    "F_737_3": 20.114986419677734, 
    "F_396_3": 22.636005401611328, 
    "F_365_3": 22.44476890563965, 
    "F_613_3": 21.08989906311035, 
    "F_706_3": 20.299388885498047, 
    "F_923_3": 19.571977615356445, 
    "F_458_3": 22.423824310302734, 
    "F_768_3": 19.97170639038086, 
    "Z": 0.5912110209465027, 
    "F_799_3": 19.539875030517578, 
    "F_427_3": 22.52202606201172, 
    "F_489_3": 22.26773452758789, 
    "F_954_3": 19.564502716064453, 
    "F_830_3": 19.9108943939209, 
    "F_582_3": 21.399124145507812, 
    "F_520_3": 21.96624183654785, 
    "F_892_3": 19.704980850219727
}