{
    "F_644_3": 19.05486488342285, 
    "F_551_3": 19.0428409576416, 
    "F_861_3": 18.70278549194336, 
    "id": "spec-0495-51988-0275-QSOs-010", 
    "F_675_3": 19.08200454711914, 
    "F_737_3": 19.00845718383789, 
    "F_396_3": 19.39422035217285, 
    "F_365_3": 19.46697425842285, 
    "F_613_3": 19.036163330078125, 
    "F_706_3": 19.090850830078125, 
    "F_923_3": 18.80683135986328, 
    "F_458_3": 19.1799373626709, 
    "F_768_3": 18.969738006591797, 
    "Z": 0.7225199341773987, 
    "F_799_3": 18.897851943969727, 
    "F_427_3": 19.217947006225586, 
    "F_489_3": 18.96092414855957, 
    "F_954_3": Infinity, 
    "F_830_3": 18.763694763183594, 
    "F_582_3": 19.056880950927734, 
    "F_520_3": 19.13328742980957, 
    "F_892_3": 18.838897705078125
}