{
    "F_644_3": 20.821880340576172, 
    "F_551_3": 21.492712020874023, 
    "F_861_3": 19.849279403686523, 
    "id": "spec-4540-55863-0063-QSOs-010", 
    "F_675_3": 20.554962158203125, 
    "F_737_3": 20.074928283691406, 
    "F_396_3": 22.573822021484375, 
    "F_365_3": 22.04593276977539, 
    "F_613_3": 21.009395599365234, 
    "F_706_3": 20.41590118408203, 
    "F_923_3": 19.726627349853516, 
    "F_458_3": 22.53718376159668, 
    "F_768_3": 20.25107765197754, 
    "Z": 0.4977521002292633, 
    "F_799_3": 20.057186126708984, 
    "F_427_3": 22.653133392333984, 
    "F_489_3": 22.28954315185547, 
    "F_954_3": 19.690044403076172, 
    "F_830_3": 19.988811492919922, 
    "F_582_3": 21.426769256591797, 
    "F_520_3": 22.041187286376953, 
    "F_892_3": 19.81032943725586
}