{
    "F_644_3": 19.059612274169922, 
    "F_551_3": 18.988697052001953, 
    "F_861_3": 18.88550567626953, 
    "id": "spec-2502-54180-0136-QSOs-010", 
    "F_675_3": 19.12552833557129, 
    "F_737_3": 19.006149291992188, 
    "F_396_3": 19.31071662902832, 
    "F_365_3": 19.157249450683594, 
    "F_613_3": 19.042875289916992, 
    "F_706_3": 19.142051696777344, 
    "F_923_3": 18.985212326049805, 
    "F_458_3": 19.003902435302734, 
    "F_768_3": 19.022857666015625, 
    "Z": 0.6912921071052551, 
    "F_799_3": 18.947479248046875, 
    "F_427_3": 19.195472717285156, 
    "F_489_3": 18.971712112426758, 
    "F_954_3": Infinity, 
    "F_830_3": 18.642135620117188, 
    "F_582_3": 18.994060516357422, 
    "F_520_3": 19.063554763793945, 
    "F_892_3": 19.00529670715332
}