{
    "F_644_3": 19.023334503173828, 
    "F_551_3": 18.959333419799805, 
    "F_861_3": 18.628482818603516, 
    "id": "spec-1020-52721-0054-QSOs-010", 
    "F_675_3": 18.98686408996582, 
    "F_737_3": 18.82146453857422, 
    "F_396_3": 19.133150100708008, 
    "F_365_3": 19.39814567565918, 
    "F_613_3": 19.020259857177734, 
    "F_706_3": 18.914480209350586, 
    "F_923_3": 18.707321166992188, 
    "F_458_3": 18.888383865356445, 
    "F_768_3": 18.76841163635254, 
    "Z": 0.6661149263381958, 
    "F_799_3": 18.625015258789062, 
    "F_427_3": 19.072010040283203, 
    "F_489_3": 19.0009765625, 
    "F_954_3": Infinity, 
    "F_830_3": 18.605491638183594, 
    "F_582_3": 18.975360870361328, 
    "F_520_3": 18.99170684814453, 
    "F_892_3": 18.630945205688477
}