{
    "F_644_3": 19.07174301147461, 
    "F_551_3": 19.098344802856445, 
    "F_861_3": 19.035842895507812, 
    "id": "spec-1332-52781-0403-QSOs-010", 
    "F_675_3": 19.074596405029297, 
    "F_737_3": 19.06975555419922, 
    "F_396_3": 19.614198684692383, 
    "F_365_3": 19.960559844970703, 
    "F_613_3": 19.07741928100586, 
    "F_706_3": 19.0604190826416, 
    "F_923_3": 19.05339813232422, 
    "F_458_3": 19.388612747192383, 
    "F_768_3": 19.10938262939453, 
    "Z": 0.9083912372589111, 
    "F_799_3": 19.144254684448242, 
    "F_427_3": 19.56768035888672, 
    "F_489_3": 19.309356689453125, 
    "F_954_3": Infinity, 
    "F_830_3": 19.003799438476562, 
    "F_582_3": 19.177026748657227, 
    "F_520_3": 19.075748443603516, 
    "F_892_3": 19.046648025512695
}