{
    "F_644_3": 16.92755889892578, 
    "F_551_3": 17.095354080200195, 
    "F_861_3": 16.446609497070312, 
    "id": "spec-0311-51665-0443-QSOs-010", 
    "F_675_3": 16.842456817626953, 
    "F_737_3": 16.724397659301758, 
    "F_396_3": 17.351255416870117, 
    "F_365_3": 17.410991668701172, 
    "F_613_3": 17.028257369995117, 
    "F_706_3": 16.22743797302246, 
    "F_923_3": 16.355493545532227, 
    "F_458_3": 17.414392471313477, 
    "F_768_3": 16.64022445678711, 
    "Z": 0.07209634780883789, 
    "F_799_3": 16.56863021850586, 
    "F_427_3": 17.474735260009766, 
    "F_489_3": 17.268163681030273, 
    "F_954_3": Infinity, 
    "F_830_3": 16.506046295166016, 
    "F_582_3": 17.107851028442383, 
    "F_520_3": 16.98887825012207, 
    "F_892_3": 16.352685928344727
}