{
    "F_644_3": 15.412712097167969, 
    "F_551_3": 15.80606746673584, 
    "F_861_3": 14.842506408691406, 
    "id": "spec-2504-54179-0115-QSOs-010", 
    "F_675_3": 14.602306365966797, 
    "F_737_3": 15.168783187866211, 
    "F_396_3": 16.347362518310547, 
    "F_365_3": 16.303468704223633, 
    "F_613_3": 15.508708000183105, 
    "F_706_3": 15.253779411315918, 
    "F_923_3": 14.804759979248047, 
    "F_458_3": 16.108558654785156, 
    "F_768_3": 15.086091041564941, 
    "Z": 0.029489442706108093, 
    "F_799_3": 15.002479553222656, 
    "F_427_3": 16.36863899230957, 
    "F_489_3": 15.847490310668945, 
    "F_954_3": Infinity, 
    "F_830_3": 14.947678565979004, 
    "F_582_3": 15.703322410583496, 
    "F_520_3": 15.8602876663208, 
    "F_892_3": 14.853078842163086
}