{
    "F_644_3": 20.82029151916504, 
    "F_551_3": 20.84562873840332, 
    "F_861_3": 20.725683212280273, 
    "id": "spec-7099-56666-0156-QSOs-010", 
    "F_675_3": 20.858312606811523, 
    "F_737_3": 20.858543395996094, 
    "F_396_3": 21.069490432739258, 
    "F_365_3": 20.83149528503418, 
    "F_613_3": 20.82732391357422, 
    "F_706_3": 20.876047134399414, 
    "F_923_3": 20.488563537597656, 
    "F_458_3": 20.97412109375, 
    "F_768_3": 20.842300415039062, 
    "Z": 0.8915730714797974, 
    "F_799_3": 20.84937858581543, 
    "F_427_3": 21.063222885131836, 
    "F_489_3": 20.96393394470215, 
    "F_954_3": 20.652477264404297, 
    "F_830_3": 20.757015228271484, 
    "F_582_3": 20.956565856933594, 
    "F_520_3": 20.79433250427246, 
    "F_892_3": 20.85968589782715
}