{
    "F_644_3": 19.957761764526367, 
    "F_551_3": 19.780986785888672, 
    "F_861_3": 19.901100158691406, 
    "id": "spec-7099-56666-0158-QSOs-010", 
    "F_675_3": 19.965213775634766, 
    "F_737_3": 20.04067611694336, 
    "F_396_3": 20.470460891723633, 
    "F_365_3": 20.331697463989258, 
    "F_613_3": 19.991262435913086, 
    "F_706_3": 20.02461814880371, 
    "F_923_3": 19.91179656982422, 
    "F_458_3": 20.28452491760254, 
    "F_768_3": 20.019197463989258, 
    "Z": 0.9581755995750427, 
    "F_799_3": 20.041418075561523, 
    "F_427_3": 20.447368621826172, 
    "F_489_3": 20.147357940673828, 
    "F_954_3": 19.681886672973633, 
    "F_830_3": 20.018049240112305, 
    "F_582_3": 20.035762786865234, 
    "F_520_3": 20.098026275634766, 
    "F_892_3": 19.860456466674805
}