{
    "F_644_3": 16.62735939025879, 
    "F_551_3": 17.07122039794922, 
    "F_861_3": 16.052082061767578, 
    "id": "spec-2578-54093-0265-QSOs-010", 
    "F_675_3": 16.248254776000977, 
    "F_737_3": 16.357553482055664, 
    "F_396_3": 18.036457061767578, 
    "F_365_3": 18.05384635925293, 
    "F_613_3": 16.70836639404297, 
    "F_706_3": 16.189350128173828, 
    "F_923_3": 15.991619110107422, 
    "F_458_3": 17.599138259887695, 
    "F_768_3": 16.275014877319336, 
    "Z": 0.05406489595770836, 
    "F_799_3": 16.1788330078125, 
    "F_427_3": 17.85807228088379, 
    "F_489_3": 17.287668228149414, 
    "F_954_3": Infinity, 
    "F_830_3": 16.143901824951172, 
    "F_582_3": 16.90165138244629, 
    "F_520_3": 17.04404067993164, 
    "F_892_3": 16.02018928527832
}