{
    "F_644_3": 19.57422637939453, 
    "F_551_3": 19.48048210144043, 
    "F_861_3": 19.40650749206543, 
    "id": "spec-0266-51630-0003-QSOs-010", 
    "F_675_3": 19.553546905517578, 
    "F_737_3": 19.422035217285156, 
    "F_396_3": 20.006742477416992, 
    "F_365_3": 19.897449493408203, 
    "F_613_3": 19.553428649902344, 
    "F_706_3": 19.455795288085938, 
    "F_923_3": 19.427276611328125, 
    "F_458_3": 19.632490158081055, 
    "F_768_3": 19.38031005859375, 
    "Z": 0.6524170637130737, 
    "F_799_3": 19.159406661987305, 
    "F_427_3": 19.82469367980957, 
    "F_489_3": 19.64236831665039, 
    "F_954_3": Infinity, 
    "F_830_3": 19.177120208740234, 
    "F_582_3": 19.513660430908203, 
    "F_520_3": 19.54965591430664, 
    "F_892_3": 19.330659866333008
}