{
    "F_644_3": 18.545486450195312, 
    "F_551_3": 19.068326950073242, 
    "F_861_3": 17.857559204101562, 
    "id": "spec-1522-52932-0418-QSOs-010", 
    "F_675_3": 18.3958683013916, 
    "F_737_3": 18.191762924194336, 
    "F_396_3": 20.827938079833984, 
    "F_365_3": 20.913972854614258, 
    "F_613_3": 18.754091262817383, 
    "F_706_3": 18.301483154296875, 
    "F_923_3": 17.740022659301758, 
    "F_458_3": 20.13583755493164, 
    "F_768_3": 17.86187744140625, 
    "Z": 0.1848113089799881, 
    "F_799_3": 17.929601669311523, 
    "F_427_3": 20.426773071289062, 
    "F_489_3": 19.638975143432617, 
    "F_954_3": Infinity, 
    "F_830_3": 17.92878532409668, 
    "F_582_3": 18.786563873291016, 
    "F_520_3": 19.35659408569336, 
    "F_892_3": 17.734210968017578
}