{
    "F_644_3": 20.389772415161133, 
    "F_551_3": 20.40618324279785, 
    "F_861_3": 20.121421813964844, 
    "id": "spec-4321-55504-0212-QSOs-010", 
    "F_675_3": 20.212970733642578, 
    "F_737_3": 20.145572662353516, 
    "F_396_3": 21.239913940429688, 
    "F_365_3": 21.1524658203125, 
    "F_613_3": 20.404844284057617, 
    "F_706_3": 20.174102783203125, 
    "F_923_3": 20.05929946899414, 
    "F_458_3": 20.720413208007812, 
    "F_768_3": 19.88204574584961, 
    "Z": 0.5887666940689087, 
    "F_799_3": 20.0413761138916, 
    "F_427_3": 21.035106658935547, 
    "F_489_3": 20.701311111450195, 
    "F_954_3": 19.953319549560547, 
    "F_830_3": 20.02185821533203, 
    "F_582_3": 20.412214279174805, 
    "F_520_3": 20.529142379760742, 
    "F_892_3": 20.167633056640625
}