{
    "F_644_3": 18.099767684936523, 
    "F_551_3": 18.623350143432617, 
    "F_861_3": 17.40634536743164, 
    "id": "spec-0267-51608-0300-QSOs-010", 
    "F_675_3": 17.977384567260742, 
    "F_737_3": 17.76870346069336, 
    "F_396_3": 20.081680297851562, 
    "F_365_3": 20.403358459472656, 
    "F_613_3": 18.24199676513672, 
    "F_706_3": 17.628175735473633, 
    "F_923_3": 17.35662078857422, 
    "F_458_3": 19.34564971923828, 
    "F_768_3": 17.68846321105957, 
    "Z": 0.0672091394662857, 
    "F_799_3": 17.544681549072266, 
    "F_427_3": 19.6749210357666, 
    "F_489_3": 18.967145919799805, 
    "F_954_3": Infinity, 
    "F_830_3": 17.508651733398438, 
    "F_582_3": 18.40369987487793, 
    "F_520_3": 18.56967544555664, 
    "F_892_3": 17.34361457824707
}