{
    "F_644_3": 18.445606231689453, 
    "F_551_3": 18.71792221069336, 
    "F_861_3": 17.93472671508789, 
    "id": "spec-1823-53886-0152-QSOs-010", 
    "F_675_3": 18.380126953125, 
    "F_737_3": 18.17342185974121, 
    "F_396_3": 19.553516387939453, 
    "F_365_3": 19.4111270904541, 
    "F_613_3": 18.595582962036133, 
    "F_706_3": 18.005496978759766, 
    "F_923_3": 17.827489852905273, 
    "F_458_3": 19.409605026245117, 
    "F_768_3": 18.128337860107422, 
    "Z": 0.09345456957817078, 
    "F_799_3": 18.052186965942383, 
    "F_427_3": 19.586280822753906, 
    "F_489_3": 19.08417320251465, 
    "F_954_3": Infinity, 
    "F_830_3": 17.984251022338867, 
    "F_582_3": 18.749271392822266, 
    "F_520_3": 18.870691299438477, 
    "F_892_3": 17.860044479370117
}