{
    "F_644_3": 16.96502685546875, 
    "F_551_3": 17.414880752563477, 
    "F_861_3": 16.555803298950195, 
    "id": "spec-5292-55926-0802-QSOs-010", 
    "F_675_3": 16.73941993713379, 
    "F_737_3": 16.789413452148438, 
    "F_396_3": 18.78696632385254, 
    "F_365_3": 18.93171501159668, 
    "F_613_3": 17.15560531616211, 
    "F_706_3": 16.861547470092773, 
    "F_923_3": 16.42494010925293, 
    "F_458_3": 17.977811813354492, 
    "F_768_3": 16.68795394897461, 
    "Z": 0.014013429172337055, 
    "F_799_3": 16.636274337768555, 
    "F_427_3": 18.336402893066406, 
    "F_489_3": 17.6649112701416, 
    "F_954_3": 16.428638458251953, 
    "F_830_3": 16.57245445251465, 
    "F_582_3": 17.26995277404785, 
    "F_520_3": 17.5919246673584, 
    "F_892_3": 16.492101669311523
}