{
    "F_644_3": 22.065393447875977, 
    "F_551_3": 22.007732391357422, 
    "F_861_3": Infinity, 
    "id": "spec-3825-55533-0154-QSOs-010", 
    "F_675_3": 22.126300811767578, 
    "F_737_3": 22.358753204345703, 
    "F_396_3": 21.54638671875, 
    "F_365_3": 21.502004623413086, 
    "F_613_3": 22.057958602905273, 
    "F_706_3": 21.88935089111328, 
    "F_923_3": 21.85531997680664, 
    "F_458_3": 21.811704635620117, 
    "F_768_3": Infinity, 
    "Z": 0.43306073546409607, 
    "F_799_3": 22.28730010986328, 
    "F_427_3": 21.7611083984375, 
    "F_489_3": 21.8243408203125, 
    "F_954_3": 21.006256103515625, 
    "F_830_3": 22.208871841430664, 
    "F_582_3": 22.030838012695312, 
    "F_520_3": 21.88181495666504, 
    "F_892_3": Infinity
}