{
    "F_644_3": 17.302764892578125, 
    "F_551_3": 17.710477828979492, 
    "F_861_3": 16.77161979675293, 
    "id": "spec-1004-52723-0293-QSOs-010", 
    "F_675_3": 16.920717239379883, 
    "F_737_3": 17.07724380493164, 
    "F_396_3": 19.026336669921875, 
    "F_365_3": 19.115468978881836, 
    "F_613_3": 17.411300659179688, 
    "F_706_3": 17.052019119262695, 
    "F_923_3": 16.6910457611084, 
    "F_458_3": 18.298965454101562, 
    "F_768_3": 16.955293655395508, 
    "Z": 0.043356724083423615, 
    "F_799_3": 16.901901245117188, 
    "F_427_3": 18.641210556030273, 
    "F_489_3": 17.935752868652344, 
    "F_954_3": Infinity, 
    "F_830_3": 16.855182647705078, 
    "F_582_3": 17.542057037353516, 
    "F_520_3": 17.792905807495117, 
    "F_892_3": 16.770381927490234
}