{
    "F_644_3": 20.393543243408203, 
    "F_551_3": 20.354480743408203, 
    "F_861_3": 20.007030487060547, 
    "id": "spec-7099-56666-0145-QSOs-010", 
    "F_675_3": 20.457660675048828, 
    "F_737_3": 20.305477142333984, 
    "F_396_3": 20.498577117919922, 
    "F_365_3": 20.51688003540039, 
    "F_613_3": 20.37652587890625, 
    "F_706_3": 20.431066513061523, 
    "F_923_3": 20.308658599853516, 
    "F_458_3": 20.436052322387695, 
    "F_768_3": 20.29819679260254, 
    "Z": 0.7062556147575378, 
    "F_799_3": 20.353317260742188, 
    "F_427_3": 20.426219940185547, 
    "F_489_3": 20.335037231445312, 
    "F_954_3": 20.432703018188477, 
    "F_830_3": 20.045360565185547, 
    "F_582_3": 20.326412200927734, 
    "F_520_3": 20.42892074584961, 
    "F_892_3": 20.28700065612793
}