{
    "F_644_3": 19.5761775970459, 
    "F_551_3": 19.661663055419922, 
    "F_861_3": 19.580278396606445, 
    "id": "spec-4322-55503-0632-QSOs-010", 
    "F_675_3": 19.600732803344727, 
    "F_737_3": 19.641841888427734, 
    "F_396_3": 20.117271423339844, 
    "F_365_3": 20.09379768371582, 
    "F_613_3": 19.598243713378906, 
    "F_706_3": 19.592878341674805, 
    "F_923_3": 18.950725555419922, 
    "F_458_3": 19.69417953491211, 
    "F_768_3": 19.736886978149414, 
    "Z": 0.8775312900543213, 
    "F_799_3": 19.643659591674805, 
    "F_427_3": 19.92399787902832, 
    "F_489_3": 19.73504066467285, 
    "F_954_3": 19.04865837097168, 
    "F_830_3": 19.51023292541504, 
    "F_582_3": 19.692947387695312, 
    "F_520_3": 19.419857025146484, 
    "F_892_3": 19.535808563232422
}