{
    "F_644_3": 19.36664390563965, 
    "F_551_3": 19.46085548400879, 
    "F_861_3": 19.261035919189453, 
    "id": "spec-7099-56666-0276-QSOs-010", 
    "F_675_3": 19.358413696289062, 
    "F_737_3": 19.257062911987305, 
    "F_396_3": 19.32804298400879, 
    "F_365_3": 19.398191452026367, 
    "F_613_3": 19.490398406982422, 
    "F_706_3": 19.16349983215332, 
    "F_923_3": 19.189857482910156, 
    "F_458_3": 19.41132926940918, 
    "F_768_3": 19.315114974975586, 
    "Z": 0.4638844430446625, 
    "F_799_3": 19.38704490661621, 
    "F_427_3": 19.332422256469727, 
    "F_489_3": 19.39006996154785, 
    "F_954_3": 18.353679656982422, 
    "F_830_3": 19.353967666625977, 
    "F_582_3": 19.49648666381836, 
    "F_520_3": 19.454683303833008, 
    "F_892_3": 19.230173110961914
}