{
    "F_644_3": 18.593643188476562, 
    "F_551_3": 18.583864212036133, 
    "F_861_3": 18.438554763793945, 
    "id": "spec-2128-53800-0592-QSOs-010", 
    "F_675_3": 18.56062126159668, 
    "F_737_3": 18.38850212097168, 
    "F_396_3": 18.65053367614746, 
    "F_365_3": 18.75274085998535, 
    "F_613_3": 18.574251174926758, 
    "F_706_3": 18.45638656616211, 
    "F_923_3": 18.430932998657227, 
    "F_458_3": 18.5074462890625, 
    "F_768_3": 18.265432357788086, 
    "Z": 0.6045477986335754, 
    "F_799_3": 18.230531692504883, 
    "F_427_3": 18.68161964416504, 
    "F_489_3": 18.651653289794922, 
    "F_954_3": Infinity, 
    "F_830_3": 18.445571899414062, 
    "F_582_3": 18.627241134643555, 
    "F_520_3": 18.595027923583984, 
    "F_892_3": 18.528491973876953
}