{
    "F_644_3": 19.955604553222656, 
    "F_551_3": 19.93037223815918, 
    "F_861_3": 19.58106231689453, 
    "id": "spec-6497-56329-0162-QSOs-010", 
    "F_675_3": 20.011682510375977, 
    "F_737_3": 20.1538028717041, 
    "F_396_3": 20.308696746826172, 
    "F_365_3": 20.304916381835938, 
    "F_613_3": 19.91438865661621, 
    "F_706_3": 20.060773849487305, 
    "F_923_3": 19.87049102783203, 
    "F_458_3": 20.049711227416992, 
    "F_768_3": 19.9290714263916, 
    "Z": 0.757590115070343, 
    "F_799_3": 19.920923233032227, 
    "F_427_3": 20.0941104888916, 
    "F_489_3": 19.713293075561523, 
    "F_954_3": 19.94021987915039, 
    "F_830_3": 19.979642868041992, 
    "F_582_3": 19.9078369140625, 
    "F_520_3": 19.97408103942871, 
    "F_892_3": 19.833751678466797
}