{
    "F_644_3": 20.894264221191406, 
    "F_551_3": 21.058868408203125, 
    "F_861_3": 20.237159729003906, 
    "id": "spec-5713-56686-0951-QSOs-010", 
    "F_675_3": 20.771770477294922, 
    "F_737_3": 20.505468368530273, 
    "F_396_3": 21.45669174194336, 
    "F_365_3": 21.329879760742188, 
    "F_613_3": 21.110597610473633, 
    "F_706_3": 20.602209091186523, 
    "F_923_3": 20.109899520874023, 
    "F_458_3": 21.09115219116211, 
    "F_768_3": 20.316518783569336, 
    "Z": 0.5878517627716064, 
    "F_799_3": 20.34322738647461, 
    "F_427_3": 21.321863174438477, 
    "F_489_3": 21.291587829589844, 
    "F_954_3": 20.186567306518555, 
    "F_830_3": 20.33553123474121, 
    "F_582_3": 21.16594886779785, 
    "F_520_3": 21.19408416748047, 
    "F_892_3": 20.25991439819336
}