{
    "F_644_3": 18.418235778808594, 
    "F_551_3": 18.3834171295166, 
    "F_861_3": 18.137962341308594, 
    "id": "spec-2212-53789-0192-QSOs-010", 
    "F_675_3": 18.479955673217773, 
    "F_737_3": 18.56305503845215, 
    "F_396_3": 18.69546890258789, 
    "F_365_3": 18.77564811706543, 
    "F_613_3": 18.392833709716797, 
    "F_706_3": 18.547040939331055, 
    "F_923_3": 18.423547744750977, 
    "F_458_3": 18.55746078491211, 
    "F_768_3": 18.46687126159668, 
    "Z": 0.745262622833252, 
    "F_799_3": 18.49245834350586, 
    "F_427_3": 18.569047927856445, 
    "F_489_3": 18.318866729736328, 
    "F_954_3": Infinity, 
    "F_830_3": 18.40315055847168, 
    "F_582_3": 18.378767013549805, 
    "F_520_3": 18.4573974609375, 
    "F_892_3": 18.393230438232422
}