{
    "F_644_3": 19.79693031311035, 
    "F_551_3": 19.983491897583008, 
    "F_861_3": 19.314889907836914, 
    "id": "spec-6417-56308-0204-QSOs-010", 
    "F_675_3": 19.706689834594727, 
    "F_737_3": 19.154592514038086, 
    "F_396_3": 21.097612380981445, 
    "F_365_3": 21.196203231811523, 
    "F_613_3": 19.86546516418457, 
    "F_706_3": 19.65162467956543, 
    "F_923_3": 19.200035095214844, 
    "F_458_3": 20.69919776916504, 
    "F_768_3": 19.437618255615234, 
    "Z": 0.14320243895053864, 
    "F_799_3": 19.45235252380371, 
    "F_427_3": 20.884960174560547, 
    "F_489_3": 20.430038452148438, 
    "F_954_3": 19.036685943603516, 
    "F_830_3": 19.394739151000977, 
    "F_582_3": 19.896953582763672, 
    "F_520_3": 20.18532371520996, 
    "F_892_3": 19.234874725341797
}