{
    "F_644_3": 21.014530181884766, 
    "F_551_3": 21.008028030395508, 
    "F_861_3": 20.68359375, 
    "id": "spec-6464-56309-0946-QSOs-010", 
    "F_675_3": 21.0320987701416, 
    "F_737_3": 21.066600799560547, 
    "F_396_3": 21.310487747192383, 
    "F_365_3": 21.298023223876953, 
    "F_613_3": 20.961149215698242, 
    "F_706_3": 21.05568504333496, 
    "F_923_3": 20.916574478149414, 
    "F_458_3": 21.132261276245117, 
    "F_768_3": 20.915668487548828, 
    "Z": 0.7619932889938354, 
    "F_799_3": 20.900190353393555, 
    "F_427_3": 21.17957305908203, 
    "F_489_3": 20.95612335205078, 
    "F_954_3": 20.86928367614746, 
    "F_830_3": 20.93498992919922, 
    "F_582_3": 21.004701614379883, 
    "F_520_3": 21.104713439941406, 
    "F_892_3": 20.847461700439453
}