{
    "F_644_3": 17.635902404785156, 
    "F_551_3": 17.616329193115234, 
    "F_861_3": 17.42998504638672, 
    "id": "spec-6465-56279-0060-QSOs-010", 
    "F_675_3": 17.67290687561035, 
    "F_737_3": 17.76468276977539, 
    "F_396_3": 18.02243423461914, 
    "F_365_3": 18.01350212097168, 
    "F_613_3": 17.59222984313965, 
    "F_706_3": 17.749109268188477, 
    "F_923_3": 17.718975067138672, 
    "F_458_3": 17.73967742919922, 
    "F_768_3": 17.636653900146484, 
    "Z": 0.7656717896461487, 
    "F_799_3": 17.622983932495117, 
    "F_427_3": 17.825273513793945, 
    "F_489_3": 17.50006866455078, 
    "F_954_3": 17.829092025756836, 
    "F_830_3": 17.737123489379883, 
    "F_582_3": 17.563819885253906, 
    "F_520_3": 17.62058448791504, 
    "F_892_3": 17.665029525756836
}