{
    "F_644_3": 17.682218551635742, 
    "F_551_3": 17.554399490356445, 
    "F_861_3": 17.184551239013672, 
    "id": "spec-0972-52435-0520-QSOs-010", 
    "F_675_3": 17.586593627929688, 
    "F_737_3": 17.070621490478516, 
    "F_396_3": 18.472434997558594, 
    "F_365_3": 18.57861328125, 
    "F_613_3": 17.845125198364258, 
    "F_706_3": 16.414012908935547, 
    "F_923_3": 17.065853118896484, 
    "F_458_3": 18.518579483032227, 
    "F_768_3": 17.383563995361328, 
    "Z": 0.09434591978788376, 
    "F_799_3": 17.30143165588379, 
    "F_427_3": 18.557287216186523, 
    "F_489_3": 18.26645851135254, 
    "F_954_3": Infinity, 
    "F_830_3": 17.242708206176758, 
    "F_582_3": 17.967947006225586, 
    "F_520_3": 17.873153686523438, 
    "F_892_3": 17.118751525878906
}