{
    "F_644_3": 21.341890335083008, 
    "F_551_3": 21.38795280456543, 
    "F_861_3": 21.02382469177246, 
    "id": "spec-6721-56398-0218-QSOs-010", 
    "F_675_3": 21.335546493530273, 
    "F_737_3": 21.286821365356445, 
    "F_396_3": 21.521697998046875, 
    "F_365_3": 21.11786651611328, 
    "F_613_3": 21.37566566467285, 
    "F_706_3": 21.326583862304688, 
    "F_923_3": 20.7119197845459, 
    "F_458_3": 21.351943969726562, 
    "F_768_3": 21.3449764251709, 
    "Z": 0.8213052749633789, 
    "F_799_3": 21.0714111328125, 
    "F_427_3": 21.417186737060547, 
    "F_489_3": 21.251008987426758, 
    "F_954_3": 20.759136199951172, 
    "F_830_3": 21.108396530151367, 
    "F_582_3": 21.318288803100586, 
    "F_520_3": 21.162120819091797, 
    "F_892_3": 20.61197280883789
}