{
    "F_644_3": 17.018144607543945, 
    "F_551_3": 17.54547882080078, 
    "F_861_3": 16.352846145629883, 
    "id": "spec-0887-52376-0239-QSOs-010", 
    "F_675_3": 16.704601287841797, 
    "F_737_3": 16.71644401550293, 
    "F_396_3": 19.260892868041992, 
    "F_365_3": 19.637773513793945, 
    "F_613_3": 17.134485244750977, 
    "F_706_3": 16.569684982299805, 
    "F_923_3": 16.257511138916016, 
    "F_458_3": 18.3356876373291, 
    "F_768_3": 16.6162052154541, 
    "Z": 0.05393201485276222, 
    "F_799_3": 16.496553421020508, 
    "F_427_3": 18.79255485534668, 
    "F_489_3": 17.864273071289062, 
    "F_954_3": Infinity, 
    "F_830_3": 16.457212448120117, 
    "F_582_3": 17.315032958984375, 
    "F_520_3": 17.41736602783203, 
    "F_892_3": 16.326967239379883
}