{
    "F_644_3": 20.73461151123047, 
    "F_551_3": 20.861251831054688, 
    "F_861_3": 20.03908348083496, 
    "id": "spec-5988-56072-0029-QSOs-010", 
    "F_675_3": 20.782886505126953, 
    "F_737_3": 20.722803115844727, 
    "F_396_3": 21.287830352783203, 
    "F_365_3": 21.040178298950195, 
    "F_613_3": 20.906618118286133, 
    "F_706_3": 20.76435089111328, 
    "F_923_3": 20.48151969909668, 
    "F_458_3": 21.149934768676758, 
    "F_768_3": 20.553442001342773, 
    "Z": 0.7505067586898804, 
    "F_799_3": 20.502227783203125, 
    "F_427_3": 21.140474319458008, 
    "F_489_3": 20.837480545043945, 
    "F_954_3": 20.31134796142578, 
    "F_830_3": 20.441543579101562, 
    "F_582_3": 20.937742233276367, 
    "F_520_3": 21.06710433959961, 
    "F_892_3": 20.353837966918945
}