{
    "F_644_3": Infinity, 
    "F_551_3": 17.58497428894043, 
    "F_861_3": Infinity, 
    "id": "spec-0268-51633-0146-QSOs-010", 
    "F_675_3": Infinity, 
    "F_737_3": Infinity, 
    "F_396_3": 19.385955810546875, 
    "F_365_3": 19.511831283569336, 
    "F_613_3": 17.545658111572266, 
    "F_706_3": Infinity, 
    "F_923_3": Infinity, 
    "F_458_3": 18.740760803222656, 
    "F_768_3": Infinity, 
    "Z": 0.09078295528888702, 
    "F_799_3": Infinity, 
    "F_427_3": 19.22085189819336, 
    "F_489_3": 18.262950897216797, 
    "F_954_3": Infinity, 
    "F_830_3": Infinity, 
    "F_582_3": 17.725902557373047, 
    "F_520_3": 17.981456756591797, 
    "F_892_3": Infinity
}