{
    "F_644_3": 20.54335594177246, 
    "F_551_3": 20.56024932861328, 
    "F_861_3": 20.641340255737305, 
    "id": "spec-6636-56367-0170-QSOs-010", 
    "F_675_3": 20.59834098815918, 
    "F_737_3": 20.81211280822754, 
    "F_396_3": 20.750675201416016, 
    "F_365_3": 20.69927406311035, 
    "F_613_3": 20.528886795043945, 
    "F_706_3": 20.674142837524414, 
    "F_923_3": 20.390369415283203, 
    "F_458_3": 20.612384796142578, 
    "F_768_3": 20.82671356201172, 
    "Z": 0.8548255562782288, 
    "F_799_3": 20.693567276000977, 
    "F_427_3": 20.7236385345459, 
    "F_489_3": 20.58833122253418, 
    "F_954_3": 20.563003540039062, 
    "F_830_3": 20.68271255493164, 
    "F_582_3": 20.557687759399414, 
    "F_520_3": 20.34235954284668, 
    "F_892_3": 20.4393367767334
}