{
    "F_644_3": 17.560503005981445, 
    "F_551_3": 17.90292739868164, 
    "F_861_3": 17.03432273864746, 
    "id": "spec-0553-51999-0112-QSOs-010", 
    "F_675_3": 17.477025985717773, 
    "F_737_3": 17.252643585205078, 
    "F_396_3": 19.222618103027344, 
    "F_365_3": 19.361120223999023, 
    "F_613_3": 17.69288444519043, 
    "F_706_3": 17.199935913085938, 
    "F_923_3": 16.935056686401367, 
    "F_458_3": 18.597280502319336, 
    "F_768_3": 17.22681999206543, 
    "Z": 0.09679794311523438, 
    "F_799_3": 17.149145126342773, 
    "F_427_3": 18.932580947875977, 
    "F_489_3": 18.276994705200195, 
    "F_954_3": Infinity, 
    "F_830_3": 17.07809829711914, 
    "F_582_3": 17.83890724182129, 
    "F_520_3": 18.07759666442871, 
    "F_892_3": 16.957813262939453
}