{
    "F_644_3": 21.414390563964844, 
    "F_551_3": 21.060644149780273, 
    "F_861_3": 21.400407791137695, 
    "id": "spec-3818-55532-0886-QSOs-010", 
    "F_675_3": 21.353111267089844, 
    "F_737_3": 21.380035400390625, 
    "F_396_3": 21.887710571289062, 
    "F_365_3": 21.352018356323242, 
    "F_613_3": 21.34086799621582, 
    "F_706_3": 21.309091567993164, 
    "F_923_3": 21.072734832763672, 
    "F_458_3": 21.537656784057617, 
    "F_768_3": 21.47037696838379, 
    "Z": 0.9197733402252197, 
    "F_799_3": 21.492197036743164, 
    "F_427_3": 21.798118591308594, 
    "F_489_3": 21.46837043762207, 
    "F_954_3": 20.724266052246094, 
    "F_830_3": 21.28531265258789, 
    "F_582_3": 21.508302688598633, 
    "F_520_3": 21.211214065551758, 
    "F_892_3": 21.33829116821289
}