{
    "F_644_3": 19.835941314697266, 
    "F_551_3": 19.714859008789062, 
    "F_861_3": 19.818864822387695, 
    "id": "spec-6714-56447-0500-QSOs-010", 
    "F_675_3": 19.840120315551758, 
    "F_737_3": 19.946165084838867, 
    "F_396_3": 20.500247955322266, 
    "F_365_3": 20.52861976623535, 
    "F_613_3": 19.807523727416992, 
    "F_706_3": 19.881696701049805, 
    "F_923_3": 19.661998748779297, 
    "F_458_3": 20.036123275756836, 
    "F_768_3": 19.915952682495117, 
    "Z": 0.8429349660873413, 
    "F_799_3": 19.8028507232666, 
    "F_427_3": 20.25948143005371, 
    "F_489_3": 19.945117950439453, 
    "F_954_3": 19.544633865356445, 
    "F_830_3": 19.796062469482422, 
    "F_582_3": 19.78232192993164, 
    "F_520_3": 19.728755950927734, 
    "F_892_3": 19.518423080444336
}