{
    "F_644_3": 19.999956130981445, 
    "F_551_3": 20.076066970825195, 
    "F_861_3": 19.688310623168945, 
    "id": "spec-0490-51929-0459-QSOs-010", 
    "F_675_3": 20.102991104125977, 
    "F_737_3": 20.063676834106445, 
    "F_396_3": 20.170461654663086, 
    "F_365_3": 20.263694763183594, 
    "F_613_3": 20.03790283203125, 
    "F_706_3": 20.096023559570312, 
    "F_923_3": 19.365087509155273, 
    "F_458_3": 20.162559509277344, 
    "F_768_3": 20.012229919433594, 
    "Z": 0.8770108819007874, 
    "F_799_3": 19.955957412719727, 
    "F_427_3": 20.251813888549805, 
    "F_489_3": 20.16377830505371, 
    "F_954_3": Infinity, 
    "F_830_3": 19.906755447387695, 
    "F_582_3": 20.084142684936523, 
    "F_520_3": 19.8944091796875, 
    "F_892_3": 19.726694107055664
}