{
    "F_644_3": 16.4671688079834, 
    "F_551_3": 16.99793243408203, 
    "F_861_3": 15.718493461608887, 
    "id": "spec-5998-56087-0118-QSOs-010", 
    "F_675_3": 15.651267051696777, 
    "F_737_3": 16.095813751220703, 
    "F_396_3": 18.032611846923828, 
    "F_365_3": 18.665084838867188, 
    "F_613_3": 16.648103713989258, 
    "F_706_3": 16.16831398010254, 
    "F_923_3": 15.439083099365234, 
    "F_458_3": 17.598901748657227, 
    "F_768_3": 15.960458755493164, 
    "Z": 0.02635514736175537, 
    "F_799_3": 15.9008207321167, 
    "F_427_3": 17.8485164642334, 
    "F_489_3": 17.26322364807129, 
    "F_954_3": 15.414223670959473, 
    "F_830_3": 15.78731918334961, 
    "F_582_3": 16.806499481201172, 
    "F_520_3": 16.883169174194336, 
    "F_892_3": 15.605496406555176
}