{
    "F_644_3": 19.21412467956543, 
    "F_551_3": 19.219270706176758, 
    "F_861_3": 19.071796417236328, 
    "id": "spec-2828-54438-0141-QSOs-010", 
    "F_675_3": 19.205032348632812, 
    "F_737_3": 19.001998901367188, 
    "F_396_3": 19.17591667175293, 
    "F_365_3": 19.362178802490234, 
    "F_613_3": 19.35153579711914, 
    "F_706_3": 18.95220947265625, 
    "F_923_3": 19.1910343170166, 
    "F_458_3": 19.24011993408203, 
    "F_768_3": 19.182628631591797, 
    "Z": 0.46650147438049316, 
    "F_799_3": 19.209135055541992, 
    "F_427_3": 19.151639938354492, 
    "F_489_3": 19.18454360961914, 
    "F_954_3": Infinity, 
    "F_830_3": 19.162582397460938, 
    "F_582_3": 19.308595657348633, 
    "F_520_3": 19.19149398803711, 
    "F_892_3": 19.115053176879883
}