{
    "F_644_3": 16.931217193603516, 
    "F_551_3": 17.54003143310547, 
    "F_861_3": 16.15398406982422, 
    "id": "spec-0305-51613-0609-QSOs-010", 
    "F_675_3": 16.46776008605957, 
    "F_737_3": 16.561843872070312, 
    "F_396_3": 18.916885375976562, 
    "F_365_3": 19.410987854003906, 
    "F_613_3": 17.081966400146484, 
    "F_706_3": 16.268003463745117, 
    "F_923_3": 16.074586868286133, 
    "F_458_3": 18.324438095092773, 
    "F_768_3": 16.4361515045166, 
    "Z": 0.054600149393081665, 
    "F_799_3": 16.328432083129883, 
    "F_427_3": 18.70880889892578, 
    "F_489_3": 17.912996292114258, 
    "F_954_3": Infinity, 
    "F_830_3": 16.276063919067383, 
    "F_582_3": 17.289173126220703, 
    "F_520_3": 17.459009170532227, 
    "F_892_3": 16.124439239501953
}