{
    "F_644_3": 19.083030700683594, 
    "F_551_3": 19.6140079498291, 
    "F_861_3": 18.57073402404785, 
    "id": "spec-6464-56309-0394-QSOs-010", 
    "F_675_3": 18.942502975463867, 
    "F_737_3": 18.59540557861328, 
    "F_396_3": 20.637943267822266, 
    "F_365_3": 20.839336395263672, 
    "F_613_3": 19.36784553527832, 
    "F_706_3": 18.720855712890625, 
    "F_923_3": 18.37565040588379, 
    "F_458_3": 20.149761199951172, 
    "F_768_3": 18.666133880615234, 
    "Z": 0.4763065576553345, 
    "F_799_3": 18.69514274597168, 
    "F_427_3": 20.218019485473633, 
    "F_489_3": 19.875001907348633, 
    "F_954_3": 18.022462844848633, 
    "F_830_3": 18.666528701782227, 
    "F_582_3": 19.531429290771484, 
    "F_520_3": 19.77190399169922, 
    "F_892_3": 18.437053680419922
}