{
    "F_644_3": 21.897663116455078, 
    "F_551_3": 21.893672943115234, 
    "F_861_3": 21.851490020751953, 
    "id": "spec-4321-55504-0478-QSOs-010", 
    "F_675_3": 21.905942916870117, 
    "F_737_3": Infinity, 
    "F_396_3": 21.981252670288086, 
    "F_365_3": 21.598764419555664, 
    "F_613_3": 21.9100284576416, 
    "F_706_3": Infinity, 
    "F_923_3": 21.200809478759766, 
    "F_458_3": 21.720991134643555, 
    "F_768_3": Infinity, 
    "Z": 0.8575295209884644, 
    "F_799_3": Infinity, 
    "F_427_3": 21.88978385925293, 
    "F_489_3": 21.833219528198242, 
    "F_954_3": Infinity, 
    "F_830_3": 21.81062126159668, 
    "F_582_3": 21.835407257080078, 
    "F_520_3": 21.480119705200195, 
    "F_892_3": 21.604677200317383
}