{
    "F_644_3": 18.991230010986328, 
    "F_551_3": 18.783893585205078, 
    "F_861_3": 18.85114097595215, 
    "id": "spec-2827-54422-0533-QSOs-010", 
    "F_675_3": 18.81989097595215, 
    "F_737_3": 18.506044387817383, 
    "F_396_3": 18.809858322143555, 
    "F_365_3": 18.77228355407715, 
    "F_613_3": 18.989843368530273, 
    "F_706_3": 18.854862213134766, 
    "F_923_3": 18.65852165222168, 
    "F_458_3": 18.827423095703125, 
    "F_768_3": 18.681577682495117, 
    "Z": 0.5363014936447144, 
    "F_799_3": 18.777070999145508, 
    "F_427_3": 18.5452880859375, 
    "F_489_3": 18.740148544311523, 
    "F_954_3": Infinity, 
    "F_830_3": 18.84354591369629, 
    "F_582_3": 18.8375186920166, 
    "F_520_3": 18.756179809570312, 
    "F_892_3": 18.711984634399414
}