{
    "F_644_3": 20.75657081604004, 
    "F_551_3": 21.47413444519043, 
    "F_861_3": 19.91414451599121, 
    "id": "spec-4321-55504-0491-QSOs-010", 
    "F_675_3": 20.51174545288086, 
    "F_737_3": 20.364770889282227, 
    "F_396_3": 22.25383949279785, 
    "F_365_3": 21.96174430847168, 
    "F_613_3": 21.08428192138672, 
    "F_706_3": 19.862689971923828, 
    "F_923_3": 19.4697322845459, 
    "F_458_3": 22.360567092895508, 
    "F_768_3": 20.194427490234375, 
    "Z": 0.42422062158584595, 
    "F_799_3": 20.068395614624023, 
    "F_427_3": 22.49806022644043, 
    "F_489_3": 22.05769920349121, 
    "F_954_3": 19.253129959106445, 
    "F_830_3": 19.949445724487305, 
    "F_582_3": 21.208829879760742, 
    "F_520_3": 21.446792602539062, 
    "F_892_3": 19.823469161987305
}