{
    "F_644_3": 17.499515533447266, 
    "F_551_3": 17.788663864135742, 
    "F_861_3": 17.080093383789062, 
    "id": "spec-0581-52356-0254-QSOs-010", 
    "F_675_3": 17.43206214904785, 
    "F_737_3": 17.233177185058594, 
    "F_396_3": 18.73137092590332, 
    "F_365_3": 18.81914710998535, 
    "F_613_3": 17.6092529296875, 
    "F_706_3": 17.133501052856445, 
    "F_923_3": 16.99071502685547, 
    "F_458_3": 18.245975494384766, 
    "F_768_3": 17.246009826660156, 
    "Z": 0.09936900436878204, 
    "F_799_3": 17.188413619995117, 
    "F_427_3": 18.52288818359375, 
    "F_489_3": 17.995311737060547, 
    "F_954_3": Infinity, 
    "F_830_3": 17.10672378540039, 
    "F_582_3": 17.691856384277344, 
    "F_520_3": 17.8498477935791, 
    "F_892_3": 17.029787063598633
}