{
    "F_644_3": Infinity, 
    "F_551_3": 18.531097412109375, 
    "F_861_3": Infinity, 
    "id": "spec-0305-51613-0012-QSOs-010", 
    "F_675_3": Infinity, 
    "F_737_3": Infinity, 
    "F_396_3": 19.396366119384766, 
    "F_365_3": 19.413562774658203, 
    "F_613_3": 18.536474227905273, 
    "F_706_3": Infinity, 
    "F_923_3": Infinity, 
    "F_458_3": 19.169408798217773, 
    "F_768_3": Infinity, 
    "Z": 0.10309407860040665, 
    "F_799_3": Infinity, 
    "F_427_3": 19.31507682800293, 
    "F_489_3": 18.925600051879883, 
    "F_954_3": Infinity, 
    "F_830_3": Infinity, 
    "F_582_3": 18.61563491821289, 
    "F_520_3": 18.718700408935547, 
    "F_892_3": Infinity
}