{
    "F_644_3": 17.096593856811523, 
    "F_551_3": 17.163454055786133, 
    "F_861_3": 16.706005096435547, 
    "id": "spec-0786-52319-0201-QSOs-010", 
    "F_675_3": 17.04505729675293, 
    "F_737_3": 16.738048553466797, 
    "F_396_3": 17.92839241027832, 
    "F_365_3": 18.00891876220703, 
    "F_613_3": 17.22559356689453, 
    "F_706_3": 16.525482177734375, 
    "F_923_3": 16.626989364624023, 
    "F_458_3": 17.83391571044922, 
    "F_768_3": 16.852434158325195, 
    "Z": 0.09874843806028366, 
    "F_799_3": 16.808147430419922, 
    "F_427_3": 17.942041397094727, 
    "F_489_3": 17.569015502929688, 
    "F_954_3": Infinity, 
    "F_830_3": 16.739465713500977, 
    "F_582_3": 17.28234100341797, 
    "F_520_3": 17.299175262451172, 
    "F_892_3": 16.648544311523438
}