{
    "F_644_3": 17.666507720947266, 
    "F_551_3": 18.076417922973633, 
    "F_861_3": 17.13469123840332, 
    "id": "spec-1697-53142-0223-QSOs-010", 
    "F_675_3": 17.600378036499023, 
    "F_737_3": 17.397640228271484, 
    "F_396_3": 19.147756576538086, 
    "F_365_3": 19.06289291381836, 
    "F_613_3": 17.80328941345215, 
    "F_706_3": 17.346216201782227, 
    "F_923_3": 17.056743621826172, 
    "F_458_3": 18.6798038482666, 
    "F_768_3": 17.350383758544922, 
    "Z": 0.09553515911102295, 
    "F_799_3": 17.271711349487305, 
    "F_427_3": 18.985929489135742, 
    "F_489_3": 18.354726791381836, 
    "F_954_3": Infinity, 
    "F_830_3": 17.177560806274414, 
    "F_582_3": 17.954816818237305, 
    "F_520_3": 18.14046287536621, 
    "F_892_3": 17.038951873779297
}