{
    "F_644_3": 17.496854782104492, 
    "F_551_3": 17.591800689697266, 
    "F_861_3": 17.096418380737305, 
    "id": "spec-0555-52266-0006-QSOs-010", 
    "F_675_3": 17.427261352539062, 
    "F_737_3": 16.95655059814453, 
    "F_396_3": 18.203838348388672, 
    "F_365_3": 18.109291076660156, 
    "F_613_3": 17.603464126586914, 
    "F_706_3": 17.009523391723633, 
    "F_923_3": 16.99333381652832, 
    "F_458_3": 18.080705642700195, 
    "F_768_3": 17.226316452026367, 
    "Z": 0.1023377776145935, 
    "F_799_3": 17.175878524780273, 
    "F_427_3": 18.19752311706543, 
    "F_489_3": 17.83678436279297, 
    "F_954_3": Infinity, 
    "F_830_3": 17.11135482788086, 
    "F_582_3": 17.611316680908203, 
    "F_520_3": 17.691423416137695, 
    "F_892_3": 17.01948356628418
}