{
    "F_644_3": 17.83511734008789, 
    "F_551_3": 17.8678035736084, 
    "F_861_3": 17.71858787536621, 
    "id": "spec-2207-53558-0120-QSOs-010", 
    "F_675_3": 17.85120391845703, 
    "F_737_3": 17.397735595703125, 
    "F_396_3": 18.150362014770508, 
    "F_365_3": 18.317058563232422, 
    "F_613_3": 17.963848114013672, 
    "F_706_3": 17.589675903320312, 
    "F_923_3": 17.713302612304688, 
    "F_458_3": 18.037633895874023, 
    "F_768_3": 17.797475814819336, 
    "Z": 0.4794946312904358, 
    "F_799_3": 17.828433990478516, 
    "F_427_3": 17.948047637939453, 
    "F_489_3": 17.923221588134766, 
    "F_954_3": Infinity, 
    "F_830_3": 17.82830238342285, 
    "F_582_3": 17.925914764404297, 
    "F_520_3": 17.887760162353516, 
    "F_892_3": 17.712888717651367
}