{
    "F_644_3": 18.139833450317383, 
    "F_551_3": 18.43492317199707, 
    "F_861_3": 17.633211135864258, 
    "id": "spec-0771-52370-0223-QSOs-010", 
    "F_675_3": 18.056642532348633, 
    "F_737_3": 17.633283615112305, 
    "F_396_3": 19.950511932373047, 
    "F_365_3": 19.954490661621094, 
    "F_613_3": 18.282367706298828, 
    "F_706_3": 17.93787956237793, 
    "F_923_3": 17.534759521484375, 
    "F_458_3": 19.219968795776367, 
    "F_768_3": 17.815092086791992, 
    "Z": 0.10782862454652786, 
    "F_799_3": 17.765352249145508, 
    "F_427_3": 19.647857666015625, 
    "F_489_3": 18.939842224121094, 
    "F_954_3": Infinity, 
    "F_830_3": 17.654281616210938, 
    "F_582_3": 18.4552059173584, 
    "F_520_3": 18.69823455810547, 
    "F_892_3": 17.5191650390625
}