{
    "F_644_3": 16.275890350341797, 
    "F_551_3": 16.66628646850586, 
    "F_861_3": 15.689624786376953, 
    "id": "spec-0611-52055-0437-QSOs-010", 
    "F_675_3": 15.846015930175781, 
    "F_737_3": 16.019739151000977, 
    "F_396_3": 17.81223487854004, 
    "F_365_3": 17.858417510986328, 
    "F_613_3": 16.3547306060791, 
    "F_706_3": 16.04302215576172, 
    "F_923_3": 15.589458465576172, 
    "F_458_3": 17.18323516845703, 
    "F_768_3": 15.882804870605469, 
    "Z": 0.0389225073158741, 
    "F_799_3": 15.834057807922363, 
    "F_427_3": 17.50499153137207, 
    "F_489_3": 16.870193481445312, 
    "F_954_3": Infinity, 
    "F_830_3": 15.772706031799316, 
    "F_582_3": 16.516014099121094, 
    "F_520_3": 16.745271682739258, 
    "F_892_3": 15.669339179992676
}