{
    "F_644_3": 21.734716415405273, 
    "F_551_3": 22.607336044311523, 
    "F_861_3": 20.38339614868164, 
    "id": "spec-5331-55976-0167-QSOs-010", 
    "F_675_3": 21.54847526550293, 
    "F_737_3": 20.910091400146484, 
    "F_396_3": 23.377593994140625, 
    "F_365_3": 22.50752830505371, 
    "F_613_3": 21.999425888061523, 
    "F_706_3": 21.25965118408203, 
    "F_923_3": 20.119041442871094, 
    "F_458_3": 23.556888580322266, 
    "F_768_3": 20.75767707824707, 
    "Z": 0.6175753474235535, 
    "F_799_3": 20.48775863647461, 
    "F_427_3": 23.693429946899414, 
    "F_489_3": 23.329763412475586, 
    "F_954_3": 20.05579376220703, 
    "F_830_3": 20.595624923706055, 
    "F_582_3": 22.44858169555664, 
    "F_520_3": 23.00041961669922, 
    "F_892_3": 20.247520446777344
}