{
    "F_644_3": 20.451929092407227, 
    "F_551_3": 20.63544273376465, 
    "F_861_3": 20.008527755737305, 
    "id": "spec-5988-56072-0035-QSOs-010", 
    "F_675_3": 20.40839958190918, 
    "F_737_3": 20.174354553222656, 
    "F_396_3": 20.872835159301758, 
    "F_365_3": 20.845840454101562, 
    "F_613_3": 20.58424949645996, 
    "F_706_3": 20.30048179626465, 
    "F_923_3": 19.954504013061523, 
    "F_458_3": 20.610097885131836, 
    "F_768_3": 20.084810256958008, 
    "Z": 0.6130116581916809, 
    "F_799_3": 20.03719139099121, 
    "F_427_3": 20.822906494140625, 
    "F_489_3": 20.749221801757812, 
    "F_954_3": 19.84250831604004, 
    "F_830_3": 20.072233200073242, 
    "F_582_3": 20.679452896118164, 
    "F_520_3": 20.64466094970703, 
    "F_892_3": 19.961421966552734
}