{
    "F_644_3": 18.57988929748535, 
    "F_551_3": 18.557172775268555, 
    "F_861_3": 18.538509368896484, 
    "id": "spec-0267-51608-0191-QSOs-010", 
    "F_675_3": 18.615385055541992, 
    "F_737_3": 18.624141693115234, 
    "F_396_3": 18.676471710205078, 
    "F_365_3": 18.847490310668945, 
    "F_613_3": 18.55447006225586, 
    "F_706_3": 18.615047454833984, 
    "F_923_3": 18.33831787109375, 
    "F_458_3": 18.647214889526367, 
    "F_768_3": 18.650358200073242, 
    "Z": 0.8751809000968933, 
    "F_799_3": 18.58244514465332, 
    "F_427_3": 18.697649002075195, 
    "F_489_3": 18.6258487701416, 
    "F_954_3": Infinity, 
    "F_830_3": 18.545528411865234, 
    "F_582_3": 18.606203079223633, 
    "F_520_3": 18.456445693969727, 
    "F_892_3": 18.638107299804688
}