{
    "F_644_3": 18.77265167236328, 
    "F_551_3": 18.83956527709961, 
    "F_861_3": 18.76350975036621, 
    "id": "spec-0267-51608-0151-QSOs-010", 
    "F_675_3": 18.785484313964844, 
    "F_737_3": 18.804018020629883, 
    "F_396_3": 19.13576316833496, 
    "F_365_3": 19.217296600341797, 
    "F_613_3": 18.769119262695312, 
    "F_706_3": 18.800683975219727, 
    "F_923_3": 18.35988426208496, 
    "F_458_3": 19.041723251342773, 
    "F_768_3": 18.85715675354004, 
    "Z": 0.8849242329597473, 
    "F_799_3": 18.857025146484375, 
    "F_427_3": 19.149200439453125, 
    "F_489_3": 18.96990966796875, 
    "F_954_3": Infinity, 
    "F_830_3": 18.759111404418945, 
    "F_582_3": 18.85257911682129, 
    "F_520_3": 18.714454650878906, 
    "F_892_3": 18.805295944213867
}