{
    "F_644_3": 15.838217735290527, 
    "F_551_3": 16.285125732421875, 
    "F_861_3": 15.292569160461426, 
    "id": "spec-6496-56363-0206-QSOs-010", 
    "F_675_3": 15.214927673339844, 
    "F_737_3": 15.605120658874512, 
    "F_396_3": 17.510330200195312, 
    "F_365_3": 17.95494270324707, 
    "F_613_3": 15.997049331665039, 
    "F_706_3": 15.51259994506836, 
    "F_923_3": 15.139449119567871, 
    "F_458_3": 16.897403717041016, 
    "F_768_3": 15.461356163024902, 
    "Z": 0.04033592343330383, 
    "F_799_3": 15.419666290283203, 
    "F_427_3": 17.193580627441406, 
    "F_489_3": 16.554643630981445, 
    "F_954_3": 15.039107322692871, 
    "F_830_3": 15.369894981384277, 
    "F_582_3": 16.13551139831543, 
    "F_520_3": 16.129962921142578, 
    "F_892_3": 15.25849723815918
}