{
    "F_644_3": 21.174196243286133, 
    "F_551_3": 20.989622116088867, 
    "F_861_3": 20.632381439208984, 
    "id": "spec-4321-55504-0464-QSOs-010", 
    "F_675_3": 21.164260864257812, 
    "F_737_3": 21.06854248046875, 
    "F_396_3": 21.113298416137695, 
    "F_365_3": 20.965646743774414, 
    "F_613_3": 21.112844467163086, 
    "F_706_3": 21.174739837646484, 
    "F_923_3": 20.858821868896484, 
    "F_458_3": 21.077678680419922, 
    "F_768_3": 20.979248046875, 
    "Z": 0.7451543211936951, 
    "F_799_3": 20.925498962402344, 
    "F_427_3": 21.037397384643555, 
    "F_489_3": 20.9256534576416, 
    "F_954_3": 20.93932342529297, 
    "F_830_3": 20.985553741455078, 
    "F_582_3": 21.10703468322754, 
    "F_520_3": 21.117084503173828, 
    "F_892_3": 20.964282989501953
}