{
    "F_644_3": 20.858108520507812, 
    "F_551_3": 21.645231246948242, 
    "F_861_3": 20.02324104309082, 
    "id": "spec-6464-56309-0223-QSOs-010", 
    "F_675_3": 20.629968643188477, 
    "F_737_3": 20.432706832885742, 
    "F_396_3": 22.025453567504883, 
    "F_365_3": 21.915250778198242, 
    "F_613_3": 21.150693893432617, 
    "F_706_3": 20.477073669433594, 
    "F_923_3": 19.844654083251953, 
    "F_458_3": 22.144290924072266, 
    "F_768_3": 20.338632583618164, 
    "Z": 0.45279863476753235, 
    "F_799_3": 20.227933883666992, 
    "F_427_3": 22.221494674682617, 
    "F_489_3": 22.017784118652344, 
    "F_954_3": 19.389514923095703, 
    "F_830_3": 20.12407684326172, 
    "F_582_3": 21.36952781677246, 
    "F_520_3": 21.858980178833008, 
    "F_892_3": 19.888172149658203
}