{
    "F_644_3": 18.856653213500977, 
    "F_551_3": 19.112125396728516, 
    "F_861_3": 18.503459930419922, 
    "id": "spec-2827-54422-0547-QSOs-010", 
    "F_675_3": 18.633316040039062, 
    "F_737_3": 18.506065368652344, 
    "F_396_3": 19.666887283325195, 
    "F_365_3": 19.56293296813965, 
    "F_613_3": 18.982078552246094, 
    "F_706_3": 18.529537200927734, 
    "F_923_3": 18.34508514404297, 
    "F_458_3": 19.397693634033203, 
    "F_768_3": 18.443227767944336, 
    "Z": 0.5436452627182007, 
    "F_799_3": 18.419282913208008, 
    "F_427_3": 19.336938858032227, 
    "F_489_3": 19.224760055541992, 
    "F_954_3": Infinity, 
    "F_830_3": 18.411203384399414, 
    "F_582_3": 19.042377471923828, 
    "F_520_3": 19.114845275878906, 
    "F_892_3": 18.468334197998047
}