{
    "F_644_3": 20.744678497314453, 
    "F_551_3": 20.78941535949707, 
    "F_861_3": 20.311969757080078, 
    "id": "spec-6714-56447-0012-QSOs-010", 
    "F_675_3": 20.75703239440918, 
    "F_737_3": 20.60194969177246, 
    "F_396_3": 21.186412811279297, 
    "F_365_3": 21.0137939453125, 
    "F_613_3": 20.770877838134766, 
    "F_706_3": 20.698375701904297, 
    "F_923_3": 20.296104431152344, 
    "F_458_3": 21.008363723754883, 
    "F_768_3": 20.501447677612305, 
    "Z": 0.7121402025222778, 
    "F_799_3": 20.44735336303711, 
    "F_427_3": 21.007963180541992, 
    "F_489_3": 20.79875946044922, 
    "F_954_3": 20.086868286132812, 
    "F_830_3": 20.293241500854492, 
    "F_582_3": 20.766572952270508, 
    "F_520_3": 21.00870704650879, 
    "F_892_3": 20.264406204223633
}