{
    "F_644_3": 20.457984924316406, 
    "F_551_3": 20.472776412963867, 
    "F_861_3": 20.153242111206055, 
    "id": "spec-6714-56447-0076-QSOs-010", 
    "F_675_3": 20.38848304748535, 
    "F_737_3": 20.22687339782715, 
    "F_396_3": 20.78337287902832, 
    "F_365_3": 20.84325408935547, 
    "F_613_3": 20.564849853515625, 
    "F_706_3": 20.282751083374023, 
    "F_923_3": 20.18170928955078, 
    "F_458_3": 20.590530395507812, 
    "F_768_3": 20.209501266479492, 
    "Z": 0.6514047980308533, 
    "F_799_3": 20.153034210205078, 
    "F_427_3": 20.764917373657227, 
    "F_489_3": 20.644977569580078, 
    "F_954_3": 20.249099731445312, 
    "F_830_3": 20.174880981445312, 
    "F_582_3": 20.545392990112305, 
    "F_520_3": 20.626440048217773, 
    "F_892_3": 20.232336044311523
}