{
    "F_644_3": 17.952970504760742, 
    "F_551_3": 18.228248596191406, 
    "F_861_3": 17.531404495239258, 
    "id": "spec-7099-56666-0298-QSOs-010", 
    "F_675_3": 18.200368881225586, 
    "F_737_3": 18.068408966064453, 
    "F_396_3": 18.406068801879883, 
    "F_365_3": 18.38884925842285, 
    "F_613_3": 17.91320037841797, 
    "F_706_3": 18.183279037475586, 
    "F_923_3": 17.829980850219727, 
    "F_458_3": 18.301111221313477, 
    "F_768_3": 18.0238037109375, 
    "Z": 0.2742864191532135, 
    "F_799_3": 17.910137176513672, 
    "F_427_3": 18.342100143432617, 
    "F_489_3": 18.30222511291504, 
    "F_954_3": 17.772750854492188, 
    "F_830_3": 16.846067428588867, 
    "F_582_3": 18.274192810058594, 
    "F_520_3": 18.360822677612305, 
    "F_892_3": 17.82744598388672
}