{
    "F_644_3": 21.382709503173828, 
    "F_551_3": 21.328166961669922, 
    "F_861_3": 20.882822036743164, 
    "id": "spec-5331-55976-0102-QSOs-010", 
    "F_675_3": 21.258255004882812, 
    "F_737_3": 21.040773391723633, 
    "F_396_3": 21.34717559814453, 
    "F_365_3": 21.344928741455078, 
    "F_613_3": 21.32941436767578, 
    "F_706_3": 21.134593963623047, 
    "F_923_3": 20.76658821105957, 
    "F_458_3": 20.972488403320312, 
    "F_768_3": 20.999479293823242, 
    "Z": 0.6616256833076477, 
    "F_799_3": 20.727764129638672, 
    "F_427_3": 21.35173225402832, 
    "F_489_3": 21.509382247924805, 
    "F_954_3": 20.767333984375, 
    "F_830_3": 20.624435424804688, 
    "F_582_3": 21.450471878051758, 
    "F_520_3": 21.51605796813965, 
    "F_892_3": 20.78359603881836
}