{
    "F_644_3": 21.505714416503906, 
    "F_551_3": 21.79965591430664, 
    "F_861_3": 20.861892700195312, 
    "id": "spec-6464-56309-0226-QSOs-010", 
    "F_675_3": 21.37653923034668, 
    "F_737_3": 21.060396194458008, 
    "F_396_3": 22.18573760986328, 
    "F_365_3": 21.663211822509766, 
    "F_613_3": 21.567317962646484, 
    "F_706_3": 21.261106491088867, 
    "F_923_3": 20.685232162475586, 
    "F_458_3": 22.06902503967285, 
    "F_768_3": 21.059762954711914, 
    "Z": 0.5068700909614563, 
    "F_799_3": 21.046070098876953, 
    "F_427_3": 22.015823364257812, 
    "F_489_3": 21.96242332458496, 
    "F_954_3": 20.24782371520996, 
    "F_830_3": 20.97252082824707, 
    "F_582_3": 21.673179626464844, 
    "F_520_3": 21.95948600769043, 
    "F_892_3": 20.59062385559082
}