{
    "F_644_3": Infinity, 
    "F_551_3": 16.337493896484375, 
    "F_861_3": Infinity, 
    "id": "spec-2570-54081-0138-QSOs-010", 
    "F_675_3": Infinity, 
    "F_737_3": Infinity, 
    "F_396_3": 17.489822387695312, 
    "F_365_3": 17.814659118652344, 
    "F_613_3": 16.012800216674805, 
    "F_706_3": Infinity, 
    "F_923_3": Infinity, 
    "F_458_3": 16.89485740661621, 
    "F_768_3": Infinity, 
    "Z": 0.05326736718416214, 
    "F_799_3": Infinity, 
    "F_427_3": 17.200159072875977, 
    "F_489_3": 16.58020782470703, 
    "F_954_3": Infinity, 
    "F_830_3": Infinity, 
    "F_582_3": 16.192920684814453, 
    "F_520_3": 16.253520965576172, 
    "F_892_3": Infinity
}