{
    "F_644_3": 18.431194305419922, 
    "F_551_3": 18.530948638916016, 
    "F_861_3": 18.07001495361328, 
    "id": "spec-0497-51989-0225-QSOs-010", 
    "F_675_3": 18.279394149780273, 
    "F_737_3": 18.30925941467285, 
    "F_396_3": 18.320703506469727, 
    "F_365_3": 18.797786712646484, 
    "F_613_3": 18.49158477783203, 
    "F_706_3": 17.94466209411621, 
    "F_923_3": 17.76761817932129, 
    "F_458_3": 18.501741409301758, 
    "F_768_3": 18.273731231689453, 
    "Z": 0.4378229081630707, 
    "F_799_3": 18.2371826171875, 
    "F_427_3": 18.534908294677734, 
    "F_489_3": 18.479249954223633, 
    "F_954_3": Infinity, 
    "F_830_3": 18.114484786987305, 
    "F_582_3": 18.580036163330078, 
    "F_520_3": 18.49805450439453, 
    "F_892_3": 18.020055770874023
}