{
    "F_644_3": 18.048519134521484, 
    "F_551_3": 18.384443283081055, 
    "F_861_3": 17.474288940429688, 
    "id": "spec-0545-52202-0073-QSOs-010", 
    "F_675_3": 17.966896057128906, 
    "F_737_3": 17.67827606201172, 
    "F_396_3": 19.363971710205078, 
    "F_365_3": 19.499753952026367, 
    "F_613_3": 18.196842193603516, 
    "F_706_3": 17.620704650878906, 
    "F_923_3": 17.36989402770996, 
    "F_458_3": 19.04876136779785, 
    "F_768_3": 17.697568893432617, 
    "Z": 0.09876169264316559, 
    "F_799_3": 17.626752853393555, 
    "F_427_3": 19.303485870361328, 
    "F_489_3": 18.73142433166504, 
    "F_954_3": Infinity, 
    "F_830_3": 17.53005599975586, 
    "F_582_3": 18.365497589111328, 
    "F_520_3": 18.542293548583984, 
    "F_892_3": 17.419553756713867
}