{
    "F_644_3": 15.817392349243164, 
    "F_551_3": 16.19180679321289, 
    "F_861_3": 15.267647743225098, 
    "id": "spec-0530-52026-0165-QSOs-010", 
    "F_675_3": 15.002516746520996, 
    "F_737_3": 15.578280448913574, 
    "F_396_3": 16.87783432006836, 
    "F_365_3": 16.962949752807617, 
    "F_613_3": 15.912242889404297, 
    "F_706_3": 15.601133346557617, 
    "F_923_3": 15.204017639160156, 
    "F_458_3": 16.603042602539062, 
    "F_768_3": 15.46731185913086, 
    "Z": 0.03288136050105095, 
    "F_799_3": 15.420426368713379, 
    "F_427_3": 16.878190994262695, 
    "F_489_3": 16.272714614868164, 
    "F_954_3": Infinity, 
    "F_830_3": 15.355843544006348, 
    "F_582_3": 16.069366455078125, 
    "F_520_3": 15.95795726776123, 
    "F_892_3": 15.26576042175293
}