{
    "F_644_3": 16.589815139770508, 
    "F_551_3": 16.91537857055664, 
    "F_861_3": 16.154678344726562, 
    "id": "spec-1220-52723-0539-QSOs-010", 
    "F_675_3": 15.858610153198242, 
    "F_737_3": 16.409873962402344, 
    "F_396_3": 17.52970314025879, 
    "F_365_3": 17.657485961914062, 
    "F_613_3": 16.679153442382812, 
    "F_706_3": 16.384136199951172, 
    "F_923_3": 16.071901321411133, 
    "F_458_3": 17.281103134155273, 
    "F_768_3": 16.2927303314209, 
    "Z": 0.03405293449759483, 
    "F_799_3": 16.271953582763672, 
    "F_427_3": 17.536497116088867, 
    "F_489_3": 16.955690383911133, 
    "F_954_3": Infinity, 
    "F_830_3": 16.217201232910156, 
    "F_582_3": 16.808792114257812, 
    "F_520_3": 16.295928955078125, 
    "F_892_3": 16.13792610168457
}