{
    "F_644_3": 20.04649543762207, 
    "F_551_3": 20.202808380126953, 
    "F_861_3": 19.708858489990234, 
    "id": "spec-0490-51929-0356-QSOs-010", 
    "F_675_3": 20.065317153930664, 
    "F_737_3": 19.985448837280273, 
    "F_396_3": 21.040752410888672, 
    "F_365_3": 20.609163284301758, 
    "F_613_3": 20.030414581298828, 
    "F_706_3": 20.02589225769043, 
    "F_923_3": 19.48465347290039, 
    "F_458_3": 20.576669692993164, 
    "F_768_3": 19.940380096435547, 
    "Z": 0.876276433467865, 
    "F_799_3": 19.919939041137695, 
    "F_427_3": 20.87622833251953, 
    "F_489_3": 20.413244247436523, 
    "F_954_3": Infinity, 
    "F_830_3": 19.852998733520508, 
    "F_582_3": 20.175657272338867, 
    "F_520_3": 20.075498580932617, 
    "F_892_3": 19.5826473236084
}