{
    "F_644_3": 18.20002555847168, 
    "F_551_3": 18.77248764038086, 
    "F_861_3": 17.367000579833984, 
    "id": "spec-0490-51929-0346-QSOs-010", 
    "F_675_3": 18.31266975402832, 
    "F_737_3": 18.30379295349121, 
    "F_396_3": 19.17822265625, 
    "F_365_3": 19.221323013305664, 
    "F_613_3": 18.474851608276367, 
    "F_706_3": 18.27657699584961, 
    "F_923_3": 17.936601638793945, 
    "F_458_3": 18.90039825439453, 
    "F_768_3": 18.2008113861084, 
    "Z": 0.32364609837532043, 
    "F_799_3": 18.155006408691406, 
    "F_427_3": 18.960344314575195, 
    "F_489_3": 18.86138343811035, 
    "F_954_3": Infinity, 
    "F_830_3": 18.065345764160156, 
    "F_582_3": 18.5634822845459, 
    "F_520_3": 18.858366012573242, 
    "F_892_3": 17.894851684570312
}