{
    "F_644_3": 18.542652130126953, 
    "F_551_3": 18.979270935058594, 
    "F_861_3": 17.912202835083008, 
    "id": "spec-2128-53800-0609-QSOs-010", 
    "F_675_3": 18.394989013671875, 
    "F_737_3": 18.20231819152832, 
    "F_396_3": 20.019651412963867, 
    "F_365_3": 20.233131408691406, 
    "F_613_3": 18.704071044921875, 
    "F_706_3": 18.27836036682129, 
    "F_923_3": 17.761022567749023, 
    "F_458_3": 19.89383316040039, 
    "F_768_3": 18.004240036010742, 
    "Z": 0.2021102011203766, 
    "F_799_3": 17.77220344543457, 
    "F_427_3": 19.956422805786133, 
    "F_489_3": 19.584444046020508, 
    "F_954_3": Infinity, 
    "F_830_3": 17.9400691986084, 
    "F_582_3": 18.748638153076172, 
    "F_520_3": 19.283226013183594, 
    "F_892_3": 17.77716827392578
}