{
    "F_644_3": 18.853239059448242, 
    "F_551_3": 18.944101333618164, 
    "F_861_3": 18.78392219543457, 
    "id": "spec-2288-53699-0575-QSOs-010", 
    "F_675_3": 18.837574005126953, 
    "F_737_3": 18.738122940063477, 
    "F_396_3": 19.57316017150879, 
    "F_365_3": 19.64774513244629, 
    "F_613_3": 18.92493438720703, 
    "F_706_3": 18.616682052612305, 
    "F_923_3": 18.695741653442383, 
    "F_458_3": 19.311494827270508, 
    "F_768_3": 18.826032638549805, 
    "Z": 0.09670320153236389, 
    "F_799_3": 18.858413696289062, 
    "F_427_3": 19.50361442565918, 
    "F_489_3": 19.217519760131836, 
    "F_954_3": Infinity, 
    "F_830_3": 18.719701766967773, 
    "F_582_3": 19.00695037841797, 
    "F_520_3": 19.082103729248047, 
    "F_892_3": 18.732885360717773
}