{
    "F_644_3": 18.929981231689453, 
    "F_551_3": 18.911191940307617, 
    "F_861_3": 18.69405746459961, 
    "id": "spec-2492-54178-0003-QSOs-010", 
    "F_675_3": 18.846912384033203, 
    "F_737_3": 18.711870193481445, 
    "F_396_3": 19.057037353515625, 
    "F_365_3": 19.21807098388672, 
    "F_613_3": 18.93236541748047, 
    "F_706_3": 18.736778259277344, 
    "F_923_3": 18.69797706604004, 
    "F_458_3": 18.83513641357422, 
    "F_768_3": 18.592798233032227, 
    "Z": 0.5976465940475464, 
    "F_799_3": 18.62657928466797, 
    "F_427_3": 19.04570960998535, 
    "F_489_3": 18.998260498046875, 
    "F_954_3": Infinity, 
    "F_830_3": 18.719009399414062, 
    "F_582_3": 18.983985900878906, 
    "F_520_3": 18.919845581054688, 
    "F_892_3": 18.707550048828125
}