{
    "F_644_3": Infinity, 
    "F_551_3": 19.712303161621094, 
    "F_861_3": Infinity, 
    "id": "spec-2212-53789-0176-QSOs-010", 
    "F_675_3": Infinity, 
    "F_737_3": Infinity, 
    "F_396_3": 19.754560470581055, 
    "F_365_3": 20.057226181030273, 
    "F_613_3": 19.468793869018555, 
    "F_706_3": Infinity, 
    "F_923_3": Infinity, 
    "F_458_3": 19.901077270507812, 
    "F_768_3": Infinity, 
    "Z": 0.4192286431789398, 
    "F_799_3": Infinity, 
    "F_427_3": 19.990970611572266, 
    "F_489_3": 19.854520797729492, 
    "F_954_3": Infinity, 
    "F_830_3": Infinity, 
    "F_582_3": 19.67376708984375, 
    "F_520_3": 19.78335952758789, 
    "F_892_3": Infinity
}