{
    "F_644_3": 16.721166610717773, 
    "F_551_3": 17.153385162353516, 
    "F_861_3": 16.117841720581055, 
    "id": "spec-0774-52286-0260-QSOs-010", 
    "F_675_3": 16.410560607910156, 
    "F_737_3": 16.448862075805664, 
    "F_396_3": 18.567670822143555, 
    "F_365_3": 18.75897979736328, 
    "F_613_3": 16.81679344177246, 
    "F_706_3": 16.487855911254883, 
    "F_923_3": 15.998896598815918, 
    "F_458_3": 17.721473693847656, 
    "F_768_3": 16.329065322875977, 
    "Z": 0.04518885910511017, 
    "F_799_3": 16.2567081451416, 
    "F_427_3": 18.061784744262695, 
    "F_489_3": 17.407094955444336, 
    "F_954_3": Infinity, 
    "F_830_3": 16.206653594970703, 
    "F_582_3": 16.965824127197266, 
    "F_520_3": 17.12238883972168, 
    "F_892_3": 16.093557357788086
}