{
    "F_644_3": 20.45973014831543, 
    "F_551_3": 20.36164093017578, 
    "F_861_3": 20.536510467529297, 
    "id": "spec-6497-56329-0102-QSOs-010", 
    "F_675_3": 20.52568817138672, 
    "F_737_3": 20.51598358154297, 
    "F_396_3": 20.54252815246582, 
    "F_365_3": 20.723011016845703, 
    "F_613_3": 20.303630828857422, 
    "F_706_3": 20.497602462768555, 
    "F_923_3": 20.5091609954834, 
    "F_458_3": 20.331769943237305, 
    "F_768_3": 20.47129249572754, 
    "Z": 0.6580823063850403, 
    "F_799_3": 20.128511428833008, 
    "F_427_3": 20.504623413085938, 
    "F_489_3": 20.46575164794922, 
    "F_954_3": 20.501279830932617, 
    "F_830_3": 20.22126007080078, 
    "F_582_3": 20.319154739379883, 
    "F_520_3": 20.383346557617188, 
    "F_892_3": 20.555944442749023
}