{
    "F_644_3": 17.101449966430664, 
    "F_551_3": 17.48664665222168, 
    "F_861_3": 16.551877975463867, 
    "id": "spec-2768-54265-0180-QSOs-010", 
    "F_675_3": 17.00860023498535, 
    "F_737_3": 16.782508850097656, 
    "F_396_3": 19.18636131286621, 
    "F_365_3": 19.463882446289062, 
    "F_613_3": 17.244583129882812, 
    "F_706_3": 16.693462371826172, 
    "F_923_3": 16.443363189697266, 
    "F_458_3": 18.31702423095703, 
    "F_768_3": 16.759748458862305, 
    "Z": 0.09354089200496674, 
    "F_799_3": 16.657865524291992, 
    "F_427_3": 18.769100189208984, 
    "F_489_3": 17.908063888549805, 
    "F_954_3": Infinity, 
    "F_830_3": 16.585453033447266, 
    "F_582_3": 17.39225959777832, 
    "F_520_3": 17.67618751525879, 
    "F_892_3": 16.46848487854004
}