{
    "F_644_3": 17.362394332885742, 
    "F_551_3": 17.824932098388672, 
    "F_861_3": 16.731868743896484, 
    "id": "spec-2355-53792-0034-QSOs-010", 
    "F_675_3": 17.097129821777344, 
    "F_737_3": 17.072132110595703, 
    "F_396_3": 19.280982971191406, 
    "F_365_3": 19.56062126159668, 
    "F_613_3": 17.462923049926758, 
    "F_706_3": 17.122535705566406, 
    "F_923_3": 16.653404235839844, 
    "F_458_3": 18.498043060302734, 
    "F_768_3": 16.950342178344727, 
    "Z": 0.0445372574031353, 
    "F_799_3": 16.8731689453125, 
    "F_427_3": 18.82049560546875, 
    "F_489_3": 18.123964309692383, 
    "F_954_3": Infinity, 
    "F_830_3": 16.818979263305664, 
    "F_582_3": 17.622722625732422, 
    "F_520_3": 17.852439880371094, 
    "F_892_3": 16.736684799194336
}