{
    "F_644_3": 20.243545532226562, 
    "F_551_3": 20.3249454498291, 
    "F_861_3": 20.051340103149414, 
    "id": "spec-5714-56660-0130-QSOs-010", 
    "F_675_3": 20.27011489868164, 
    "F_737_3": 20.195926666259766, 
    "F_396_3": 20.39054298400879, 
    "F_365_3": 20.216182708740234, 
    "F_613_3": 20.275836944580078, 
    "F_706_3": 20.18917465209961, 
    "F_923_3": 19.629192352294922, 
    "F_458_3": 20.364486694335938, 
    "F_768_3": 20.193283081054688, 
    "Z": 0.8737459778785706, 
    "F_799_3": 20.130643844604492, 
    "F_427_3": 20.42505645751953, 
    "F_489_3": 20.373275756835938, 
    "F_954_3": 19.659503936767578, 
    "F_830_3": 20.10008430480957, 
    "F_582_3": 20.300857543945312, 
    "F_520_3": 20.138362884521484, 
    "F_892_3": 19.990028381347656
}