{
    "F_644_3": 17.16183853149414, 
    "F_551_3": 17.295625686645508, 
    "F_861_3": 16.660058975219727, 
    "id": "spec-0781-52373-0074-QSOs-010", 
    "F_675_3": 17.098886489868164, 
    "F_737_3": 16.59884262084961, 
    "F_396_3": 18.48002052307129, 
    "F_365_3": 18.6080322265625, 
    "F_613_3": 17.31443977355957, 
    "F_706_3": 16.647497177124023, 
    "F_923_3": 16.521516799926758, 
    "F_458_3": 18.072721481323242, 
    "F_768_3": 16.851613998413086, 
    "Z": 0.10183660686016083, 
    "F_799_3": 16.79372215270996, 
    "F_427_3": 18.305561065673828, 
    "F_489_3": 17.77190589904785, 
    "F_954_3": Infinity, 
    "F_830_3": 16.706031799316406, 
    "F_582_3": 17.428421020507812, 
    "F_520_3": 17.53084945678711, 
    "F_892_3": 16.585241317749023
}