{
    "F_644_3": 18.679813385009766, 
    "F_551_3": 18.73123550415039, 
    "F_861_3": 18.69463348388672, 
    "id": "spec-1948-53388-0633-QSOs-010", 
    "F_675_3": 18.696121215820312, 
    "F_737_3": 18.796350479125977, 
    "F_396_3": 19.05406379699707, 
    "F_365_3": 19.004087448120117, 
    "F_613_3": 18.64670181274414, 
    "F_706_3": 18.747329711914062, 
    "F_923_3": 18.588607788085938, 
    "F_458_3": 18.801008224487305, 
    "F_768_3": 18.75481605529785, 
    "Z": 0.811998724937439, 
    "F_799_3": 18.680097579956055, 
    "F_427_3": 18.88727569580078, 
    "F_489_3": 18.6722412109375, 
    "F_954_3": Infinity, 
    "F_830_3": 18.64698600769043, 
    "F_582_3": 18.649803161621094, 
    "F_520_3": 18.614742279052734, 
    "F_892_3": 18.41552734375
}