{
    "F_644_3": 17.601741790771484, 
    "F_551_3": 18.08082389831543, 
    "F_861_3": 17.00885009765625, 
    "id": "spec-0303-51615-0205-QSOs-010", 
    "F_675_3": 17.48375129699707, 
    "F_737_3": 17.31717872619629, 
    "F_396_3": 19.375328063964844, 
    "F_365_3": 19.51216697692871, 
    "F_613_3": 17.71017837524414, 
    "F_706_3": 17.180707931518555, 
    "F_923_3": 16.974788665771484, 
    "F_458_3": 18.749500274658203, 
    "F_768_3": 17.256399154663086, 
    "Z": 0.07009463012218475, 
    "F_799_3": 17.119522094726562, 
    "F_427_3": 19.064069747924805, 
    "F_489_3": 18.367162704467773, 
    "F_954_3": Infinity, 
    "F_830_3": 17.090362548828125, 
    "F_582_3": 17.874610900878906, 
    "F_520_3": 18.09148406982422, 
    "F_892_3": 16.95572280883789
}