{
    "F_644_3": 21.086654663085938, 
    "F_551_3": 21.681039810180664, 
    "F_861_3": 20.328622817993164, 
    "id": "spec-7099-56666-0445-QSOs-010", 
    "F_675_3": 20.951051712036133, 
    "F_737_3": 20.615253448486328, 
    "F_396_3": 21.86180877685547, 
    "F_365_3": 21.146560668945312, 
    "F_613_3": 21.3155460357666, 
    "F_706_3": 20.7713623046875, 
    "F_923_3": 20.109024047851562, 
    "F_458_3": 22.032257080078125, 
    "F_768_3": 20.429946899414062, 
    "Z": 0.5491207242012024, 
    "F_799_3": 20.604175567626953, 
    "F_427_3": 21.981624603271484, 
    "F_489_3": 21.968923568725586, 
    "F_954_3": 20.028873443603516, 
    "F_830_3": 20.41496467590332, 
    "F_582_3": 21.54669952392578, 
    "F_520_3": 21.7901611328125, 
    "F_892_3": 20.26705551147461
}