{
    "F_644_3": 16.891172409057617, 
    "F_551_3": 17.28976821899414, 
    "F_861_3": 16.329111099243164, 
    "id": "spec-0569-52264-0427-QSOs-010", 
    "F_675_3": 16.695270538330078, 
    "F_737_3": 16.61837387084961, 
    "F_396_3": 18.301652908325195, 
    "F_365_3": 18.40696144104004, 
    "F_613_3": 16.982112884521484, 
    "F_706_3": 16.47968864440918, 
    "F_923_3": 16.282724380493164, 
    "F_458_3": 17.800277709960938, 
    "F_768_3": 16.554542541503906, 
    "Z": 0.059224508702754974, 
    "F_799_3": 16.437410354614258, 
    "F_427_3": 18.0465145111084, 
    "F_489_3": 17.51316261291504, 
    "F_954_3": Infinity, 
    "F_830_3": 16.41264533996582, 
    "F_582_3": 17.130264282226562, 
    "F_520_3": 17.293594360351562, 
    "F_892_3": 16.289405822753906
}