{
    "F_644_3": 21.196311950683594, 
    "F_551_3": 21.417055130004883, 
    "F_861_3": 20.29483413696289, 
    "id": "spec-7564-56804-0421-QSOs-010", 
    "F_675_3": 20.521574020385742, 
    "F_737_3": 20.54546546936035, 
    "F_396_3": 21.850738525390625, 
    "F_365_3": 21.71084213256836, 
    "F_613_3": 21.202707290649414, 
    "F_706_3": 20.674116134643555, 
    "F_923_3": 20.17424964904785, 
    "F_458_3": 21.844511032104492, 
    "F_768_3": 20.520843505859375, 
    "Z": 0.028643833473324776, 
    "F_799_3": 20.462175369262695, 
    "F_427_3": 21.85544204711914, 
    "F_489_3": 21.775789260864258, 
    "F_954_3": 20.286272048950195, 
    "F_830_3": 20.38648796081543, 
    "F_582_3": 21.449792861938477, 
    "F_520_3": 21.70439910888672, 
    "F_892_3": 20.113656997680664
}