{
    "F_644_3": 20.54988670349121, 
    "F_551_3": 20.15990447998047, 
    "F_861_3": 20.889610290527344, 
    "id": "spec-4461-55888-0412-QSOs-010", 
    "F_675_3": 20.551408767700195, 
    "F_737_3": 20.662437438964844, 
    "F_396_3": 20.54683494567871, 
    "F_365_3": 20.28734588623047, 
    "F_613_3": 20.537433624267578, 
    "F_706_3": 20.587202072143555, 
    "F_923_3": 20.973644256591797, 
    "F_458_3": 20.45939064025879, 
    "F_768_3": 20.820619583129883, 
    "Z": 0.9614060521125793, 
    "F_799_3": 20.91065216064453, 
    "F_427_3": 20.543071746826172, 
    "F_489_3": 20.42686653137207, 
    "F_954_3": 20.70121192932129, 
    "F_830_3": 21.03136444091797, 
    "F_582_3": 20.56057357788086, 
    "F_520_3": 20.524995803833008, 
    "F_892_3": 20.9549503326416
}