{
    "F_644_3": 21.462642669677734, 
    "F_551_3": 21.42934799194336, 
    "F_861_3": 20.748258590698242, 
    "id": "spec-5988-56072-0254-QSOs-010", 
    "F_675_3": 21.409343719482422, 
    "F_737_3": 21.24009132385254, 
    "F_396_3": 21.650949478149414, 
    "F_365_3": 21.274744033813477, 
    "F_613_3": 21.44753646850586, 
    "F_706_3": 21.433298110961914, 
    "F_923_3": 20.704410552978516, 
    "F_458_3": 21.653303146362305, 
    "F_768_3": 21.118192672729492, 
    "Z": 0.7715223431587219, 
    "F_799_3": 20.93973159790039, 
    "F_427_3": 21.65848731994629, 
    "F_489_3": 21.385469436645508, 
    "F_954_3": 20.224035263061523, 
    "F_830_3": 20.866823196411133, 
    "F_582_3": 21.41387939453125, 
    "F_520_3": 21.461456298828125, 
    "F_892_3": 20.55587387084961
}