{
    "F_644_3": 17.199357986450195, 
    "F_551_3": 17.764741897583008, 
    "F_861_3": 16.521337509155273, 
    "id": "spec-1220-52723-0484-QSOs-010", 
    "F_675_3": 16.58310317993164, 
    "F_737_3": 16.907569885253906, 
    "F_396_3": 19.18868637084961, 
    "F_365_3": 19.560789108276367, 
    "F_613_3": 17.404338836669922, 
    "F_706_3": 16.780590057373047, 
    "F_923_3": 16.351078033447266, 
    "F_458_3": 18.439180374145508, 
    "F_768_3": 16.738811492919922, 
    "Z": 0.03601862117648125, 
    "F_799_3": 16.707286834716797, 
    "F_427_3": 18.70756721496582, 
    "F_489_3": 18.13013458251953, 
    "F_954_3": Infinity, 
    "F_830_3": 16.61576271057129, 
    "F_582_3": 17.565649032592773, 
    "F_520_3": 17.887914657592773, 
    "F_892_3": 16.45614242553711
}