{
    "F_644_3": 16.892148971557617, 
    "F_551_3": 16.949708938598633, 
    "F_861_3": 16.39263916015625, 
    "id": "spec-0372-52173-0450-QSOs-010", 
    "F_675_3": 16.80368995666504, 
    "F_737_3": 16.313919067382812, 
    "F_396_3": 17.517105102539062, 
    "F_365_3": 17.527746200561523, 
    "F_613_3": 17.025178909301758, 
    "F_706_3": 16.101322174072266, 
    "F_923_3": 16.319862365722656, 
    "F_458_3": 17.403661727905273, 
    "F_768_3": 16.583744049072266, 
    "Z": 0.10005924105644226, 
    "F_799_3": 16.51352310180664, 
    "F_427_3": 17.4699649810791, 
    "F_489_3": 17.13584327697754, 
    "F_954_3": Infinity, 
    "F_830_3": 16.4497013092041, 
    "F_582_3": 16.962051391601562, 
    "F_520_3": 17.020374298095703, 
    "F_892_3": 16.34442138671875
}