{
    "F_644_3": 16.8056640625, 
    "F_551_3": 17.246370315551758, 
    "F_861_3": 16.08707618713379, 
    "id": "spec-2883-54525-0204-QSOs-010", 
    "F_675_3": 16.4232234954834, 
    "F_737_3": 16.49502182006836, 
    "F_396_3": 18.3477725982666, 
    "F_365_3": 18.373842239379883, 
    "F_613_3": 16.905803680419922, 
    "F_706_3": 16.57109260559082, 
    "F_923_3": 15.968059539794922, 
    "F_458_3": 17.79874610900879, 
    "F_768_3": 16.359146118164062, 
    "Z": 0.03888872265815735, 
    "F_799_3": 16.274127960205078, 
    "F_427_3": 18.015241622924805, 
    "F_489_3": 17.507503509521484, 
    "F_954_3": Infinity, 
    "F_830_3": 16.19632339477539, 
    "F_582_3": 17.062297821044922, 
    "F_520_3": 17.351478576660156, 
    "F_892_3": 16.05990982055664
}