{
    "F_644_3": 19.576034545898438, 
    "F_551_3": 19.561782836914062, 
    "F_861_3": 19.285505294799805, 
    "id": "spec-4768-55944-0023-QSOs-010", 
    "F_675_3": 19.63899803161621, 
    "F_737_3": 19.639650344848633, 
    "F_396_3": 19.757652282714844, 
    "F_365_3": 19.660194396972656, 
    "F_613_3": 19.538414001464844, 
    "F_706_3": 19.676286697387695, 
    "F_923_3": 19.470802307128906, 
    "F_458_3": 19.684709548950195, 
    "F_768_3": 19.507680892944336, 
    "Z": 0.7556915283203125, 
    "F_799_3": 19.452360153198242, 
    "F_427_3": 19.674144744873047, 
    "F_489_3": 19.50641632080078, 
    "F_954_3": 19.505861282348633, 
    "F_830_3": 19.54218292236328, 
    "F_582_3": 19.53904914855957, 
    "F_520_3": 19.601551055908203, 
    "F_892_3": 19.450166702270508
}