{
    "F_644_3": 15.617659568786621, 
    "F_551_3": 15.955368995666504, 
    "F_861_3": 15.073546409606934, 
    "id": "spec-1651-53442-0620-QSOs-010", 
    "F_675_3": 15.148209571838379, 
    "F_737_3": 15.379382133483887, 
    "F_396_3": 16.989322662353516, 
    "F_365_3": 17.05103874206543, 
    "F_613_3": 15.721311569213867, 
    "F_706_3": 15.428915977478027, 
    "F_923_3": 14.996191024780273, 
    "F_458_3": 16.400802612304688, 
    "F_768_3": 15.272195816040039, 
    "Z": 0.03571215644478798, 
    "F_799_3": 15.21697998046875, 
    "F_427_3": 16.707351684570312, 
    "F_489_3": 16.166622161865234, 
    "F_954_3": Infinity, 
    "F_830_3": 15.166362762451172, 
    "F_582_3": 15.872323989868164, 
    "F_520_3": 16.067047119140625, 
    "F_892_3": 15.025303840637207
}