{
    "F_644_3": 17.890594482421875, 
    "F_551_3": 17.691652297973633, 
    "F_861_3": 17.50568199157715, 
    "id": "spec-7099-56666-0252-QSOs-010", 
    "F_675_3": 17.758127212524414, 
    "F_737_3": 17.014423370361328, 
    "F_396_3": 17.921768188476562, 
    "F_365_3": 17.7808895111084, 
    "F_613_3": 17.935518264770508, 
    "F_706_3": 17.757741928100586, 
    "F_923_3": 17.446115493774414, 
    "F_458_3": 18.141693115234375, 
    "F_768_3": 16.94975471496582, 
    "Z": 0.14792752265930176, 
    "F_799_3": 17.591703414916992, 
    "F_427_3": 18.0167236328125, 
    "F_489_3": 18.10312843322754, 
    "F_954_3": 17.3717041015625, 
    "F_830_3": 17.577150344848633, 
    "F_582_3": 17.789749145507812, 
    "F_520_3": 18.015682220458984, 
    "F_892_3": 17.473114013671875
}