{
    "F_644_3": 21.241722106933594, 
    "F_551_3": 21.21971893310547, 
    "F_861_3": 20.456113815307617, 
    "id": "spec-4321-55504-0010-QSOs-010", 
    "F_675_3": 21.115482330322266, 
    "F_737_3": 20.862730026245117, 
    "F_396_3": 22.059961318969727, 
    "F_365_3": 21.799612045288086, 
    "F_613_3": 21.249643325805664, 
    "F_706_3": 20.957881927490234, 
    "F_923_3": 20.22442054748535, 
    "F_458_3": 22.049272537231445, 
    "F_768_3": 20.700695037841797, 
    "Z": 0.6468795537948608, 
    "F_799_3": 20.334678649902344, 
    "F_427_3": 22.02677345275879, 
    "F_489_3": 21.984729766845703, 
    "F_954_3": 19.744373321533203, 
    "F_830_3": 19.95553207397461, 
    "F_582_3": 21.34304428100586, 
    "F_520_3": 21.85784149169922, 
    "F_892_3": 20.414295196533203
}