{
    "F_644_3": 20.449871063232422, 
    "F_551_3": 20.586999893188477, 
    "F_861_3": 20.052684783935547, 
    "id": "spec-4768-55944-0668-QSOs-010", 
    "F_675_3": 20.432064056396484, 
    "F_737_3": 20.408676147460938, 
    "F_396_3": 21.049537658691406, 
    "F_365_3": 21.0485897064209, 
    "F_613_3": 20.410219192504883, 
    "F_706_3": 20.478641510009766, 
    "F_923_3": 19.979331970214844, 
    "F_458_3": 20.734670639038086, 
    "F_768_3": 20.35047149658203, 
    "Z": 0.8105273246765137, 
    "F_799_3": 20.218721389770508, 
    "F_427_3": 20.859783172607422, 
    "F_489_3": 20.51858139038086, 
    "F_954_3": 20.00981903076172, 
    "F_830_3": 20.163196563720703, 
    "F_582_3": 20.448089599609375, 
    "F_520_3": 20.458528518676758, 
    "F_892_3": 19.807764053344727
}