{
    "F_644_3": 18.381288528442383, 
    "F_551_3": 18.529150009155273, 
    "F_861_3": 18.116256713867188, 
    "id": "spec-6714-56447-0036-QSOs-010", 
    "F_675_3": 18.38697624206543, 
    "F_737_3": 18.313791275024414, 
    "F_396_3": 19.249711990356445, 
    "F_365_3": 19.406906127929688, 
    "F_613_3": 18.399919509887695, 
    "F_706_3": 18.326282501220703, 
    "F_923_3": 17.902759552001953, 
    "F_458_3": 18.858802795410156, 
    "F_768_3": 18.269676208496094, 
    "Z": 0.8630318641662598, 
    "F_799_3": 18.172616958618164, 
    "F_427_3": 19.056751251220703, 
    "F_489_3": 18.745040893554688, 
    "F_954_3": 18.059965133666992, 
    "F_830_3": 18.14057731628418, 
    "F_582_3": 18.46955680847168, 
    "F_520_3": 18.520374298095703, 
    "F_892_3": 18.043201446533203
}