{
    "F_644_3": 18.659467697143555, 
    "F_551_3": 19.209514617919922, 
    "F_861_3": 17.81477165222168, 
    "id": "spec-2207-53558-0401-QSOs-010", 
    "F_675_3": 18.77654266357422, 
    "F_737_3": 18.636611938476562, 
    "F_396_3": 19.51259422302246, 
    "F_365_3": 19.439395904541016, 
    "F_613_3": 18.885120391845703, 
    "F_706_3": 18.715835571289062, 
    "F_923_3": 18.323566436767578, 
    "F_458_3": 19.393707275390625, 
    "F_768_3": 18.509292602539062, 
    "Z": 0.3016889989376068, 
    "F_799_3": 18.491275787353516, 
    "F_427_3": 19.40523338317871, 
    "F_489_3": 19.35890007019043, 
    "F_954_3": Infinity, 
    "F_830_3": 18.376747131347656, 
    "F_582_3": 19.01384162902832, 
    "F_520_3": 19.30900001525879, 
    "F_892_3": 18.28945541381836
}