{
    "F_644_3": 18.792869567871094, 
    "F_551_3": 18.82155990600586, 
    "F_861_3": 18.603404998779297, 
    "id": "spec-0497-51989-0267-QSOs-010", 
    "F_675_3": 18.740562438964844, 
    "F_737_3": 18.58598518371582, 
    "F_396_3": 19.10192108154297, 
    "F_365_3": 19.208608627319336, 
    "F_613_3": 18.77530860900879, 
    "F_706_3": 18.624034881591797, 
    "F_923_3": 18.6734619140625, 
    "F_458_3": 18.82809829711914, 
    "F_768_3": 18.569677352905273, 
    "Z": 0.6027518510818481, 
    "F_799_3": 18.56744384765625, 
    "F_427_3": 19.025602340698242, 
    "F_489_3": 18.90835189819336, 
    "F_954_3": Infinity, 
    "F_830_3": 18.606042861938477, 
    "F_582_3": 18.840059280395508, 
    "F_520_3": 18.83333969116211, 
    "F_892_3": 18.716920852661133
}