{
    "F_644_3": 17.641775131225586, 
    "F_551_3": 17.597537994384766, 
    "F_861_3": 17.544713973999023, 
    "id": "spec-1948-53388-0628-QSOs-010", 
    "F_675_3": 17.69361686706543, 
    "F_737_3": 17.58997917175293, 
    "F_396_3": 17.837080001831055, 
    "F_365_3": 17.90697479248047, 
    "F_613_3": 17.60865020751953, 
    "F_706_3": 17.718273162841797, 
    "F_923_3": 17.711090087890625, 
    "F_458_3": 17.636276245117188, 
    "F_768_3": 17.64154624938965, 
    "Z": 0.6881441473960876, 
    "F_799_3": 17.594022750854492, 
    "F_427_3": 17.744394302368164, 
    "F_489_3": 17.616775512695312, 
    "F_954_3": Infinity, 
    "F_830_3": 17.241004943847656, 
    "F_582_3": 17.60552978515625, 
    "F_520_3": 17.66646957397461, 
    "F_892_3": 17.59943199157715
}