{
    "F_644_3": 20.586450576782227, 
    "F_551_3": 20.769119262695312, 
    "F_861_3": 20.168670654296875, 
    "id": "spec-4768-55944-0074-QSOs-010", 
    "F_675_3": 20.458454132080078, 
    "F_737_3": 20.334531784057617, 
    "F_396_3": 21.14019775390625, 
    "F_365_3": 20.84809112548828, 
    "F_613_3": 20.67865562438965, 
    "F_706_3": 20.3779296875, 
    "F_923_3": 20.024526596069336, 
    "F_458_3": 20.982868194580078, 
    "F_768_3": 20.139068603515625, 
    "Z": 0.5697462558746338, 
    "F_799_3": 20.262550354003906, 
    "F_427_3": 20.997779846191406, 
    "F_489_3": 20.9589786529541, 
    "F_954_3": 20.0111083984375, 
    "F_830_3": 20.192222595214844, 
    "F_582_3": 20.733549118041992, 
    "F_520_3": 20.841323852539062, 
    "F_892_3": 20.146841049194336
}