{
    "F_644_3": 19.92938232421875, 
    "F_551_3": 19.671260833740234, 
    "F_861_3": 19.94811248779297, 
    "id": "spec-6417-56308-0166-QSOs-010", 
    "F_675_3": 19.942367553710938, 
    "F_737_3": 19.993789672851562, 
    "F_396_3": 20.75693130493164, 
    "F_365_3": 20.487390518188477, 
    "F_613_3": 19.93618392944336, 
    "F_706_3": 19.92923355102539, 
    "F_923_3": 19.859729766845703, 
    "F_458_3": 20.27517318725586, 
    "F_768_3": 20.077970504760742, 
    "Z": 0.9350848197937012, 
    "F_799_3": 20.07198143005371, 
    "F_427_3": 20.573667526245117, 
    "F_489_3": 20.10652732849121, 
    "F_954_3": 19.370943069458008, 
    "F_830_3": 19.99887466430664, 
    "F_582_3": 20.032564163208008, 
    "F_520_3": 19.98801612854004, 
    "F_892_3": 19.894420623779297
}