{
    "F_644_3": 21.311065673828125, 
    "F_551_3": 21.35007667541504, 
    "F_861_3": 20.94707489013672, 
    "id": "spec-6721-56398-0170-QSOs-010", 
    "F_675_3": 21.25543212890625, 
    "F_737_3": 21.297775268554688, 
    "F_396_3": 21.6968994140625, 
    "F_365_3": 21.273998260498047, 
    "F_613_3": 21.333702087402344, 
    "F_706_3": 21.258752822875977, 
    "F_923_3": 20.798864364624023, 
    "F_458_3": 21.427385330200195, 
    "F_768_3": 21.2647705078125, 
    "Z": 0.8278441429138184, 
    "F_799_3": 21.052276611328125, 
    "F_427_3": 21.555665969848633, 
    "F_489_3": 21.325557708740234, 
    "F_954_3": 20.916006088256836, 
    "F_830_3": 20.991426467895508, 
    "F_582_3": 21.24734878540039, 
    "F_520_3": 21.057273864746094, 
    "F_892_3": 20.772069931030273
}