{
    "F_644_3": 21.024456024169922, 
    "F_551_3": 21.48983383178711, 
    "F_861_3": 20.23785972595215, 
    "id": "spec-6714-56447-0367-QSOs-010", 
    "F_675_3": 20.70296287536621, 
    "F_737_3": 20.63466453552246, 
    "F_396_3": 22.308752059936523, 
    "F_365_3": 22.03172492980957, 
    "F_613_3": 21.224063873291016, 
    "F_706_3": 19.54702377319336, 
    "F_923_3": 19.069988250732422, 
    "F_458_3": 22.4403076171875, 
    "F_768_3": 20.509464263916016, 
    "Z": 0.4101557731628418, 
    "F_799_3": 20.390987396240234, 
    "F_427_3": 22.68834686279297, 
    "F_489_3": 22.211315155029297, 
    "F_954_3": 19.537487030029297, 
    "F_830_3": 20.279783248901367, 
    "F_582_3": 21.47047233581543, 
    "F_520_3": 21.36454200744629, 
    "F_892_3": 19.994333267211914
}