{
    "F_644_3": 17.696380615234375, 
    "F_551_3": 18.043704986572266, 
    "F_861_3": 17.177486419677734, 
    "id": "spec-1650-53174-0061-QSOs-010", 
    "F_675_3": 17.61901092529297, 
    "F_737_3": 17.228199005126953, 
    "F_396_3": 19.39118194580078, 
    "F_365_3": 19.54990577697754, 
    "F_613_3": 17.835124969482422, 
    "F_706_3": 17.50589942932129, 
    "F_923_3": 17.010807037353516, 
    "F_458_3": 18.709550857543945, 
    "F_768_3": 17.36425018310547, 
    "Z": 0.1103828027844429, 
    "F_799_3": 17.31651496887207, 
    "F_427_3": 19.12969207763672, 
    "F_489_3": 18.435583114624023, 
    "F_954_3": Infinity, 
    "F_830_3": 17.19658660888672, 
    "F_582_3": 18.015277862548828, 
    "F_520_3": 18.200986862182617, 
    "F_892_3": 17.08901596069336
}