{
    "F_644_3": 16.113327026367188, 
    "F_551_3": 16.607433319091797, 
    "F_861_3": 15.45018482208252, 
    "id": "spec-0312-51689-0471-QSOs-010", 
    "F_675_3": 15.82942008972168, 
    "F_737_3": 15.824594497680664, 
    "F_396_3": 17.765663146972656, 
    "F_365_3": 18.0609130859375, 
    "F_613_3": 16.247745513916016, 
    "F_706_3": 15.786871910095215, 
    "F_923_3": 15.35801887512207, 
    "F_458_3": 17.23545265197754, 
    "F_768_3": 15.702102661132812, 
    "Z": 0.052589211612939835, 
    "F_799_3": 15.605859756469727, 
    "F_427_3": 17.529983520507812, 
    "F_489_3": 16.895463943481445, 
    "F_954_3": 15.25959300994873, 
    "F_830_3": 15.55978775024414, 
    "F_582_3": 16.414209365844727, 
    "F_520_3": 16.629680633544922, 
    "F_892_3": 15.428620338439941
}