{
    "F_644_3": 20.801706314086914, 
    "F_551_3": 21.477462768554688, 
    "F_861_3": 19.95746421813965, 
    "id": "spec-7099-56666-0295-QSOs-010", 
    "F_675_3": 20.6322078704834, 
    "F_737_3": 20.300018310546875, 
    "F_396_3": 21.939437866210938, 
    "F_365_3": 21.516578674316406, 
    "F_613_3": 20.96329116821289, 
    "F_706_3": 20.43987464904785, 
    "F_923_3": 19.810571670532227, 
    "F_458_3": 21.893726348876953, 
    "F_768_3": 20.126537322998047, 
    "Z": 0.5491710305213928, 
    "F_799_3": 20.184040069580078, 
    "F_427_3": 21.708206176757812, 
    "F_489_3": 21.808135986328125, 
    "F_954_3": 19.615694046020508, 
    "F_830_3": 20.04508399963379, 
    "F_582_3": 21.246395111083984, 
    "F_520_3": 21.59654998779297, 
    "F_892_3": 19.84132957458496
}