{
    "F_644_3": 19.886962890625, 
    "F_551_3": 19.623046875, 
    "F_861_3": 19.950803756713867, 
    "id": "spec-5714-56660-0160-QSOs-010", 
    "F_675_3": 19.956241607666016, 
    "F_737_3": 19.950050354003906, 
    "F_396_3": 19.56989288330078, 
    "F_365_3": 19.732561111450195, 
    "F_613_3": 19.749427795410156, 
    "F_706_3": 19.86672592163086, 
    "F_923_3": 19.99717903137207, 
    "F_458_3": 19.373577117919922, 
    "F_768_3": 19.89948081970215, 
    "Z": 0.6376798152923584, 
    "F_799_3": 19.53007698059082, 
    "F_427_3": 19.598175048828125, 
    "F_489_3": 19.65414810180664, 
    "F_954_3": 19.84723472595215, 
    "F_830_3": 19.828807830810547, 
    "F_582_3": 19.666166305541992, 
    "F_520_3": 19.575727462768555, 
    "F_892_3": 20.058813095092773
}