{
    "F_644_3": 17.38620376586914, 
    "F_551_3": 17.501615524291992, 
    "F_861_3": 17.022775650024414, 
    "id": "spec-0630-52050-0234-QSOs-010", 
    "F_675_3": 17.372617721557617, 
    "F_737_3": 16.996009826660156, 
    "F_396_3": 17.73360824584961, 
    "F_365_3": 17.721513748168945, 
    "F_613_3": 17.51744842529297, 
    "F_706_3": 16.745624542236328, 
    "F_923_3": 16.92595863342285, 
    "F_458_3": 17.88901138305664, 
    "F_768_3": 17.186861038208008, 
    "Z": 0.1000591591000557, 
    "F_799_3": 17.14712142944336, 
    "F_427_3": 17.828035354614258, 
    "F_489_3": 17.71051025390625, 
    "F_954_3": Infinity, 
    "F_830_3": 17.068017959594727, 
    "F_582_3": 17.58330535888672, 
    "F_520_3": 17.52147102355957, 
    "F_892_3": 16.9484806060791
}