{
    "F_644_3": 19.029998779296875, 
    "F_551_3": 19.04683494567871, 
    "F_861_3": 18.878381729125977, 
    "id": "spec-6714-56447-0019-QSOs-010", 
    "F_675_3": 19.06679344177246, 
    "F_737_3": 18.97225570678711, 
    "F_396_3": 19.07422637939453, 
    "F_365_3": 19.14311981201172, 
    "F_613_3": 18.84382438659668, 
    "F_706_3": 19.08020782470703, 
    "F_923_3": 18.863779067993164, 
    "F_458_3": 18.953983306884766, 
    "F_768_3": 18.983972549438477, 
    "Z": 0.26611414551734924, 
    "F_799_3": 18.906309127807617, 
    "F_427_3": 18.968881607055664, 
    "F_489_3": 19.1069278717041, 
    "F_954_3": 18.778844833374023, 
    "F_830_3": 18.056459426879883, 
    "F_582_3": 19.024232864379883, 
    "F_520_3": 19.181682586669922, 
    "F_892_3": 18.8452091217041
}