{
    "F_644_3": 17.28451156616211, 
    "F_551_3": 17.769445419311523, 
    "F_861_3": 16.60914421081543, 
    "id": "spec-0268-51633-0504-QSOs-010", 
    "F_675_3": 17.079710006713867, 
    "F_737_3": 16.978620529174805, 
    "F_396_3": 18.884105682373047, 
    "F_365_3": 19.376176834106445, 
    "F_613_3": 17.39364242553711, 
    "F_706_3": 16.525680541992188, 
    "F_923_3": 16.535558700561523, 
    "F_458_3": 18.459035873413086, 
    "F_768_3": 16.89454460144043, 
    "Z": 0.0655052438378334, 
    "F_799_3": 16.758216857910156, 
    "F_427_3": 18.743247985839844, 
    "F_489_3": 18.054065704345703, 
    "F_954_3": Infinity, 
    "F_830_3": 16.71771812438965, 
    "F_582_3": 17.56414031982422, 
    "F_520_3": 17.40022850036621, 
    "F_892_3": 16.546945571899414
}