{
    "F_644_3": 21.55146026611328, 
    "F_551_3": 21.836931228637695, 
    "F_861_3": 20.737911224365234, 
    "id": "spec-5988-56072-0215-QSOs-010", 
    "F_675_3": 21.459749221801758, 
    "F_737_3": 21.072240829467773, 
    "F_396_3": 22.39403533935547, 
    "F_365_3": 21.745941162109375, 
    "F_613_3": 21.81149673461914, 
    "F_706_3": 21.259763717651367, 
    "F_923_3": 20.51190185546875, 
    "F_458_3": 22.230466842651367, 
    "F_768_3": 20.924964904785156, 
    "Z": 0.5957863330841064, 
    "F_799_3": 20.820398330688477, 
    "F_427_3": 22.48702049255371, 
    "F_489_3": 22.211503982543945, 
    "F_954_3": 20.328500747680664, 
    "F_830_3": 20.86013412475586, 
    "F_582_3": 21.87122344970703, 
    "F_520_3": 22.092580795288086, 
    "F_892_3": 20.642309188842773
}