{
    "F_644_3": 19.36896324157715, 
    "F_551_3": 19.15676498413086, 
    "F_861_3": 19.20290756225586, 
    "id": "spec-0497-51989-0255-QSOs-010", 
    "F_675_3": 19.320308685302734, 
    "F_737_3": 19.301734924316406, 
    "F_396_3": 19.965993881225586, 
    "F_365_3": 20.141124725341797, 
    "F_613_3": 19.390602111816406, 
    "F_706_3": 19.346656799316406, 
    "F_923_3": 19.134342193603516, 
    "F_458_3": 19.650009155273438, 
    "F_768_3": 19.381757736206055, 
    "Z": 0.945048987865448, 
    "F_799_3": 19.397314071655273, 
    "F_427_3": 19.899431228637695, 
    "F_489_3": 19.536577224731445, 
    "F_954_3": Infinity, 
    "F_830_3": 19.361589431762695, 
    "F_582_3": 19.537200927734375, 
    "F_520_3": 19.54515838623047, 
    "F_892_3": 19.20744514465332
}