{
    "F_644_3": 18.635272979736328, 
    "F_551_3": 18.785707473754883, 
    "F_861_3": 18.570405960083008, 
    "id": "spec-1020-52721-0024-QSOs-010", 
    "F_675_3": 18.531347274780273, 
    "F_737_3": 18.55656623840332, 
    "F_396_3": 18.66352653503418, 
    "F_365_3": 18.887638092041016, 
    "F_613_3": 18.661394119262695, 
    "F_706_3": 18.56313133239746, 
    "F_923_3": 18.222633361816406, 
    "F_458_3": 18.822351455688477, 
    "F_768_3": 18.614259719848633, 
    "Z": 0.4059276282787323, 
    "F_799_3": 18.61916160583496, 
    "F_427_3": 18.870317459106445, 
    "F_489_3": 18.84130859375, 
    "F_954_3": Infinity, 
    "F_830_3": 18.555927276611328, 
    "F_582_3": 18.762231826782227, 
    "F_520_3": 18.841140747070312, 
    "F_892_3": 18.42630386352539
}