{
    "F_644_3": 16.61638832092285, 
    "F_551_3": 17.158781051635742, 
    "F_861_3": 15.890419006347656, 
    "id": "spec-0281-51614-0207-QSOs-010", 
    "F_675_3": 16.263948440551758, 
    "F_737_3": 16.271562576293945, 
    "F_396_3": 18.927900314331055, 
    "F_365_3": 19.26555633544922, 
    "F_613_3": 16.748016357421875, 
    "F_706_3": 16.3227481842041, 
    "F_923_3": 15.458072662353516, 
    "F_458_3": 17.948251724243164, 
    "F_768_3": 16.124465942382812, 
    "Z": 0.04266122356057167, 
    "F_799_3": 16.05032730102539, 
    "F_427_3": 18.342554092407227, 
    "F_489_3": 17.559104919433594, 
    "F_954_3": Infinity, 
    "F_830_3": 15.985692024230957, 
    "F_582_3": 16.92135238647461, 
    "F_520_3": 17.2609920501709, 
    "F_892_3": 15.892601013183594
}