{
    "F_644_3": 20.620817184448242, 
    "F_551_3": 20.593122482299805, 
    "F_861_3": 20.037670135498047, 
    "id": "spec-7099-56666-0390-QSOs-010", 
    "F_675_3": 20.54741859436035, 
    "F_737_3": 20.39725112915039, 
    "F_396_3": Infinity, 
    "F_365_3": Infinity, 
    "F_613_3": 20.58559799194336, 
    "F_706_3": 20.490514755249023, 
    "F_923_3": 20.15505027770996, 
    "F_458_3": Infinity, 
    "F_768_3": 20.31461524963379, 
    "Z": 0.7588958740234375, 
    "F_799_3": 20.177583694458008, 
    "F_427_3": Infinity, 
    "F_489_3": Infinity, 
    "F_954_3": 20.051128387451172, 
    "F_830_3": 20.170682907104492, 
    "F_582_3": 20.629077911376953, 
    "F_520_3": 20.649526596069336, 
    "F_892_3": 20.110519409179688
}