{
    "F_644_3": 20.610570907592773, 
    "F_551_3": 21.46357536315918, 
    "F_861_3": 19.59511375427246, 
    "id": "spec-4768-55944-0675-QSOs-010", 
    "F_675_3": 20.333969116210938, 
    "F_737_3": 19.961660385131836, 
    "F_396_3": Infinity, 
    "F_365_3": Infinity, 
    "F_613_3": 20.852731704711914, 
    "F_706_3": 20.169015884399414, 
    "F_923_3": 19.4473819732666, 
    "F_458_3": Infinity, 
    "F_768_3": 19.957094192504883, 
    "Z": 0.5013059377670288, 
    "F_799_3": 19.797624588012695, 
    "F_427_3": Infinity, 
    "F_489_3": Infinity, 
    "F_954_3": 19.37367057800293, 
    "F_830_3": 19.719873428344727, 
    "F_582_3": 21.290037155151367, 
    "F_520_3": 21.834075927734375, 
    "F_892_3": 19.522275924682617
}