{
    "F_644_3": 21.60871124267578, 
    "F_551_3": 21.44348907470703, 
    "F_861_3": 21.580034255981445, 
    "id": "spec-5714-56660-0124-QSOs-010", 
    "F_675_3": 21.683631896972656, 
    "F_737_3": 21.796138763427734, 
    "F_396_3": 21.28944206237793, 
    "F_365_3": 21.057327270507812, 
    "F_613_3": 21.47986602783203, 
    "F_706_3": 21.69757843017578, 
    "F_923_3": 21.311424255371094, 
    "F_458_3": 21.309274673461914, 
    "F_768_3": 21.736482620239258, 
    "Z": 0.8438888788223267, 
    "F_799_3": 21.651165008544922, 
    "F_427_3": 21.347890853881836, 
    "F_489_3": 21.37169647216797, 
    "F_954_3": 21.531429290771484, 
    "F_830_3": 21.65614891052246, 
    "F_582_3": 21.511991500854492, 
    "F_520_3": 21.159183502197266, 
    "F_892_3": 21.37540626525879
}