{
    "F_644_3": 19.30134391784668, 
    "F_551_3": 19.422908782958984, 
    "F_861_3": 19.160764694213867, 
    "id": "spec-2492-54178-0058-QSOs-010", 
    "F_675_3": 19.313413619995117, 
    "F_737_3": 19.394323348999023, 
    "F_396_3": 19.7310733795166, 
    "F_365_3": 19.745752334594727, 
    "F_613_3": 19.29067039489746, 
    "F_706_3": 19.328977584838867, 
    "F_923_3": 18.550809860229492, 
    "F_458_3": 19.44122314453125, 
    "F_768_3": 19.40230941772461, 
    "Z": 0.831117570400238, 
    "F_799_3": 19.233407974243164, 
    "F_427_3": 19.57008171081543, 
    "F_489_3": 19.315515518188477, 
    "F_954_3": Infinity, 
    "F_830_3": 19.243667602539062, 
    "F_582_3": 19.323610305786133, 
    "F_520_3": 19.070451736450195, 
    "F_892_3": 18.921894073486328
}