{
    "F_644_3": 21.005290985107422, 
    "F_551_3": 21.136611938476562, 
    "F_861_3": 20.5827579498291, 
    "id": "spec-6636-56367-0116-QSOs-010", 
    "F_675_3": 21.037553787231445, 
    "F_737_3": 20.93649673461914, 
    "F_396_3": 21.428333282470703, 
    "F_365_3": 21.127220153808594, 
    "F_613_3": 21.06732177734375, 
    "F_706_3": 20.984107971191406, 
    "F_923_3": 20.35521697998047, 
    "F_458_3": 21.35031509399414, 
    "F_768_3": 20.866958618164062, 
    "Z": 0.9021273851394653, 
    "F_799_3": 20.817325592041016, 
    "F_427_3": 21.495027542114258, 
    "F_489_3": 21.268482208251953, 
    "F_954_3": 20.357778549194336, 
    "F_830_3": 20.64409065246582, 
    "F_582_3": 21.190292358398438, 
    "F_520_3": 21.05641746520996, 
    "F_892_3": 20.596784591674805
}