{
    "F_644_3": 21.12688636779785, 
    "F_551_3": 20.9627628326416, 
    "F_861_3": 21.298538208007812, 
    "id": "spec-3825-55533-0160-QSOs-010", 
    "F_675_3": 21.138389587402344, 
    "F_737_3": 21.220605850219727, 
    "F_396_3": 20.77280616760254, 
    "F_365_3": 20.742733001708984, 
    "F_613_3": 21.030845642089844, 
    "F_706_3": 21.13234519958496, 
    "F_923_3": 20.97649383544922, 
    "F_458_3": 20.81924057006836, 
    "F_768_3": 21.236251831054688, 
    "Z": 0.818435788154602, 
    "F_799_3": 21.192705154418945, 
    "F_427_3": 20.787166595458984, 
    "F_489_3": 20.837980270385742, 
    "F_954_3": Infinity, 
    "F_830_3": 21.258100509643555, 
    "F_582_3": 20.989635467529297, 
    "F_520_3": 20.843385696411133, 
    "F_892_3": 21.1407527923584
}