{
    "F_644_3": 17.622636795043945, 
    "F_551_3": 17.97609519958496, 
    "F_861_3": 17.07309341430664, 
    "id": "spec-0728-52520-0348-QSOs-010", 
    "F_675_3": 17.552387237548828, 
    "F_737_3": 17.311925888061523, 
    "F_396_3": 18.990528106689453, 
    "F_365_3": 19.232545852661133, 
    "F_613_3": 17.77541160583496, 
    "F_706_3": 17.20577049255371, 
    "F_923_3": 16.97229766845703, 
    "F_458_3": 18.624622344970703, 
    "F_768_3": 17.302852630615234, 
    "Z": 0.09491916000843048, 
    "F_799_3": 17.216581344604492, 
    "F_427_3": 18.891143798828125, 
    "F_489_3": 18.324377059936523, 
    "F_954_3": Infinity, 
    "F_830_3": 17.129728317260742, 
    "F_582_3": 17.92502784729004, 
    "F_520_3": 18.07033348083496, 
    "F_892_3": 17.019956588745117
}