{
    "F_644_3": 18.586214065551758, 
    "F_551_3": 18.732566833496094, 
    "F_861_3": 18.075279235839844, 
    "id": "spec-0490-51929-0359-QSOs-010", 
    "F_675_3": 18.47419548034668, 
    "F_737_3": 17.824771881103516, 
    "F_396_3": 19.606157302856445, 
    "F_365_3": 19.760231018066406, 
    "F_613_3": 18.68480110168457, 
    "F_706_3": 18.4296932220459, 
    "F_923_3": 18.024593353271484, 
    "F_458_3": 19.413463592529297, 
    "F_768_3": 18.243803024291992, 
    "Z": 0.13440550863742828, 
    "F_799_3": 18.23358726501465, 
    "F_427_3": 19.514028549194336, 
    "F_489_3": 19.177127838134766, 
    "F_954_3": Infinity, 
    "F_830_3": 18.179279327392578, 
    "F_582_3": 18.771467208862305, 
    "F_520_3": 18.95130157470703, 
    "F_892_3": 18.063528060913086
}