{
    "F_644_3": 17.160253524780273, 
    "F_551_3": 17.486299514770508, 
    "F_861_3": 16.664995193481445, 
    "id": "spec-0490-51929-0412-QSOs-010", 
    "F_675_3": 17.307374954223633, 
    "F_737_3": 17.47943687438965, 
    "F_396_3": 17.177478790283203, 
    "F_365_3": 17.076644897460938, 
    "F_613_3": 17.34456443786621, 
    "F_706_3": 17.334001541137695, 
    "F_923_3": 17.27761459350586, 
    "F_458_3": 17.241748809814453, 
    "F_768_3": 17.422380447387695, 
    "Z": 0.3402000963687897, 
    "F_799_3": 17.339073181152344, 
    "F_427_3": 17.197168350219727, 
    "F_489_3": 17.314937591552734, 
    "F_954_3": Infinity, 
    "F_830_3": 17.34419059753418, 
    "F_582_3": 17.3660888671875, 
    "F_520_3": 17.408504486083984, 
    "F_892_3": 16.22866439819336
}