{
    "F_644_3": 18.682350158691406, 
    "F_551_3": 18.70539665222168, 
    "F_861_3": 18.718812942504883, 
    "id": "spec-1020-52721-0177-QSOs-010", 
    "F_675_3": 18.721736907958984, 
    "F_737_3": 18.852336883544922, 
    "F_396_3": 18.905874252319336, 
    "F_365_3": 18.993919372558594, 
    "F_613_3": 18.670867919921875, 
    "F_706_3": 18.778167724609375, 
    "F_923_3": 18.554956436157227, 
    "F_458_3": 18.796092987060547, 
    "F_768_3": 18.817962646484375, 
    "Z": 0.8435059785842896, 
    "F_799_3": 18.628164291381836, 
    "F_427_3": 18.86878204345703, 
    "F_489_3": 18.760271072387695, 
    "F_954_3": Infinity, 
    "F_830_3": 18.651639938354492, 
    "F_582_3": 18.68115997314453, 
    "F_520_3": 18.56081771850586, 
    "F_892_3": 18.44615364074707
}