{
    "F_644_3": 18.129981994628906, 
    "F_551_3": 18.45340919494629, 
    "F_861_3": 17.652145385742188, 
    "id": "spec-0349-51699-0216-QSOs-010", 
    "F_675_3": 18.065505981445312, 
    "F_737_3": 17.74403190612793, 
    "F_396_3": 19.588848114013672, 
    "F_365_3": 19.72371482849121, 
    "F_613_3": 18.260950088500977, 
    "F_706_3": 17.93132781982422, 
    "F_923_3": 17.554262161254883, 
    "F_458_3": 19.02861785888672, 
    "F_768_3": 17.824247360229492, 
    "Z": 0.10563672333955765, 
    "F_799_3": 17.784460067749023, 
    "F_427_3": 19.354167938232422, 
    "F_489_3": 18.787511825561523, 
    "F_954_3": Infinity, 
    "F_830_3": 17.67820930480957, 
    "F_582_3": 18.399959564208984, 
    "F_520_3": 18.556333541870117, 
    "F_892_3": 17.5750789642334
}