{
    "F_644_3": 19.56035804748535, 
    "F_551_3": 19.63801383972168, 
    "F_861_3": 19.380695343017578, 
    "id": "spec-1946-53432-0184-QSOs-010", 
    "F_675_3": 19.566640853881836, 
    "F_737_3": 19.643512725830078, 
    "F_396_3": 19.85179328918457, 
    "F_365_3": 19.69175148010254, 
    "F_613_3": 19.541208267211914, 
    "F_706_3": 19.621973037719727, 
    "F_923_3": 19.13990020751953, 
    "F_458_3": 19.658571243286133, 
    "F_768_3": 19.63164520263672, 
    "Z": 0.8159687519073486, 
    "F_799_3": 19.484622955322266, 
    "F_427_3": 19.716337203979492, 
    "F_489_3": 19.49410629272461, 
    "F_954_3": Infinity, 
    "F_830_3": 19.442638397216797, 
    "F_582_3": 19.501895904541016, 
    "F_520_3": 19.40693473815918, 
    "F_892_3": 19.1549015045166
}