{
    "F_644_3": 17.588884353637695, 
    "F_551_3": 17.605897903442383, 
    "F_861_3": 17.74187660217285, 
    "id": "spec-0756-52577-0341-QSOs-010", 
    "F_675_3": 17.605632781982422, 
    "F_737_3": 17.72427749633789, 
    "F_396_3": 17.75128746032715, 
    "F_365_3": 17.72342300415039, 
    "F_613_3": 17.58561134338379, 
    "F_706_3": 17.647668838500977, 
    "F_923_3": 17.31216049194336, 
    "F_458_3": 17.694059371948242, 
    "F_768_3": 17.800785064697266, 
    "Z": 0.8719832301139832, 
    "F_799_3": 17.76151466369629, 
    "F_427_3": 17.764102935791016, 
    "F_489_3": 17.669780731201172, 
    "F_954_3": Infinity, 
    "F_830_3": 17.74158477783203, 
    "F_582_3": 17.638229370117188, 
    "F_520_3": 17.418720245361328, 
    "F_892_3": 17.752107620239258
}