{
    "F_644_3": 17.503904342651367, 
    "F_551_3": 17.622621536254883, 
    "F_861_3": 17.460378646850586, 
    "id": "spec-4054-55358-0524-QSOs-010", 
    "F_675_3": 17.50831413269043, 
    "F_737_3": 17.51486587524414, 
    "F_396_3": 18.06387710571289, 
    "F_365_3": 18.010290145874023, 
    "F_613_3": 17.5297908782959, 
    "F_706_3": 17.492002487182617, 
    "F_923_3": 17.02918815612793, 
    "F_458_3": 17.816844940185547, 
    "F_768_3": 17.54203224182129, 
    "Z": 0.8700413703918457, 
    "F_799_3": 17.46087646484375, 
    "F_427_3": 17.956979751586914, 
    "F_489_3": 17.748329162597656, 
    "F_954_3": 17.2055721282959, 
    "F_830_3": 17.45277976989746, 
    "F_582_3": 17.594131469726562, 
    "F_520_3": 17.533395767211914, 
    "F_892_3": 17.309932708740234
}