{
    "F_644_3": 20.29589080810547, 
    "F_551_3": 20.559995651245117, 
    "F_861_3": 19.77130889892578, 
    "id": "spec-5714-56660-0804-QSOs-010", 
    "F_675_3": 20.206682205200195, 
    "F_737_3": 19.99480628967285, 
    "F_396_3": 20.894407272338867, 
    "F_365_3": 20.7598819732666, 
    "F_613_3": 20.43265151977539, 
    "F_706_3": 20.10515022277832, 
    "F_923_3": 19.608928680419922, 
    "F_458_3": 20.657243728637695, 
    "F_768_3": 19.835498809814453, 
    "Z": 0.5812520980834961, 
    "F_799_3": 19.867475509643555, 
    "F_427_3": 20.766557693481445, 
    "F_489_3": 20.69416618347168, 
    "F_954_3": 19.574785232543945, 
    "F_830_3": 19.839111328125, 
    "F_582_3": 20.549697875976562, 
    "F_520_3": 20.61024284362793, 
    "F_892_3": 19.68309783935547
}