{
    "F_644_3": 20.782411575317383, 
    "F_551_3": 20.69879722595215, 
    "F_861_3": 20.30677032470703, 
    "id": "spec-6721-56398-0210-QSOs-010", 
    "F_675_3": 20.80467414855957, 
    "F_737_3": 20.74262237548828, 
    "F_396_3": 20.932126998901367, 
    "F_365_3": 20.772953033447266, 
    "F_613_3": 20.754405975341797, 
    "F_706_3": 20.734128952026367, 
    "F_923_3": 20.42197608947754, 
    "F_458_3": 20.771270751953125, 
    "F_768_3": 20.61487579345703, 
    "Z": 0.7340375185012817, 
    "F_799_3": 20.51079559326172, 
    "F_427_3": 20.77791404724121, 
    "F_489_3": 20.58745765686035, 
    "F_954_3": 20.276901245117188, 
    "F_830_3": 20.42412567138672, 
    "F_582_3": 20.69300079345703, 
    "F_520_3": 20.806385040283203, 
    "F_892_3": 20.50375747680664
}