{
    "F_644_3": 21.443693161010742, 
    "F_551_3": 21.528919219970703, 
    "F_861_3": 21.438777923583984, 
    "id": "spec-6465-56279-0948-QSOs-010", 
    "F_675_3": 21.40585708618164, 
    "F_737_3": 21.504173278808594, 
    "F_396_3": 21.746644973754883, 
    "F_365_3": 21.467836380004883, 
    "F_613_3": 21.372343063354492, 
    "F_706_3": 21.384315490722656, 
    "F_923_3": 20.818387985229492, 
    "F_458_3": 21.476608276367188, 
    "F_768_3": 21.53304672241211, 
    "Z": 0.8601018190383911, 
    "F_799_3": 21.385852813720703, 
    "F_427_3": 21.616905212402344, 
    "F_489_3": 21.53554344177246, 
    "F_954_3": 21.331634521484375, 
    "F_830_3": 21.518606185913086, 
    "F_582_3": 21.518299102783203, 
    "F_520_3": 21.20684242248535, 
    "F_892_3": 21.165660858154297
}