{
    "F_644_3": 21.221208572387695, 
    "F_551_3": 21.27183723449707, 
    "F_861_3": 21.175119400024414, 
    "id": "spec-5045-56181-0134-QSOs-010", 
    "F_675_3": 21.277545928955078, 
    "F_737_3": 21.410005569458008, 
    "F_396_3": 21.59223175048828, 
    "F_365_3": 21.375343322753906, 
    "F_613_3": 21.242938995361328, 
    "F_706_3": 21.297727584838867, 
    "F_923_3": 20.880720138549805, 
    "F_458_3": 21.368309020996094, 
    "F_768_3": 21.332202911376953, 
    "Z": 0.8507774472236633, 
    "F_799_3": 21.213220596313477, 
    "F_427_3": 21.53148651123047, 
    "F_489_3": 21.359920501708984, 
    "F_954_3": 21.01044273376465, 
    "F_830_3": 21.17498207092285, 
    "F_582_3": 21.275604248046875, 
    "F_520_3": 21.1331787109375, 
    "F_892_3": 20.997819900512695
}