{
    "F_644_3": 20.713884353637695, 
    "F_551_3": 20.480213165283203, 
    "F_861_3": 20.35197639465332, 
    "id": "spec-4321-55504-0014-QSOs-010", 
    "F_675_3": 20.72511863708496, 
    "F_737_3": 20.552379608154297, 
    "F_396_3": 20.95404052734375, 
    "F_365_3": 21.027393341064453, 
    "F_613_3": 20.661758422851562, 
    "F_706_3": 20.676349639892578, 
    "F_923_3": 20.293663024902344, 
    "F_458_3": 20.696928024291992, 
    "F_768_3": 20.52427864074707, 
    "Z": 0.7029993534088135, 
    "F_799_3": 20.48159408569336, 
    "F_427_3": 20.746562957763672, 
    "F_489_3": 20.534080505371094, 
    "F_954_3": 20.177227020263672, 
    "F_830_3": 20.251012802124023, 
    "F_582_3": 20.596723556518555, 
    "F_520_3": 20.75632667541504, 
    "F_892_3": 20.37299919128418
}