{
    "F_644_3": 16.973953247070312, 
    "F_551_3": 17.412805557250977, 
    "F_861_3": 16.39659309387207, 
    "id": "spec-0911-52426-0307-QSOs-010", 
    "F_675_3": 16.88054656982422, 
    "F_737_3": 16.69388198852539, 
    "F_396_3": 18.873146057128906, 
    "F_365_3": 19.204513549804688, 
    "F_613_3": 17.085664749145508, 
    "F_706_3": 16.5692195892334, 
    "F_923_3": 16.389875411987305, 
    "F_458_3": 18.08810806274414, 
    "F_768_3": 16.638351440429688, 
    "Z": 0.07047393172979355, 
    "F_799_3": 16.503576278686523, 
    "F_427_3": 18.441204071044922, 
    "F_489_3": 17.719003677368164, 
    "F_954_3": Infinity, 
    "F_830_3": 16.48692512512207, 
    "F_582_3": 17.246252059936523, 
    "F_520_3": 17.407331466674805, 
    "F_892_3": 16.351200103759766
}