{
    "F_644_3": Infinity, 
    "F_551_3": 17.784442901611328, 
    "F_861_3": Infinity, 
    "id": "spec-0841-52375-0147-QSOs-010", 
    "F_675_3": Infinity, 
    "F_737_3": Infinity, 
    "F_396_3": 19.09560203552246, 
    "F_365_3": 19.273366928100586, 
    "F_613_3": 17.562528610229492, 
    "F_706_3": Infinity, 
    "F_923_3": Infinity, 
    "F_458_3": 18.310819625854492, 
    "F_768_3": Infinity, 
    "Z": 0.09378896653652191, 
    "F_799_3": Infinity, 
    "F_427_3": 18.66862678527832, 
    "F_489_3": 18.047924041748047, 
    "F_954_3": Infinity, 
    "F_830_3": Infinity, 
    "F_582_3": 17.692842483520508, 
    "F_520_3": 17.9063777923584, 
    "F_892_3": Infinity
}