{
    "F_644_3": 17.878555297851562, 
    "F_551_3": 18.282676696777344, 
    "F_861_3": 17.26573944091797, 
    "id": "spec-0565-52225-0017-QSOs-010", 
    "F_675_3": 17.786479949951172, 
    "F_737_3": 17.477622985839844, 
    "F_396_3": 20.186025619506836, 
    "F_365_3": 20.20427894592285, 
    "F_613_3": 18.052392959594727, 
    "F_706_3": 17.597536087036133, 
    "F_923_3": 17.130992889404297, 
    "F_458_3": 19.322721481323242, 
    "F_768_3": 17.488235473632812, 
    "Z": 0.10225596278905869, 
    "F_799_3": 17.40567398071289, 
    "F_427_3": 19.892309188842773, 
    "F_489_3": 18.879432678222656, 
    "F_954_3": Infinity, 
    "F_830_3": 17.289653778076172, 
    "F_582_3": 18.27684211730957, 
    "F_520_3": 18.55990982055664, 
    "F_892_3": 17.168819427490234
}