{
    "F_644_3": 16.047828674316406, 
    "F_551_3": 16.21636199951172, 
    "F_861_3": 15.696803092956543, 
    "id": "spec-1223-52781-0471-QSOs-010", 
    "F_675_3": 15.4365234375, 
    "F_737_3": 15.886850357055664, 
    "F_396_3": 16.542959213256836, 
    "F_365_3": 16.561059951782227, 
    "F_613_3": 16.130273818969727, 
    "F_706_3": 15.795706748962402, 
    "F_923_3": 15.599931716918945, 
    "F_458_3": 16.444683074951172, 
    "F_768_3": 15.823941230773926, 
    "Z": 0.05014781281352043, 
    "F_799_3": 15.78114128112793, 
    "F_427_3": 16.57695198059082, 
    "F_489_3": 16.34087371826172, 
    "F_954_3": Infinity, 
    "F_830_3": 15.747594833374023, 
    "F_582_3": 16.21228790283203, 
    "F_520_3": 16.088197708129883, 
    "F_892_3": 15.579957962036133
}