{
    "F_644_3": 17.04833984375, 
    "F_551_3": 17.430971145629883, 
    "F_861_3": 16.38811683654785, 
    "id": "spec-2128-53800-0588-QSOs-010", 
    "F_675_3": 16.94179916381836, 
    "F_737_3": 16.676856994628906, 
    "F_396_3": 19.154542922973633, 
    "F_365_3": 19.445112228393555, 
    "F_613_3": 17.188207626342773, 
    "F_706_3": 16.587841033935547, 
    "F_923_3": 16.343585968017578, 
    "F_458_3": 18.38532829284668, 
    "F_768_3": 16.659523010253906, 
    "Z": 0.07887856662273407, 
    "F_799_3": 16.49777603149414, 
    "F_427_3": 18.824481964111328, 
    "F_489_3": 17.936174392700195, 
    "F_954_3": Infinity, 
    "F_830_3": 16.459716796875, 
    "F_582_3": 17.358652114868164, 
    "F_520_3": 17.623886108398438, 
    "F_892_3": 16.304466247558594
}