{
    "F_644_3": 18.757963180541992, 
    "F_551_3": 18.719266891479492, 
    "F_861_3": 18.72023582458496, 
    "id": "spec-0497-51989-0224-QSOs-010", 
    "F_675_3": 18.774599075317383, 
    "F_737_3": 18.809066772460938, 
    "F_396_3": 18.926673889160156, 
    "F_365_3": 18.894704818725586, 
    "F_613_3": 18.807640075683594, 
    "F_706_3": 18.795907974243164, 
    "F_923_3": 18.633806228637695, 
    "F_458_3": 18.90690040588379, 
    "F_768_3": 18.803260803222656, 
    "Z": 0.9956666827201843, 
    "F_799_3": 18.805259704589844, 
    "F_427_3": 18.917314529418945, 
    "F_489_3": 18.83907699584961, 
    "F_954_3": Infinity, 
    "F_830_3": 18.77903175354004, 
    "F_582_3": 18.752689361572266, 
    "F_520_3": 18.831748962402344, 
    "F_892_3": 18.65974998474121
}