{
    "F_644_3": 21.29123306274414, 
    "F_551_3": 21.35726547241211, 
    "F_861_3": 20.8781681060791, 
    "id": "spec-3818-55532-0880-QSOs-010", 
    "F_675_3": 21.29052734375, 
    "F_737_3": 21.303569793701172, 
    "F_396_3": 21.8477725982666, 
    "F_365_3": 21.64675521850586, 
    "F_613_3": 21.32750701904297, 
    "F_706_3": 21.252565383911133, 
    "F_923_3": 20.519060134887695, 
    "F_458_3": 21.425857543945312, 
    "F_768_3": 21.186664581298828, 
    "Z": 0.8611631393432617, 
    "F_799_3": 20.974613189697266, 
    "F_427_3": 21.66927719116211, 
    "F_489_3": 21.408594131469727, 
    "F_954_3": 21.058128356933594, 
    "F_830_3": 20.931028366088867, 
    "F_582_3": 21.38712501525879, 
    "F_520_3": 21.0218448638916, 
    "F_892_3": 20.83537483215332
}