{
    "F_644_3": 21.755626678466797, 
    "F_551_3": 21.58876609802246, 
    "F_861_3": 21.565372467041016, 
    "id": "spec-4540-55863-0052-QSOs-010", 
    "F_675_3": 21.793832778930664, 
    "F_737_3": 21.560110092163086, 
    "F_396_3": 22.39152717590332, 
    "F_365_3": 22.296985626220703, 
    "F_613_3": 21.572704315185547, 
    "F_706_3": 21.6683292388916, 
    "F_923_3": 21.33685302734375, 
    "F_458_3": 21.889799118041992, 
    "F_768_3": 21.50370216369629, 
    "Z": 0.6435385942459106, 
    "F_799_3": 20.913715362548828, 
    "F_427_3": 22.362180709838867, 
    "F_489_3": 22.196008682250977, 
    "F_954_3": 21.310733795166016, 
    "F_830_3": 20.675018310546875, 
    "F_582_3": 21.849592208862305, 
    "F_520_3": 22.071739196777344, 
    "F_892_3": 21.61526107788086
}