{
    "F_644_3": 20.905838012695312, 
    "F_551_3": 21.66795539855957, 
    "F_861_3": 20.02680778503418, 
    "id": "spec-5331-55976-0147-QSOs-010", 
    "F_675_3": 20.761940002441406, 
    "F_737_3": 20.432096481323242, 
    "F_396_3": 22.433876037597656, 
    "F_365_3": 22.18393898010254, 
    "F_613_3": 21.15106201171875, 
    "F_706_3": 20.533227920532227, 
    "F_923_3": 19.770156860351562, 
    "F_458_3": 22.249483108520508, 
    "F_768_3": 20.194353103637695, 
    "Z": 0.5609170794487, 
    "F_799_3": 20.249958038330078, 
    "F_427_3": 22.377628326416016, 
    "F_489_3": 22.048351287841797, 
    "F_954_3": 19.742822647094727, 
    "F_830_3": 20.113454818725586, 
    "F_582_3": 21.42945098876953, 
    "F_520_3": 21.762155532836914, 
    "F_892_3": 19.946683883666992
}