{
    "F_644_3": 17.79199981689453, 
    "F_551_3": 17.82337760925293, 
    "F_861_3": 17.355154037475586, 
    "id": "spec-1600-53090-0212-QSOs-010", 
    "F_675_3": 17.739608764648438, 
    "F_737_3": 17.50164794921875, 
    "F_396_3": 18.40163230895996, 
    "F_365_3": 18.420988082885742, 
    "F_613_3": 17.927490234375, 
    "F_706_3": 17.067668914794922, 
    "F_923_3": 17.2657527923584, 
    "F_458_3": 18.418001174926758, 
    "F_768_3": 17.544658660888672, 
    "Z": 0.09526625275611877, 
    "F_799_3": 17.490522384643555, 
    "F_427_3": 18.446949005126953, 
    "F_489_3": 18.202510833740234, 
    "F_954_3": Infinity, 
    "F_830_3": 17.39922332763672, 
    "F_582_3": 17.980255126953125, 
    "F_520_3": 17.967330932617188, 
    "F_892_3": 17.28480339050293
}