{
    "F_644_3": 18.815568923950195, 
    "F_551_3": 18.76864242553711, 
    "F_861_3": 18.772876739501953, 
    "id": "spec-2207-53558-0078-QSOs-010", 
    "F_675_3": 18.779205322265625, 
    "F_737_3": 18.471240997314453, 
    "F_396_3": 18.937694549560547, 
    "F_365_3": 18.98045539855957, 
    "F_613_3": 18.84086036682129, 
    "F_706_3": 18.766860961914062, 
    "F_923_3": 18.606082916259766, 
    "F_458_3": 18.861122131347656, 
    "F_768_3": 18.638113021850586, 
    "Z": 0.5221005082130432, 
    "F_799_3": 18.747840881347656, 
    "F_427_3": 18.631811141967773, 
    "F_489_3": 18.76097297668457, 
    "F_954_3": Infinity, 
    "F_830_3": 18.773536682128906, 
    "F_582_3": 18.759653091430664, 
    "F_520_3": 18.75084114074707, 
    "F_892_3": 18.625045776367188
}