{
    "F_644_3": 18.476470947265625, 
    "F_551_3": 18.4827823638916, 
    "F_861_3": 18.484813690185547, 
    "id": "spec-1946-53432-0011-QSOs-010", 
    "F_675_3": 18.449262619018555, 
    "F_737_3": 18.240222930908203, 
    "F_396_3": 18.451675415039062, 
    "F_365_3": 18.4003963470459, 
    "F_613_3": 18.573068618774414, 
    "F_706_3": 18.347829818725586, 
    "F_923_3": 18.39925193786621, 
    "F_458_3": 18.457231521606445, 
    "F_768_3": 18.47970962524414, 
    "Z": 0.48437929153442383, 
    "F_799_3": 18.50153350830078, 
    "F_427_3": 18.392242431640625, 
    "F_489_3": 18.43022918701172, 
    "F_954_3": Infinity, 
    "F_830_3": 18.49843978881836, 
    "F_582_3": 18.55133819580078, 
    "F_520_3": 18.454940795898438, 
    "F_892_3": 18.37289810180664
}