{
    "F_644_3": 16.310440063476562, 
    "F_551_3": 16.69613265991211, 
    "F_861_3": 15.754048347473145, 
    "id": "spec-2664-54524-0636-QSOs-010", 
    "F_675_3": 15.878314971923828, 
    "F_737_3": 16.07621955871582, 
    "F_396_3": 17.615827560424805, 
    "F_365_3": 17.589330673217773, 
    "F_613_3": 16.39752197265625, 
    "F_706_3": 16.0677547454834, 
    "F_923_3": 15.650650978088379, 
    "F_458_3": 17.176334381103516, 
    "F_768_3": 15.955428123474121, 
    "Z": 0.044277939945459366, 
    "F_799_3": 15.885149002075195, 
    "F_427_3": 17.466230392456055, 
    "F_489_3": 16.878740310668945, 
    "F_954_3": Infinity, 
    "F_830_3": 15.84896469116211, 
    "F_582_3": 16.554365158081055, 
    "F_520_3": 16.711074829101562, 
    "F_892_3": 15.738439559936523
}