{
    "F_644_3": 20.7755126953125, 
    "F_551_3": 20.70968246459961, 
    "F_861_3": 20.425113677978516, 
    "id": "spec-1331-52766-0056-QSOs-010", 
    "F_675_3": 20.697040557861328, 
    "F_737_3": 20.31982421875, 
    "F_396_3": 20.617448806762695, 
    "F_365_3": 20.60100555419922, 
    "F_613_3": 20.800926208496094, 
    "F_706_3": 20.67719268798828, 
    "F_923_3": 20.07705307006836, 
    "F_458_3": 20.765636444091797, 
    "F_768_3": 20.447498321533203, 
    "Z": 0.5289086699485779, 
    "F_799_3": 20.492380142211914, 
    "F_427_3": 20.584148406982422, 
    "F_489_3": 20.66994285583496, 
    "F_954_3": Infinity, 
    "F_830_3": 20.522323608398438, 
    "F_582_3": 20.6885929107666, 
    "F_520_3": 20.674781799316406, 
    "F_892_3": 20.211271286010742
}