{
    "F_644_3": 18.724342346191406, 
    "F_551_3": 18.97785758972168, 
    "F_861_3": 18.30499839782715, 
    "id": "spec-2492-54178-0126-QSOs-010", 
    "F_675_3": 18.657114028930664, 
    "F_737_3": 18.392480850219727, 
    "F_396_3": 19.812448501586914, 
    "F_365_3": 20.04585075378418, 
    "F_613_3": 18.835121154785156, 
    "F_706_3": 18.41182518005371, 
    "F_923_3": 18.209062576293945, 
    "F_458_3": 19.444950103759766, 
    "F_768_3": 18.45318603515625, 
    "Z": 0.10098573565483093, 
    "F_799_3": 18.390657424926758, 
    "F_427_3": 19.68381690979004, 
    "F_489_3": 19.268136978149414, 
    "F_954_3": Infinity, 
    "F_830_3": 18.321788787841797, 
    "F_582_3": 18.931833267211914, 
    "F_520_3": 19.066020965576172, 
    "F_892_3": 18.265583038330078
}