{
    "F_644_3": 21.458879470825195, 
    "F_551_3": 21.20985984802246, 
    "F_861_3": 21.17959213256836, 
    "id": "spec-4321-55504-0121-QSOs-010", 
    "F_675_3": 21.46537971496582, 
    "F_737_3": 21.460065841674805, 
    "F_396_3": 21.74384117126465, 
    "F_365_3": 21.431468963623047, 
    "F_613_3": 21.366653442382812, 
    "F_706_3": 21.451719284057617, 
    "F_923_3": 20.977867126464844, 
    "F_458_3": 21.70492172241211, 
    "F_768_3": 21.34410858154297, 
    "Z": 0.9246475100517273, 
    "F_799_3": 21.266042709350586, 
    "F_427_3": 21.819591522216797, 
    "F_489_3": 21.658578872680664, 
    "F_954_3": 20.63715171813965, 
    "F_830_3": 21.269699096679688, 
    "F_582_3": 21.51344108581543, 
    "F_520_3": 21.5366153717041, 
    "F_892_3": 21.001785278320312
}