{
    "F_644_3": 21.110130310058594, 
    "F_551_3": 20.979703903198242, 
    "F_861_3": 20.941030502319336, 
    "id": "spec-4461-55888-0454-QSOs-010", 
    "F_675_3": 21.07362937927246, 
    "F_737_3": 21.00002098083496, 
    "F_396_3": 21.03318214416504, 
    "F_365_3": 20.992692947387695, 
    "F_613_3": 21.077219009399414, 
    "F_706_3": 21.040016174316406, 
    "F_923_3": 20.953035354614258, 
    "F_458_3": 20.88556480407715, 
    "F_768_3": 20.890653610229492, 
    "Z": 0.669562041759491, 
    "F_799_3": 20.761320114135742, 
    "F_427_3": 20.982751846313477, 
    "F_489_3": 21.024307250976562, 
    "F_954_3": 20.782302856445312, 
    "F_830_3": 20.71241569519043, 
    "F_582_3": 21.0311222076416, 
    "F_520_3": 21.060871124267578, 
    "F_892_3": 20.931764602661133
}