{
    "F_644_3": 17.396150588989258, 
    "F_551_3": 17.732154846191406, 
    "F_861_3": 16.691638946533203, 
    "id": "spec-2207-53558-0196-QSOs-010", 
    "F_675_3": 17.534473419189453, 
    "F_737_3": 17.603553771972656, 
    "F_396_3": 17.975248336791992, 
    "F_365_3": 17.889860153198242, 
    "F_613_3": 17.51304054260254, 
    "F_706_3": 17.466960906982422, 
    "F_923_3": 17.477487564086914, 
    "F_458_3": 17.79686737060547, 
    "F_768_3": 17.603899002075195, 
    "Z": 0.3365069329738617, 
    "F_799_3": 17.5595760345459, 
    "F_427_3": 17.854188919067383, 
    "F_489_3": 17.767017364501953, 
    "F_954_3": Infinity, 
    "F_830_3": 17.49964141845703, 
    "F_582_3": 17.565855026245117, 
    "F_520_3": 17.763671875, 
    "F_892_3": 16.70923614501953
}