{
    "F_644_3": 19.135051727294922, 
    "F_551_3": 19.00634765625, 
    "F_861_3": 19.001956939697266, 
    "id": "spec-1334-52764-0470-QSOs-010", 
    "F_675_3": 18.98934555053711, 
    "F_737_3": 18.78875732421875, 
    "F_396_3": 19.272592544555664, 
    "F_365_3": 19.327693939208984, 
    "F_613_3": 19.12668228149414, 
    "F_706_3": 18.98105812072754, 
    "F_923_3": 18.85818099975586, 
    "F_458_3": 19.17593002319336, 
    "F_768_3": 18.744346618652344, 
    "Z": 0.5460744500160217, 
    "F_799_3": 18.998977661132812, 
    "F_427_3": 19.14463233947754, 
    "F_489_3": 19.08232879638672, 
    "F_954_3": Infinity, 
    "F_830_3": 18.94072914123535, 
    "F_582_3": 19.02834129333496, 
    "F_520_3": 19.028749465942383, 
    "F_892_3": 18.97207260131836
}