{
    "F_644_3": 20.49003791809082, 
    "F_551_3": 20.229246139526367, 
    "F_861_3": 20.653154373168945, 
    "id": "spec-5723-56597-0461-QSOs-010", 
    "F_675_3": 20.497608184814453, 
    "F_737_3": 20.614341735839844, 
    "F_396_3": 20.10410499572754, 
    "F_365_3": 19.929367065429688, 
    "F_613_3": 20.482406616210938, 
    "F_706_3": 20.536575317382812, 
    "F_923_3": 20.585254669189453, 
    "F_458_3": 20.379457473754883, 
    "F_768_3": 20.649160385131836, 
    "Z": 0.992423415184021, 
    "F_799_3": 20.684907913208008, 
    "F_427_3": 20.337291717529297, 
    "F_489_3": 20.358829498291016, 
    "F_954_3": 20.369834899902344, 
    "F_830_3": 20.73760986328125, 
    "F_582_3": 20.37251091003418, 
    "F_520_3": 20.429794311523438, 
    "F_892_3": 20.647838592529297
}