{
    "F_644_3": Infinity, 
    "F_551_3": 17.537723541259766, 
    "F_861_3": Infinity, 
    "id": "spec-0641-52176-0146-QSOs-010", 
    "F_675_3": Infinity, 
    "F_737_3": Infinity, 
    "F_396_3": 18.683914184570312, 
    "F_365_3": 18.865352630615234, 
    "F_613_3": 17.213565826416016, 
    "F_706_3": Infinity, 
    "F_923_3": Infinity, 
    "F_458_3": 18.13919448852539, 
    "F_768_3": Infinity, 
    "Z": 0.05280829593539238, 
    "F_799_3": Infinity, 
    "F_427_3": 18.433195114135742, 
    "F_489_3": 17.798542022705078, 
    "F_954_3": Infinity, 
    "F_830_3": Infinity, 
    "F_582_3": 17.38935661315918, 
    "F_520_3": 17.546892166137695, 
    "F_892_3": Infinity
}