{
    "F_644_3": 18.719186782836914, 
    "F_551_3": 18.634443283081055, 
    "F_861_3": 18.513076782226562, 
    "id": "spec-2492-54178-0303-QSOs-010", 
    "F_675_3": 18.713890075683594, 
    "F_737_3": 18.518661499023438, 
    "F_396_3": 18.765033721923828, 
    "F_365_3": 18.786203384399414, 
    "F_613_3": 18.693639755249023, 
    "F_706_3": 18.559598922729492, 
    "F_923_3": 18.731670379638672, 
    "F_458_3": 18.620811462402344, 
    "F_768_3": 18.64250373840332, 
    "Z": 0.640449047088623, 
    "F_799_3": 18.41510009765625, 
    "F_427_3": 18.750499725341797, 
    "F_489_3": 18.698928833007812, 
    "F_954_3": Infinity, 
    "F_830_3": 18.67268943786621, 
    "F_582_3": 18.656112670898438, 
    "F_520_3": 18.659934997558594, 
    "F_892_3": 18.664323806762695
}