{
    "F_644_3": 17.99384880065918, 
    "F_551_3": 18.285106658935547, 
    "F_861_3": 17.55893325805664, 
    "id": "spec-2578-54093-0172-QSOs-010", 
    "F_675_3": 17.929649353027344, 
    "F_737_3": 17.760618209838867, 
    "F_396_3": 19.28974151611328, 
    "F_365_3": 19.405534744262695, 
    "F_613_3": 18.10150718688965, 
    "F_706_3": 17.67612075805664, 
    "F_923_3": 17.463815689086914, 
    "F_458_3": 18.79068374633789, 
    "F_768_3": 17.731510162353516, 
    "Z": 0.09466084092855453, 
    "F_799_3": 17.660221099853516, 
    "F_427_3": 19.080425262451172, 
    "F_489_3": 18.52957534790039, 
    "F_954_3": Infinity, 
    "F_830_3": 17.599435806274414, 
    "F_582_3": 18.19750213623047, 
    "F_520_3": 18.37630271911621, 
    "F_892_3": 17.47344970703125
}