{
    "F_644_3": 20.12513542175293, 
    "F_551_3": 20.150243759155273, 
    "F_861_3": 19.796077728271484, 
    "id": "spec-5045-56181-0152-QSOs-010", 
    "F_675_3": 20.146381378173828, 
    "F_737_3": 19.94448471069336, 
    "F_396_3": 21.18027114868164, 
    "F_365_3": 21.295663833618164, 
    "F_613_3": 20.123123168945312, 
    "F_706_3": 20.0364933013916, 
    "F_923_3": 19.859317779541016, 
    "F_458_3": 20.397228240966797, 
    "F_768_3": 19.888668060302734, 
    "Z": 0.6671879887580872, 
    "F_799_3": 19.68345832824707, 
    "F_427_3": 20.769319534301758, 
    "F_489_3": 20.4028377532959, 
    "F_954_3": 19.84228515625, 
    "F_830_3": 19.658096313476562, 
    "F_582_3": 20.149580001831055, 
    "F_520_3": 20.270069122314453, 
    "F_892_3": 19.792499542236328
}