{
    "F_644_3": 20.79672622680664, 
    "F_551_3": 20.679479598999023, 
    "F_861_3": Infinity, 
    "id": "spec-4054-55358-0535-QSOs-010", 
    "F_675_3": 20.733003616333008, 
    "F_737_3": 20.74505043029785, 
    "F_396_3": 21.028963088989258, 
    "F_365_3": 20.861026763916016, 
    "F_613_3": 20.664892196655273, 
    "F_706_3": 20.765859603881836, 
    "F_923_3": 20.29852294921875, 
    "F_458_3": 20.790803909301758, 
    "F_768_3": 20.674598693847656, 
    "Z": 0.8221391439437866, 
    "F_799_3": Infinity, 
    "F_427_3": 20.883371353149414, 
    "F_489_3": 20.631629943847656, 
    "F_954_3": 20.423288345336914, 
    "F_830_3": Infinity, 
    "F_582_3": 20.62208366394043, 
    "F_520_3": 20.418424606323242, 
    "F_892_3": 20.20046615600586
}