{
    "F_644_3": 20.520225524902344, 
    "F_551_3": 20.73128318786621, 
    "F_861_3": 19.928735733032227, 
    "id": "spec-6714-56447-0293-QSOs-010", 
    "F_675_3": 20.328903198242188, 
    "F_737_3": 20.07537269592285, 
    "F_396_3": 21.160232543945312, 
    "F_365_3": 21.135665893554688, 
    "F_613_3": 20.611806869506836, 
    "F_706_3": 20.210237503051758, 
    "F_923_3": 19.741291046142578, 
    "F_458_3": 20.937969207763672, 
    "F_768_3": 20.014116287231445, 
    "Z": 0.5428478121757507, 
    "F_799_3": 20.026260375976562, 
    "F_427_3": 20.731584548950195, 
    "F_489_3": 20.81573486328125, 
    "F_954_3": 19.641746520996094, 
    "F_830_3": 19.967937469482422, 
    "F_582_3": 20.671493530273438, 
    "F_520_3": 20.745811462402344, 
    "F_892_3": 19.7874813079834
}