{
    "F_644_3": 18.9769287109375, 
    "F_551_3": 18.962007522583008, 
    "F_861_3": 18.794519424438477, 
    "id": "spec-6252-56248-0038-QSOs-010", 
    "F_675_3": 19.012990951538086, 
    "F_737_3": 19.07555389404297, 
    "F_396_3": 19.080718994140625, 
    "F_365_3": 19.029205322265625, 
    "F_613_3": 18.95661735534668, 
    "F_706_3": 19.057966232299805, 
    "F_923_3": 18.993793487548828, 
    "F_458_3": 18.990238189697266, 
    "F_768_3": 18.969419479370117, 
    "Z": 0.7753353118896484, 
    "F_799_3": 18.979976654052734, 
    "F_427_3": 18.994895935058594, 
    "F_489_3": 18.835351943969727, 
    "F_954_3": 18.96830177307129, 
    "F_830_3": 18.982954025268555, 
    "F_582_3": 18.92496681213379, 
    "F_520_3": 18.939556121826172, 
    "F_892_3": 18.88619613647461
}