{
    "F_644_3": 20.47356414794922, 
    "F_551_3": 21.076833724975586, 
    "F_861_3": 19.532896041870117, 
    "id": "spec-4540-55863-0024-QSOs-010", 
    "F_675_3": 20.204483032226562, 
    "F_737_3": 19.975143432617188, 
    "F_396_3": 23.110000610351562, 
    "F_365_3": 22.37190055847168, 
    "F_613_3": 20.704986572265625, 
    "F_706_3": 20.208345413208008, 
    "F_923_3": 19.3564453125, 
    "F_458_3": 22.76795768737793, 
    "F_768_3": 19.840593338012695, 
    "Z": 0.34871530532836914, 
    "F_799_3": 19.72509765625, 
    "F_427_3": 23.129535675048828, 
    "F_489_3": 22.283382415771484, 
    "F_954_3": 19.268430709838867, 
    "F_830_3": 19.637012481689453, 
    "F_582_3": 21.168052673339844, 
    "F_520_3": 22.118009567260742, 
    "F_892_3": 19.203081130981445
}