{
    "F_644_3": 20.388057708740234, 
    "F_551_3": 21.61343765258789, 
    "F_861_3": 18.400863647460938, 
    "id": "spec-7262-56683-0252-QSOs-010", 
    "F_675_3": 20.092985153198242, 
    "F_737_3": 19.445026397705078, 
    "F_396_3": 23.42980194091797, 
    "F_365_3": 22.511798858642578, 
    "F_613_3": 20.8199405670166, 
    "F_706_3": 19.584421157836914, 
    "F_923_3": 17.99264907836914, 
    "F_458_3": 23.134138107299805, 
    "F_768_3": 19.175867080688477, 
    "Z": 0.09583354741334915, 
    "F_799_3": 18.868528366088867, 
    "F_427_3": 23.585948944091797, 
    "F_489_3": 22.738128662109375, 
    "F_954_3": 17.79379653930664, 
    "F_830_3": 18.60797882080078, 
    "F_582_3": 21.32561492919922, 
    "F_520_3": 22.24759292602539, 
    "F_892_3": 18.155284881591797
}