{
    "F_644_3": 19.8408203125, 
    "F_551_3": 19.97059440612793, 
    "F_861_3": 19.74127769470215, 
    "id": "spec-2207-53558-0131-QSOs-010", 
    "F_675_3": 19.86610984802246, 
    "F_737_3": 20.018157958984375, 
    "F_396_3": 20.38264274597168, 
    "F_365_3": 20.35137176513672, 
    "F_613_3": 19.850543975830078, 
    "F_706_3": 19.92851448059082, 
    "F_923_3": 19.629823684692383, 
    "F_458_3": 20.079126358032227, 
    "F_768_3": 19.97774887084961, 
    "Z": 0.8491325378417969, 
    "F_799_3": 19.821313858032227, 
    "F_427_3": 20.19797134399414, 
    "F_489_3": 20.009639739990234, 
    "F_954_3": Infinity, 
    "F_830_3": 19.81290054321289, 
    "F_582_3": 19.85834312438965, 
    "F_520_3": 19.7122745513916, 
    "F_892_3": 19.52107048034668
}