{
    "F_644_3": 20.21929931640625, 
    "F_551_3": 20.084131240844727, 
    "F_861_3": 19.87130355834961, 
    "id": "spec-5331-55976-0068-QSOs-010", 
    "F_675_3": 20.259246826171875, 
    "F_737_3": 20.339818954467773, 
    "F_396_3": 20.019039154052734, 
    "F_365_3": 19.934593200683594, 
    "F_613_3": 20.1611270904541, 
    "F_706_3": 20.27731704711914, 
    "F_923_3": 20.16899299621582, 
    "F_458_3": 20.048641204833984, 
    "F_768_3": 20.210803985595703, 
    "Z": 0.7528901696205139, 
    "F_799_3": 20.179380416870117, 
    "F_427_3": 20.017751693725586, 
    "F_489_3": 19.9000186920166, 
    "F_954_3": 20.203277587890625, 
    "F_830_3": 20.19100570678711, 
    "F_582_3": 20.088205337524414, 
    "F_520_3": 20.107162475585938, 
    "F_892_3": 20.139026641845703
}