{
    "F_644_3": 21.191814422607422, 
    "F_551_3": 21.27239990234375, 
    "F_861_3": 20.762847900390625, 
    "id": "spec-7099-56666-0204-QSOs-010", 
    "F_675_3": 21.21668243408203, 
    "F_737_3": 21.083072662353516, 
    "F_396_3": 21.69934844970703, 
    "F_365_3": 21.323314666748047, 
    "F_613_3": 21.25628089904785, 
    "F_706_3": 21.13931655883789, 
    "F_923_3": 20.569076538085938, 
    "F_458_3": 21.388551712036133, 
    "F_768_3": 20.993560791015625, 
    "Z": 0.8455966711044312, 
    "F_799_3": 20.926006317138672, 
    "F_427_3": 21.527368545532227, 
    "F_489_3": 21.3607120513916, 
    "F_954_3": 20.629362106323242, 
    "F_830_3": 20.846633911132812, 
    "F_582_3": 21.305978775024414, 
    "F_520_3": 21.17428207397461, 
    "F_892_3": 20.61481285095215
}