{
    "F_644_3": 17.4168701171875, 
    "F_551_3": 17.827789306640625, 
    "F_861_3": 16.88999366760254, 
    "id": "spec-1265-52705-0139-QSOs-010", 
    "F_675_3": 17.158992767333984, 
    "F_737_3": 17.17057991027832, 
    "F_396_3": 19.17713165283203, 
    "F_365_3": 19.374906539916992, 
    "F_613_3": 17.506134033203125, 
    "F_706_3": 17.230661392211914, 
    "F_923_3": 16.7720947265625, 
    "F_458_3": 18.401172637939453, 
    "F_768_3": 17.055557250976562, 
    "Z": 0.041348669677972794, 
    "F_799_3": 16.99768829345703, 
    "F_427_3": 18.719318389892578, 
    "F_489_3": 18.078121185302734, 
    "F_954_3": Infinity, 
    "F_830_3": 16.94613265991211, 
    "F_582_3": 17.67582893371582, 
    "F_520_3": 17.935359954833984, 
    "F_892_3": 16.855424880981445
}