{
    "F_644_3": 17.929447174072266, 
    "F_551_3": 18.04547691345215, 
    "F_861_3": 17.355850219726562, 
    "id": "spec-0505-52317-0296-QSOs-010", 
    "F_675_3": 17.843578338623047, 
    "F_737_3": 17.596567153930664, 
    "F_396_3": 19.828580856323242, 
    "F_365_3": 20.413877487182617, 
    "F_613_3": 18.078248977661133, 
    "F_706_3": 17.555986404418945, 
    "F_923_3": 17.295358657836914, 
    "F_458_3": 19.11379623413086, 
    "F_768_3": 17.581029891967773, 
    "Z": 0.09694495797157288, 
    "F_799_3": 17.498313903808594, 
    "F_427_3": 19.51742172241211, 
    "F_489_3": 18.74794578552246, 
    "F_954_3": Infinity, 
    "F_830_3": 17.389448165893555, 
    "F_582_3": 18.258089065551758, 
    "F_520_3": 18.489994049072266, 
    "F_892_3": 17.261062622070312
}