{
    "F_644_3": 17.53807830810547, 
    "F_551_3": 17.405548095703125, 
    "F_861_3": 17.020187377929688, 
    "id": "spec-0601-52316-0421-QSOs-010", 
    "F_675_3": 17.470003128051758, 
    "F_737_3": 16.998952865600586, 
    "F_396_3": 19.60516929626465, 
    "F_365_3": 19.623546600341797, 
    "F_613_3": 17.688308715820312, 
    "F_706_3": 17.21129608154297, 
    "F_923_3": 16.91217803955078, 
    "F_458_3": 18.803478240966797, 
    "F_768_3": 17.21263313293457, 
    "Z": 0.1033441349864006, 
    "F_799_3": 17.142353057861328, 
    "F_427_3": 19.168399810791016, 
    "F_489_3": 18.386260986328125, 
    "F_954_3": Infinity, 
    "F_830_3": 17.038455963134766, 
    "F_582_3": 17.868820190429688, 
    "F_520_3": 18.08201789855957, 
    "F_892_3": 16.94593620300293
}