{
    "F_644_3": 17.746475219726562, 
    "F_551_3": 17.742340087890625, 
    "F_861_3": 17.717233657836914, 
    "id": "spec-2492-54178-0562-QSOs-010", 
    "F_675_3": 17.762617111206055, 
    "F_737_3": 17.751171112060547, 
    "F_396_3": 17.455158233642578, 
    "F_365_3": 17.586069107055664, 
    "F_613_3": 17.827539443969727, 
    "F_706_3": 17.569345474243164, 
    "F_923_3": 17.721355438232422, 
    "F_458_3": 17.61329460144043, 
    "F_768_3": 17.778606414794922, 
    "Z": 0.44876915216445923, 
    "F_799_3": 17.843807220458984, 
    "F_427_3": 17.577516555786133, 
    "F_489_3": 17.6395320892334, 
    "F_954_3": Infinity, 
    "F_830_3": 17.808258056640625, 
    "F_582_3": 17.820903778076172, 
    "F_520_3": 17.701162338256836, 
    "F_892_3": 17.734115600585938
}