{
    "F_644_3": 20.972171783447266, 
    "F_551_3": 21.207265853881836, 
    "F_861_3": 20.32848358154297, 
    "id": "spec-5045-56181-0119-QSOs-010", 
    "F_675_3": 20.760696411132812, 
    "F_737_3": 20.700204849243164, 
    "F_396_3": 22.07829475402832, 
    "F_365_3": 21.543729782104492, 
    "F_613_3": 21.072690963745117, 
    "F_706_3": 19.62553596496582, 
    "F_923_3": 20.051998138427734, 
    "F_458_3": 22.147876739501953, 
    "F_768_3": 20.574064254760742, 
    "Z": 0.4400646984577179, 
    "F_799_3": 20.542083740234375, 
    "F_427_3": 22.210445404052734, 
    "F_489_3": 21.81209945678711, 
    "F_954_3": 19.14124298095703, 
    "F_830_3": 20.448657989501953, 
    "F_582_3": 21.303089141845703, 
    "F_520_3": 21.599393844604492, 
    "F_892_3": 20.358203887939453
}