{
    "F_644_3": 20.18484115600586, 
    "F_551_3": 21.207834243774414, 
    "F_861_3": 19.373125076293945, 
    "id": "spec-7101-56659-0185-QSOs-010", 
    "F_675_3": 20.03327751159668, 
    "F_737_3": 19.859254837036133, 
    "F_396_3": 22.188091278076172, 
    "F_365_3": 21.813257217407227, 
    "F_613_3": 20.51409339904785, 
    "F_706_3": 19.658023834228516, 
    "F_923_3": 19.17314338684082, 
    "F_458_3": 21.986698150634766, 
    "F_768_3": 19.699037551879883, 
    "Z": 0.43110570311546326, 
    "F_799_3": 19.59720230102539, 
    "F_427_3": 22.213388442993164, 
    "F_489_3": 21.747600555419922, 
    "F_954_3": 18.83209991455078, 
    "F_830_3": 19.476667404174805, 
    "F_582_3": 20.75080680847168, 
    "F_520_3": 21.40682601928711, 
    "F_892_3": 19.310014724731445
}