{
    "F_644_3": 19.7420654296875, 
    "F_551_3": 19.561429977416992, 
    "F_861_3": 19.577207565307617, 
    "id": "spec-4321-55504-0512-QSOs-010", 
    "F_675_3": 19.84181785583496, 
    "F_737_3": 19.76557731628418, 
    "F_396_3": 19.753433227539062, 
    "F_365_3": 19.83769989013672, 
    "F_613_3": 19.71846580505371, 
    "F_706_3": 19.853742599487305, 
    "F_923_3": 19.648189544677734, 
    "F_458_3": 19.63042640686035, 
    "F_768_3": 19.742664337158203, 
    "Z": 0.7116217017173767, 
    "F_799_3": 19.678245544433594, 
    "F_427_3": 19.614675521850586, 
    "F_489_3": 19.492755889892578, 
    "F_954_3": 19.552562713623047, 
    "F_830_3": 19.40127182006836, 
    "F_582_3": 19.689556121826172, 
    "F_520_3": 19.68766975402832, 
    "F_892_3": 19.61808204650879
}