{
    "F_644_3": Infinity, 
    "F_551_3": 17.534835815429688, 
    "F_861_3": Infinity, 
    "id": "spec-0851-52376-0549-QSOs-010", 
    "F_675_3": Infinity, 
    "F_737_3": Infinity, 
    "F_396_3": 17.86734962463379, 
    "F_365_3": 17.82982063293457, 
    "F_613_3": 17.510940551757812, 
    "F_706_3": Infinity, 
    "F_923_3": Infinity, 
    "F_458_3": 17.941503524780273, 
    "F_768_3": Infinity, 
    "Z": 0.09823071956634521, 
    "F_799_3": Infinity, 
    "F_427_3": 17.970638275146484, 
    "F_489_3": 17.74610137939453, 
    "F_954_3": Infinity, 
    "F_830_3": Infinity, 
    "F_582_3": 17.551441192626953, 
    "F_520_3": 17.553197860717773, 
    "F_892_3": Infinity
}