{
    "F_644_3": 18.744482040405273, 
    "F_551_3": 18.93771743774414, 
    "F_861_3": 18.55317497253418, 
    "id": "spec-2651-54507-0031-QSOs-010", 
    "F_675_3": 17.20005989074707, 
    "F_737_3": 18.685182571411133, 
    "F_396_3": 19.396991729736328, 
    "F_365_3": 19.822607040405273, 
    "F_613_3": 18.79242515563965, 
    "F_706_3": 18.695322036743164, 
    "F_923_3": 18.554304122924805, 
    "F_458_3": 19.039026260375977, 
    "F_768_3": 18.650148391723633, 
    "Z": 0.022368837147951126, 
    "F_799_3": 18.67127799987793, 
    "F_427_3": 19.16756248474121, 
    "F_489_3": 18.878437042236328, 
    "F_954_3": Infinity, 
    "F_830_3": 18.648527145385742, 
    "F_582_3": 18.902515411376953, 
    "F_520_3": 18.850778579711914, 
    "F_892_3": 18.56125831604004
}