{
    "F_644_3": 20.102426528930664, 
    "F_551_3": 20.409915924072266, 
    "F_861_3": 19.727245330810547, 
    "id": "spec-6716-56401-0919-QSOs-010", 
    "F_675_3": 20.004329681396484, 
    "F_737_3": 19.526206970214844, 
    "F_396_3": 21.991809844970703, 
    "F_365_3": 21.954696655273438, 
    "F_613_3": 20.243040084838867, 
    "F_706_3": 19.934551239013672, 
    "F_923_3": 19.62546157836914, 
    "F_458_3": 21.286455154418945, 
    "F_768_3": 19.866369247436523, 
    "Z": 0.4664446711540222, 
    "F_799_3": 19.81178092956543, 
    "F_427_3": 21.731420516967773, 
    "F_489_3": 21.000776290893555, 
    "F_954_3": 19.363435745239258, 
    "F_830_3": 19.789506912231445, 
    "F_582_3": 20.356014251708984, 
    "F_520_3": 20.855506896972656, 
    "F_892_3": 19.70009422302246
}