{
    "F_644_3": Infinity, 
    "F_551_3": 17.635168075561523, 
    "F_861_3": Infinity, 
    "id": "spec-1598-53033-0176-QSOs-010", 
    "F_675_3": Infinity, 
    "F_737_3": Infinity, 
    "F_396_3": 18.537837982177734, 
    "F_365_3": 18.59880828857422, 
    "F_613_3": 17.282724380493164, 
    "F_706_3": Infinity, 
    "F_923_3": Infinity, 
    "F_458_3": 18.170562744140625, 
    "F_768_3": Infinity, 
    "Z": 0.046066783368587494, 
    "F_799_3": Infinity, 
    "F_427_3": 18.45735740661621, 
    "F_489_3": 17.837074279785156, 
    "F_954_3": Infinity, 
    "F_830_3": Infinity, 
    "F_582_3": 17.477636337280273, 
    "F_520_3": 17.498262405395508, 
    "F_892_3": Infinity
}