{
    "F_644_3": 20.154996871948242, 
    "F_551_3": 20.173982620239258, 
    "F_861_3": 19.84202766418457, 
    "id": "spec-6714-56447-0356-QSOs-010", 
    "F_675_3": 20.144041061401367, 
    "F_737_3": 20.135189056396484, 
    "F_396_3": 20.75303840637207, 
    "F_365_3": 20.82973861694336, 
    "F_613_3": 20.11683464050293, 
    "F_706_3": 20.11468505859375, 
    "F_923_3": 19.660890579223633, 
    "F_458_3": 20.30660629272461, 
    "F_768_3": 20.072900772094727, 
    "Z": 0.8272741436958313, 
    "F_799_3": 19.92238426208496, 
    "F_427_3": 20.49306297302246, 
    "F_489_3": 20.139949798583984, 
    "F_954_3": 19.640913009643555, 
    "F_830_3": 19.84215545654297, 
    "F_582_3": 20.092092514038086, 
    "F_520_3": 19.90328598022461, 
    "F_892_3": 19.53838348388672
}