{
    "F_644_3": 20.404523849487305, 
    "F_551_3": 20.491575241088867, 
    "F_861_3": 20.528520584106445, 
    "id": "spec-6464-56309-0506-QSOs-010", 
    "F_675_3": 20.385997772216797, 
    "F_737_3": 20.5731258392334, 
    "F_396_3": 20.95377540588379, 
    "F_365_3": 21.008819580078125, 
    "F_613_3": 20.43873405456543, 
    "F_706_3": 20.436283111572266, 
    "F_923_3": 19.892995834350586, 
    "F_458_3": 20.57826805114746, 
    "F_768_3": 20.6065731048584, 
    "Z": 0.8568264245986938, 
    "F_799_3": 20.472064971923828, 
    "F_427_3": 20.732065200805664, 
    "F_489_3": 20.55634307861328, 
    "F_954_3": 20.387554168701172, 
    "F_830_3": 20.53852081298828, 
    "F_582_3": 20.469388961791992, 
    "F_520_3": 20.221324920654297, 
    "F_892_3": 20.181102752685547
}