{
    "F_644_3": 20.99322509765625, 
    "F_551_3": 21.501848220825195, 
    "F_861_3": 20.298980712890625, 
    "id": "spec-4054-55358-0567-QSOs-010", 
    "F_675_3": 20.806232452392578, 
    "F_737_3": 20.559621810913086, 
    "F_396_3": 21.93704605102539, 
    "F_365_3": 21.675098419189453, 
    "F_613_3": 21.17597770690918, 
    "F_706_3": 20.702213287353516, 
    "F_923_3": 20.139690399169922, 
    "F_458_3": 21.79788589477539, 
    "F_768_3": 20.540122985839844, 
    "Z": 0.5194485187530518, 
    "F_799_3": 20.455459594726562, 
    "F_427_3": 21.666763305664062, 
    "F_489_3": 21.643253326416016, 
    "F_954_3": 20.19837760925293, 
    "F_830_3": 20.354524612426758, 
    "F_582_3": 21.332717895507812, 
    "F_520_3": 21.55172348022461, 
    "F_892_3": 20.237821578979492
}