{
    "F_644_3": 21.735050201416016, 
    "F_551_3": 21.53495216369629, 
    "F_861_3": 21.43073272705078, 
    "id": "spec-6464-56309-0263-QSOs-010", 
    "F_675_3": 21.673473358154297, 
    "F_737_3": 21.704530715942383, 
    "F_396_3": 22.164560317993164, 
    "F_365_3": 21.62993812561035, 
    "F_613_3": 21.636253356933594, 
    "F_706_3": 21.624780654907227, 
    "F_923_3": 20.99639892578125, 
    "F_458_3": 21.90434455871582, 
    "F_768_3": 21.582590103149414, 
    "Z": 0.9097182154655457, 
    "F_799_3": 21.579097747802734, 
    "F_427_3": 22.120319366455078, 
    "F_489_3": 21.786916732788086, 
    "F_954_3": 20.85289192199707, 
    "F_830_3": 21.39385414123535, 
    "F_582_3": 21.77305793762207, 
    "F_520_3": 21.46954917907715, 
    "F_892_3": 21.30449104309082
}