{
    "F_644_3": 21.860321044921875, 
    "F_551_3": 22.033723831176758, 
    "F_861_3": 21.691160202026367, 
    "id": "spec-6464-56309-0938-QSOs-010", 
    "F_675_3": 21.811710357666016, 
    "F_737_3": 21.916147232055664, 
    "F_396_3": 22.362171173095703, 
    "F_365_3": 22.071012496948242, 
    "F_613_3": 21.93563461303711, 
    "F_706_3": 21.75627326965332, 
    "F_923_3": 21.08094596862793, 
    "F_458_3": 22.032482147216797, 
    "F_768_3": 21.776220321655273, 
    "Z": 0.8590236306190491, 
    "F_799_3": 21.623151779174805, 
    "F_427_3": 22.24409294128418, 
    "F_489_3": 22.07392120361328, 
    "F_954_3": 21.546037673950195, 
    "F_830_3": 21.793180465698242, 
    "F_582_3": 21.99551773071289, 
    "F_520_3": 21.505538940429688, 
    "F_892_3": 21.432863235473633
}