{
    "F_644_3": 17.487661361694336, 
    "F_551_3": 17.698524475097656, 
    "F_861_3": 16.922435760498047, 
    "id": "spec-1332-52781-0441-QSOs-010", 
    "F_675_3": 17.5561466217041, 
    "F_737_3": 17.539247512817383, 
    "F_396_3": 17.91577911376953, 
    "F_365_3": 17.809598922729492, 
    "F_613_3": 17.39598274230957, 
    "F_706_3": 17.596019744873047, 
    "F_923_3": 17.323524475097656, 
    "F_458_3": 17.824575424194336, 
    "F_768_3": 17.47745704650879, 
    "Z": 0.2818647623062134, 
    "F_799_3": 17.41676902770996, 
    "F_427_3": 17.845561981201172, 
    "F_489_3": 17.852222442626953, 
    "F_954_3": Infinity, 
    "F_830_3": 16.403852462768555, 
    "F_582_3": 17.706697463989258, 
    "F_520_3": 17.85862922668457, 
    "F_892_3": 17.34489631652832
}