{
    "F_644_3": 18.386085510253906, 
    "F_551_3": 18.58336639404297, 
    "F_861_3": 17.91813087463379, 
    "id": "spec-1003-52641-0051-QSOs-010", 
    "F_675_3": 18.322086334228516, 
    "F_737_3": 18.104040145874023, 
    "F_396_3": 19.337053298950195, 
    "F_365_3": 19.337310791015625, 
    "F_613_3": 18.48314666748047, 
    "F_706_3": 17.96129035949707, 
    "F_923_3": 17.831012725830078, 
    "F_458_3": 19.001544952392578, 
    "F_768_3": 18.141183853149414, 
    "Z": 0.09792177379131317, 
    "F_799_3": 18.063018798828125, 
    "F_427_3": 19.190799713134766, 
    "F_489_3": 18.85481071472168, 
    "F_954_3": Infinity, 
    "F_830_3": 17.980148315429688, 
    "F_582_3": 18.61727523803711, 
    "F_520_3": 18.73471450805664, 
    "F_892_3": 17.85490608215332
}