{
    "F_644_3": 17.372655868530273, 
    "F_551_3": 17.636295318603516, 
    "F_861_3": 16.902177810668945, 
    "id": "spec-2167-53889-0282-QSOs-010", 
    "F_675_3": 17.338409423828125, 
    "F_737_3": 17.10525894165039, 
    "F_396_3": 17.841724395751953, 
    "F_365_3": 17.800729751586914, 
    "F_613_3": 17.535308837890625, 
    "F_706_3": 16.87862205505371, 
    "F_923_3": 16.832000732421875, 
    "F_458_3": 17.969667434692383, 
    "F_768_3": 17.103418350219727, 
    "Z": 0.09459826350212097, 
    "F_799_3": 17.03936004638672, 
    "F_427_3": 17.959081649780273, 
    "F_489_3": 17.810733795166016, 
    "F_954_3": Infinity, 
    "F_830_3": 16.95940399169922, 
    "F_582_3": 17.630359649658203, 
    "F_520_3": 17.636816024780273, 
    "F_892_3": 16.837800979614258
}