{
    "F_644_3": 17.651596069335938, 
    "F_551_3": 18.127214431762695, 
    "F_861_3": 16.971223831176758, 
    "id": "spec-0345-51690-0090-QSOs-010", 
    "F_675_3": 17.499757766723633, 
    "F_737_3": 17.324260711669922, 
    "F_396_3": 19.481971740722656, 
    "F_365_3": 19.866914749145508, 
    "F_613_3": 17.77318000793457, 
    "F_706_3": 16.989259719848633, 
    "F_923_3": 16.898250579833984, 
    "F_458_3": 18.822406768798828, 
    "F_768_3": 17.22260093688965, 
    "Z": 0.061367467045784, 
    "F_799_3": 17.11503028869629, 
    "F_427_3": 19.13908576965332, 
    "F_489_3": 18.45097541809082, 
    "F_954_3": Infinity, 
    "F_830_3": 17.077890396118164, 
    "F_582_3": 17.937053680419922, 
    "F_520_3": 17.882909774780273, 
    "F_892_3": 16.951034545898438
}