{
    "F_644_3": 20.72150993347168, 
    "F_551_3": 21.285825729370117, 
    "F_861_3": 20.850759506225586, 
    "id": "spec-6813-56419-0704-QSOs-401", 
    "F_675_3": 20.75933837890625, 
    "F_737_3": 20.806528091430664, 
    "F_396_3": 23.151514053344727, 
    "F_365_3": 22.487159729003906, 
    "F_613_3": 19.969417572021484, 
    "F_706_3": 20.715883255004883, 
    "F_923_3": 20.796873092651367, 
    "F_458_3": 21.632246017456055, 
    "F_768_3": 20.331344604492188, 
    "Z": 4.011125087738037, 
    "F_799_3": 20.721797943115234, 
    "F_427_3": 23.179136276245117, 
    "F_489_3": 21.4110107421875, 
    "F_954_3": 20.61398696899414, 
    "F_830_3": 20.667396545410156, 
    "F_582_3": 21.27046775817871, 
    "F_520_3": 21.085416793823242, 
    "F_892_3": 20.82698631286621
}