{
    "F_644_3": 20.572593688964844, 
    "F_551_3": 21.019380569458008, 
    "F_861_3": 19.612865447998047, 
    "id": "spec-4757-55653-0795-QSOs-401", 
    "F_675_3": 20.27576446533203, 
    "F_737_3": 20.03162956237793, 
    "F_396_3": 21.61063575744629, 
    "F_365_3": 21.094623565673828, 
    "F_613_3": 20.791736602783203, 
    "F_706_3": 20.108530044555664, 
    "F_923_3": 19.4855899810791, 
    "F_458_3": 20.97655487060547, 
    "F_768_3": 19.979251861572266, 
    "Z": 4.7731547355651855, 
    "F_799_3": 19.795246124267578, 
    "F_427_3": 21.3020076751709, 
    "F_489_3": 20.852094650268555, 
    "F_954_3": 19.341461181640625, 
    "F_830_3": 19.704694747924805, 
    "F_582_3": 21.22403335571289, 
    "F_520_3": 20.894506454467773, 
    "F_892_3": 19.513385772705078
}