{
    "F_644_3": 19.774051666259766, 
    "F_551_3": 21.528249740600586, 
    "F_861_3": 20.24355697631836, 
    "id": "spec-0629-52051-0348-QSOs-401", 
    "F_675_3": 20.702838897705078, 
    "F_737_3": 20.209087371826172, 
    "F_396_3": 22.209369659423828, 
    "F_365_3": 22.266359329223633, 
    "F_613_3": 22.132793426513672, 
    "F_706_3": 21.08992576599121, 
    "F_923_3": 20.309598922729492, 
    "F_458_3": 23.150348663330078, 
    "F_768_3": 20.84960174560547, 
    "Z": 4.1951727867126465, 
    "F_799_3": 19.8057804107666, 
    "F_427_3": 22.75153350830078, 
    "F_489_3": 22.67586326599121, 
    "F_954_3": Infinity, 
    "F_830_3": 20.2884578704834, 
    "F_582_3": 21.994081497192383, 
    "F_520_3": 22.181116104125977, 
    "F_892_3": 20.251676559448242
}