{
    "F_644_3": 21.552963256835938, 
    "F_551_3": 22.4482479095459, 
    "F_861_3": 21.646665573120117, 
    "id": "spec-3960-55663-0054-QSOs-401", 
    "F_675_3": 21.945783615112305, 
    "F_737_3": 21.923084259033203, 
    "F_396_3": 23.693147659301758, 
    "F_365_3": 23.016408920288086, 
    "F_613_3": 22.663475036621094, 
    "F_706_3": 21.95437240600586, 
    "F_923_3": 21.66731834411621, 
    "F_458_3": 24.00599479675293, 
    "F_768_3": 21.84376335144043, 
    "Z": 4.235711097717285, 
    "F_799_3": 21.66937255859375, 
    "F_427_3": 23.90056610107422, 
    "F_489_3": 23.440404891967773, 
    "F_954_3": 21.691648483276367, 
    "F_830_3": 21.662200927734375, 
    "F_582_3": 22.701581954956055, 
    "F_520_3": 23.305566787719727, 
    "F_892_3": 21.726455688476562
}