{
    "F_644_3": 22.44716453552246, 
    "F_551_3": 22.783952713012695, 
    "F_861_3": 21.343849182128906, 
    "id": "spec-5124-55894-0367-QSOs-401", 
    "F_675_3": 22.404682159423828, 
    "F_737_3": 21.30034065246582, 
    "F_396_3": 23.693618774414062, 
    "F_365_3": 22.811046600341797, 
    "F_613_3": 22.291732788085938, 
    "F_706_3": 20.961105346679688, 
    "F_923_3": 21.033824920654297, 
    "F_458_3": 23.891530990600586, 
    "F_768_3": 21.344646453857422, 
    "Z": 4.829643249511719, 
    "F_799_3": 21.203197479248047, 
    "F_427_3": 23.696725845336914, 
    "F_489_3": 23.822175979614258, 
    "F_954_3": 20.455543518066406, 
    "F_830_3": 21.279407501220703, 
    "F_582_3": 22.44635581970215, 
    "F_520_3": 23.291418075561523, 
    "F_892_3": 20.731962203979492
}