{
    "F_644_3": 19.455917358398438, 
    "F_551_3": 21.044986724853516, 
    "F_861_3": 19.33959197998047, 
    "id": "spec-0723-52201-0178-QSOs-401", 
    "F_675_3": 20.230072021484375, 
    "F_737_3": 20.16084861755371, 
    "F_396_3": 22.073345184326172, 
    "F_365_3": 21.978919982910156, 
    "F_613_3": 21.009008407592773, 
    "F_706_3": 20.157569885253906, 
    "F_923_3": 19.432004928588867, 
    "F_458_3": 22.806116104125977, 
    "F_768_3": 20.222122192382812, 
    "Z": 4.225901126861572, 
    "F_799_3": 19.406343460083008, 
    "F_427_3": 22.522859573364258, 
    "F_489_3": 22.140304565429688, 
    "F_954_3": Infinity, 
    "F_830_3": 19.46689224243164, 
    "F_582_3": 21.40654754638672, 
    "F_520_3": 21.433717727661133, 
    "F_892_3": 19.178869247436523
}