{
    "F_644_3": 18.918954849243164, 
    "F_551_3": 19.708332061767578, 
    "F_861_3": 18.88429069519043, 
    "id": "spec-3779-55222-0140-QSOs-401", 
    "F_675_3": 18.880279541015625, 
    "F_737_3": 18.91352081298828, 
    "F_396_3": 22.506742477416992, 
    "F_365_3": 22.126609802246094, 
    "F_613_3": 18.710912704467773, 
    "F_706_3": 18.882347106933594, 
    "F_923_3": 18.84075164794922, 
    "F_458_3": 20.869421005249023, 
    "F_768_3": 18.72038459777832, 
    "Z": 4.026538372039795, 
    "F_799_3": 18.834367752075195, 
    "F_427_3": 21.20061492919922, 
    "F_489_3": 19.8491268157959, 
    "F_954_3": 18.716567993164062, 
    "F_830_3": 18.850351333618164, 
    "F_582_3": 19.668317794799805, 
    "F_520_3": 19.392715454101562, 
    "F_892_3": 18.899938583374023
}