{
    "F_644_3": 23.016464233398438, 
    "F_551_3": 22.844755172729492, 
    "F_861_3": 22.12128448486328, 
    "id": "spec-4879-55706-0058-QSOs-401", 
    "F_675_3": 22.804407119750977, 
    "F_737_3": 22.11580467224121, 
    "F_396_3": 23.880271911621094, 
    "F_365_3": 23.281740188598633, 
    "F_613_3": 22.879676818847656, 
    "F_706_3": 21.350765228271484, 
    "F_923_3": 22.08743667602539, 
    "F_458_3": 24.391138076782227, 
    "F_768_3": 22.13538360595703, 
    "Z": 4.754339218139648, 
    "F_799_3": 21.998931884765625, 
    "F_427_3": 24.185636520385742, 
    "F_489_3": 24.074430465698242, 
    "F_954_3": 22.00238609313965, 
    "F_830_3": 22.16855239868164, 
    "F_582_3": 22.829425811767578, 
    "F_520_3": 23.636022567749023, 
    "F_892_3": 21.63741683959961
}