{
    "F_644_3": 21.938827514648438, 
    "F_551_3": 22.69223976135254, 
    "F_861_3": 21.868953704833984, 
    "id": "spec-3956-55656-0682-QSOs-401", 
    "F_675_3": 22.093679428100586, 
    "F_737_3": 22.13207244873047, 
    "F_396_3": 23.6436767578125, 
    "F_365_3": 22.866065979003906, 
    "F_613_3": 21.65955924987793, 
    "F_706_3": 22.075279235839844, 
    "F_923_3": 21.94483757019043, 
    "F_458_3": 23.557701110839844, 
    "F_768_3": 21.54180145263672, 
    "Z": 4.080483436584473, 
    "F_799_3": 21.603776931762695, 
    "F_427_3": 23.738264083862305, 
    "F_489_3": 23.111989974975586, 
    "F_954_3": 21.590919494628906, 
    "F_830_3": 21.755149841308594, 
    "F_582_3": 22.877159118652344, 
    "F_520_3": 22.77855682373047, 
    "F_892_3": 21.758602142333984
}