{
    "F_644_3": 20.100419998168945, 
    "F_551_3": 21.260709762573242, 
    "F_861_3": 20.231861114501953, 
    "id": "spec-3969-55307-0548-QSOs-401", 
    "F_675_3": 20.4013671875, 
    "F_737_3": 20.47592544555664, 
    "F_396_3": 22.423009872436523, 
    "F_365_3": 21.754932403564453, 
    "F_613_3": 19.68612289428711, 
    "F_706_3": 20.33760643005371, 
    "F_923_3": 20.3095645904541, 
    "F_458_3": 22.101924896240234, 
    "F_768_3": 20.192092895507812, 
    "Z": 4.130577564239502, 
    "F_799_3": 19.579421997070312, 
    "F_427_3": 22.453683853149414, 
    "F_489_3": 21.541751861572266, 
    "F_954_3": 20.226167678833008, 
    "F_830_3": 20.160688400268555, 
    "F_582_3": 21.318269729614258, 
    "F_520_3": 20.93607521057129, 
    "F_892_3": 20.31285858154297
}