{
    "F_644_3": 18.730226516723633, 
    "F_551_3": 20.45336151123047, 
    "F_861_3": 19.119243621826172, 
    "id": "spec-2278-53711-0290-QSOs-401", 
    "F_675_3": 19.329885482788086, 
    "F_737_3": 19.311115264892578, 
    "F_396_3": 22.570558547973633, 
    "F_365_3": 21.72855567932129, 
    "F_613_3": 20.542877197265625, 
    "F_706_3": 19.452342987060547, 
    "F_923_3": 19.24901008605957, 
    "F_458_3": 23.140464782714844, 
    "F_768_3": 19.416353225708008, 
    "Z": 4.300415515899658, 
    "F_799_3": 19.026432037353516, 
    "F_427_3": 23.059677124023438, 
    "F_489_3": 21.44313621520996, 
    "F_954_3": Infinity, 
    "F_830_3": 18.87531852722168, 
    "F_582_3": 20.90563201904297, 
    "F_520_3": 20.6737117767334, 
    "F_892_3": 19.252140045166016
}