{
    "F_644_3": 19.632762908935547, 
    "F_551_3": 20.873958587646484, 
    "F_861_3": 19.43814468383789, 
    "id": "spec-0707-52177-0625-QSOs-401", 
    "F_675_3": 19.797260284423828, 
    "F_737_3": 19.602663040161133, 
    "F_396_3": 22.390628814697266, 
    "F_365_3": 21.81719207763672, 
    "F_613_3": 20.929981231689453, 
    "F_706_3": 19.965160369873047, 
    "F_923_3": 19.349693298339844, 
    "F_458_3": 22.907325744628906, 
    "F_768_3": 19.899429321289062, 
    "Z": 4.174924373626709, 
    "F_799_3": 19.427736282348633, 
    "F_427_3": 22.966903686523438, 
    "F_489_3": 21.930984497070312, 
    "F_954_3": Infinity, 
    "F_830_3": 19.480058670043945, 
    "F_582_3": 21.104900360107422, 
    "F_520_3": 21.369102478027344, 
    "F_892_3": 19.359689712524414
}