{
    "F_644_3": 22.18621253967285, 
    "F_551_3": 22.749553680419922, 
    "F_861_3": 21.797582626342773, 
    "id": "spec-4455-55539-0664-QSOs-401", 
    "F_675_3": 22.27852439880371, 
    "F_737_3": 22.102535247802734, 
    "F_396_3": 23.642885208129883, 
    "F_365_3": 22.940269470214844, 
    "F_613_3": 21.394704818725586, 
    "F_706_3": 22.178909301757812, 
    "F_923_3": 21.775915145874023, 
    "F_458_3": 23.295028686523438, 
    "F_768_3": 21.445293426513672, 
    "Z": 4.044493198394775, 
    "F_799_3": 21.727394104003906, 
    "F_427_3": 23.611173629760742, 
    "F_489_3": 23.019350051879883, 
    "F_954_3": 21.63163185119629, 
    "F_830_3": 21.81291389465332, 
    "F_582_3": 22.707155227661133, 
    "F_520_3": 22.609783172607422, 
    "F_892_3": 21.766502380371094
}