{
    "F_644_3": 20.02671241760254, 
    "F_551_3": 21.05087661743164, 
    "F_861_3": 19.949159622192383, 
    "id": "spec-6736-56366-0385-QSOs-401", 
    "F_675_3": 20.16079330444336, 
    "F_737_3": 20.13892936706543, 
    "F_396_3": 23.192337036132812, 
    "F_365_3": 22.43808364868164, 
    "F_613_3": 20.028181076049805, 
    "F_706_3": 20.022438049316406, 
    "F_923_3": 19.976951599121094, 
    "F_458_3": 22.200441360473633, 
    "F_768_3": 19.84416389465332, 
    "Z": 4.099706649780273, 
    "F_799_3": 19.76668930053711, 
    "F_427_3": 23.425926208496094, 
    "F_489_3": 21.155691146850586, 
    "F_954_3": 19.858301162719727, 
    "F_830_3": 19.917678833007812, 
    "F_582_3": 20.962812423706055, 
    "F_520_3": 20.988990783691406, 
    "F_892_3": 19.941532135009766
}