{
    "F_644_3": 19.01783561706543, 
    "F_551_3": 20.124982833862305, 
    "F_861_3": 18.716278076171875, 
    "id": "spec-4192-55469-0114-QSOs-401", 
    "F_675_3": 19.07465362548828, 
    "F_737_3": 19.075149536132812, 
    "F_396_3": Infinity, 
    "F_365_3": Infinity, 
    "F_613_3": 19.501163482666016, 
    "F_706_3": 18.993005752563477, 
    "F_923_3": 18.59214210510254, 
    "F_458_3": 21.922775268554688, 
    "F_768_3": 18.790979385375977, 
    "Z": 4.06772518157959, 
    "F_799_3": 18.750539779663086, 
    "F_427_3": 23.758934020996094, 
    "F_489_3": 20.74498748779297, 
    "F_954_3": 18.461214065551758, 
    "F_830_3": 18.74068260192871, 
    "F_582_3": 20.33662986755371, 
    "F_520_3": 20.60469627380371, 
    "F_892_3": 18.643869400024414
}