{
    "F_644_3": 19.984697341918945, 
    "F_551_3": 20.964111328125, 
    "F_861_3": 19.718063354492188, 
    "id": "spec-5786-56251-0178-QSOs-401", 
    "F_675_3": 20.042448043823242, 
    "F_737_3": 20.056377410888672, 
    "F_396_3": 23.40065574645996, 
    "F_365_3": 22.60710334777832, 
    "F_613_3": 19.778120040893555, 
    "F_706_3": 19.90062713623047, 
    "F_923_3": 19.537151336669922, 
    "F_458_3": 22.776174545288086, 
    "F_768_3": 19.71758460998535, 
    "Z": 4.0935959815979, 
    "F_799_3": 19.662460327148438, 
    "F_427_3": 24.160154342651367, 
    "F_489_3": 21.54661750793457, 
    "F_954_3": 19.124177932739258, 
    "F_830_3": 19.715288162231445, 
    "F_582_3": 21.008207321166992, 
    "F_520_3": 21.06654930114746, 
    "F_892_3": 19.655214309692383
}