{
    "F_644_3": 19.66663360595703, 
    "F_551_3": 20.547962188720703, 
    "F_861_3": 19.758338928222656, 
    "id": "spec-6023-56069-0046-QSOs-401", 
    "F_675_3": 19.90369987487793, 
    "F_737_3": 19.84637451171875, 
    "F_396_3": 22.961456298828125, 
    "F_365_3": Infinity, 
    "F_613_3": 19.732826232910156, 
    "F_706_3": 19.726728439331055, 
    "F_923_3": 19.810958862304688, 
    "F_458_3": 21.727134704589844, 
    "F_768_3": 19.616191864013672, 
    "Z": 4.090963840484619, 
    "F_799_3": 19.624208450317383, 
    "F_427_3": 22.79816436767578, 
    "F_489_3": 20.907838821411133, 
    "F_954_3": 19.59969711303711, 
    "F_830_3": 19.738079071044922, 
    "F_582_3": 20.678831100463867, 
    "F_520_3": 20.795764923095703, 
    "F_892_3": 19.760469436645508
}