{
    "F_644_3": Infinity, 
    "F_551_3": 20.391746520996094, 
    "F_861_3": Infinity, 
    "id": "spec-1881-53261-0640-QSOs-401", 
    "F_675_3": Infinity, 
    "F_737_3": Infinity, 
    "F_396_3": 20.88841438293457, 
    "F_365_3": 21.071937561035156, 
    "F_613_3": 20.336048126220703, 
    "F_706_3": Infinity, 
    "F_923_3": Infinity, 
    "F_458_3": 20.627119064331055, 
    "F_768_3": Infinity, 
    "Z": 4.312844276428223, 
    "F_799_3": Infinity, 
    "F_427_3": 20.77505111694336, 
    "F_489_3": 20.557924270629883, 
    "F_954_3": Infinity, 
    "F_830_3": Infinity, 
    "F_582_3": 20.305234909057617, 
    "F_520_3": 20.466373443603516, 
    "F_892_3": Infinity
}