{
    "F_644_3": 21.123523712158203, 
    "F_551_3": 21.73173713684082, 
    "F_861_3": 21.116403579711914, 
    "id": "spec-5332-55981-0712-QSOs-401", 
    "F_675_3": 21.21661949157715, 
    "F_737_3": 21.19038200378418, 
    "F_396_3": 23.285348892211914, 
    "F_365_3": 22.483078002929688, 
    "F_613_3": 20.77109718322754, 
    "F_706_3": 21.119924545288086, 
    "F_923_3": 20.961462020874023, 
    "F_458_3": 22.519176483154297, 
    "F_768_3": 20.868627548217773, 
    "Z": 4.054113864898682, 
    "F_799_3": 20.994295120239258, 
    "F_427_3": 23.23416519165039, 
    "F_489_3": 22.16412925720215, 
    "F_954_3": 20.708459854125977, 
    "F_830_3": 20.987464904785156, 
    "F_582_3": 21.77397346496582, 
    "F_520_3": 21.779150009155273, 
    "F_892_3": 20.910137176513672
}