{
    "F_644_3": 19.973506927490234, 
    "F_551_3": 21.31324577331543, 
    "F_861_3": 19.699661254882812, 
    "id": "spec-0513-51989-0093-QSOs-401", 
    "F_675_3": 20.102705001831055, 
    "F_737_3": 19.964111328125, 
    "F_396_3": 22.616567611694336, 
    "F_365_3": 22.28461456298828, 
    "F_613_3": 19.622949600219727, 
    "F_706_3": 19.930917739868164, 
    "F_923_3": 19.75600242614746, 
    "F_458_3": 21.985328674316406, 
    "F_768_3": 19.498441696166992, 
    "Z": 4.0743818283081055, 
    "F_799_3": 19.593538284301758, 
    "F_427_3": 22.892824172973633, 
    "F_489_3": 21.52704620361328, 
    "F_954_3": Infinity, 
    "F_830_3": 19.679655075073242, 
    "F_582_3": 20.939767837524414, 
    "F_520_3": 21.127899169921875, 
    "F_892_3": 19.663639068603516
}