{
    "F_644_3": 22.159038543701172, 
    "F_551_3": 22.45435333251953, 
    "F_861_3": Infinity, 
    "id": "spec-5714-56660-0822-QSOs-401", 
    "F_675_3": 22.432079315185547, 
    "F_737_3": 22.352161407470703, 
    "F_396_3": Infinity, 
    "F_365_3": Infinity, 
    "F_613_3": 21.46299171447754, 
    "F_706_3": 22.30706024169922, 
    "F_923_3": Infinity, 
    "F_458_3": 23.239133834838867, 
    "F_768_3": 21.880746841430664, 
    "Z": 4.048976898193359, 
    "F_799_3": Infinity, 
    "F_427_3": 23.889175415039062, 
    "F_489_3": 22.608440399169922, 
    "F_954_3": 21.770008087158203, 
    "F_830_3": Infinity, 
    "F_582_3": 22.591392517089844, 
    "F_520_3": 22.333215713500977, 
    "F_892_3": Infinity
}