{
    "F_644_3": 21.94612693786621, 
    "F_551_3": 22.677595138549805, 
    "F_861_3": 22.17504119873047, 
    "id": "spec-7235-56603-0830-QSOs-401", 
    "F_675_3": 22.140411376953125, 
    "F_737_3": 22.20805549621582, 
    "F_396_3": 22.909461975097656, 
    "F_365_3": 21.810070037841797, 
    "F_613_3": 21.103498458862305, 
    "F_706_3": 22.09004783630371, 
    "F_923_3": 22.069255828857422, 
    "F_458_3": 23.185806274414062, 
    "F_768_3": 21.39137840270996, 
    "Z": 4.014011383056641, 
    "F_799_3": 21.996807098388672, 
    "F_427_3": 23.562149047851562, 
    "F_489_3": 22.83978271484375, 
    "F_954_3": 21.663766860961914, 
    "F_830_3": 22.011281967163086, 
    "F_582_3": 22.618757247924805, 
    "F_520_3": 22.438880920410156, 
    "F_892_3": 22.222328186035156
}