{
    "F_644_3": 21.257221221923828, 
    "F_551_3": 21.23224449157715, 
    "F_861_3": 19.593931198120117, 
    "id": "spec-4776-55652-0108-QSOs-401", 
    "F_675_3": 20.07366943359375, 
    "F_737_3": 19.936683654785156, 
    "F_396_3": 22.750272750854492, 
    "F_365_3": 22.44167137145996, 
    "F_613_3": 21.462617874145508, 
    "F_706_3": 19.495746612548828, 
    "F_923_3": 19.788127899169922, 
    "F_458_3": 23.184064865112305, 
    "F_768_3": 19.975311279296875, 
    "Z": 4.6839141845703125, 
    "F_799_3": 19.812448501586914, 
    "F_427_3": 22.936054229736328, 
    "F_489_3": 23.61075210571289, 
    "F_954_3": 19.711164474487305, 
    "F_830_3": 19.907136917114258, 
    "F_582_3": 20.891632080078125, 
    "F_520_3": 21.920698165893555, 
    "F_892_3": 19.60797119140625
}