{
    "F_644_3": 20.71874237060547, 
    "F_551_3": 21.476356506347656, 
    "F_861_3": 20.771026611328125, 
    "id": "spec-4459-55533-0165-QSOs-401", 
    "F_675_3": 20.845067977905273, 
    "F_737_3": 20.885393142700195, 
    "F_396_3": 22.81502342224121, 
    "F_365_3": 22.032922744750977, 
    "F_613_3": 20.104320526123047, 
    "F_706_3": 20.808774948120117, 
    "F_923_3": 20.71809196472168, 
    "F_458_3": 22.30480194091797, 
    "F_768_3": 20.461210250854492, 
    "Z": 4.020463943481445, 
    "F_799_3": 20.664562225341797, 
    "F_427_3": 23.173992156982422, 
    "F_489_3": 21.82621192932129, 
    "F_954_3": 20.450035095214844, 
    "F_830_3": 20.630632400512695, 
    "F_582_3": 21.616252899169922, 
    "F_520_3": 21.372882843017578, 
    "F_892_3": 20.744245529174805
}