{
    "F_644_3": 20.268766403198242, 
    "F_551_3": 21.39252471923828, 
    "F_861_3": 20.403030395507812, 
    "id": "spec-6476-56358-0915-QSOs-401", 
    "F_675_3": 20.551668167114258, 
    "F_737_3": 20.580623626708984, 
    "F_396_3": 23.682788848876953, 
    "F_365_3": 22.581161499023438, 
    "F_613_3": 19.9899959564209, 
    "F_706_3": 20.461050033569336, 
    "F_923_3": 20.373945236206055, 
    "F_458_3": 22.821657180786133, 
    "F_768_3": 20.217323303222656, 
    "Z": 4.092300891876221, 
    "F_799_3": 20.22060775756836, 
    "F_427_3": 24.149812698364258, 
    "F_489_3": 21.614046096801758, 
    "F_954_3": 20.190505981445312, 
    "F_830_3": 20.396453857421875, 
    "F_582_3": 21.382856369018555, 
    "F_520_3": 21.430234909057617, 
    "F_892_3": 20.40913963317871
}