{
    "F_644_3": 20.901626586914062, 
    "F_551_3": 21.444007873535156, 
    "F_861_3": 19.052337646484375, 
    "id": "spec-3755-55504-0576-QSOs-401", 
    "F_675_3": 19.26654624938965, 
    "F_737_3": 19.497943878173828, 
    "F_396_3": 22.943958282470703, 
    "F_365_3": 22.529462814331055, 
    "F_613_3": 21.057144165039062, 
    "F_706_3": 19.002330780029297, 
    "F_923_3": 19.20966339111328, 
    "F_458_3": 23.195270538330078, 
    "F_768_3": 19.517141342163086, 
    "Z": 4.673714637756348, 
    "F_799_3": 19.41065788269043, 
    "F_427_3": 22.98348045349121, 
    "F_489_3": 23.83301544189453, 
    "F_954_3": 19.26262855529785, 
    "F_830_3": 19.452011108398438, 
    "F_582_3": 20.580463409423828, 
    "F_520_3": 22.279970169067383, 
    "F_892_3": 19.030881881713867
}