{
    "F_644_3": 19.73691177368164, 
    "F_551_3": 20.572616577148438, 
    "F_861_3": 19.83174705505371, 
    "id": "spec-3670-55480-0328-QSOs-401", 
    "F_675_3": 19.94468116760254, 
    "F_737_3": 19.922462463378906, 
    "F_396_3": 22.830787658691406, 
    "F_365_3": 22.247905731201172, 
    "F_613_3": 19.892932891845703, 
    "F_706_3": 19.841468811035156, 
    "F_923_3": 19.79900550842285, 
    "F_458_3": 22.095584869384766, 
    "F_768_3": 19.787946701049805, 
    "Z": 4.117194652557373, 
    "F_799_3": 19.67382049560547, 
    "F_427_3": 23.196636199951172, 
    "F_489_3": 20.840755462646484, 
    "F_954_3": 19.70493507385254, 
    "F_830_3": 19.804821014404297, 
    "F_582_3": 20.681703567504883, 
    "F_520_3": 20.53302574157715, 
    "F_892_3": 19.832063674926758
}