{
    "F_644_3": 19.4212646484375, 
    "F_551_3": 20.355281829833984, 
    "F_861_3": 19.17542839050293, 
    "id": "spec-1379-53084-0419-QSOs-401", 
    "F_675_3": 19.421247482299805, 
    "F_737_3": 19.334457397460938, 
    "F_396_3": 23.203697204589844, 
    "F_365_3": Infinity, 
    "F_613_3": 19.265031814575195, 
    "F_706_3": 19.34552764892578, 
    "F_923_3": 19.134370803833008, 
    "F_458_3": 21.26554298400879, 
    "F_768_3": 19.17032241821289, 
    "Z": 4.027356147766113, 
    "F_799_3": 19.18086051940918, 
    "F_427_3": 22.21377182006836, 
    "F_489_3": 20.58122444152832, 
    "F_954_3": Infinity, 
    "F_830_3": 19.203704833984375, 
    "F_582_3": 20.105424880981445, 
    "F_520_3": 20.317012786865234, 
    "F_892_3": 19.10947036743164
}