{
    "F_644_3": 21.236331939697266, 
    "F_551_3": 22.134069442749023, 
    "F_861_3": 21.102989196777344, 
    "id": "spec-4642-55926-0788-QSOs-401", 
    "F_675_3": 21.239635467529297, 
    "F_737_3": 21.254764556884766, 
    "F_396_3": 23.01590347290039, 
    "F_365_3": 22.032270431518555, 
    "F_613_3": 21.098037719726562, 
    "F_706_3": 21.172443389892578, 
    "F_923_3": 20.97603988647461, 
    "F_458_3": 22.95958137512207, 
    "F_768_3": 20.873674392700195, 
    "Z": 4.043071269989014, 
    "F_799_3": 20.970561981201172, 
    "F_427_3": 23.61284637451172, 
    "F_489_3": 22.277326583862305, 
    "F_954_3": 20.81133270263672, 
    "F_830_3": 21.05950927734375, 
    "F_582_3": 21.98518943786621, 
    "F_520_3": 22.069284439086914, 
    "F_892_3": 20.998069763183594
}