{
    "F_644_3": 20.708467483520508, 
    "F_551_3": 21.331741333007812, 
    "F_861_3": 19.65155601501465, 
    "id": "spec-4711-55737-0257-QSOs-401", 
    "F_675_3": 20.451345443725586, 
    "F_737_3": 20.115501403808594, 
    "F_396_3": 21.991065979003906, 
    "F_365_3": 21.702430725097656, 
    "F_613_3": 21.05533790588379, 
    "F_706_3": 20.218406677246094, 
    "F_923_3": 19.449893951416016, 
    "F_458_3": 21.227739334106445, 
    "F_768_3": 20.028865814208984, 
    "Z": 4.719788551330566, 
    "F_799_3": 19.922515869140625, 
    "F_427_3": 21.565771102905273, 
    "F_489_3": 21.179256439208984, 
    "F_954_3": 19.39303207397461, 
    "F_830_3": 19.768054962158203, 
    "F_582_3": 21.46125030517578, 
    "F_520_3": 21.31061553955078, 
    "F_892_3": 19.52402687072754
}