{
    "F_644_3": 20.03268814086914, 
    "F_551_3": 20.93400001525879, 
    "F_861_3": 19.8994083404541, 
    "id": "spec-5375-55973-0392-QSOs-401", 
    "F_675_3": 20.029457092285156, 
    "F_737_3": 20.070737838745117, 
    "F_396_3": 23.082305908203125, 
    "F_365_3": 22.35246467590332, 
    "F_613_3": 19.612150192260742, 
    "F_706_3": 19.89097023010254, 
    "F_923_3": 19.873241424560547, 
    "F_458_3": 22.571502685546875, 
    "F_768_3": 19.612089157104492, 
    "Z": 4.034471035003662, 
    "F_799_3": 19.800573348999023, 
    "F_427_3": 24.192935943603516, 
    "F_489_3": 21.63222885131836, 
    "F_954_3": 19.618772506713867, 
    "F_830_3": 19.81572914123535, 
    "F_582_3": 21.409061431884766, 
    "F_520_3": 20.86225128173828, 
    "F_892_3": 19.898197174072266
}