{
    "F_644_3": 18.027103424072266, 
    "F_551_3": 19.052452087402344, 
    "F_861_3": 18.10597801208496, 
    "id": "spec-4799-55656-0446-QSOs-401", 
    "F_675_3": 18.282745361328125, 
    "F_737_3": 18.267513275146484, 
    "F_396_3": 22.385499954223633, 
    "F_365_3": 22.96858787536621, 
    "F_613_3": 17.81589126586914, 
    "F_706_3": 18.18140983581543, 
    "F_923_3": 18.10013198852539, 
    "F_458_3": 19.867809295654297, 
    "F_768_3": 18.06380271911621, 
    "Z": 4.107221603393555, 
    "F_799_3": 17.969581604003906, 
    "F_427_3": 21.864850997924805, 
    "F_489_3": 19.28730583190918, 
    "F_954_3": 17.9471435546875, 
    "F_830_3": 18.082448959350586, 
    "F_582_3": 18.97343635559082, 
    "F_520_3": 19.013383865356445, 
    "F_892_3": 18.062803268432617
}