{
    "F_644_3": 22.021196365356445, 
    "F_551_3": 22.427946090698242, 
    "F_861_3": 21.07965087890625, 
    "id": "spec-4892-55738-0020-QSOs-401", 
    "F_675_3": 22.217540740966797, 
    "F_737_3": 20.633609771728516, 
    "F_396_3": 23.08176040649414, 
    "F_365_3": 22.47195816040039, 
    "F_613_3": 21.796903610229492, 
    "F_706_3": 20.687427520751953, 
    "F_923_3": 20.5487060546875, 
    "F_458_3": 23.452558517456055, 
    "F_768_3": 21.02773094177246, 
    "Z": 4.8994550704956055, 
    "F_799_3": 21.029949188232422, 
    "F_427_3": 23.400434494018555, 
    "F_489_3": 23.704998016357422, 
    "F_954_3": 20.916860580444336, 
    "F_830_3": 20.954038619995117, 
    "F_582_3": 22.14324378967285, 
    "F_520_3": 23.68549919128418, 
    "F_892_3": 20.862133026123047
}