{
    "F_644_3": 20.154558181762695, 
    "F_551_3": 20.650672912597656, 
    "F_861_3": 19.400646209716797, 
    "id": "spec-4997-55738-0253-QSOs-401", 
    "F_675_3": 19.986631393432617, 
    "F_737_3": 19.704347610473633, 
    "F_396_3": 21.38161849975586, 
    "F_365_3": 21.619571685791016, 
    "F_613_3": 20.517759323120117, 
    "F_706_3": 19.832239151000977, 
    "F_923_3": 19.25722885131836, 
    "F_458_3": 20.471670150756836, 
    "F_768_3": 19.621023178100586, 
    "Z": 4.6742753982543945, 
    "F_799_3": 19.554853439331055, 
    "F_427_3": 20.781831741333008, 
    "F_489_3": 20.45999526977539, 
    "F_954_3": 19.214763641357422, 
    "F_830_3": 19.536813735961914, 
    "F_582_3": 20.757858276367188, 
    "F_520_3": 20.55306625366211, 
    "F_892_3": 19.311660766601562
}