{
    "F_644_3": 19.9102783203125, 
    "F_551_3": 20.609989166259766, 
    "F_861_3": 19.871599197387695, 
    "id": "spec-5861-56069-0846-QSOs-401", 
    "F_675_3": 19.997159957885742, 
    "F_737_3": 20.002059936523438, 
    "F_396_3": 21.92213249206543, 
    "F_365_3": 21.66290855407715, 
    "F_613_3": 19.47463035583496, 
    "F_706_3": 19.863676071166992, 
    "F_923_3": 19.83277702331543, 
    "F_458_3": 21.097436904907227, 
    "F_768_3": 19.610559463500977, 
    "Z": 4.064183235168457, 
    "F_799_3": 19.78462028503418, 
    "F_427_3": 22.035432815551758, 
    "F_489_3": 20.74071502685547, 
    "F_954_3": 19.59608268737793, 
    "F_830_3": 19.830387115478516, 
    "F_582_3": 20.747209548950195, 
    "F_520_3": 20.442195892333984, 
    "F_892_3": 19.840003967285156
}