{
    "F_644_3": 20.446361541748047, 
    "F_551_3": 21.38187599182129, 
    "F_861_3": 20.34368896484375, 
    "id": "spec-6804-56447-0636-QSOs-401", 
    "F_675_3": 20.527114868164062, 
    "F_737_3": 20.552703857421875, 
    "F_396_3": 23.005308151245117, 
    "F_365_3": 21.91071128845215, 
    "F_613_3": 19.877662658691406, 
    "F_706_3": 20.39708709716797, 
    "F_923_3": 20.267148971557617, 
    "F_458_3": 22.190855026245117, 
    "F_768_3": 20.093618392944336, 
    "Z": 4.029597759246826, 
    "F_799_3": 20.300647735595703, 
    "F_427_3": 23.50821876525879, 
    "F_489_3": 21.47628402709961, 
    "F_954_3": 20.056781768798828, 
    "F_830_3": 20.326711654663086, 
    "F_582_3": 21.16803550720215, 
    "F_520_3": 21.21234130859375, 
    "F_892_3": 20.310808181762695
}