{
    "F_644_3": 19.786531448364258, 
    "F_551_3": 20.358741760253906, 
    "F_861_3": 19.93824005126953, 
    "id": "spec-5722-56008-0646-QSOs-401", 
    "F_675_3": 19.873716354370117, 
    "F_737_3": 19.956457138061523, 
    "F_396_3": 22.828020095825195, 
    "F_365_3": 22.231189727783203, 
    "F_613_3": 19.59307289123535, 
    "F_706_3": 19.795562744140625, 
    "F_923_3": 19.938440322875977, 
    "F_458_3": 20.9501895904541, 
    "F_768_3": 19.741302490234375, 
    "Z": 4.071088790893555, 
    "F_799_3": 19.833011627197266, 
    "F_427_3": 22.529735565185547, 
    "F_489_3": 20.449907302856445, 
    "F_954_3": 19.862531661987305, 
    "F_830_3": 19.90500259399414, 
    "F_582_3": 20.473995208740234, 
    "F_520_3": 20.274450302124023, 
    "F_892_3": 19.938268661499023
}