{
    "F_644_3": 19.65040397644043, 
    "F_551_3": 20.752500534057617, 
    "F_861_3": 19.78026580810547, 
    "id": "spec-6409-56306-0490-QSOs-401", 
    "F_675_3": 19.894962310791016, 
    "F_737_3": 20.02741241455078, 
    "F_396_3": 22.807613372802734, 
    "F_365_3": 22.25922966003418, 
    "F_613_3": 18.93772315979004, 
    "F_706_3": 19.76839828491211, 
    "F_923_3": 19.669218063354492, 
    "F_458_3": 22.097389221191406, 
    "F_768_3": 19.292171478271484, 
    "Z": 4.052215099334717, 
    "F_799_3": 19.603723526000977, 
    "F_427_3": 23.44466209411621, 
    "F_489_3": 21.193204879760742, 
    "F_954_3": 19.35259246826172, 
    "F_830_3": 19.660743713378906, 
    "F_582_3": 20.808767318725586, 
    "F_520_3": 20.587528228759766, 
    "F_892_3": 19.68130874633789
}