{
    "F_644_3": 19.54843521118164, 
    "F_551_3": 20.42621612548828, 
    "F_861_3": 19.62108039855957, 
    "id": "spec-3927-55333-0015-QSOs-401", 
    "F_675_3": 19.772693634033203, 
    "F_737_3": 19.788137435913086, 
    "F_396_3": 22.85424041748047, 
    "F_365_3": 22.25931739807129, 
    "F_613_3": 19.556215286254883, 
    "F_706_3": 19.61409568786621, 
    "F_923_3": 19.591367721557617, 
    "F_458_3": 21.932388305664062, 
    "F_768_3": 19.535646438598633, 
    "Z": 4.099177837371826, 
    "F_799_3": 19.43612289428711, 
    "F_427_3": 23.709077835083008, 
    "F_489_3": 20.769514083862305, 
    "F_954_3": 19.461681365966797, 
    "F_830_3": 19.577627182006836, 
    "F_582_3": 20.77388572692871, 
    "F_520_3": 20.478303909301758, 
    "F_892_3": 19.574554443359375
}