{
    "F_644_3": 20.17701530456543, 
    "F_551_3": 21.294296264648438, 
    "F_861_3": 20.592622756958008, 
    "id": "spec-4069-55365-0631-QSOs-401", 
    "F_675_3": 20.831180572509766, 
    "F_737_3": 20.70998764038086, 
    "F_396_3": 22.805217742919922, 
    "F_365_3": 21.98769760131836, 
    "F_613_3": 21.64446258544922, 
    "F_706_3": 20.814407348632812, 
    "F_923_3": 20.66240692138672, 
    "F_458_3": 23.022668838500977, 
    "F_768_3": 20.814043045043945, 
    "Z": 4.258904933929443, 
    "F_799_3": 20.342754364013672, 
    "F_427_3": 23.184673309326172, 
    "F_489_3": 22.050174713134766, 
    "F_954_3": 20.692920684814453, 
    "F_830_3": 20.533510208129883, 
    "F_582_3": 21.643796920776367, 
    "F_520_3": 21.8077449798584, 
    "F_892_3": 20.705768585205078
}