{
    "F_644_3": Infinity, 
    "F_551_3": 21.643896102905273, 
    "F_861_3": Infinity, 
    "id": "spec-3128-54776-0639-QSOs-401", 
    "F_675_3": Infinity, 
    "F_737_3": Infinity, 
    "F_396_3": 23.70631217956543, 
    "F_365_3": 23.70551109313965, 
    "F_613_3": 21.793180465698242, 
    "F_706_3": Infinity, 
    "F_923_3": Infinity, 
    "F_458_3": 22.882675170898438, 
    "F_768_3": Infinity, 
    "Z": 4.131146430969238, 
    "F_799_3": Infinity, 
    "F_427_3": 23.522024154663086, 
    "F_489_3": 22.387802124023438, 
    "F_954_3": Infinity, 
    "F_830_3": Infinity, 
    "F_582_3": 21.360153198242188, 
    "F_520_3": 21.98269271850586, 
    "F_892_3": Infinity
}