{
    "F_644_3": 20.1456241607666, 
    "F_551_3": 21.07475471496582, 
    "F_861_3": 20.226261138916016, 
    "id": "spec-6055-56102-0513-QSOs-401", 
    "F_675_3": 20.303367614746094, 
    "F_737_3": 20.340669631958008, 
    "F_396_3": 22.586280822753906, 
    "F_365_3": 22.299190521240234, 
    "F_613_3": 19.344924926757812, 
    "F_706_3": 20.215896606445312, 
    "F_923_3": 20.176488876342773, 
    "F_458_3": 22.003999710083008, 
    "F_768_3": 19.63094711303711, 
    "Z": 4.052087783813477, 
    "F_799_3": 19.951786041259766, 
    "F_427_3": 22.360393524169922, 
    "F_489_3": 21.530120849609375, 
    "F_954_3": 19.87823486328125, 
    "F_830_3": 20.026824951171875, 
    "F_582_3": 21.161741256713867, 
    "F_520_3": 20.953712463378906, 
    "F_892_3": 20.223648071289062
}