{
    "F_644_3": 22.196365356445312, 
    "F_551_3": 22.32626724243164, 
    "F_861_3": 20.969999313354492, 
    "id": "spec-4848-55955-0318-QSOs-401", 
    "F_675_3": 22.183975219726562, 
    "F_737_3": 20.946439743041992, 
    "F_396_3": 23.40656852722168, 
    "F_365_3": 22.42156219482422, 
    "F_613_3": 21.85500717163086, 
    "F_706_3": 20.21701431274414, 
    "F_923_3": 20.780656814575195, 
    "F_458_3": 23.77015495300293, 
    "F_768_3": 21.055814743041992, 
    "Z": 4.788396835327148, 
    "F_799_3": 20.925270080566406, 
    "F_427_3": 23.41189956665039, 
    "F_489_3": 23.870878219604492, 
    "F_954_3": 20.645172119140625, 
    "F_830_3": 20.976545333862305, 
    "F_582_3": 21.935985565185547, 
    "F_520_3": 23.15593719482422, 
    "F_892_3": 20.349124908447266
}