{
    "F_644_3": 21.71562385559082, 
    "F_551_3": 21.872100830078125, 
    "F_861_3": 19.323970794677734, 
    "id": "spec-7101-56659-0232-QSOs-401", 
    "F_675_3": 19.395328521728516, 
    "F_737_3": 20.199352264404297, 
    "F_396_3": 22.79076385498047, 
    "F_365_3": 22.513042449951172, 
    "F_613_3": 20.9931640625, 
    "F_706_3": 19.639055252075195, 
    "F_923_3": 19.53965187072754, 
    "F_458_3": 22.92522430419922, 
    "F_768_3": 19.78251075744629, 
    "Z": 4.6105055809021, 
    "F_799_3": 20.05265998840332, 
    "F_427_3": 22.74859046936035, 
    "F_489_3": 23.083948135375977, 
    "F_954_3": 19.46898078918457, 
    "F_830_3": 20.544349670410156, 
    "F_582_3": 20.815040588378906, 
    "F_520_3": 22.146333694458008, 
    "F_892_3": 19.518383026123047
}