{
    "F_644_3": Infinity, 
    "F_551_3": 22.367782592773438, 
    "F_861_3": Infinity, 
    "id": "spec-0624-52377-0304-QSOs-401", 
    "F_675_3": Infinity, 
    "F_737_3": Infinity, 
    "F_396_3": 23.739591598510742, 
    "F_365_3": 23.661008834838867, 
    "F_613_3": Infinity, 
    "F_706_3": Infinity, 
    "F_923_3": Infinity, 
    "F_458_3": 24.249773025512695, 
    "F_768_3": Infinity, 
    "Z": 4.631961822509766, 
    "F_799_3": Infinity, 
    "F_427_3": 23.670745849609375, 
    "F_489_3": 24.05826759338379, 
    "F_954_3": Infinity, 
    "F_830_3": Infinity, 
    "F_582_3": 21.86699104309082, 
    "F_520_3": 23.033353805541992, 
    "F_892_3": Infinity
}