{
    "F_644_3": 19.160104751586914, 
    "F_551_3": 20.24588966369629, 
    "F_861_3": 19.164932250976562, 
    "id": "spec-0724-52254-0113-QSOs-401", 
    "F_675_3": 19.37795639038086, 
    "F_737_3": 19.36498260498047, 
    "F_396_3": 22.4924373626709, 
    "F_365_3": 22.262466430664062, 
    "F_613_3": 19.118785858154297, 
    "F_706_3": 19.293996810913086, 
    "F_923_3": 19.219911575317383, 
    "F_458_3": 21.437339782714844, 
    "F_768_3": 19.062959671020508, 
    "Z": 4.061760902404785, 
    "F_799_3": 19.032026290893555, 
    "F_427_3": 22.488136291503906, 
    "F_489_3": 20.684005737304688, 
    "F_954_3": Infinity, 
    "F_830_3": 19.047636032104492, 
    "F_582_3": 20.13346290588379, 
    "F_520_3": 20.51801109313965, 
    "F_892_3": 18.938514709472656
}