{
    "F_644_3": 22.458877563476562, 
    "F_551_3": 22.570755004882812, 
    "F_861_3": Infinity, 
    "id": "spec-6268-56245-0434-QSOs-401", 
    "F_675_3": 22.54530143737793, 
    "F_737_3": 22.86747932434082, 
    "F_396_3": 23.544395446777344, 
    "F_365_3": 22.516342163085938, 
    "F_613_3": 21.71367073059082, 
    "F_706_3": 22.627098083496094, 
    "F_923_3": Infinity, 
    "F_458_3": 23.127248764038086, 
    "F_768_3": 22.160097122192383, 
    "Z": 4.047199249267578, 
    "F_799_3": 22.486217498779297, 
    "F_427_3": 23.633272171020508, 
    "F_489_3": 22.903650283813477, 
    "F_954_3": Infinity, 
    "F_830_3": Infinity, 
    "F_582_3": 22.928564071655273, 
    "F_520_3": 22.68039321899414, 
    "F_892_3": Infinity
}