{
    "F_644_3": 20.437744140625, 
    "F_551_3": 21.269742965698242, 
    "F_861_3": 20.537412643432617, 
    "id": "spec-6704-56388-0829-QSOs-401", 
    "F_675_3": 20.616098403930664, 
    "F_737_3": 20.672372817993164, 
    "F_396_3": 22.684295654296875, 
    "F_365_3": 21.834808349609375, 
    "F_613_3": 20.28065299987793, 
    "F_706_3": 20.589550018310547, 
    "F_923_3": 20.365327835083008, 
    "F_458_3": 22.006813049316406, 
    "F_768_3": 20.441177368164062, 
    "Z": 4.097153663635254, 
    "F_799_3": 20.427490234375, 
    "F_427_3": 22.947345733642578, 
    "F_489_3": 21.533018112182617, 
    "F_954_3": 20.066387176513672, 
    "F_830_3": 20.492326736450195, 
    "F_582_3": 21.269207000732422, 
    "F_520_3": 21.31190299987793, 
    "F_892_3": 20.38947105407715
}