{
    "F_644_3": 22.09487533569336, 
    "F_551_3": 22.27801513671875, 
    "F_861_3": 20.593921661376953, 
    "id": "spec-5807-56329-0032-QSOs-401", 
    "F_675_3": 21.32624053955078, 
    "F_737_3": 21.110759735107422, 
    "F_396_3": 23.0706844329834, 
    "F_365_3": 22.270748138427734, 
    "F_613_3": 22.002885818481445, 
    "F_706_3": 20.90500259399414, 
    "F_923_3": 20.76264762878418, 
    "F_458_3": 23.355892181396484, 
    "F_768_3": 20.968948364257812, 
    "Z": 4.652385711669922, 
    "F_799_3": 20.914676666259766, 
    "F_427_3": 23.317441940307617, 
    "F_489_3": 23.417861938476562, 
    "F_954_3": 20.695682525634766, 
    "F_830_3": 20.965166091918945, 
    "F_582_3": 22.040283203125, 
    "F_520_3": 22.822269439697266, 
    "F_892_3": 20.665122985839844
}