{
    "F_644_3": 21.545854568481445, 
    "F_551_3": 22.603496551513672, 
    "F_861_3": 19.835350036621094, 
    "id": "spec-0918-52404-0260-QSOs-401", 
    "F_675_3": 21.547956466674805, 
    "F_737_3": 19.691062927246094, 
    "F_396_3": 22.999855041503906, 
    "F_365_3": 22.40884780883789, 
    "F_613_3": 21.228599548339844, 
    "F_706_3": 19.42595672607422, 
    "F_923_3": 19.315204620361328, 
    "F_458_3": 24.235021591186523, 
    "F_768_3": 19.95330047607422, 
    "Z": 4.8168253898620605, 
    "F_799_3": 19.751991271972656, 
    "F_427_3": 23.496341705322266, 
    "F_489_3": NaN, 
    "F_954_3": Infinity, 
    "F_830_3": 19.953771591186523, 
    "F_582_3": 21.465744018554688, 
    "F_520_3": 23.66874122619629, 
    "F_892_3": 19.325111389160156
}