{
    "F_644_3": 22.11098861694336, 
    "F_551_3": 23.299299240112305, 
    "F_861_3": 21.992359161376953, 
    "id": "spec-3937-55352-0402-QSOs-401", 
    "F_675_3": 22.204381942749023, 
    "F_737_3": 22.09393310546875, 
    "F_396_3": Infinity, 
    "F_365_3": Infinity, 
    "F_613_3": 20.771371841430664, 
    "F_706_3": 22.035606384277344, 
    "F_923_3": 21.869842529296875, 
    "F_458_3": 23.64834213256836, 
    "F_768_3": 21.198020935058594, 
    "Z": 4.023552417755127, 
    "F_799_3": 21.836389541625977, 
    "F_427_3": 24.123523712158203, 
    "F_489_3": 23.309728622436523, 
    "F_954_3": 21.741914749145508, 
    "F_830_3": 21.695165634155273, 
    "F_582_3": 23.6778564453125, 
    "F_520_3": 22.977479934692383, 
    "F_892_3": 22.0118350982666
}