{
    "F_644_3": 20.537729263305664, 
    "F_551_3": 21.35748863220215, 
    "F_861_3": 20.34253692626953, 
    "id": "spec-4685-55657-0200-QSOs-401", 
    "F_675_3": 20.60295295715332, 
    "F_737_3": 20.64328956604004, 
    "F_396_3": 22.595243453979492, 
    "F_365_3": 22.15571403503418, 
    "F_613_3": 20.079326629638672, 
    "F_706_3": 20.438636779785156, 
    "F_923_3": 20.252744674682617, 
    "F_458_3": 22.11166000366211, 
    "F_768_3": 20.136133193969727, 
    "Z": 4.049867630004883, 
    "F_799_3": 20.28763198852539, 
    "F_427_3": 22.862789154052734, 
    "F_489_3": 21.837657928466797, 
    "F_954_3": 20.067943572998047, 
    "F_830_3": 20.279132843017578, 
    "F_582_3": 21.474702835083008, 
    "F_520_3": 21.11504554748535, 
    "F_892_3": 20.313135147094727
}