{
    "F_644_3": 19.66767692565918, 
    "F_551_3": 20.715482711791992, 
    "F_861_3": 19.470623016357422, 
    "id": "spec-1865-53312-0364-QSOs-401", 
    "F_675_3": 19.673492431640625, 
    "F_737_3": 19.646455764770508, 
    "F_396_3": 22.677865982055664, 
    "F_365_3": 22.37534523010254, 
    "F_613_3": 19.051025390625, 
    "F_706_3": 19.522371292114258, 
    "F_923_3": 19.280263900756836, 
    "F_458_3": 21.583614349365234, 
    "F_768_3": 19.14957618713379, 
    "Z": 4.020916938781738, 
    "F_799_3": 19.360166549682617, 
    "F_427_3": 22.629161834716797, 
    "F_489_3": 20.826492309570312, 
    "F_954_3": Infinity, 
    "F_830_3": 19.322965621948242, 
    "F_582_3": 20.513103485107422, 
    "F_520_3": 20.610986709594727, 
    "F_892_3": 19.36804962158203
}