{
    "F_644_3": 19.379314422607422, 
    "F_551_3": 20.53858757019043, 
    "F_861_3": 19.46868896484375, 
    "id": "spec-1242-52901-0071-QSOs-401", 
    "F_675_3": 19.790756225585938, 
    "F_737_3": 19.683822631835938, 
    "F_396_3": Infinity, 
    "F_365_3": Infinity, 
    "F_613_3": 20.53571891784668, 
    "F_706_3": 19.71546745300293, 
    "F_923_3": 19.403457641601562, 
    "F_458_3": 22.797950744628906, 
    "F_768_3": 19.634262084960938, 
    "Z": 4.209070682525635, 
    "F_799_3": 19.351491928100586, 
    "F_427_3": Infinity, 
    "F_489_3": 21.250032424926758, 
    "F_954_3": Infinity, 
    "F_830_3": 19.504688262939453, 
    "F_582_3": 20.746259689331055, 
    "F_520_3": 20.839527130126953, 
    "F_892_3": 19.380258560180664
}