{
    "F_644_3": 21.08307647705078, 
    "F_551_3": 21.775596618652344, 
    "F_861_3": 20.933961868286133, 
    "id": "spec-6832-56426-0374-QSOs-401", 
    "F_675_3": 21.12430191040039, 
    "F_737_3": 21.10894775390625, 
    "F_396_3": 22.95745849609375, 
    "F_365_3": 22.122175216674805, 
    "F_613_3": 20.490854263305664, 
    "F_706_3": 20.986928939819336, 
    "F_923_3": 20.801128387451172, 
    "F_458_3": 22.41707420349121, 
    "F_768_3": 20.57581329345703, 
    "Z": 4.04653263092041, 
    "F_799_3": 20.750642776489258, 
    "F_427_3": 23.14036750793457, 
    "F_489_3": 22.125778198242188, 
    "F_954_3": 20.563720703125, 
    "F_830_3": 20.82910919189453, 
    "F_582_3": 21.87032699584961, 
    "F_520_3": 21.627187728881836, 
    "F_892_3": 20.88841438293457
}