{
    "F_644_3": 21.124116897583008, 
    "F_551_3": 21.830230712890625, 
    "F_861_3": 20.91630744934082, 
    "id": "spec-5468-56014-0630-QSOs-401", 
    "F_675_3": 21.254194259643555, 
    "F_737_3": 21.15213394165039, 
    "F_396_3": 22.8325138092041, 
    "F_365_3": 22.165468215942383, 
    "F_613_3": 20.128175735473633, 
    "F_706_3": 20.996307373046875, 
    "F_923_3": 20.931533813476562, 
    "F_458_3": 22.33575439453125, 
    "F_768_3": 20.51032829284668, 
    "Z": 4.02223014831543, 
    "F_799_3": 20.899700164794922, 
    "F_427_3": 22.771547317504883, 
    "F_489_3": 22.07868766784668, 
    "F_954_3": 20.505569458007812, 
    "F_830_3": 20.840410232543945, 
    "F_582_3": 21.7991886138916, 
    "F_520_3": 21.622323989868164, 
    "F_892_3": 20.922718048095703
}