{
    "F_644_3": 20.149702072143555, 
    "F_551_3": 21.04990577697754, 
    "F_861_3": 19.764726638793945, 
    "id": "spec-4727-55693-0102-QSOs-401", 
    "F_675_3": 20.385263442993164, 
    "F_737_3": 21.064882278442383, 
    "F_396_3": 22.809675216674805, 
    "F_365_3": 22.200183868408203, 
    "F_613_3": 19.544836044311523, 
    "F_706_3": 20.041309356689453, 
    "F_923_3": 19.474885940551758, 
    "F_458_3": 22.832412719726562, 
    "F_768_3": 19.609304428100586, 
    "Z": 4.020379066467285, 
    "F_799_3": 19.748004913330078, 
    "F_427_3": 23.656063079833984, 
    "F_489_3": 22.26984977722168, 
    "F_954_3": 19.363990783691406, 
    "F_830_3": 19.77566909790039, 
    "F_582_3": 21.823007583618164, 
    "F_520_3": 20.89474105834961, 
    "F_892_3": 19.777116775512695
}