{
    "F_644_3": 17.95963478088379, 
    "F_551_3": 19.101303100585938, 
    "F_861_3": 18.18940544128418, 
    "id": "spec-0509-52374-0509-QSOs-401", 
    "F_675_3": 18.31840705871582, 
    "F_737_3": 18.33066177368164, 
    "F_396_3": 21.18417739868164, 
    "F_365_3": 20.930761337280273, 
    "F_613_3": 18.26228141784668, 
    "F_706_3": 18.19550132751465, 
    "F_923_3": 18.10381317138672, 
    "F_458_3": 20.07978057861328, 
    "F_768_3": 18.144378662109375, 
    "Z": 4.158176898956299, 
    "F_799_3": 17.924104690551758, 
    "F_427_3": 20.564186096191406, 
    "F_489_3": 19.567707061767578, 
    "F_954_3": Infinity, 
    "F_830_3": 18.10506248474121, 
    "F_582_3": 19.29007911682129, 
    "F_520_3": 19.206523895263672, 
    "F_892_3": 18.138992309570312
}