{
    "F_644_3": 19.433128356933594, 
    "F_551_3": 20.702468872070312, 
    "F_861_3": 19.468950271606445, 
    "id": "spec-2374-53765-0551-QSOs-401", 
    "F_675_3": 19.74073028564453, 
    "F_737_3": 19.65487289428711, 
    "F_396_3": 22.426746368408203, 
    "F_365_3": 22.559988021850586, 
    "F_613_3": 21.1978702545166, 
    "F_706_3": 19.86686134338379, 
    "F_923_3": 19.149106979370117, 
    "F_458_3": 22.539152145385742, 
    "F_768_3": 19.97871971130371, 
    "Z": 4.126904487609863, 
    "F_799_3": 19.315446853637695, 
    "F_427_3": 22.64902687072754, 
    "F_489_3": 21.51410484313965, 
    "F_954_3": Infinity, 
    "F_830_3": 19.408899307250977, 
    "F_582_3": 20.820560455322266, 
    "F_520_3": 21.037403106689453, 
    "F_892_3": 19.427085876464844
}