{
    "F_644_3": 20.86634635925293, 
    "F_551_3": 21.935155868530273, 
    "F_861_3": 20.959217071533203, 
    "id": "spec-3861-55274-0432-QSOs-401", 
    "F_675_3": 21.100305557250977, 
    "F_737_3": 21.089353561401367, 
    "F_396_3": 23.587963104248047, 
    "F_365_3": Infinity, 
    "F_613_3": 20.787975311279297, 
    "F_706_3": 21.000730514526367, 
    "F_923_3": 20.77707862854004, 
    "F_458_3": 22.830400466918945, 
    "F_768_3": 20.915075302124023, 
    "Z": 4.12925910949707, 
    "F_799_3": 20.62879180908203, 
    "F_427_3": 23.55527687072754, 
    "F_489_3": 22.236404418945312, 
    "F_954_3": 20.767330169677734, 
    "F_830_3": 20.844125747680664, 
    "F_582_3": 21.982681274414062, 
    "F_520_3": 22.11121368408203, 
    "F_892_3": 20.819801330566406
}