{
    "F_644_3": 18.783151626586914, 
    "F_551_3": 19.299951553344727, 
    "F_861_3": 18.473724365234375, 
    "id": "spec-3589-55186-0186-QSOs-401", 
    "F_675_3": 18.73883819580078, 
    "F_737_3": 18.570178985595703, 
    "F_396_3": 20.820266723632812, 
    "F_365_3": 21.041343688964844, 
    "F_613_3": 19.031574249267578, 
    "F_706_3": 18.657047271728516, 
    "F_923_3": 18.428903579711914, 
    "F_458_3": 20.086288452148438, 
    "F_768_3": 18.5336971282959, 
    "Z": 4.151355266571045, 
    "F_799_3": 18.521156311035156, 
    "F_427_3": 20.339731216430664, 
    "F_489_3": 19.795713424682617, 
    "F_954_3": 18.343482971191406, 
    "F_830_3": 18.493587493896484, 
    "F_582_3": 19.148056030273438, 
    "F_520_3": 19.542926788330078, 
    "F_892_3": 18.453855514526367
}