{
    "F_644_3": 19.990829467773438, 
    "F_551_3": 21.19855308532715, 
    "F_861_3": 20.294239044189453, 
    "id": "spec-3590-55201-0338-QSOs-401", 
    "F_675_3": 20.362138748168945, 
    "F_737_3": 20.40065574645996, 
    "F_396_3": 23.65530014038086, 
    "F_365_3": Infinity, 
    "F_613_3": 20.774539947509766, 
    "F_706_3": 20.31229019165039, 
    "F_923_3": 20.280513763427734, 
    "F_458_3": 22.345340728759766, 
    "F_768_3": 20.36334228515625, 
    "Z": 4.1792497634887695, 
    "F_799_3": 20.012495040893555, 
    "F_427_3": 23.400592803955078, 
    "F_489_3": 21.777753829956055, 
    "F_954_3": 20.161088943481445, 
    "F_830_3": 20.2578182220459, 
    "F_582_3": 21.381322860717773, 
    "F_520_3": 21.142108917236328, 
    "F_892_3": 20.25795555114746
}