{
    "F_644_3": 20.287109375, 
    "F_551_3": 21.18343162536621, 
    "F_861_3": 20.08132553100586, 
    "id": "spec-6417-56308-0639-QSOs-401", 
    "F_675_3": 20.287445068359375, 
    "F_737_3": 20.283004760742188, 
    "F_396_3": 23.13702964782715, 
    "F_365_3": 22.271970748901367, 
    "F_613_3": 19.8563232421875, 
    "F_706_3": 20.25507354736328, 
    "F_923_3": 19.991254806518555, 
    "F_458_3": 21.945817947387695, 
    "F_768_3": 19.845130920410156, 
    "Z": 4.014646530151367, 
    "F_799_3": 20.05896759033203, 
    "F_427_3": 22.73653221130371, 
    "F_489_3": 21.321683883666992, 
    "F_954_3": 19.738971710205078, 
    "F_830_3": 20.04085350036621, 
    "F_582_3": 21.166452407836914, 
    "F_520_3": 20.88447380065918, 
    "F_892_3": 20.023210525512695
}