{
    "F_644_3": 19.228076934814453, 
    "F_551_3": 20.131807327270508, 
    "F_861_3": 19.253131866455078, 
    "id": "spec-6740-56401-0528-QSOs-401", 
    "F_675_3": 19.3521728515625, 
    "F_737_3": 19.412057876586914, 
    "F_396_3": 22.063007354736328, 
    "F_365_3": 21.589218139648438, 
    "F_613_3": 18.58588218688965, 
    "F_706_3": 19.277645111083984, 
    "F_923_3": 19.20105743408203, 
    "F_458_3": 20.89697265625, 
    "F_768_3": 18.935710906982422, 
    "Z": 4.0512518882751465, 
    "F_799_3": 19.166589736938477, 
    "F_427_3": 22.067394256591797, 
    "F_489_3": 20.50721549987793, 
    "F_954_3": 18.98179817199707, 
    "F_830_3": 19.18701934814453, 
    "F_582_3": 20.401958465576172, 
    "F_520_3": 19.816171646118164, 
    "F_892_3": 19.2248592376709
}