{
    "F_644_3": 20.28333854675293, 
    "F_551_3": 21.17768096923828, 
    "F_861_3": 20.262699127197266, 
    "id": "spec-6021-56067-0806-QSOs-401", 
    "F_675_3": 20.51273536682129, 
    "F_737_3": 20.4802188873291, 
    "F_396_3": 23.01719093322754, 
    "F_365_3": 22.26668930053711, 
    "F_613_3": 19.846269607543945, 
    "F_706_3": 20.330793380737305, 
    "F_923_3": 20.202180862426758, 
    "F_458_3": 22.11513328552246, 
    "F_768_3": 20.083053588867188, 
    "Z": 4.045837879180908, 
    "F_799_3": 20.240015029907227, 
    "F_427_3": 22.891813278198242, 
    "F_489_3": 21.509765625, 
    "F_954_3": 19.942840576171875, 
    "F_830_3": 20.252042770385742, 
    "F_582_3": 21.306072235107422, 
    "F_520_3": 21.176708221435547, 
    "F_892_3": 20.23133659362793
}