{
    "F_644_3": 21.368894577026367, 
    "F_551_3": 21.993837356567383, 
    "F_861_3": 20.081375122070312, 
    "id": "spec-6462-56326-0482-QSOs-401", 
    "F_675_3": 20.266799926757812, 
    "F_737_3": 20.132150650024414, 
    "F_396_3": 23.252431869506836, 
    "F_365_3": 22.712759017944336, 
    "F_613_3": 21.24091148376465, 
    "F_706_3": 19.79151153564453, 
    "F_923_3": 19.849225997924805, 
    "F_458_3": 23.411026000976562, 
    "F_768_3": 20.2785587310791, 
    "Z": 4.684849739074707, 
    "F_799_3": 20.218355178833008, 
    "F_427_3": 23.245176315307617, 
    "F_489_3": 23.382516860961914, 
    "F_954_3": 19.903165817260742, 
    "F_830_3": 20.31186294555664, 
    "F_582_3": 21.114269256591797, 
    "F_520_3": 22.483524322509766, 
    "F_892_3": 19.8590145111084
}