{
    "F_644_3": 20.310880661010742, 
    "F_551_3": 21.17902183532715, 
    "F_861_3": 20.35885238647461, 
    "id": "spec-4407-55884-0634-QSOs-401", 
    "F_675_3": 20.478681564331055, 
    "F_737_3": 20.4897403717041, 
    "F_396_3": 23.346433639526367, 
    "F_365_3": 22.63758087158203, 
    "F_613_3": 19.565292358398438, 
    "F_706_3": 20.372127532958984, 
    "F_923_3": 20.37982940673828, 
    "F_458_3": 22.10717010498047, 
    "F_768_3": 19.872142791748047, 
    "Z": 4.063807964324951, 
    "F_799_3": 20.109554290771484, 
    "F_427_3": 23.54204750061035, 
    "F_489_3": 21.522979736328125, 
    "F_954_3": 20.280738830566406, 
    "F_830_3": 20.17871856689453, 
    "F_582_3": 21.49252700805664, 
    "F_520_3": 20.91377067565918, 
    "F_892_3": 20.414880752563477
}