{
    "F_644_3": 20.72916603088379, 
    "F_551_3": 21.76592445373535, 
    "F_861_3": 20.866010665893555, 
    "id": "spec-4182-55446-0632-QSOs-401", 
    "F_675_3": 20.96600341796875, 
    "F_737_3": 21.123611450195312, 
    "F_396_3": 23.398876190185547, 
    "F_365_3": 22.52261734008789, 
    "F_613_3": 20.339275360107422, 
    "F_706_3": 20.88095474243164, 
    "F_923_3": 20.815210342407227, 
    "F_458_3": 23.023208618164062, 
    "F_768_3": 20.63457489013672, 
    "Z": 4.096355438232422, 
    "F_799_3": 20.530500411987305, 
    "F_427_3": 23.971452713012695, 
    "F_489_3": 22.2581787109375, 
    "F_954_3": 20.69913101196289, 
    "F_830_3": 20.741086959838867, 
    "F_582_3": 21.944204330444336, 
    "F_520_3": 21.622758865356445, 
    "F_892_3": 20.905658721923828
}