{
    "F_644_3": 19.283288955688477, 
    "F_551_3": 19.984708786010742, 
    "F_861_3": 19.26403045654297, 
    "id": "spec-4796-55924-0502-QSOs-401", 
    "F_675_3": 19.409076690673828, 
    "F_737_3": 19.351604461669922, 
    "F_396_3": 22.528038024902344, 
    "F_365_3": 21.944690704345703, 
    "F_613_3": 19.097427368164062, 
    "F_706_3": 19.227340698242188, 
    "F_923_3": 19.207395553588867, 
    "F_458_3": 20.92395782470703, 
    "F_768_3": 19.082677841186523, 
    "Z": 4.063933849334717, 
    "F_799_3": 19.212162017822266, 
    "F_427_3": 22.917484283447266, 
    "F_489_3": 20.235187530517578, 
    "F_954_3": 19.051494598388672, 
    "F_830_3": 19.270105361938477, 
    "F_582_3": 20.12325668334961, 
    "F_520_3": 19.9017276763916, 
    "F_892_3": 19.238332748413086
}