{
    "F_644_3": 19.885740280151367, 
    "F_551_3": 20.638933181762695, 
    "F_861_3": 19.513174057006836, 
    "id": "spec-4648-55673-0652-QSOs-401", 
    "F_675_3": 19.800596237182617, 
    "F_737_3": 19.779760360717773, 
    "F_396_3": 22.666889190673828, 
    "F_365_3": 21.79717445373535, 
    "F_613_3": 19.625749588012695, 
    "F_706_3": 19.671287536621094, 
    "F_923_3": 19.403968811035156, 
    "F_458_3": 22.424579620361328, 
    "F_768_3": 19.42572784423828, 
    "Z": 4.0164971351623535, 
    "F_799_3": 19.572858810424805, 
    "F_427_3": 23.910520553588867, 
    "F_489_3": 21.143991470336914, 
    "F_954_3": 19.09048843383789, 
    "F_830_3": 19.534317016601562, 
    "F_582_3": 21.02931022644043, 
    "F_520_3": 20.587608337402344, 
    "F_892_3": 19.5067195892334
}