{
    "F_644_3": 21.98531150817871, 
    "F_551_3": 22.729551315307617, 
    "F_861_3": 21.879993438720703, 
    "id": "spec-4610-55621-0542-QSOs-401", 
    "F_675_3": 22.110645294189453, 
    "F_737_3": 21.946552276611328, 
    "F_396_3": 23.417600631713867, 
    "F_365_3": 22.600177764892578, 
    "F_613_3": 21.305505752563477, 
    "F_706_3": 21.9686279296875, 
    "F_923_3": 21.865116119384766, 
    "F_458_3": 23.560806274414062, 
    "F_768_3": 21.39388084411621, 
    "Z": 4.03335428237915, 
    "F_799_3": 21.75201416015625, 
    "F_427_3": 23.812541961669922, 
    "F_489_3": 23.095243453979492, 
    "F_954_3": 21.45758056640625, 
    "F_830_3": 21.721006393432617, 
    "F_582_3": 22.78797721862793, 
    "F_520_3": 22.803104400634766, 
    "F_892_3": 21.861587524414062
}