{
    "F_644_3": 20.425458908081055, 
    "F_551_3": 21.673723220825195, 
    "F_861_3": 20.277889251708984, 
    "id": "spec-2527-54569-0008-QSOs-401", 
    "F_675_3": 20.601760864257812, 
    "F_737_3": 20.334089279174805, 
    "F_396_3": Infinity, 
    "F_365_3": Infinity, 
    "F_613_3": 21.645397186279297, 
    "F_706_3": 20.549510955810547, 
    "F_923_3": 19.66817283630371, 
    "F_458_3": Infinity, 
    "F_768_3": 20.489389419555664, 
    "Z": 4.248111248016357, 
    "F_799_3": 20.06071662902832, 
    "F_427_3": Infinity, 
    "F_489_3": Infinity, 
    "F_954_3": Infinity, 
    "F_830_3": 20.101444244384766, 
    "F_582_3": 21.714506149291992, 
    "F_520_3": 22.465333938598633, 
    "F_892_3": 19.942548751831055
}