{
    "F_644_3": 19.273113250732422, 
    "F_551_3": 20.46131706237793, 
    "F_861_3": 19.41837501525879, 
    "id": "spec-1574-53476-0519-QSOs-401", 
    "F_675_3": 19.578222274780273, 
    "F_737_3": 19.535484313964844, 
    "F_396_3": 22.697378158569336, 
    "F_365_3": Infinity, 
    "F_613_3": 19.795804977416992, 
    "F_706_3": 19.501649856567383, 
    "F_923_3": 19.415285110473633, 
    "F_458_3": 21.774457931518555, 
    "F_768_3": 19.453182220458984, 
    "Z": 4.158196926116943, 
    "F_799_3": 19.16259765625, 
    "F_427_3": 22.56300163269043, 
    "F_489_3": 20.686437606811523, 
    "F_954_3": Infinity, 
    "F_830_3": 19.368011474609375, 
    "F_582_3": 20.476245880126953, 
    "F_520_3": 20.411237716674805, 
    "F_892_3": 19.43223762512207
}