{
    "F_644_3": 21.421361923217773, 
    "F_551_3": 22.245342254638672, 
    "F_861_3": 21.43093490600586, 
    "id": "spec-7449-56740-0120-QSOs-401", 
    "F_675_3": 21.487993240356445, 
    "F_737_3": 21.61859893798828, 
    "F_396_3": 23.6755313873291, 
    "F_365_3": 23.081647872924805, 
    "F_613_3": 21.140905380249023, 
    "F_706_3": 21.43245506286621, 
    "F_923_3": 21.321006774902344, 
    "F_458_3": 23.194868087768555, 
    "F_768_3": 21.428081512451172, 
    "Z": 4.106135368347168, 
    "F_799_3": 21.259212493896484, 
    "F_427_3": 23.73601722717285, 
    "F_489_3": 22.808490753173828, 
    "F_954_3": 21.46037483215332, 
    "F_830_3": 21.45061492919922, 
    "F_582_3": 22.312835693359375, 
    "F_520_3": 22.603967666625977, 
    "F_892_3": 21.31770133972168
}