{
    "F_644_3": 21.251977920532227, 
    "F_551_3": 22.318679809570312, 
    "F_861_3": 21.25619125366211, 
    "id": "spec-6493-56338-0798-QSOs-401", 
    "F_675_3": 21.39779281616211, 
    "F_737_3": 21.266857147216797, 
    "F_396_3": 23.08578109741211, 
    "F_365_3": 22.006654739379883, 
    "F_613_3": 19.878028869628906, 
    "F_706_3": 21.25118064880371, 
    "F_923_3": 21.05664825439453, 
    "F_458_3": 22.70757293701172, 
    "F_768_3": 20.374778747558594, 
    "Z": 4.017897605895996, 
    "F_799_3": 21.095890045166016, 
    "F_427_3": 22.839725494384766, 
    "F_489_3": 22.438486099243164, 
    "F_954_3": 20.64126968383789, 
    "F_830_3": 20.997364044189453, 
    "F_582_3": 22.114978790283203, 
    "F_520_3": 21.848480224609375, 
    "F_892_3": 21.081998825073242
}