{
    "F_644_3": 19.350496292114258, 
    "F_551_3": 20.607847213745117, 
    "F_861_3": 19.56399154663086, 
    "id": "spec-0831-52294-0483-QSOs-401", 
    "F_675_3": 19.955184936523438, 
    "F_737_3": 19.802921295166016, 
    "F_396_3": 22.30447006225586, 
    "F_365_3": Infinity, 
    "F_613_3": 20.518339157104492, 
    "F_706_3": 19.951698303222656, 
    "F_923_3": 19.432950973510742, 
    "F_458_3": 22.113168716430664, 
    "F_768_3": 19.860183715820312, 
    "Z": 4.210097312927246, 
    "F_799_3": 19.323835372924805, 
    "F_427_3": 22.72783660888672, 
    "F_489_3": 21.41770362854004, 
    "F_954_3": Infinity, 
    "F_830_3": 19.57948112487793, 
    "F_582_3": 21.204063415527344, 
    "F_520_3": 20.878337860107422, 
    "F_892_3": 19.393299102783203
}