{
    "F_644_3": 20.145736694335938, 
    "F_551_3": 21.079301834106445, 
    "F_861_3": 20.082517623901367, 
    "id": "spec-6440-56370-0326-QSOs-401", 
    "F_675_3": 20.39192771911621, 
    "F_737_3": 20.324739456176758, 
    "F_396_3": 22.52696990966797, 
    "F_365_3": 21.724355697631836, 
    "F_613_3": 19.661376953125, 
    "F_706_3": 20.225170135498047, 
    "F_923_3": 20.038894653320312, 
    "F_458_3": 22.208908081054688, 
    "F_768_3": 19.9058780670166, 
    "Z": 4.096744060516357, 
    "F_799_3": 19.71748924255371, 
    "F_427_3": 22.713897705078125, 
    "F_489_3": 21.422649383544922, 
    "F_954_3": 19.84320831298828, 
    "F_830_3": 20.008140563964844, 
    "F_582_3": 21.144142150878906, 
    "F_520_3": 20.910383224487305, 
    "F_892_3": 20.040433883666992
}