{
    "F_644_3": 19.514286041259766, 
    "F_551_3": 20.583763122558594, 
    "F_861_3": 19.28267478942871, 
    "id": "spec-6974-56442-0390-QSOs-401", 
    "F_675_3": 19.531944274902344, 
    "F_737_3": 19.525033950805664, 
    "F_396_3": Infinity, 
    "F_365_3": Infinity, 
    "F_613_3": 18.907405853271484, 
    "F_706_3": 19.399593353271484, 
    "F_923_3": 19.16326332092285, 
    "F_458_3": Infinity, 
    "F_768_3": 19.003808975219727, 
    "Z": 4.010886192321777, 
    "F_799_3": 19.221881866455078, 
    "F_427_3": Infinity, 
    "F_489_3": Infinity, 
    "F_954_3": 18.813777923583984, 
    "F_830_3": 19.20751953125, 
    "F_582_3": 20.82948875427246, 
    "F_520_3": 20.319679260253906, 
    "F_892_3": 19.2559757232666
}