{
    "F_644_3": 21.228914260864258, 
    "F_551_3": 21.53834342956543, 
    "F_861_3": 20.11652946472168, 
    "id": "spec-3868-55360-0046-QSOs-401", 
    "F_675_3": 21.27153968811035, 
    "F_737_3": 20.129926681518555, 
    "F_396_3": 23.58246421813965, 
    "F_365_3": 23.366119384765625, 
    "F_613_3": 21.188716888427734, 
    "F_706_3": 20.037748336791992, 
    "F_923_3": 20.061662673950195, 
    "F_458_3": 23.54448699951172, 
    "F_768_3": 20.13774299621582, 
    "Z": 4.702259540557861, 
    "F_799_3": 20.057083129882812, 
    "F_427_3": 23.280519485473633, 
    "F_489_3": 24.59261703491211, 
    "F_954_3": 20.07023048400879, 
    "F_830_3": 20.140914916992188, 
    "F_582_3": 21.48284912109375, 
    "F_520_3": 22.605546951293945, 
    "F_892_3": 19.96946144104004
}