{
    "F_644_3": 20.82612419128418, 
    "F_551_3": 21.104318618774414, 
    "F_861_3": 19.227792739868164, 
    "id": "spec-6665-56390-0736-QSOs-401", 
    "F_675_3": 19.139619827270508, 
    "F_737_3": 19.818862915039062, 
    "F_396_3": 23.988706588745117, 
    "F_365_3": 22.876474380493164, 
    "F_613_3": 20.82387924194336, 
    "F_706_3": 19.532896041870117, 
    "F_923_3": 19.533178329467773, 
    "F_458_3": 23.539274215698242, 
    "F_768_3": 19.725696563720703, 
    "Z": 4.6119208335876465, 
    "F_799_3": 19.747901916503906, 
    "F_427_3": 23.608644485473633, 
    "F_489_3": 22.52722930908203, 
    "F_954_3": 19.606597900390625, 
    "F_830_3": 19.769981384277344, 
    "F_582_3": 20.7349853515625, 
    "F_520_3": 21.48826789855957, 
    "F_892_3": 19.562761306762695
}