{
    "F_644_3": 20.785802841186523, 
    "F_551_3": 21.916370391845703, 
    "F_861_3": 20.89044952392578, 
    "id": "spec-6443-56367-0082-QSOs-401", 
    "F_675_3": 20.933929443359375, 
    "F_737_3": 20.968318939208984, 
    "F_396_3": 23.37969398498535, 
    "F_365_3": 22.508426666259766, 
    "F_613_3": 20.428607940673828, 
    "F_706_3": 20.818328857421875, 
    "F_923_3": 20.997373580932617, 
    "F_458_3": 22.760149002075195, 
    "F_768_3": 20.488460540771484, 
    "Z": 4.072869777679443, 
    "F_799_3": 20.61207389831543, 
    "F_427_3": 24.12674903869629, 
    "F_489_3": 21.968786239624023, 
    "F_954_3": 20.728595733642578, 
    "F_830_3": 20.749752044677734, 
    "F_582_3": 21.90315055847168, 
    "F_520_3": 21.476869583129883, 
    "F_892_3": 20.927534103393555
}