{
    "F_644_3": 21.366111755371094, 
    "F_551_3": 21.653263092041016, 
    "F_861_3": 21.29380226135254, 
    "id": "spec-6029-56099-0990-QSOs-401", 
    "F_675_3": 21.38909149169922, 
    "F_737_3": 21.40912437438965, 
    "F_396_3": 22.368295669555664, 
    "F_365_3": 21.825002670288086, 
    "F_613_3": 20.782882690429688, 
    "F_706_3": 21.322608947753906, 
    "F_923_3": 21.149919509887695, 
    "F_458_3": 22.345521926879883, 
    "F_768_3": 20.96696662902832, 
    "Z": 4.012075424194336, 
    "F_799_3": 21.24266815185547, 
    "F_427_3": 22.575387954711914, 
    "F_489_3": 22.0012149810791, 
    "F_954_3": 20.60898780822754, 
    "F_830_3": 21.167503356933594, 
    "F_582_3": 21.88526725769043, 
    "F_520_3": 21.806821823120117, 
    "F_892_3": 21.04576301574707
}