{
    "F_644_3": 20.48858642578125, 
    "F_551_3": 21.16385269165039, 
    "F_861_3": 20.186363220214844, 
    "id": "spec-5997-56309-0976-QSOs-401", 
    "F_675_3": 20.44082260131836, 
    "F_737_3": 20.424072265625, 
    "F_396_3": 23.316198348999023, 
    "F_365_3": 22.724449157714844, 
    "F_613_3": 20.427888870239258, 
    "F_706_3": 20.376073837280273, 
    "F_923_3": 20.087129592895508, 
    "F_458_3": 22.660892486572266, 
    "F_768_3": 20.15484619140625, 
    "Z": 4.062874794006348, 
    "F_799_3": 20.245637893676758, 
    "F_427_3": 23.523967742919922, 
    "F_489_3": 21.805240631103516, 
    "F_954_3": 19.926782608032227, 
    "F_830_3": 20.197429656982422, 
    "F_582_3": 21.380298614501953, 
    "F_520_3": 21.347932815551758, 
    "F_892_3": 20.14849281311035
}