{
    "F_644_3": 20.091793060302734, 
    "F_551_3": 20.764984130859375, 
    "F_861_3": 20.1448917388916, 
    "id": "spec-6670-56389-0016-QSOs-401", 
    "F_675_3": 20.199378967285156, 
    "F_737_3": 20.239717483520508, 
    "F_396_3": 22.243484497070312, 
    "F_365_3": 21.814912796020508, 
    "F_613_3": 19.38203239440918, 
    "F_706_3": 20.144031524658203, 
    "F_923_3": 20.171092987060547, 
    "F_458_3": 21.273971557617188, 
    "F_768_3": 19.767057418823242, 
    "Z": 4.042553424835205, 
    "F_799_3": 20.020835876464844, 
    "F_427_3": 21.869752883911133, 
    "F_489_3": 20.927900314331055, 
    "F_954_3": 19.80126190185547, 
    "F_830_3": 20.023418426513672, 
    "F_582_3": 20.950759887695312, 
    "F_520_3": 20.61320686340332, 
    "F_892_3": 20.06978988647461
}