{
    "F_644_3": 21.82926368713379, 
    "F_551_3": 22.49162483215332, 
    "F_861_3": Infinity, 
    "id": "spec-4240-55455-0883-QSOs-401", 
    "F_675_3": 21.803102493286133, 
    "F_737_3": 21.767410278320312, 
    "F_396_3": 23.315166473388672, 
    "F_365_3": 22.77309226989746, 
    "F_613_3": 21.242523193359375, 
    "F_706_3": 21.726388931274414, 
    "F_923_3": Infinity, 
    "F_458_3": 23.401823043823242, 
    "F_768_3": 21.11505699157715, 
    "Z": 4.028400897979736, 
    "F_799_3": Infinity, 
    "F_427_3": 23.353195190429688, 
    "F_489_3": 23.220691680908203, 
    "F_954_3": 21.26762580871582, 
    "F_830_3": Infinity, 
    "F_582_3": 22.436250686645508, 
    "F_520_3": 22.875377655029297, 
    "F_892_3": Infinity
}