{
    "F_644_3": 20.624130249023438, 
    "F_551_3": 21.647539138793945, 
    "F_861_3": 20.760677337646484, 
    "id": "spec-6004-56066-0564-QSOs-401", 
    "F_675_3": 20.825927734375, 
    "F_737_3": 20.855825424194336, 
    "F_396_3": 23.24762725830078, 
    "F_365_3": 22.598554611206055, 
    "F_613_3": 20.22659683227539, 
    "F_706_3": 20.70784568786621, 
    "F_923_3": 20.862876892089844, 
    "F_458_3": 22.6747989654541, 
    "F_768_3": 20.495563507080078, 
    "Z": 4.104753494262695, 
    "F_799_3": 20.3416748046875, 
    "F_427_3": 23.223392486572266, 
    "F_489_3": 21.763395309448242, 
    "F_954_3": 20.828510284423828, 
    "F_830_3": 20.614974975585938, 
    "F_582_3": 21.64900016784668, 
    "F_520_3": 21.414575576782227, 
    "F_892_3": 20.80703353881836
}