{
    "F_644_3": 20.228713989257812, 
    "F_551_3": 21.178302764892578, 
    "F_861_3": 20.1713924407959, 
    "id": "spec-0462-51909-0180-QSOs-401", 
    "F_675_3": 20.4353084564209, 
    "F_737_3": 20.469377517700195, 
    "F_396_3": Infinity, 
    "F_365_3": 21.922828674316406, 
    "F_613_3": 20.35175323486328, 
    "F_706_3": 20.376054763793945, 
    "F_923_3": 19.89826202392578, 
    "F_458_3": 22.733524322509766, 
    "F_768_3": 20.22205924987793, 
    "Z": 4.092135906219482, 
    "F_799_3": 20.102420806884766, 
    "F_427_3": Infinity, 
    "F_489_3": 21.673290252685547, 
    "F_954_3": Infinity, 
    "F_830_3": 20.257732391357422, 
    "F_582_3": 21.228418350219727, 
    "F_520_3": 21.246660232543945, 
    "F_892_3": 19.950939178466797
}