{
    "F_644_3": Infinity, 
    "F_551_3": 19.648529052734375, 
    "F_861_3": Infinity, 
    "id": "spec-0853-52374-0048-QSOs-401", 
    "F_675_3": Infinity, 
    "F_737_3": Infinity, 
    "F_396_3": 20.736452102661133, 
    "F_365_3": 21.03514862060547, 
    "F_613_3": 19.379453659057617, 
    "F_706_3": Infinity, 
    "F_923_3": Infinity, 
    "F_458_3": 20.08370018005371, 
    "F_768_3": Infinity, 
    "Z": 4.2959699630737305, 
    "F_799_3": Infinity, 
    "F_427_3": 20.409664154052734, 
    "F_489_3": 19.940279006958008, 
    "F_954_3": Infinity, 
    "F_830_3": Infinity, 
    "F_582_3": 19.5264949798584, 
    "F_520_3": 19.735008239746094, 
    "F_892_3": Infinity
}