{
    "F_644_3": 21.25290870666504, 
    "F_551_3": 22.312297821044922, 
    "F_861_3": 21.053054809570312, 
    "id": "spec-4242-55476-0210-QSOs-401", 
    "F_675_3": 21.41754722595215, 
    "F_737_3": 21.337472915649414, 
    "F_396_3": 22.92921257019043, 
    "F_365_3": 22.36944580078125, 
    "F_613_3": 21.135316848754883, 
    "F_706_3": 21.241296768188477, 
    "F_923_3": 20.9378662109375, 
    "F_458_3": 23.064388275146484, 
    "F_768_3": 20.98178482055664, 
    "Z": 4.105130195617676, 
    "F_799_3": 20.794513702392578, 
    "F_427_3": 23.337158203125, 
    "F_489_3": 22.769512176513672, 
    "F_954_3": 20.812482833862305, 
    "F_830_3": 21.013124465942383, 
    "F_582_3": 22.337379455566406, 
    "F_520_3": 22.556238174438477, 
    "F_892_3": 20.980789184570312
}