{
    "F_644_3": 20.995357513427734, 
    "F_551_3": 21.748565673828125, 
    "F_861_3": 20.86789894104004, 
    "id": "spec-6006-56105-0616-QSOs-401", 
    "F_675_3": 21.113191604614258, 
    "F_737_3": 21.0822811126709, 
    "F_396_3": 22.393884658813477, 
    "F_365_3": 21.866209030151367, 
    "F_613_3": 20.114534378051758, 
    "F_706_3": 20.89356231689453, 
    "F_923_3": 20.75274658203125, 
    "F_458_3": 22.184133529663086, 
    "F_768_3": 20.398696899414062, 
    "Z": 4.032759666442871, 
    "F_799_3": 20.76811981201172, 
    "F_427_3": 22.572490692138672, 
    "F_489_3": 21.971603393554688, 
    "F_954_3": 20.353078842163086, 
    "F_830_3": 20.71038055419922, 
    "F_582_3": 21.78630256652832, 
    "F_520_3": 21.40488052368164, 
    "F_892_3": 20.800535202026367
}