{
    "F_644_3": 20.843524932861328, 
    "F_551_3": 22.215999603271484, 
    "F_861_3": 21.420059204101562, 
    "id": "spec-4059-55360-0598-QSOs-401", 
    "F_675_3": 21.659025192260742, 
    "F_737_3": 21.635784149169922, 
    "F_396_3": 23.35698699951172, 
    "F_365_3": 22.31850242614746, 
    "F_613_3": 22.20042610168457, 
    "F_706_3": 21.747629165649414, 
    "F_923_3": 21.499998092651367, 
    "F_458_3": 23.891454696655273, 
    "F_768_3": 21.831560134887695, 
    "Z": 4.24012565612793, 
    "F_799_3": 21.110872268676758, 
    "F_427_3": 23.796321868896484, 
    "F_489_3": 23.007854461669922, 
    "F_954_3": 21.63198471069336, 
    "F_830_3": 21.34320068359375, 
    "F_582_3": 22.377037048339844, 
    "F_520_3": 22.508216857910156, 
    "F_892_3": 21.702667236328125
}