{
    "F_644_3": 19.61126708984375, 
    "F_551_3": 20.54583740234375, 
    "F_861_3": 19.414865493774414, 
    "id": "spec-4857-55711-0382-QSOs-401", 
    "F_675_3": 19.738161087036133, 
    "F_737_3": 19.633386611938477, 
    "F_396_3": 22.68938636779785, 
    "F_365_3": 22.113399505615234, 
    "F_613_3": 19.224050521850586, 
    "F_706_3": 19.538549423217773, 
    "F_923_3": 19.322195053100586, 
    "F_458_3": 21.40117645263672, 
    "F_768_3": 19.24413299560547, 
    "Z": 4.036522388458252, 
    "F_799_3": 19.448862075805664, 
    "F_427_3": 22.47909164428711, 
    "F_489_3": 20.574190139770508, 
    "F_954_3": 19.1286563873291, 
    "F_830_3": 19.419662475585938, 
    "F_582_3": 20.474515914916992, 
    "F_520_3": 20.26484489440918, 
    "F_892_3": 19.381298065185547
}