{
    "F_644_3": Infinity, 
    "F_551_3": 21.443485260009766, 
    "F_861_3": Infinity, 
    "id": "spec-2151-54523-0304-QSOs-401", 
    "F_675_3": Infinity, 
    "F_737_3": Infinity, 
    "F_396_3": Infinity, 
    "F_365_3": 23.18075942993164, 
    "F_613_3": Infinity, 
    "F_706_3": Infinity, 
    "F_923_3": Infinity, 
    "F_458_3": 23.74397087097168, 
    "F_768_3": Infinity, 
    "Z": 4.250872611999512, 
    "F_799_3": Infinity, 
    "F_427_3": Infinity, 
    "F_489_3": 22.328115463256836, 
    "F_954_3": Infinity, 
    "F_830_3": Infinity, 
    "F_582_3": 21.533302307128906, 
    "F_520_3": 21.83466339111328, 
    "F_892_3": Infinity
}