{
    "F_644_3": 20.74905014038086, 
    "F_551_3": 21.416404724121094, 
    "F_861_3": 20.733413696289062, 
    "id": "spec-4631-55617-0990-QSOs-401", 
    "F_675_3": 20.884485244750977, 
    "F_737_3": 20.845260620117188, 
    "F_396_3": 22.937721252441406, 
    "F_365_3": 22.406606674194336, 
    "F_613_3": 20.017980575561523, 
    "F_706_3": 20.778432846069336, 
    "F_923_3": 20.75240135192871, 
    "F_458_3": 22.272987365722656, 
    "F_768_3": 20.378551483154297, 
    "Z": 4.053836345672607, 
    "F_799_3": 20.61359977722168, 
    "F_427_3": 22.738922119140625, 
    "F_489_3": 21.789905548095703, 
    "F_954_3": 20.367807388305664, 
    "F_830_3": 20.620561599731445, 
    "F_582_3": 21.61168098449707, 
    "F_520_3": 21.446374893188477, 
    "F_892_3": 20.626108169555664
}