{
    "F_644_3": 22.048107147216797, 
    "F_551_3": 22.27777099609375, 
    "F_861_3": 20.842309951782227, 
    "id": "spec-5179-55957-0158-QSOs-401", 
    "F_675_3": 21.7329044342041, 
    "F_737_3": 20.61638069152832, 
    "F_396_3": 23.83098602294922, 
    "F_365_3": Infinity, 
    "F_613_3": 21.514190673828125, 
    "F_706_3": 19.60396957397461, 
    "F_923_3": 20.67299461364746, 
    "F_458_3": 23.904861450195312, 
    "F_768_3": 20.7591552734375, 
    "Z": 4.787416934967041, 
    "F_799_3": 20.6362247467041, 
    "F_427_3": Infinity, 
    "F_489_3": 24.58869171142578, 
    "F_954_3": 20.613609313964844, 
    "F_830_3": 20.882457733154297, 
    "F_582_3": 21.766117095947266, 
    "F_520_3": 23.06401252746582, 
    "F_892_3": 20.06983757019043
}