{
    "F_644_3": 21.175168991088867, 
    "F_551_3": 21.914094924926758, 
    "F_861_3": 20.831501007080078, 
    "id": "spec-5013-55723-0523-QSOs-401", 
    "F_675_3": 21.253562927246094, 
    "F_737_3": 21.072887420654297, 
    "F_396_3": Infinity, 
    "F_365_3": Infinity, 
    "F_613_3": 20.48558235168457, 
    "F_706_3": 21.12156105041504, 
    "F_923_3": 20.785430908203125, 
    "F_458_3": 23.10272789001465, 
    "F_768_3": 20.496782302856445, 
    "Z": 4.048599720001221, 
    "F_799_3": 20.736703872680664, 
    "F_427_3": Infinity, 
    "F_489_3": 22.444690704345703, 
    "F_954_3": 20.419849395751953, 
    "F_830_3": 20.715587615966797, 
    "F_582_3": 21.9417781829834, 
    "F_520_3": 22.10956573486328, 
    "F_892_3": 20.62774658203125
}