{
    "F_644_3": 20.778249740600586, 
    "F_551_3": 21.13776206970215, 
    "F_861_3": 20.54328727722168, 
    "id": "spec-5178-56246-0502-QSOs-401", 
    "F_675_3": 20.685867309570312, 
    "F_737_3": 20.637908935546875, 
    "F_396_3": Infinity, 
    "F_365_3": Infinity, 
    "F_613_3": 20.40778160095215, 
    "F_706_3": 20.649049758911133, 
    "F_923_3": 20.3848934173584, 
    "F_458_3": 22.705780029296875, 
    "F_768_3": 20.346078872680664, 
    "Z": 4.011168003082275, 
    "F_799_3": 20.500492095947266, 
    "F_427_3": 23.678030014038086, 
    "F_489_3": 22.126157760620117, 
    "F_954_3": 20.076923370361328, 
    "F_830_3": 20.567956924438477, 
    "F_582_3": 21.441856384277344, 
    "F_520_3": 21.758371353149414, 
    "F_892_3": 20.485448837280273
}