{
    "F_644_3": 21.402740478515625, 
    "F_551_3": 22.00740623474121, 
    "F_861_3": 21.28366470336914, 
    "id": "spec-7304-56745-0413-QSOs-401", 
    "F_675_3": 21.383756637573242, 
    "F_737_3": 21.380062103271484, 
    "F_396_3": 23.145938873291016, 
    "F_365_3": 22.59139633178711, 
    "F_613_3": 20.894630432128906, 
    "F_706_3": 21.263702392578125, 
    "F_923_3": 21.18038558959961, 
    "F_458_3": 22.645238876342773, 
    "F_768_3": 20.96026039123535, 
    "Z": 4.013603687286377, 
    "F_799_3": 21.203598022460938, 
    "F_427_3": 23.432201385498047, 
    "F_489_3": 22.20338249206543, 
    "F_954_3": 20.790971755981445, 
    "F_830_3": 21.19489288330078, 
    "F_582_3": 22.158859252929688, 
    "F_520_3": 21.905963897705078, 
    "F_892_3": 21.227781295776367
}