{
    "F_644_3": 21.804780960083008, 
    "F_551_3": 21.765146255493164, 
    "F_861_3": 20.375364303588867, 
    "id": "spec-5335-56013-0408-QSOs-401", 
    "F_675_3": 20.663846969604492, 
    "F_737_3": 20.6064453125, 
    "F_396_3": 23.16921615600586, 
    "F_365_3": 22.87409210205078, 
    "F_613_3": 21.563676834106445, 
    "F_706_3": 20.562376022338867, 
    "F_923_3": 20.538423538208008, 
    "F_458_3": 23.85080337524414, 
    "F_768_3": 20.496389389038086, 
    "Z": 4.521437168121338, 
    "F_799_3": 20.628023147583008, 
    "F_427_3": 23.43341827392578, 
    "F_489_3": 24.007776260375977, 
    "F_954_3": 20.542692184448242, 
    "F_830_3": 20.571552276611328, 
    "F_582_3": 21.505661010742188, 
    "F_520_3": 22.28544807434082, 
    "F_892_3": 20.531688690185547
}