{
    "F_644_3": 20.261741638183594, 
    "F_551_3": 20.75780487060547, 
    "F_861_3": 19.755895614624023, 
    "id": "spec-3590-55201-0168-QSOs-401", 
    "F_675_3": 19.76832389831543, 
    "F_737_3": 19.777645111083984, 
    "F_396_3": 23.211612701416016, 
    "F_365_3": 22.488584518432617, 
    "F_613_3": 20.717931747436523, 
    "F_706_3": 19.828588485717773, 
    "F_923_3": 19.754440307617188, 
    "F_458_3": 25.899869918823242, 
    "F_768_3": 19.819414138793945, 
    "Z": 4.301405429840088, 
    "F_799_3": 19.805566787719727, 
    "F_427_3": 24.235260009765625, 
    "F_489_3": 21.706640243530273, 
    "F_954_3": 19.77289390563965, 
    "F_830_3": 19.719348907470703, 
    "F_582_3": 20.745885848999023, 
    "F_520_3": 20.99466896057129, 
    "F_892_3": 19.795989990234375
}