{
    "F_644_3": 19.22231101989746, 
    "F_551_3": 20.063796997070312, 
    "F_861_3": 18.972919464111328, 
    "id": "spec-5414-56014-0382-QSOs-401", 
    "F_675_3": 19.287748336791992, 
    "F_737_3": 19.179170608520508, 
    "F_396_3": 22.89555549621582, 
    "F_365_3": 22.193235397338867, 
    "F_613_3": 19.11684226989746, 
    "F_706_3": 19.163578033447266, 
    "F_923_3": 18.89222526550293, 
    "F_458_3": 21.96741485595703, 
    "F_768_3": 19.012691497802734, 
    "Z": 4.013310432434082, 
    "F_799_3": 19.033672332763672, 
    "F_427_3": 26.069395065307617, 
    "F_489_3": 20.38186264038086, 
    "F_954_3": 18.735179901123047, 
    "F_830_3": 19.00328254699707, 
    "F_582_3": 20.025232315063477, 
    "F_520_3": 20.067384719848633, 
    "F_892_3": 18.950971603393555
}