{
    "F_644_3": 19.44088363647461, 
    "F_551_3": 20.525760650634766, 
    "F_861_3": 19.41219711303711, 
    "id": "spec-0849-52439-0182-QSOs-401", 
    "F_675_3": 19.543354034423828, 
    "F_737_3": 19.509469985961914, 
    "F_396_3": Infinity, 
    "F_365_3": Infinity, 
    "F_613_3": 19.077722549438477, 
    "F_706_3": 19.422134399414062, 
    "F_923_3": 19.232934951782227, 
    "F_458_3": 21.485942840576172, 
    "F_768_3": 19.104904174804688, 
    "Z": 4.06076192855835, 
    "F_799_3": 19.2053165435791, 
    "F_427_3": 23.37206268310547, 
    "F_489_3": 20.91631507873535, 
    "F_954_3": Infinity, 
    "F_830_3": 19.307554244995117, 
    "F_582_3": 20.49936294555664, 
    "F_520_3": 20.580463409423828, 
    "F_892_3": 19.178783416748047
}