{
    "F_644_3": Infinity, 
    "F_551_3": 19.365163803100586, 
    "F_861_3": Infinity, 
    "id": "spec-2669-54086-0638-QSOs-401", 
    "F_675_3": Infinity, 
    "F_737_3": Infinity, 
    "F_396_3": 21.325902938842773, 
    "F_365_3": 22.233247756958008, 
    "F_613_3": 19.289400100708008, 
    "F_706_3": Infinity, 
    "F_923_3": Infinity, 
    "F_458_3": 20.134855270385742, 
    "F_768_3": Infinity, 
    "Z": 4.125978946685791, 
    "F_799_3": Infinity, 
    "F_427_3": 20.695085525512695, 
    "F_489_3": 19.812522888183594, 
    "F_954_3": Infinity, 
    "F_830_3": Infinity, 
    "F_582_3": 19.19085121154785, 
    "F_520_3": 19.619558334350586, 
    "F_892_3": Infinity
}