{
    "F_644_3": 20.5596866607666, 
    "F_551_3": 21.353801727294922, 
    "F_861_3": 20.25489044189453, 
    "id": "spec-0553-51999-0059-QSOs-401", 
    "F_675_3": 20.604408264160156, 
    "F_737_3": 20.535314559936523, 
    "F_396_3": Infinity, 
    "F_365_3": Infinity, 
    "F_613_3": 20.809127807617188, 
    "F_706_3": 20.516006469726562, 
    "F_923_3": 20.103864669799805, 
    "F_458_3": 22.880359649658203, 
    "F_768_3": 20.525053024291992, 
    "Z": 4.05475378036499, 
    "F_799_3": 20.254308700561523, 
    "F_427_3": Infinity, 
    "F_489_3": 22.041059494018555, 
    "F_954_3": Infinity, 
    "F_830_3": 20.272891998291016, 
    "F_582_3": 21.47506332397461, 
    "F_520_3": 21.648109436035156, 
    "F_892_3": 20.206111907958984
}