{
    "F_644_3": 19.56007957458496, 
    "F_551_3": 20.519895553588867, 
    "F_861_3": 19.379600524902344, 
    "id": "spec-3587-55182-0258-QSOs-401", 
    "F_675_3": 19.550268173217773, 
    "F_737_3": 19.47451400756836, 
    "F_396_3": 23.224441528320312, 
    "F_365_3": 22.55232810974121, 
    "F_613_3": 19.242813110351562, 
    "F_706_3": 19.42045783996582, 
    "F_923_3": 19.315658569335938, 
    "F_458_3": 21.2066593170166, 
    "F_768_3": 19.10425567626953, 
    "Z": 4.04041051864624, 
    "F_799_3": 19.31039047241211, 
    "F_427_3": 23.33888816833496, 
    "F_489_3": 20.522768020629883, 
    "F_954_3": 19.10028648376465, 
    "F_830_3": 19.321216583251953, 
    "F_582_3": 20.479711532592773, 
    "F_520_3": 20.38163948059082, 
    "F_892_3": 19.362525939941406
}