{
    "F_644_3": 22.206432342529297, 
    "F_551_3": 22.625207901000977, 
    "F_861_3": 20.735576629638672, 
    "id": "spec-5389-55953-0212-QSOs-401", 
    "F_675_3": 22.186336517333984, 
    "F_737_3": 20.578807830810547, 
    "F_396_3": 24.22344207763672, 
    "F_365_3": 23.397354125976562, 
    "F_613_3": 21.55634117126465, 
    "F_706_3": 19.96640396118164, 
    "F_923_3": 20.509803771972656, 
    "F_458_3": Infinity, 
    "F_768_3": 20.822057723999023, 
    "Z": 4.817012310028076, 
    "F_799_3": 20.628864288330078, 
    "F_427_3": Infinity, 
    "F_489_3": 24.97640609741211, 
    "F_954_3": 20.469144821166992, 
    "F_830_3": 20.73760223388672, 
    "F_582_3": 21.981843948364258, 
    "F_520_3": 23.53204345703125, 
    "F_892_3": 20.206836700439453
}