{
    "F_644_3": 20.383533477783203, 
    "F_551_3": 21.602235794067383, 
    "F_861_3": 20.1661434173584, 
    "id": "spec-6031-56091-0282-QSOs-401", 
    "F_675_3": 21.084318161010742, 
    "F_737_3": 20.914918899536133, 
    "F_396_3": 22.539329528808594, 
    "F_365_3": 21.841466903686523, 
    "F_613_3": 20.115554809570312, 
    "F_706_3": 20.487886428833008, 
    "F_923_3": 20.120859146118164, 
    "F_458_3": 22.872724533081055, 
    "F_768_3": 20.266925811767578, 
    "Z": 4.072908878326416, 
    "F_799_3": 20.094667434692383, 
    "F_427_3": 23.132413864135742, 
    "F_489_3": 22.32991600036621, 
    "F_954_3": 19.81089973449707, 
    "F_830_3": 20.135692596435547, 
    "F_582_3": 21.786746978759766, 
    "F_520_3": 21.315446853637695, 
    "F_892_3": 20.158580780029297
}