{
    "F_644_3": 19.185842514038086, 
    "F_551_3": 20.148324966430664, 
    "F_861_3": 19.15972137451172, 
    "id": "spec-5787-56254-0109-QSOs-401", 
    "F_675_3": 19.25341033935547, 
    "F_737_3": 19.253843307495117, 
    "F_396_3": 22.178678512573242, 
    "F_365_3": 22.326387405395508, 
    "F_613_3": 18.33403968811035, 
    "F_706_3": 19.223709106445312, 
    "F_923_3": 19.058792114257812, 
    "F_458_3": 21.061582565307617, 
    "F_768_3": 18.747892379760742, 
    "Z": 4.020279884338379, 
    "F_799_3": 19.057899475097656, 
    "F_427_3": 21.538928985595703, 
    "F_489_3": 20.19414710998535, 
    "F_954_3": 18.79907989501953, 
    "F_830_3": 19.081090927124023, 
    "F_582_3": 19.961036682128906, 
    "F_520_3": 19.928268432617188, 
    "F_892_3": 19.15452766418457
}