{
    "F_644_3": 20.214006423950195, 
    "F_551_3": 21.448530197143555, 
    "F_861_3": 20.199935913085938, 
    "id": "spec-4051-55337-0346-QSOs-401", 
    "F_675_3": 20.489423751831055, 
    "F_737_3": 20.543821334838867, 
    "F_396_3": 22.312911987304688, 
    "F_365_3": 21.644256591796875, 
    "F_613_3": 20.854297637939453, 
    "F_706_3": 20.476688385009766, 
    "F_923_3": 20.138072967529297, 
    "F_458_3": 22.678407669067383, 
    "F_768_3": 20.7159423828125, 
    "Z": 4.108886241912842, 
    "F_799_3": 20.122468948364258, 
    "F_427_3": 22.704389572143555, 
    "F_489_3": 21.974809646606445, 
    "F_954_3": 19.89200210571289, 
    "F_830_3": 20.14040184020996, 
    "F_582_3": 21.422016143798828, 
    "F_520_3": 21.85129737854004, 
    "F_892_3": 20.13104820251465
}