{
    "F_644_3": 20.3507137298584, 
    "F_551_3": 21.46464729309082, 
    "F_861_3": 20.050277709960938, 
    "id": "spec-6736-56366-0210-QSOs-401", 
    "F_675_3": 20.494516372680664, 
    "F_737_3": 20.378559112548828, 
    "F_396_3": Infinity, 
    "F_365_3": 22.638628005981445, 
    "F_613_3": 19.634862899780273, 
    "F_706_3": 20.30677032470703, 
    "F_923_3": 19.86206817626953, 
    "F_458_3": 23.011198043823242, 
    "F_768_3": 19.844297409057617, 
    "Z": 4.010627269744873, 
    "F_799_3": 20.01508903503418, 
    "F_427_3": 24.252674102783203, 
    "F_489_3": 22.273639678955078, 
    "F_954_3": 19.466642379760742, 
    "F_830_3": 19.966411590576172, 
    "F_582_3": 21.660503387451172, 
    "F_520_3": 21.46282958984375, 
    "F_892_3": 19.951080322265625
}