{
    "F_644_3": 21.412425994873047, 
    "F_551_3": 22.401039123535156, 
    "F_861_3": 21.501741409301758, 
    "id": "spec-6047-56098-0164-QSOs-401", 
    "F_675_3": 21.56160545349121, 
    "F_737_3": 21.551965713500977, 
    "F_396_3": 23.57445526123047, 
    "F_365_3": Infinity, 
    "F_613_3": 20.31620216369629, 
    "F_706_3": 21.424402236938477, 
    "F_923_3": 21.429359436035156, 
    "F_458_3": 23.087650299072266, 
    "F_768_3": 20.615283966064453, 
    "Z": 4.027700901031494, 
    "F_799_3": 21.24696159362793, 
    "F_427_3": 23.58637809753418, 
    "F_489_3": 22.478303909301758, 
    "F_954_3": 20.998668670654297, 
    "F_830_3": 21.21832847595215, 
    "F_582_3": 22.148151397705078, 
    "F_520_3": 22.06728744506836, 
    "F_892_3": 21.50211524963379
}