{
    "F_644_3": 20.819108963012695, 
    "F_551_3": 20.77416229248047, 
    "F_861_3": 19.395112991333008, 
    "id": "spec-5001-55719-0562-QSOs-401", 
    "F_675_3": 19.050783157348633, 
    "F_737_3": 19.96334457397461, 
    "F_396_3": 22.85061264038086, 
    "F_365_3": 21.876827239990234, 
    "F_613_3": 21.16212272644043, 
    "F_706_3": 19.856958389282227, 
    "F_923_3": 19.81922721862793, 
    "F_458_3": 23.465999603271484, 
    "F_768_3": 19.861331939697266, 
    "Z": 4.535467624664307, 
    "F_799_3": 19.988887786865234, 
    "F_427_3": 23.062042236328125, 
    "F_489_3": 22.827177047729492, 
    "F_954_3": 19.898967742919922, 
    "F_830_3": 19.85193634033203, 
    "F_582_3": 20.625667572021484, 
    "F_520_3": 21.469594955444336, 
    "F_892_3": 19.782514572143555
}