{
    "F_644_3": 21.17003059387207, 
    "F_551_3": 21.54590606689453, 
    "F_861_3": 19.647123336791992, 
    "id": "spec-5180-55947-0166-QSOs-401", 
    "F_675_3": 20.4146728515625, 
    "F_737_3": 19.664958953857422, 
    "F_396_3": 22.725427627563477, 
    "F_365_3": 22.11350440979004, 
    "F_613_3": 20.873207092285156, 
    "F_706_3": 18.935155868530273, 
    "F_923_3": 19.666715621948242, 
    "F_458_3": 22.984539031982422, 
    "F_768_3": 19.845287322998047, 
    "Z": 4.75595235824585, 
    "F_799_3": 19.83014488220215, 
    "F_427_3": 22.7645206451416, 
    "F_489_3": 23.890518188476562, 
    "F_954_3": 19.647647857666016, 
    "F_830_3": 19.986629486083984, 
    "F_582_3": 20.87883758544922, 
    "F_520_3": 22.373470306396484, 
    "F_892_3": 19.428009033203125
}