{
    "F_644_3": 18.831287384033203, 
    "F_551_3": 19.320459365844727, 
    "F_861_3": 18.585783004760742, 
    "id": "spec-7100-56636-0721-QSOs-401", 
    "F_675_3": 18.8065242767334, 
    "F_737_3": 18.664138793945312, 
    "F_396_3": 19.91413688659668, 
    "F_365_3": 20.073312759399414, 
    "F_613_3": 19.166160583496094, 
    "F_706_3": 18.690336227416992, 
    "F_923_3": 18.538002014160156, 
    "F_458_3": 19.528535842895508, 
    "F_768_3": 18.632164001464844, 
    "Z": 4.04368257522583, 
    "F_799_3": 18.614704132080078, 
    "F_427_3": 19.544218063354492, 
    "F_489_3": 19.599809646606445, 
    "F_954_3": 18.434720993041992, 
    "F_830_3": 18.5787353515625, 
    "F_582_3": 19.261423110961914, 
    "F_520_3": 19.621044158935547, 
    "F_892_3": 18.5632381439209
}