{
    "F_644_3": 20.033048629760742, 
    "F_551_3": 20.91792869567871, 
    "F_861_3": 20.07928466796875, 
    "id": "spec-5885-56036-0143-QSOs-401", 
    "F_675_3": 20.209213256835938, 
    "F_737_3": 20.204986572265625, 
    "F_396_3": 23.289575576782227, 
    "F_365_3": 22.24393653869629, 
    "F_613_3": 18.892396926879883, 
    "F_706_3": 20.07008171081543, 
    "F_923_3": 20.00670051574707, 
    "F_458_3": 21.670700073242188, 
    "F_768_3": 19.260541915893555, 
    "Z": 4.040779113769531, 
    "F_799_3": 19.832138061523438, 
    "F_427_3": 23.150436401367188, 
    "F_489_3": 21.211328506469727, 
    "F_954_3": 19.781753540039062, 
    "F_830_3": 19.798471450805664, 
    "F_582_3": 21.02036476135254, 
    "F_520_3": 20.512651443481445, 
    "F_892_3": 20.08013343811035
}