{
    "F_644_3": 19.992210388183594, 
    "F_551_3": 21.437458038330078, 
    "F_861_3": 20.435710906982422, 
    "id": "spec-3866-55623-0950-QSOs-401", 
    "F_675_3": 20.80813980102539, 
    "F_737_3": 20.652280807495117, 
    "F_396_3": 22.779878616333008, 
    "F_365_3": 22.390422821044922, 
    "F_613_3": 21.476634979248047, 
    "F_706_3": 20.80118751525879, 
    "F_923_3": 20.533634185791016, 
    "F_458_3": 22.759876251220703, 
    "F_768_3": 20.641721725463867, 
    "Z": 4.224127292633057, 
    "F_799_3": 20.132463455200195, 
    "F_427_3": 22.750715255737305, 
    "F_489_3": 22.376991271972656, 
    "F_954_3": 20.52851676940918, 
    "F_830_3": 20.408926010131836, 
    "F_582_3": 21.74187660217285, 
    "F_520_3": 21.737377166748047, 
    "F_892_3": 20.569046020507812
}