{
    "F_644_3": 20.32365608215332, 
    "F_551_3": 21.72430992126465, 
    "F_861_3": 20.308387756347656, 
    "id": "spec-5488-56013-0215-QSOs-401", 
    "F_675_3": 20.710784912109375, 
    "F_737_3": 20.41143226623535, 
    "F_396_3": 22.847951889038086, 
    "F_365_3": 22.348651885986328, 
    "F_613_3": 19.914644241333008, 
    "F_706_3": 20.596466064453125, 
    "F_923_3": 20.298282623291016, 
    "F_458_3": 23.08380699157715, 
    "F_768_3": 20.19123649597168, 
    "Z": 4.0428314208984375, 
    "F_799_3": 20.197227478027344, 
    "F_427_3": 23.610034942626953, 
    "F_489_3": 22.189937591552734, 
    "F_954_3": 19.74774169921875, 
    "F_830_3": 20.20505142211914, 
    "F_582_3": 21.524497985839844, 
    "F_520_3": 21.609575271606445, 
    "F_892_3": 20.189931869506836
}