{
    "F_644_3": 19.96379280090332, 
    "F_551_3": 20.897695541381836, 
    "F_861_3": 20.275863647460938, 
    "id": "spec-6975-56720-0934-QSOs-401", 
    "F_675_3": 20.324493408203125, 
    "F_737_3": 20.371889114379883, 
    "F_396_3": Infinity, 
    "F_365_3": Infinity, 
    "F_613_3": 20.083768844604492, 
    "F_706_3": 20.188989639282227, 
    "F_923_3": 20.33930015563965, 
    "F_458_3": 21.873506546020508, 
    "F_768_3": 20.285293579101562, 
    "Z": 4.097710609436035, 
    "F_799_3": 20.04253578186035, 
    "F_427_3": 23.74211311340332, 
    "F_489_3": 21.315866470336914, 
    "F_954_3": 20.279592514038086, 
    "F_830_3": 20.21674346923828, 
    "F_582_3": 21.22360610961914, 
    "F_520_3": 20.864967346191406, 
    "F_892_3": 20.35469627380371
}