{
    "F_644_3": 19.973918914794922, 
    "F_551_3": 20.809425354003906, 
    "F_861_3": 19.5826416015625, 
    "id": "spec-4400-55509-0794-QSOs-401", 
    "F_675_3": 19.86036491394043, 
    "F_737_3": 19.797687530517578, 
    "F_396_3": 22.783662796020508, 
    "F_365_3": 21.873058319091797, 
    "F_613_3": 19.60533332824707, 
    "F_706_3": 19.764272689819336, 
    "F_923_3": 19.450061798095703, 
    "F_458_3": 21.957380294799805, 
    "F_768_3": 19.45757484436035, 
    "Z": 4.020956039428711, 
    "F_799_3": 19.619579315185547, 
    "F_427_3": 23.356781005859375, 
    "F_489_3": 21.016679763793945, 
    "F_954_3": 19.254220962524414, 
    "F_830_3": 19.632768630981445, 
    "F_582_3": 20.826047897338867, 
    "F_520_3": 20.64374542236328, 
    "F_892_3": 19.550392150878906
}