{
    "F_644_3": 20.821487426757812, 
    "F_551_3": 21.157487869262695, 
    "F_861_3": 19.513229370117188, 
    "id": "spec-5004-55711-0492-QSOs-401", 
    "F_675_3": 20.86296844482422, 
    "F_737_3": 19.5306453704834, 
    "F_396_3": Infinity, 
    "F_365_3": Infinity, 
    "F_613_3": 20.560176849365234, 
    "F_706_3": 19.359153747558594, 
    "F_923_3": 19.43120574951172, 
    "F_458_3": Infinity, 
    "F_768_3": 19.576120376586914, 
    "Z": 4.824183464050293, 
    "F_799_3": 19.477970123291016, 
    "F_427_3": Infinity, 
    "F_489_3": 23.334331512451172, 
    "F_954_3": 19.358510971069336, 
    "F_830_3": 19.54669189453125, 
    "F_582_3": 20.69929313659668, 
    "F_520_3": 21.719547271728516, 
    "F_892_3": 19.235944747924805
}