{
    "F_644_3": 21.519916534423828, 
    "F_551_3": 22.21000099182129, 
    "F_861_3": 21.531835556030273, 
    "id": "spec-4891-55736-0960-QSOs-401", 
    "F_675_3": 21.692176818847656, 
    "F_737_3": 21.520702362060547, 
    "F_396_3": 23.337278366088867, 
    "F_365_3": 22.048688888549805, 
    "F_613_3": 20.39714813232422, 
    "F_706_3": 21.514585494995117, 
    "F_923_3": 21.436840057373047, 
    "F_458_3": 22.78336524963379, 
    "F_768_3": 20.771209716796875, 
    "Z": 4.015183448791504, 
    "F_799_3": 21.365821838378906, 
    "F_427_3": 23.309253692626953, 
    "F_489_3": 22.431795120239258, 
    "F_954_3": 21.309579849243164, 
    "F_830_3": 21.29761505126953, 
    "F_582_3": 22.31717300415039, 
    "F_520_3": 21.84612274169922, 
    "F_892_3": 21.59563446044922
}