{
    "F_644_3": 19.315624237060547, 
    "F_551_3": 20.236835479736328, 
    "F_861_3": 19.504531860351562, 
    "id": "spec-0586-52023-0635-QSOs-401", 
    "F_675_3": 19.575590133666992, 
    "F_737_3": 19.51085662841797, 
    "F_396_3": Infinity, 
    "F_365_3": Infinity, 
    "F_613_3": 20.680816650390625, 
    "F_706_3": 19.629152297973633, 
    "F_923_3": 19.578468322753906, 
    "F_458_3": 22.49451446533203, 
    "F_768_3": 19.640111923217773, 
    "Z": 4.3010334968566895, 
    "F_799_3": 19.457765579223633, 
    "F_427_3": Infinity, 
    "F_489_3": 21.13733673095703, 
    "F_954_3": Infinity, 
    "F_830_3": 19.28803062438965, 
    "F_582_3": 20.40628433227539, 
    "F_520_3": 20.68633270263672, 
    "F_892_3": 19.638242721557617
}