{
    "F_644_3": 21.10030746459961, 
    "F_551_3": 21.9951171875, 
    "F_861_3": 21.293704986572266, 
    "id": "spec-4192-55469-0320-QSOs-401", 
    "F_675_3": 21.273183822631836, 
    "F_737_3": 21.360876083374023, 
    "F_396_3": 23.119306564331055, 
    "F_365_3": 22.60941505432129, 
    "F_613_3": 20.873313903808594, 
    "F_706_3": 21.1989688873291, 
    "F_923_3": 21.31662368774414, 
    "F_458_3": 22.576059341430664, 
    "F_768_3": 21.026050567626953, 
    "Z": 4.074963569641113, 
    "F_799_3": 21.105234146118164, 
    "F_427_3": 22.902420043945312, 
    "F_489_3": 22.15749740600586, 
    "F_954_3": 21.214021682739258, 
    "F_830_3": 21.261920928955078, 
    "F_582_3": 21.91839599609375, 
    "F_520_3": 21.930192947387695, 
    "F_892_3": 21.438344955444336
}