{
    "F_644_3": 21.134199142456055, 
    "F_551_3": 21.84715461730957, 
    "F_861_3": 20.83087730407715, 
    "id": "spec-3980-55331-0283-QSOs-401", 
    "F_675_3": 21.09093475341797, 
    "F_737_3": 21.176401138305664, 
    "F_396_3": 23.123640060424805, 
    "F_365_3": 22.489158630371094, 
    "F_613_3": 20.749238967895508, 
    "F_706_3": 21.23444366455078, 
    "F_923_3": 20.683284759521484, 
    "F_458_3": 22.920082092285156, 
    "F_768_3": 20.72916603088379, 
    "Z": 4.057355880737305, 
    "F_799_3": 20.862985610961914, 
    "F_427_3": 23.513256072998047, 
    "F_489_3": 22.23125648498535, 
    "F_954_3": 20.419170379638672, 
    "F_830_3": 20.836265563964844, 
    "F_582_3": 22.04990577697754, 
    "F_520_3": 21.74668312072754, 
    "F_892_3": 20.755414962768555
}