{
    "F_644_3": 20.449384689331055, 
    "F_551_3": 21.340301513671875, 
    "F_861_3": 20.21077537536621, 
    "id": "spec-6467-56270-0024-QSOs-401", 
    "F_675_3": 20.511682510375977, 
    "F_737_3": 20.40522575378418, 
    "F_396_3": 23.641218185424805, 
    "F_365_3": 23.015398025512695, 
    "F_613_3": 20.087072372436523, 
    "F_706_3": 20.415565490722656, 
    "F_923_3": 20.194658279418945, 
    "F_458_3": 22.62980842590332, 
    "F_768_3": 20.10822296142578, 
    "Z": 4.044550895690918, 
    "F_799_3": 20.114727020263672, 
    "F_427_3": 23.638479232788086, 
    "F_489_3": 21.77281379699707, 
    "F_954_3": 19.830562591552734, 
    "F_830_3": 20.130748748779297, 
    "F_582_3": 21.27874183654785, 
    "F_520_3": 21.251426696777344, 
    "F_892_3": 20.12738609313965
}