{
    "F_644_3": 21.952987670898438, 
    "F_551_3": 22.693754196166992, 
    "F_861_3": 21.196517944335938, 
    "id": "spec-5155-55946-0777-QSOs-401", 
    "F_675_3": 22.184080123901367, 
    "F_737_3": 20.834129333496094, 
    "F_396_3": 23.59529685974121, 
    "F_365_3": 22.183223724365234, 
    "F_613_3": 21.91082191467285, 
    "F_706_3": 21.20250129699707, 
    "F_923_3": 21.010181427001953, 
    "F_458_3": 23.442371368408203, 
    "F_768_3": 20.965106964111328, 
    "Z": 4.796370029449463, 
    "F_799_3": 20.96919822692871, 
    "F_427_3": 23.423208236694336, 
    "F_489_3": 23.9207820892334, 
    "F_954_3": 20.9973087310791, 
    "F_830_3": 20.999814987182617, 
    "F_582_3": 22.728452682495117, 
    "F_520_3": 23.93259620666504, 
    "F_892_3": 21.001237869262695
}