{
    "F_644_3": 20.341899871826172, 
    "F_551_3": 21.10422134399414, 
    "F_861_3": 20.202234268188477, 
    "id": "spec-5168-56035-0072-QSOs-401", 
    "F_675_3": 20.318309783935547, 
    "F_737_3": 20.338579177856445, 
    "F_396_3": 22.243059158325195, 
    "F_365_3": 21.83340835571289, 
    "F_613_3": 19.82420539855957, 
    "F_706_3": 20.22289276123047, 
    "F_923_3": 20.099529266357422, 
    "F_458_3": 21.526287078857422, 
    "F_768_3": 19.93779182434082, 
    "Z": 4.016353607177734, 
    "F_799_3": 20.16295623779297, 
    "F_427_3": 22.172088623046875, 
    "F_489_3": 21.14667320251465, 
    "F_954_3": 19.92196273803711, 
    "F_830_3": 20.20606803894043, 
    "F_582_3": 21.053104400634766, 
    "F_520_3": 20.86941146850586, 
    "F_892_3": 20.224658966064453
}