{
    "F_644_3": 23.14493179321289, 
    "F_551_3": 23.6214656829834, 
    "F_861_3": Infinity, 
    "id": "spec-4310-55508-0436-QSOs-401", 
    "F_675_3": 23.127294540405273, 
    "F_737_3": 23.296512603759766, 
    "F_396_3": 24.276981353759766, 
    "F_365_3": 23.099567413330078, 
    "F_613_3": 22.534809112548828, 
    "F_706_3": 23.1175479888916, 
    "F_923_3": Infinity, 
    "F_458_3": 24.13588523864746, 
    "F_768_3": 22.80579948425293, 
    "Z": 4.01008415222168, 
    "F_799_3": 23.059663772583008, 
    "F_427_3": 24.64130401611328, 
    "F_489_3": 23.900476455688477, 
    "F_954_3": Infinity, 
    "F_830_3": 23.08110237121582, 
    "F_582_3": 23.594472885131836, 
    "F_520_3": 23.47500991821289, 
    "F_892_3": Infinity
}