{
    "F_644_3": 20.03132438659668, 
    "F_551_3": 20.724939346313477, 
    "F_861_3": 19.928791046142578, 
    "id": "spec-1871-53384-0194-QSOs-401", 
    "F_675_3": 19.989673614501953, 
    "F_737_3": 19.992549896240234, 
    "F_396_3": 22.837566375732422, 
    "F_365_3": 21.944965362548828, 
    "F_613_3": 19.3588809967041, 
    "F_706_3": 19.87609100341797, 
    "F_923_3": 19.883146286010742, 
    "F_458_3": 21.506549835205078, 
    "F_768_3": 19.478464126586914, 
    "Z": 4.01785945892334, 
    "F_799_3": 19.84467124938965, 
    "F_427_3": 22.50277328491211, 
    "F_489_3": 21.19223976135254, 
    "F_954_3": Infinity, 
    "F_830_3": 19.77677345275879, 
    "F_582_3": 20.612506866455078, 
    "F_520_3": 20.764516830444336, 
    "F_892_3": 19.740489959716797
}