{
    "F_644_3": 21.368045806884766, 
    "F_551_3": 22.07664680480957, 
    "F_861_3": Infinity, 
    "id": "spec-3804-55267-0060-QSOs-401", 
    "F_675_3": 21.496620178222656, 
    "F_737_3": 21.496654510498047, 
    "F_396_3": 23.056270599365234, 
    "F_365_3": 22.365520477294922, 
    "F_613_3": 20.77471160888672, 
    "F_706_3": 21.385417938232422, 
    "F_923_3": Infinity, 
    "F_458_3": 22.792783737182617, 
    "F_768_3": 20.88374900817871, 
    "Z": 4.027481555938721, 
    "F_799_3": Infinity, 
    "F_427_3": 23.21910285949707, 
    "F_489_3": 22.421751022338867, 
    "F_954_3": 21.280710220336914, 
    "F_830_3": Infinity, 
    "F_582_3": 22.011558532714844, 
    "F_520_3": 22.07552146911621, 
    "F_892_3": Infinity
}