{
    "F_644_3": 20.842021942138672, 
    "F_551_3": 21.817180633544922, 
    "F_861_3": 20.756511688232422, 
    "id": "spec-3761-55272-0351-QSOs-401", 
    "F_675_3": 20.862014770507812, 
    "F_737_3": 20.8278865814209, 
    "F_396_3": 22.752029418945312, 
    "F_365_3": 22.301773071289062, 
    "F_613_3": 20.0505313873291, 
    "F_706_3": 20.770917892456055, 
    "F_923_3": 20.732473373413086, 
    "F_458_3": 22.340789794921875, 
    "F_768_3": 20.279878616333008, 
    "Z": 4.021295070648193, 
    "F_799_3": 20.66787338256836, 
    "F_427_3": 22.733022689819336, 
    "F_489_3": 21.957109451293945, 
    "F_954_3": 20.43736457824707, 
    "F_830_3": 20.670761108398438, 
    "F_582_3": 21.569578170776367, 
    "F_520_3": 21.458261489868164, 
    "F_892_3": 20.742021560668945
}