{
    "F_644_3": 19.6035099029541, 
    "F_551_3": 20.742759704589844, 
    "F_861_3": 19.51926612854004, 
    "id": "spec-1854-53566-0018-QSOs-401", 
    "F_675_3": 19.842031478881836, 
    "F_737_3": 19.80936622619629, 
    "F_396_3": 21.65289306640625, 
    "F_365_3": 21.487823486328125, 
    "F_613_3": 19.649110794067383, 
    "F_706_3": 19.716461181640625, 
    "F_923_3": 19.568708419799805, 
    "F_458_3": 21.308958053588867, 
    "F_768_3": 19.516950607299805, 
    "Z": 4.12770938873291, 
    "F_799_3": 19.175153732299805, 
    "F_427_3": 21.8167667388916, 
    "F_489_3": 20.956789016723633, 
    "F_954_3": Infinity, 
    "F_830_3": 19.481708526611328, 
    "F_582_3": 20.700754165649414, 
    "F_520_3": 20.639461517333984, 
    "F_892_3": 19.432695388793945
}