{
    "F_644_3": 22.564626693725586, 
    "F_551_3": 22.87936782836914, 
    "F_861_3": 22.690351486206055, 
    "id": "spec-4233-55449-0298-QSOs-401", 
    "F_675_3": 22.69239616394043, 
    "F_737_3": 22.65572166442871, 
    "F_396_3": 24.151371002197266, 
    "F_365_3": 23.374893188476562, 
    "F_613_3": 21.883546829223633, 
    "F_706_3": 22.508405685424805, 
    "F_923_3": 22.652721405029297, 
    "F_458_3": 23.92313575744629, 
    "F_768_3": 22.03839111328125, 
    "Z": 4.046919345855713, 
    "F_799_3": 22.316984176635742, 
    "F_427_3": 24.42225456237793, 
    "F_489_3": 23.43182945251465, 
    "F_954_3": 22.149131774902344, 
    "F_830_3": 22.44847297668457, 
    "F_582_3": 23.066513061523438, 
    "F_520_3": 23.16815948486328, 
    "F_892_3": 22.528846740722656
}