{
    "F_644_3": 20.5566349029541, 
    "F_551_3": 21.737442016601562, 
    "F_861_3": 20.252931594848633, 
    "id": "spec-4645-55623-0973-QSOs-401", 
    "F_675_3": 20.658733367919922, 
    "F_737_3": 20.563934326171875, 
    "F_396_3": 22.797073364257812, 
    "F_365_3": 22.172380447387695, 
    "F_613_3": 20.75290870666504, 
    "F_706_3": 20.54656410217285, 
    "F_923_3": 20.178030014038086, 
    "F_458_3": 22.947053909301758, 
    "F_768_3": 20.30423355102539, 
    "Z": 4.094392776489258, 
    "F_799_3": 20.25629997253418, 
    "F_427_3": 23.27588653564453, 
    "F_489_3": 22.176759719848633, 
    "F_954_3": 20.001785278320312, 
    "F_830_3": 20.274362564086914, 
    "F_582_3": 21.77733612060547, 
    "F_520_3": 21.881689071655273, 
    "F_892_3": 20.171375274658203
}