{
    "F_644_3": 20.982065200805664, 
    "F_551_3": 22.076250076293945, 
    "F_861_3": 20.903329849243164, 
    "id": "spec-5779-56338-0044-QSOs-401", 
    "F_675_3": 21.135791778564453, 
    "F_737_3": 21.064489364624023, 
    "F_396_3": 22.945993423461914, 
    "F_365_3": 22.077594757080078, 
    "F_613_3": 20.182783126831055, 
    "F_706_3": 20.967191696166992, 
    "F_923_3": 20.869665145874023, 
    "F_458_3": 23.16279411315918, 
    "F_768_3": 20.2974910736084, 
    "Z": 4.032747745513916, 
    "F_799_3": 20.71261978149414, 
    "F_427_3": 23.51291847229004, 
    "F_489_3": 22.352083206176758, 
    "F_954_3": 20.442928314208984, 
    "F_830_3": 20.732263565063477, 
    "F_582_3": 21.996902465820312, 
    "F_520_3": 21.772186279296875, 
    "F_892_3": 20.845327377319336
}