{
    "F_644_3": 21.354774475097656, 
    "F_551_3": 22.07155990600586, 
    "F_861_3": 21.348670959472656, 
    "id": "spec-4567-55589-0726-QSOs-401", 
    "F_675_3": 21.529193878173828, 
    "F_737_3": 21.514766693115234, 
    "F_396_3": 23.09489631652832, 
    "F_365_3": 22.335786819458008, 
    "F_613_3": 20.785785675048828, 
    "F_706_3": 21.479400634765625, 
    "F_923_3": 21.31246566772461, 
    "F_458_3": 22.747989654541016, 
    "F_768_3": 21.212831497192383, 
    "Z": 4.058539867401123, 
    "F_799_3": 21.293243408203125, 
    "F_427_3": 23.27588653564453, 
    "F_489_3": 22.39157485961914, 
    "F_954_3": 20.949214935302734, 
    "F_830_3": 21.27146339416504, 
    "F_582_3": 22.26254653930664, 
    "F_520_3": 22.20690155029297, 
    "F_892_3": 21.232440948486328
}