{
    "F_644_3": 18.844865798950195, 
    "F_551_3": 19.77372932434082, 
    "F_861_3": Infinity, 
    "id": "spec-6622-56365-0620-QSOs-401", 
    "F_675_3": 19.053800582885742, 
    "F_737_3": 19.219608306884766, 
    "F_396_3": 22.539396286010742, 
    "F_365_3": 21.811857223510742, 
    "F_613_3": 18.125455856323242, 
    "F_706_3": 18.983938217163086, 
    "F_923_3": Infinity, 
    "F_458_3": 21.068721771240234, 
    "F_768_3": 18.548913955688477, 
    "Z": 4.041143417358398, 
    "F_799_3": Infinity, 
    "F_427_3": 22.66577911376953, 
    "F_489_3": 20.22555160522461, 
    "F_954_3": Infinity, 
    "F_830_3": Infinity, 
    "F_582_3": 19.930253982543945, 
    "F_520_3": 19.57898712158203, 
    "F_892_3": Infinity
}