{
    "F_644_3": 19.54853630065918, 
    "F_551_3": 20.545597076416016, 
    "F_861_3": 19.723331451416016, 
    "id": "spec-3682-55244-0292-QSOs-401", 
    "F_675_3": 19.789453506469727, 
    "F_737_3": 19.81324005126953, 
    "F_396_3": 23.160625457763672, 
    "F_365_3": 22.504295349121094, 
    "F_613_3": 20.796260833740234, 
    "F_706_3": 19.93087387084961, 
    "F_923_3": 19.79161262512207, 
    "F_458_3": 22.916616439819336, 
    "F_768_3": 19.879568099975586, 
    "Z": 4.322554111480713, 
    "F_799_3": 19.724172592163086, 
    "F_427_3": 23.565610885620117, 
    "F_489_3": 21.5853271484375, 
    "F_954_3": 19.796123504638672, 
    "F_830_3": 19.439682006835938, 
    "F_582_3": 20.798267364501953, 
    "F_520_3": 21.175813674926758, 
    "F_892_3": 19.765735626220703
}