{
    "F_644_3": 20.93000602722168, 
    "F_551_3": 21.530736923217773, 
    "F_861_3": 21.002262115478516, 
    "id": "spec-4214-55451-0288-QSOs-401", 
    "F_675_3": 20.972360610961914, 
    "F_737_3": 21.022689819335938, 
    "F_396_3": 23.451030731201172, 
    "F_365_3": Infinity, 
    "F_613_3": 20.360523223876953, 
    "F_706_3": 20.93874168395996, 
    "F_923_3": 20.898677825927734, 
    "F_458_3": 22.49350357055664, 
    "F_768_3": 20.58452033996582, 
    "Z": 4.018531799316406, 
    "F_799_3": 20.843259811401367, 
    "F_427_3": 23.491825103759766, 
    "F_489_3": 21.878524780273438, 
    "F_954_3": 20.61176109313965, 
    "F_830_3": 20.916595458984375, 
    "F_582_3": 21.60047721862793, 
    "F_520_3": 21.573755264282227, 
    "F_892_3": 20.99850845336914
}