{
    "F_644_3": 20.39033317565918, 
    "F_551_3": 21.426027297973633, 
    "F_861_3": 20.352203369140625, 
    "id": "spec-6723-56428-0456-QSOs-401", 
    "F_675_3": 20.58809471130371, 
    "F_737_3": 20.549983978271484, 
    "F_396_3": Infinity, 
    "F_365_3": Infinity, 
    "F_613_3": 20.280479431152344, 
    "F_706_3": 20.454986572265625, 
    "F_923_3": 20.363895416259766, 
    "F_458_3": 22.6274471282959, 
    "F_768_3": 20.185537338256836, 
    "Z": 4.090330600738525, 
    "F_799_3": 20.030155181884766, 
    "F_427_3": 23.81271743774414, 
    "F_489_3": 22.082487106323242, 
    "F_954_3": 20.128259658813477, 
    "F_830_3": 20.24372100830078, 
    "F_582_3": 21.660579681396484, 
    "F_520_3": 21.400802612304688, 
    "F_892_3": 20.335830688476562
}