{
    "F_644_3": 19.409164428710938, 
    "F_551_3": 21.077138900756836, 
    "F_861_3": 19.114126205444336, 
    "id": "spec-0346-51693-0595-QSOs-401", 
    "F_675_3": 19.72140884399414, 
    "F_737_3": 19.678110122680664, 
    "F_396_3": Infinity, 
    "F_365_3": Infinity, 
    "F_613_3": 20.778352737426758, 
    "F_706_3": 19.743322372436523, 
    "F_923_3": 18.976360321044922, 
    "F_458_3": 23.49093246459961, 
    "F_768_3": 19.816686630249023, 
    "Z": 4.197646617889404, 
    "F_799_3": 19.04865074157715, 
    "F_427_3": Infinity, 
    "F_489_3": 21.973831176757812, 
    "F_954_3": Infinity, 
    "F_830_3": 19.175203323364258, 
    "F_582_3": 21.162860870361328, 
    "F_520_3": 21.28780174255371, 
    "F_892_3": 19.01860809326172
}