{
    "F_644_3": 19.475067138671875, 
    "F_551_3": 20.294416427612305, 
    "F_861_3": 19.408578872680664, 
    "id": "spec-5054-56191-0902-QSOs-401", 
    "F_675_3": 19.547277450561523, 
    "F_737_3": 19.524883270263672, 
    "F_396_3": Infinity, 
    "F_365_3": Infinity, 
    "F_613_3": 19.235492706298828, 
    "F_706_3": 19.423112869262695, 
    "F_923_3": 19.379329681396484, 
    "F_458_3": 21.92351531982422, 
    "F_768_3": 19.208919525146484, 
    "Z": 4.055107116699219, 
    "F_799_3": 19.367528915405273, 
    "F_427_3": 25.256017684936523, 
    "F_489_3": 20.669677734375, 
    "F_954_3": 19.22135353088379, 
    "F_830_3": 19.351898193359375, 
    "F_582_3": 20.465099334716797, 
    "F_520_3": 20.335601806640625, 
    "F_892_3": 19.40328598022461
}