{
    "F_644_3": 20.25813865661621, 
    "F_551_3": 21.46662139892578, 
    "F_861_3": 20.208343505859375, 
    "id": "spec-0710-52203-0335-QSOs-401", 
    "F_675_3": 20.656173706054688, 
    "F_737_3": 20.517778396606445, 
    "F_396_3": Infinity, 
    "F_365_3": Infinity, 
    "F_613_3": 21.44491195678711, 
    "F_706_3": 20.71416473388672, 
    "F_923_3": 20.140792846679688, 
    "F_458_3": 22.892763137817383, 
    "F_768_3": 20.51679229736328, 
    "Z": 4.276813507080078, 
    "F_799_3": 20.167858123779297, 
    "F_427_3": Infinity, 
    "F_489_3": 22.101238250732422, 
    "F_954_3": Infinity, 
    "F_830_3": 20.160926818847656, 
    "F_582_3": 21.52937889099121, 
    "F_520_3": 21.6761474609375, 
    "F_892_3": 20.238821029663086
}