{
    "F_644_3": Infinity, 
    "F_551_3": 20.47865104675293, 
    "F_861_3": Infinity, 
    "id": "spec-2739-54618-0639-QSOs-401", 
    "F_675_3": Infinity, 
    "F_737_3": Infinity, 
    "F_396_3": 21.602561950683594, 
    "F_365_3": 21.694664001464844, 
    "F_613_3": 20.317781448364258, 
    "F_706_3": Infinity, 
    "F_923_3": Infinity, 
    "F_458_3": 21.046520233154297, 
    "F_768_3": Infinity, 
    "Z": 4.204134941101074, 
    "F_799_3": Infinity, 
    "F_427_3": 21.449697494506836, 
    "F_489_3": 20.8040771484375, 
    "F_954_3": Infinity, 
    "F_830_3": Infinity, 
    "F_582_3": 20.350473403930664, 
    "F_520_3": 20.68404769897461, 
    "F_892_3": Infinity
}