{
    "F_644_3": 20.444368362426758, 
    "F_551_3": 21.419879913330078, 
    "F_861_3": 20.319297790527344, 
    "id": "spec-4955-55750-0050-QSOs-401", 
    "F_675_3": 20.647985458374023, 
    "F_737_3": 20.913846969604492, 
    "F_396_3": 22.96916389465332, 
    "F_365_3": 22.374847412109375, 
    "F_613_3": 20.680950164794922, 
    "F_706_3": 20.555387496948242, 
    "F_923_3": 20.287307739257812, 
    "F_458_3": 22.91539192199707, 
    "F_768_3": 20.411306381225586, 
    "Z": 4.103847503662109, 
    "F_799_3": 20.27841567993164, 
    "F_427_3": 23.35765838623047, 
    "F_489_3": 22.327312469482422, 
    "F_954_3": 20.175678253173828, 
    "F_830_3": 20.310564041137695, 
    "F_582_3": 21.731422424316406, 
    "F_520_3": 21.308330535888672, 
    "F_892_3": 20.337295532226562
}