{
    "F_644_3": 19.863298416137695, 
    "F_551_3": 21.50641441345215, 
    "F_861_3": 20.013731002807617, 
    "id": "spec-5202-55824-0722-QSOs-401", 
    "F_675_3": 20.49309730529785, 
    "F_737_3": 20.573406219482422, 
    "F_396_3": 22.38555908203125, 
    "F_365_3": 21.678434371948242, 
    "F_613_3": 20.22882652282715, 
    "F_706_3": 20.358535766601562, 
    "F_923_3": 20.0017032623291, 
    "F_458_3": 24.14085578918457, 
    "F_768_3": 20.484323501586914, 
    "Z": 4.106064319610596, 
    "F_799_3": 19.90302085876465, 
    "F_427_3": 23.210941314697266, 
    "F_489_3": 22.547927856445312, 
    "F_954_3": 19.69402313232422, 
    "F_830_3": 20.07023811340332, 
    "F_582_3": 21.561328887939453, 
    "F_520_3": 21.82903289794922, 
    "F_892_3": 20.015981674194336
}