{
    "F_644_3": 19.88472557067871, 
    "F_551_3": 20.644601821899414, 
    "F_861_3": 19.75067710876465, 
    "id": "spec-4195-55452-0940-QSOs-401", 
    "F_675_3": 19.885080337524414, 
    "F_737_3": 19.874242782592773, 
    "F_396_3": 22.659229278564453, 
    "F_365_3": 22.43535041809082, 
    "F_613_3": 19.714466094970703, 
    "F_706_3": 19.78622817993164, 
    "F_923_3": 19.731237411499023, 
    "F_458_3": 21.448692321777344, 
    "F_768_3": 19.55345344543457, 
    "Z": 4.072007656097412, 
    "F_799_3": 19.70562171936035, 
    "F_427_3": 21.878572463989258, 
    "F_489_3": 20.995864868164062, 
    "F_954_3": 19.610633850097656, 
    "F_830_3": 19.712833404541016, 
    "F_582_3": 20.65043830871582, 
    "F_520_3": 20.845661163330078, 
    "F_892_3": 19.776880264282227
}