{
    "F_644_3": 20.918519973754883, 
    "F_551_3": 21.263952255249023, 
    "F_861_3": 19.911359786987305, 
    "id": "spec-0477-52026-0216-QSOs-401", 
    "F_675_3": 20.780941009521484, 
    "F_737_3": 20.216323852539062, 
    "F_396_3": 21.617698669433594, 
    "F_365_3": 21.451459884643555, 
    "F_613_3": 21.024951934814453, 
    "F_706_3": 20.12921142578125, 
    "F_923_3": 19.52008056640625, 
    "F_458_3": 21.536361694335938, 
    "F_768_3": 20.069786071777344, 
    "Z": 4.728863716125488, 
    "F_799_3": 19.989534378051758, 
    "F_427_3": 21.589214324951172, 
    "F_489_3": 21.432729721069336, 
    "F_954_3": Infinity, 
    "F_830_3": 19.952838897705078, 
    "F_582_3": 21.00336456298828, 
    "F_520_3": 21.329801559448242, 
    "F_892_3": 19.64227294921875
}