{
    "F_644_3": 20.51943588256836, 
    "F_551_3": 21.424848556518555, 
    "F_861_3": 20.539079666137695, 
    "id": "spec-4658-55592-0503-QSOs-401", 
    "F_675_3": 20.707305908203125, 
    "F_737_3": 20.7061710357666, 
    "F_396_3": 22.6334228515625, 
    "F_365_3": 21.828125, 
    "F_613_3": 20.423770904541016, 
    "F_706_3": 20.59634017944336, 
    "F_923_3": 20.45482635498047, 
    "F_458_3": 22.456449508666992, 
    "F_768_3": 20.402690887451172, 
    "Z": 4.0913214683532715, 
    "F_799_3": 20.41370964050293, 
    "F_427_3": 22.85497283935547, 
    "F_489_3": 21.68195915222168, 
    "F_954_3": 20.076519012451172, 
    "F_830_3": 20.488636016845703, 
    "F_582_3": 21.37295150756836, 
    "F_520_3": 21.356481552124023, 
    "F_892_3": 20.434038162231445
}