{
    "F_644_3": 19.30769920349121, 
    "F_551_3": 19.728261947631836, 
    "F_861_3": 18.929466247558594, 
    "id": "spec-6203-56266-0684-QSOs-401", 
    "F_675_3": 19.279518127441406, 
    "F_737_3": 19.09491539001465, 
    "F_396_3": 20.961341857910156, 
    "F_365_3": 21.275508880615234, 
    "F_613_3": 19.463247299194336, 
    "F_706_3": 19.151779174804688, 
    "F_923_3": 18.824527740478516, 
    "F_458_3": 20.45614242553711, 
    "F_768_3": 19.046878814697266, 
    "Z": 4.093099594116211, 
    "F_799_3": 19.02051544189453, 
    "F_427_3": 20.61037254333496, 
    "F_489_3": 20.19027328491211, 
    "F_954_3": 18.74011993408203, 
    "F_830_3": 18.948190689086914, 
    "F_582_3": 19.66073226928711, 
    "F_520_3": 20.003887176513672, 
    "F_892_3": 18.87570571899414
}