{
    "F_644_3": 22.229625701904297, 
    "F_551_3": 22.386577606201172, 
    "F_861_3": 20.622495651245117, 
    "id": "spec-5001-55719-0838-QSOs-401", 
    "F_675_3": 20.896406173706055, 
    "F_737_3": 21.073163986206055, 
    "F_396_3": 23.221694946289062, 
    "F_365_3": 22.276559829711914, 
    "F_613_3": 22.100730895996094, 
    "F_706_3": 20.876306533813477, 
    "F_923_3": 20.712249755859375, 
    "F_458_3": 23.413724899291992, 
    "F_768_3": 21.019058227539062, 
    "Z": 4.639421463012695, 
    "F_799_3": 21.030471801757812, 
    "F_427_3": 23.309232711791992, 
    "F_489_3": 23.353914260864258, 
    "F_954_3": 20.847463607788086, 
    "F_830_3": 21.038471221923828, 
    "F_582_3": 22.067916870117188, 
    "F_520_3": 22.955322265625, 
    "F_892_3": 20.803552627563477
}