{
    "F_644_3": 19.696762084960938, 
    "F_551_3": 20.6442928314209, 
    "F_861_3": 19.690486907958984, 
    "id": "spec-6427-56328-0235-QSOs-401", 
    "F_675_3": 19.84877586364746, 
    "F_737_3": 19.833267211914062, 
    "F_396_3": 23.42925453186035, 
    "F_365_3": 22.961183547973633, 
    "F_613_3": 18.90365219116211, 
    "F_706_3": 19.709693908691406, 
    "F_923_3": 19.590085983276367, 
    "F_458_3": 21.774642944335938, 
    "F_768_3": 19.318111419677734, 
    "Z": 4.0576887130737305, 
    "F_799_3": 19.61570167541504, 
    "F_427_3": 23.4796199798584, 
    "F_489_3": 21.01301383972168, 
    "F_954_3": 19.361982345581055, 
    "F_830_3": 19.572669982910156, 
    "F_582_3": 20.721923828125, 
    "F_520_3": 20.5031681060791, 
    "F_892_3": 19.61983871459961
}