{
    "F_644_3": 20.97937774658203, 
    "F_551_3": 20.90660858154297, 
    "F_861_3": 19.527267456054688, 
    "id": "spec-6687-56602-0320-QSOs-401", 
    "F_675_3": 19.678848266601562, 
    "F_737_3": 19.909273147583008, 
    "F_396_3": 23.033660888671875, 
    "F_365_3": 22.250778198242188, 
    "F_613_3": 21.006994247436523, 
    "F_706_3": 19.93899154663086, 
    "F_923_3": 19.61709213256836, 
    "F_458_3": Infinity, 
    "F_768_3": 19.75049591064453, 
    "Z": 4.531862735748291, 
    "F_799_3": 19.84381103515625, 
    "F_427_3": Infinity, 
    "F_489_3": 22.887847900390625, 
    "F_954_3": 19.350727081298828, 
    "F_830_3": 19.704071044921875, 
    "F_582_3": 20.7493953704834, 
    "F_520_3": 21.414201736450195, 
    "F_892_3": 19.5444393157959
}