{
    "F_644_3": 19.89884376525879, 
    "F_551_3": 20.597387313842773, 
    "F_861_3": 19.850419998168945, 
    "id": "spec-3791-55501-0412-QSOs-401", 
    "F_675_3": 19.926424026489258, 
    "F_737_3": 19.938800811767578, 
    "F_396_3": 22.78687858581543, 
    "F_365_3": 22.202564239501953, 
    "F_613_3": 19.387474060058594, 
    "F_706_3": 19.848674774169922, 
    "F_923_3": 19.766977310180664, 
    "F_458_3": 21.56292724609375, 
    "F_768_3": 19.596572875976562, 
    "Z": 4.010031700134277, 
    "F_799_3": 19.828794479370117, 
    "F_427_3": 23.44835090637207, 
    "F_489_3": 20.798913955688477, 
    "F_954_3": 19.530363082885742, 
    "F_830_3": 19.853796005249023, 
    "F_582_3": 20.625505447387695, 
    "F_520_3": 20.649242401123047, 
    "F_892_3": 19.825773239135742
}