{
    "F_644_3": 20.562562942504883, 
    "F_551_3": 21.570606231689453, 
    "F_861_3": 20.47197914123535, 
    "id": "spec-6444-56339-0338-QSOs-401", 
    "F_675_3": 20.716625213623047, 
    "F_737_3": 20.78312873840332, 
    "F_396_3": 22.764732360839844, 
    "F_365_3": 22.254858016967773, 
    "F_613_3": 20.21702766418457, 
    "F_706_3": 20.6080265045166, 
    "F_923_3": 20.438064575195312, 
    "F_458_3": 22.497066497802734, 
    "F_768_3": 20.35953712463379, 
    "Z": 4.104720592498779, 
    "F_799_3": 20.229511260986328, 
    "F_427_3": 22.94114875793457, 
    "F_489_3": 21.754566192626953, 
    "F_954_3": 20.185081481933594, 
    "F_830_3": 20.434906005859375, 
    "F_582_3": 21.412254333496094, 
    "F_520_3": 21.504791259765625, 
    "F_892_3": 20.34711265563965
}