{
    "F_644_3": 20.90947914123535, 
    "F_551_3": 21.41733169555664, 
    "F_861_3": 20.96593475341797, 
    "id": "spec-5162-55893-0058-QSOs-401", 
    "F_675_3": 21.066078186035156, 
    "F_737_3": 21.06910514831543, 
    "F_396_3": 22.437963485717773, 
    "F_365_3": 21.458206176757812, 
    "F_613_3": 19.92650032043457, 
    "F_706_3": 21.038066864013672, 
    "F_923_3": 21.004871368408203, 
    "F_458_3": 21.881614685058594, 
    "F_768_3": 20.377792358398438, 
    "Z": 4.03828239440918, 
    "F_799_3": 20.835145950317383, 
    "F_427_3": 22.244094848632812, 
    "F_489_3": 21.537147521972656, 
    "F_954_3": 20.766769409179688, 
    "F_830_3": 20.810348510742188, 
    "F_582_3": 21.441753387451172, 
    "F_520_3": 21.080257415771484, 
    "F_892_3": 21.046646118164062
}