{
    "F_644_3": 20.854270935058594, 
    "F_551_3": 21.657052993774414, 
    "F_861_3": 20.659595489501953, 
    "id": "spec-5790-56271-0658-QSOs-401", 
    "F_675_3": 20.802305221557617, 
    "F_737_3": 20.80455207824707, 
    "F_396_3": 23.244421005249023, 
    "F_365_3": 22.527311325073242, 
    "F_613_3": 20.391935348510742, 
    "F_706_3": 20.751018524169922, 
    "F_923_3": 20.565303802490234, 
    "F_458_3": 22.710657119750977, 
    "F_768_3": 20.398040771484375, 
    "Z": 4.0482497215271, 
    "F_799_3": 20.615407943725586, 
    "F_427_3": 23.644304275512695, 
    "F_489_3": 21.788738250732422, 
    "F_954_3": 20.309112548828125, 
    "F_830_3": 20.548110961914062, 
    "F_582_3": 21.64610481262207, 
    "F_520_3": 21.46999168395996, 
    "F_892_3": 20.601688385009766
}