{
    "F_644_3": 20.602825164794922, 
    "F_551_3": 21.248653411865234, 
    "F_861_3": 20.239107131958008, 
    "id": "spec-4010-55350-0797-QSOs-401", 
    "F_675_3": 20.757211685180664, 
    "F_737_3": 20.637903213500977, 
    "F_396_3": 22.811674118041992, 
    "F_365_3": 22.286109924316406, 
    "F_613_3": 20.60479164123535, 
    "F_706_3": 20.644512176513672, 
    "F_923_3": 20.183191299438477, 
    "F_458_3": 22.214595794677734, 
    "F_768_3": 20.46635627746582, 
    "Z": 4.1422014236450195, 
    "F_799_3": 20.12827491760254, 
    "F_427_3": 22.760887145996094, 
    "F_489_3": 21.498308181762695, 
    "F_954_3": 20.00442886352539, 
    "F_830_3": 20.304288864135742, 
    "F_582_3": 21.50677490234375, 
    "F_520_3": 21.299222946166992, 
    "F_892_3": 20.23276710510254
}