{
    "F_644_3": 21.157352447509766, 
    "F_551_3": 22.170095443725586, 
    "F_861_3": 21.207849502563477, 
    "id": "spec-0663-52145-0234-QSOs-401", 
    "F_675_3": 21.606786727905273, 
    "F_737_3": 21.550434112548828, 
    "F_396_3": 22.757375717163086, 
    "F_365_3": 22.227293014526367, 
    "F_613_3": 21.381885528564453, 
    "F_706_3": 21.531442642211914, 
    "F_923_3": 20.88347625732422, 
    "F_458_3": 23.033437728881836, 
    "F_768_3": 21.48015022277832, 
    "Z": 4.167911052703857, 
    "F_799_3": 20.966915130615234, 
    "F_427_3": 23.23378562927246, 
    "F_489_3": 22.439727783203125, 
    "F_954_3": Infinity, 
    "F_830_3": 21.314918518066406, 
    "F_582_3": 22.08449363708496, 
    "F_520_3": 22.250383377075195, 
    "F_892_3": 21.02804183959961
}