{
    "F_644_3": 20.50555992126465, 
    "F_551_3": 21.363122940063477, 
    "F_861_3": 20.33902931213379, 
    "id": "spec-5474-56036-0344-QSOs-401", 
    "F_675_3": 20.608104705810547, 
    "F_737_3": 20.587100982666016, 
    "F_396_3": 23.272232055664062, 
    "F_365_3": 22.617582321166992, 
    "F_613_3": 20.2436466217041, 
    "F_706_3": 20.464080810546875, 
    "F_923_3": 20.249229431152344, 
    "F_458_3": 22.40554428100586, 
    "F_768_3": 20.232437133789062, 
    "Z": 4.070284366607666, 
    "F_799_3": 20.35759925842285, 
    "F_427_3": 22.891738891601562, 
    "F_489_3": 21.78369140625, 
    "F_954_3": 19.90216064453125, 
    "F_830_3": 20.304378509521484, 
    "F_582_3": 21.405258178710938, 
    "F_520_3": 21.439971923828125, 
    "F_892_3": 20.249435424804688
}