{
    "F_644_3": 21.50642967224121, 
    "F_551_3": 22.135784149169922, 
    "F_861_3": 20.556447982788086, 
    "id": "spec-6680-56420-0953-QSOs-401", 
    "F_675_3": 21.219829559326172, 
    "F_737_3": 20.916492462158203, 
    "F_396_3": 22.504152297973633, 
    "F_365_3": 22.129640579223633, 
    "F_613_3": 21.09310531616211, 
    "F_706_3": 21.148784637451172, 
    "F_923_3": 20.405912399291992, 
    "F_458_3": 22.549755096435547, 
    "F_768_3": 20.719587326049805, 
    "Z": 4.099465370178223, 
    "F_799_3": 20.531494140625, 
    "F_427_3": 22.716712951660156, 
    "F_489_3": 22.504270553588867, 
    "F_954_3": 20.251108169555664, 
    "F_830_3": 20.47404670715332, 
    "F_582_3": 22.118019104003906, 
    "F_520_3": 22.387550354003906, 
    "F_892_3": 20.49007225036621
}