{
    "F_644_3": 21.017871856689453, 
    "F_551_3": 21.729406356811523, 
    "F_861_3": 19.722856521606445, 
    "id": "spec-4783-55652-0442-QSOs-401", 
    "F_675_3": 21.029314041137695, 
    "F_737_3": 19.43777084350586, 
    "F_396_3": 22.763086318969727, 
    "F_365_3": 22.296245574951172, 
    "F_613_3": 20.81372833251953, 
    "F_706_3": 20.317903518676758, 
    "F_923_3": 19.412490844726562, 
    "F_458_3": 22.779621124267578, 
    "F_768_3": 19.865388870239258, 
    "Z": 4.959458827972412, 
    "F_799_3": 19.799558639526367, 
    "F_427_3": 22.839879989624023, 
    "F_489_3": 22.83733367919922, 
    "F_954_3": 19.63997459411621, 
    "F_830_3": 19.684003829956055, 
    "F_582_3": 21.19672203063965, 
    "F_520_3": 23.10567283630371, 
    "F_892_3": 19.693557739257812
}