{
    "F_644_3": Infinity, 
    "F_551_3": 20.93715476989746, 
    "F_861_3": Infinity, 
    "id": "spec-0723-52201-0173-QSOs-401", 
    "F_675_3": Infinity, 
    "F_737_3": Infinity, 
    "F_396_3": 22.37874984741211, 
    "F_365_3": 22.217205047607422, 
    "F_613_3": Infinity, 
    "F_706_3": Infinity, 
    "F_923_3": Infinity, 
    "F_458_3": 23.098386764526367, 
    "F_768_3": Infinity, 
    "Z": 4.1632161140441895, 
    "F_799_3": Infinity, 
    "F_427_3": 22.948259353637695, 
    "F_489_3": 21.962753295898438, 
    "F_954_3": Infinity, 
    "F_830_3": Infinity, 
    "F_582_3": 21.137378692626953, 
    "F_520_3": 21.324737548828125, 
    "F_892_3": Infinity
}