{
    "F_644_3": 19.63213348388672, 
    "F_551_3": 20.5091552734375, 
    "F_861_3": 19.354354858398438, 
    "id": "spec-6877-56544-0420-QSOs-401", 
    "F_675_3": 19.602827072143555, 
    "F_737_3": 19.578811645507812, 
    "F_396_3": 23.07541847229004, 
    "F_365_3": 22.640932083129883, 
    "F_613_3": 19.310314178466797, 
    "F_706_3": 19.60308837890625, 
    "F_923_3": 19.174104690551758, 
    "F_458_3": 21.480876922607422, 
    "F_768_3": 19.338285446166992, 
    "Z": 4.030432224273682, 
    "F_799_3": 19.324533462524414, 
    "F_427_3": 22.43269920349121, 
    "F_489_3": 20.990991592407227, 
    "F_954_3": 19.02536964416504, 
    "F_830_3": 19.358287811279297, 
    "F_582_3": 20.28659439086914, 
    "F_520_3": 20.35696792602539, 
    "F_892_3": 19.32709312438965
}