{
    "F_644_3": 21.193464279174805, 
    "F_551_3": 22.163969039916992, 
    "F_861_3": 21.155214309692383, 
    "id": "spec-6404-56330-0084-QSOs-401", 
    "F_675_3": 21.32095718383789, 
    "F_737_3": 21.292734146118164, 
    "F_396_3": 23.123220443725586, 
    "F_365_3": 22.444671630859375, 
    "F_613_3": 20.83614158630371, 
    "F_706_3": 21.206418991088867, 
    "F_923_3": 21.057720184326172, 
    "F_458_3": 22.875141143798828, 
    "F_768_3": 20.896202087402344, 
    "Z": 4.0319437980651855, 
    "F_799_3": 21.02791404724121, 
    "F_427_3": 23.337909698486328, 
    "F_489_3": 22.35176658630371, 
    "F_954_3": 20.82954216003418, 
    "F_830_3": 21.088733673095703, 
    "F_582_3": 21.979999542236328, 
    "F_520_3": 22.12668228149414, 
    "F_892_3": 21.180273056030273
}