{
    "F_644_3": Infinity, 
    "F_551_3": 20.479413986206055, 
    "F_861_3": Infinity, 
    "id": "spec-1686-53472-0549-QSOs-401", 
    "F_675_3": Infinity, 
    "F_737_3": Infinity, 
    "F_396_3": 22.275224685668945, 
    "F_365_3": 22.23702049255371, 
    "F_613_3": Infinity, 
    "F_706_3": Infinity, 
    "F_923_3": Infinity, 
    "F_458_3": 22.438308715820312, 
    "F_768_3": Infinity, 
    "Z": 4.130866527557373, 
    "F_799_3": Infinity, 
    "F_427_3": 22.71278190612793, 
    "F_489_3": 21.08568572998047, 
    "F_954_3": Infinity, 
    "F_830_3": Infinity, 
    "F_582_3": 20.491893768310547, 
    "F_520_3": 20.554698944091797, 
    "F_892_3": Infinity
}