{
    "F_644_3": 21.826486587524414, 
    "F_551_3": 22.689491271972656, 
    "F_861_3": 21.932104110717773, 
    "id": "spec-3946-55659-0684-QSOs-401", 
    "F_675_3": 22.086008071899414, 
    "F_737_3": 22.096609115600586, 
    "F_396_3": 23.143800735473633, 
    "F_365_3": 22.565401077270508, 
    "F_613_3": 21.05839729309082, 
    "F_706_3": 21.98419952392578, 
    "F_923_3": 21.80463981628418, 
    "F_458_3": 23.270000457763672, 
    "F_768_3": 21.518600463867188, 
    "Z": 4.0898919105529785, 
    "F_799_3": 21.433565139770508, 
    "F_427_3": 23.31233024597168, 
    "F_489_3": 22.82779884338379, 
    "F_954_3": 21.526424407958984, 
    "F_830_3": 21.736961364746094, 
    "F_582_3": 22.659936904907227, 
    "F_520_3": 22.481908798217773, 
    "F_892_3": 21.803871154785156
}