{
    "F_644_3": 18.67832374572754, 
    "F_551_3": 19.86923599243164, 
    "F_861_3": 18.780454635620117, 
    "id": "spec-0467-51901-0041-QSOs-401", 
    "F_675_3": 18.92507553100586, 
    "F_737_3": 18.863794326782227, 
    "F_396_3": 22.15848159790039, 
    "F_365_3": Infinity, 
    "F_613_3": 19.05784797668457, 
    "F_706_3": 18.83839988708496, 
    "F_923_3": 18.750389099121094, 
    "F_458_3": 21.432605743408203, 
    "F_768_3": 18.809032440185547, 
    "Z": 4.1496381759643555, 
    "F_799_3": 18.55458641052246, 
    "F_427_3": 21.84446144104004, 
    "F_489_3": 20.205530166625977, 
    "F_954_3": Infinity, 
    "F_830_3": 18.712936401367188, 
    "F_582_3": 19.938533782958984, 
    "F_520_3": 20.013696670532227, 
    "F_892_3": 18.63843536376953
}