{
    "F_644_3": 22.11277198791504, 
    "F_551_3": 22.677654266357422, 
    "F_861_3": 20.755308151245117, 
    "id": "spec-3839-55575-0292-QSOs-401", 
    "F_675_3": 22.07659912109375, 
    "F_737_3": 20.8891658782959, 
    "F_396_3": 23.301013946533203, 
    "F_365_3": 22.61264991760254, 
    "F_613_3": 21.848140716552734, 
    "F_706_3": 20.79605484008789, 
    "F_923_3": 20.541757583618164, 
    "F_458_3": 23.932533264160156, 
    "F_768_3": 20.91134262084961, 
    "Z": 4.807548999786377, 
    "F_799_3": 20.91205406188965, 
    "F_427_3": 23.48722267150879, 
    "F_489_3": Infinity, 
    "F_954_3": 20.426176071166992, 
    "F_830_3": 20.86589813232422, 
    "F_582_3": 22.047849655151367, 
    "F_520_3": 23.8468074798584, 
    "F_892_3": 20.506149291992188
}