{
    "F_644_3": Infinity, 
    "F_551_3": 19.343860626220703, 
    "F_861_3": Infinity, 
    "id": "spec-1384-53121-0269-QSOs-401", 
    "F_675_3": Infinity, 
    "F_737_3": Infinity, 
    "F_396_3": 19.590877532958984, 
    "F_365_3": 19.905441284179688, 
    "F_613_3": 18.93412971496582, 
    "F_706_3": Infinity, 
    "F_923_3": Infinity, 
    "F_458_3": 19.405229568481445, 
    "F_768_3": Infinity, 
    "Z": 4.945674419403076, 
    "F_799_3": Infinity, 
    "F_427_3": 19.503278732299805, 
    "F_489_3": 19.14952278137207, 
    "F_954_3": Infinity, 
    "F_830_3": Infinity, 
    "F_582_3": 19.170236587524414, 
    "F_520_3": 19.368194580078125, 
    "F_892_3": Infinity
}