{
    "F_644_3": 20.02674674987793, 
    "F_551_3": 21.25266456604004, 
    "F_861_3": 20.165559768676758, 
    "id": "spec-3696-55277-0168-QSOs-401", 
    "F_675_3": 20.355106353759766, 
    "F_737_3": 20.30259895324707, 
    "F_396_3": 22.6412410736084, 
    "F_365_3": 21.91695213317871, 
    "F_613_3": 21.322906494140625, 
    "F_706_3": 20.4807071685791, 
    "F_923_3": 20.126060485839844, 
    "F_458_3": 22.723052978515625, 
    "F_768_3": 20.468961715698242, 
    "Z": 4.3148722648620605, 
    "F_799_3": 20.109281539916992, 
    "F_427_3": 22.901016235351562, 
    "F_489_3": 22.029069900512695, 
    "F_954_3": 20.10767936706543, 
    "F_830_3": 19.98160743713379, 
    "F_582_3": 21.33638572692871, 
    "F_520_3": 21.652801513671875, 
    "F_892_3": 20.195199966430664
}