{
    "F_644_3": 20.383756637573242, 
    "F_551_3": 21.419239044189453, 
    "F_861_3": 20.304811477661133, 
    "id": "spec-0461-51910-0541-QSOs-401", 
    "F_675_3": 20.468406677246094, 
    "F_737_3": 20.515548706054688, 
    "F_396_3": 22.292158126831055, 
    "F_365_3": Infinity, 
    "F_613_3": 20.03795051574707, 
    "F_706_3": 20.450843811035156, 
    "F_923_3": 20.196556091308594, 
    "F_458_3": 22.304874420166016, 
    "F_768_3": 20.23595428466797, 
    "Z": 4.098008632659912, 
    "F_799_3": 19.907148361206055, 
    "F_427_3": 22.498064041137695, 
    "F_489_3": 21.64463233947754, 
    "F_954_3": Infinity, 
    "F_830_3": 20.163484573364258, 
    "F_582_3": 21.370622634887695, 
    "F_520_3": 21.302120208740234, 
    "F_892_3": 20.061054229736328
}