{
    "F_644_3": 21.38422393798828, 
    "F_551_3": 22.030237197875977, 
    "F_861_3": 21.089126586914062, 
    "id": "spec-6064-56097-0180-QSOs-401", 
    "F_675_3": 21.3525390625, 
    "F_737_3": 21.288986206054688, 
    "F_396_3": 23.406198501586914, 
    "F_365_3": 22.28460121154785, 
    "F_613_3": 21.462623596191406, 
    "F_706_3": 21.188425064086914, 
    "F_923_3": 20.928529739379883, 
    "F_458_3": 23.247386932373047, 
    "F_768_3": 21.042387008666992, 
    "Z": 4.017645835876465, 
    "F_799_3": 21.08517074584961, 
    "F_427_3": 23.678924560546875, 
    "F_489_3": 22.60746955871582, 
    "F_954_3": 20.84029197692871, 
    "F_830_3": 21.102018356323242, 
    "F_582_3": 22.133705139160156, 
    "F_520_3": 22.375303268432617, 
    "F_892_3": 21.059402465820312
}