{
    "F_644_3": 19.926137924194336, 
    "F_551_3": 21.083538055419922, 
    "F_861_3": 19.962841033935547, 
    "id": "spec-4207-55475-0583-QSOs-401", 
    "F_675_3": 20.13822364807129, 
    "F_737_3": 20.135892868041992, 
    "F_396_3": Infinity, 
    "F_365_3": Infinity, 
    "F_613_3": 19.935985565185547, 
    "F_706_3": 20.006669998168945, 
    "F_923_3": 19.920455932617188, 
    "F_458_3": 22.625349044799805, 
    "F_768_3": 19.859619140625, 
    "Z": 4.09824800491333, 
    "F_799_3": 19.755022048950195, 
    "F_427_3": Infinity, 
    "F_489_3": 21.343881607055664, 
    "F_954_3": 19.78669548034668, 
    "F_830_3": 19.942928314208984, 
    "F_582_3": 21.099275588989258, 
    "F_520_3": 20.889667510986328, 
    "F_892_3": 20.011247634887695
}