{
    "F_644_3": 22.236330032348633, 
    "F_551_3": 22.88219451904297, 
    "F_861_3": 22.657121658325195, 
    "id": "spec-5738-56002-0748-QSOs-401", 
    "F_675_3": 22.507341384887695, 
    "F_737_3": 22.444713592529297, 
    "F_396_3": 23.323034286499023, 
    "F_365_3": 22.307708740234375, 
    "F_613_3": 21.93578338623047, 
    "F_706_3": 22.36079978942871, 
    "F_923_3": 22.638568878173828, 
    "F_458_3": 23.477920532226562, 
    "F_768_3": 22.200910568237305, 
    "Z": 4.09889554977417, 
    "F_799_3": 22.10740852355957, 
    "F_427_3": 23.746103286743164, 
    "F_489_3": 23.09425163269043, 
    "F_954_3": 22.33613395690918, 
    "F_830_3": 22.494258880615234, 
    "F_582_3": 22.96760368347168, 
    "F_520_3": 22.733646392822266, 
    "F_892_3": 22.631793975830078
}