{
    "F_644_3": 19.580482482910156, 
    "F_551_3": 20.225099563598633, 
    "F_861_3": 19.65276527404785, 
    "id": "spec-6806-56419-0914-QSOs-401", 
    "F_675_3": 19.620615005493164, 
    "F_737_3": 19.6599178314209, 
    "F_396_3": 21.8756046295166, 
    "F_365_3": 21.288740158081055, 
    "F_613_3": 19.071151733398438, 
    "F_706_3": 19.51959800720215, 
    "F_923_3": 19.65846061706543, 
    "F_458_3": 20.63637351989746, 
    "F_768_3": 19.32386016845703, 
    "Z": 4.023658752441406, 
    "F_799_3": 19.557600021362305, 
    "F_427_3": 21.501554489135742, 
    "F_489_3": 20.2447452545166, 
    "F_954_3": 19.509172439575195, 
    "F_830_3": 19.58698272705078, 
    "F_582_3": 20.30093002319336, 
    "F_520_3": 19.991743087768555, 
    "F_892_3": 19.6898193359375
}