{
    "F_644_3": 19.703937530517578, 
    "F_551_3": 20.604488372802734, 
    "F_861_3": 19.645095825195312, 
    "id": "spec-5009-55707-0832-QSOs-401", 
    "F_675_3": 19.8367919921875, 
    "F_737_3": 19.786197662353516, 
    "F_396_3": 22.639633178710938, 
    "F_365_3": 21.907384872436523, 
    "F_613_3": 19.6469783782959, 
    "F_706_3": 19.734176635742188, 
    "F_923_3": Infinity, 
    "F_458_3": 21.06477165222168, 
    "F_768_3": 19.604759216308594, 
    "Z": 4.06148624420166, 
    "F_799_3": 19.6374568939209, 
    "F_427_3": 22.400718688964844, 
    "F_489_3": 20.844526290893555, 
    "F_954_3": Infinity, 
    "F_830_3": 19.683589935302734, 
    "F_582_3": 20.618030548095703, 
    "F_520_3": 20.566381454467773, 
    "F_892_3": 19.652238845825195
}