{
    "F_644_3": 19.84870147705078, 
    "F_551_3": 20.582515716552734, 
    "F_861_3": 19.67565155029297, 
    "id": "spec-6805-56442-0756-QSOs-401", 
    "F_675_3": 19.846790313720703, 
    "F_737_3": 19.83179473876953, 
    "F_396_3": 22.684328079223633, 
    "F_365_3": 21.946975708007812, 
    "F_613_3": 19.260562896728516, 
    "F_706_3": 19.765378952026367, 
    "F_923_3": 19.55606460571289, 
    "F_458_3": 21.378021240234375, 
    "F_768_3": 19.38886260986328, 
    "Z": 4.016717910766602, 
    "F_799_3": 19.63772964477539, 
    "F_427_3": 22.231721878051758, 
    "F_489_3": 20.8537654876709, 
    "F_954_3": 19.377044677734375, 
    "F_830_3": 19.637474060058594, 
    "F_582_3": 20.61895179748535, 
    "F_520_3": 20.418466567993164, 
    "F_892_3": 19.653608322143555
}