{
    "F_644_3": 20.805112838745117, 
    "F_551_3": 21.923498153686523, 
    "F_861_3": 20.75687026977539, 
    "id": "spec-4015-55624-0724-QSOs-401", 
    "F_675_3": 21.02358055114746, 
    "F_737_3": 20.97369384765625, 
    "F_396_3": Infinity, 
    "F_365_3": 22.599422454833984, 
    "F_613_3": 21.110912322998047, 
    "F_706_3": 21.038599014282227, 
    "F_923_3": 20.61539649963379, 
    "F_458_3": 24.1957950592041, 
    "F_768_3": 20.85205078125, 
    "Z": 4.09679651260376, 
    "F_799_3": 20.58771324157715, 
    "F_427_3": Infinity, 
    "F_489_3": 22.639799118041992, 
    "F_954_3": 20.232128143310547, 
    "F_830_3": 20.75345230102539, 
    "F_582_3": 21.95574188232422, 
    "F_520_3": 22.246925354003906, 
    "F_892_3": 20.584754943847656
}