{
    "F_644_3": 20.683738708496094, 
    "F_551_3": 21.63619041442871, 
    "F_861_3": 19.84683609008789, 
    "id": "spec-6671-56388-0838-QSOs-401", 
    "F_675_3": 20.500579833984375, 
    "F_737_3": 20.187122344970703, 
    "F_396_3": 22.44074058532715, 
    "F_365_3": 21.963281631469727, 
    "F_613_3": 20.915699005126953, 
    "F_706_3": 20.11423110961914, 
    "F_923_3": 19.774688720703125, 
    "F_458_3": 22.42007064819336, 
    "F_768_3": 20.187807083129883, 
    "Z": 4.727375507354736, 
    "F_799_3": 19.992961883544922, 
    "F_427_3": 22.492788314819336, 
    "F_489_3": 22.0933895111084, 
    "F_954_3": 19.694414138793945, 
    "F_830_3": 19.928234100341797, 
    "F_582_3": 21.331270217895508, 
    "F_520_3": 21.946685791015625, 
    "F_892_3": 19.785720825195312
}