{
    "F_644_3": 21.23505973815918, 
    "F_551_3": 21.889989852905273, 
    "F_861_3": 20.972368240356445, 
    "id": "spec-3878-55361-0986-QSOs-401", 
    "F_675_3": 21.282394409179688, 
    "F_737_3": 21.096704483032227, 
    "F_396_3": 23.44013786315918, 
    "F_365_3": 22.371726989746094, 
    "F_613_3": 20.631237030029297, 
    "F_706_3": 21.184009552001953, 
    "F_923_3": 20.870622634887695, 
    "F_458_3": 22.629499435424805, 
    "F_768_3": 20.685773849487305, 
    "Z": 4.012228965759277, 
    "F_799_3": 20.985815048217773, 
    "F_427_3": 23.511699676513672, 
    "F_489_3": 22.042884826660156, 
    "F_954_3": 20.39076042175293, 
    "F_830_3": 20.978031158447266, 
    "F_582_3": 21.91471290588379, 
    "F_520_3": 21.824153900146484, 
    "F_892_3": 20.78919219970703
}