{
    "F_644_3": 21.01218032836914, 
    "F_551_3": 22.026405334472656, 
    "F_861_3": 21.380271911621094, 
    "id": "spec-7103-56661-0126-QSOs-401", 
    "F_675_3": 21.396211624145508, 
    "F_737_3": 21.519697189331055, 
    "F_396_3": 22.954021453857422, 
    "F_365_3": 22.266199111938477, 
    "F_613_3": 20.314470291137695, 
    "F_706_3": 21.289026260375977, 
    "F_923_3": 21.314725875854492, 
    "F_458_3": 22.450782775878906, 
    "F_768_3": 21.000944137573242, 
    "Z": 4.09891414642334, 
    "F_799_3": 20.746166229248047, 
    "F_427_3": 23.03946876525879, 
    "F_489_3": 22.044095993041992, 
    "F_954_3": 21.246877670288086, 
    "F_830_3": 21.246492385864258, 
    "F_582_3": 22.01186752319336, 
    "F_520_3": 21.724149703979492, 
    "F_892_3": 21.303815841674805
}