{
    "F_644_3": 22.509132385253906, 
    "F_551_3": 22.718994140625, 
    "F_861_3": 21.236310958862305, 
    "id": "spec-4890-55741-0936-QSOs-401", 
    "F_675_3": 22.117631912231445, 
    "F_737_3": 21.27495574951172, 
    "F_396_3": 23.876075744628906, 
    "F_365_3": Infinity, 
    "F_613_3": 22.214324951171875, 
    "F_706_3": 20.572702407836914, 
    "F_923_3": 21.174543380737305, 
    "F_458_3": 23.779022216796875, 
    "F_768_3": 21.29133415222168, 
    "Z": 4.766657829284668, 
    "F_799_3": 21.140525817871094, 
    "F_427_3": 23.68606185913086, 
    "F_489_3": 23.84674835205078, 
    "F_954_3": 21.110702514648438, 
    "F_830_3": 21.368446350097656, 
    "F_582_3": 22.296894073486328, 
    "F_520_3": 23.205554962158203, 
    "F_892_3": 20.74405288696289
}