{
    "F_644_3": 20.715364456176758, 
    "F_551_3": 21.389572143554688, 
    "F_861_3": 20.42526626586914, 
    "id": "spec-4074-55679-0774-QSOs-401", 
    "F_675_3": 20.67409896850586, 
    "F_737_3": 20.55936622619629, 
    "F_396_3": 23.390657424926758, 
    "F_365_3": 22.33721923828125, 
    "F_613_3": 20.34013557434082, 
    "F_706_3": 20.533525466918945, 
    "F_923_3": 20.35073471069336, 
    "F_458_3": 22.379724502563477, 
    "F_768_3": 20.23017692565918, 
    "Z": 4.0447893142700195, 
    "F_799_3": 20.378618240356445, 
    "F_427_3": 23.266403198242188, 
    "F_489_3": 21.698917388916016, 
    "F_954_3": 20.04299545288086, 
    "F_830_3": 20.424495697021484, 
    "F_582_3": 21.45940399169922, 
    "F_520_3": 21.440248489379883, 
    "F_892_3": 20.32645606994629
}