{
    "F_644_3": 21.00473976135254, 
    "F_551_3": 21.48641014099121, 
    "F_861_3": 20.96152114868164, 
    "id": "spec-4216-55477-0030-QSOs-401", 
    "F_675_3": 21.345855712890625, 
    "F_737_3": 21.10344696044922, 
    "F_396_3": 22.820587158203125, 
    "F_365_3": 22.085115432739258, 
    "F_613_3": 21.182397842407227, 
    "F_706_3": 21.134973526000977, 
    "F_923_3": 21.039213180541992, 
    "F_458_3": 23.47426986694336, 
    "F_768_3": 21.000896453857422, 
    "Z": 4.0505242347717285, 
    "F_799_3": 20.890775680541992, 
    "F_427_3": 23.606599807739258, 
    "F_489_3": 22.624088287353516, 
    "F_954_3": 20.624069213867188, 
    "F_830_3": 20.945833206176758, 
    "F_582_3": 21.966976165771484, 
    "F_520_3": 22.13676643371582, 
    "F_892_3": 20.961143493652344
}