{
    "F_644_3": 19.536211013793945, 
    "F_551_3": 20.513917922973633, 
    "F_861_3": 19.652137756347656, 
    "id": "spec-5431-56011-0428-QSOs-401", 
    "F_675_3": 19.730714797973633, 
    "F_737_3": 19.74323844909668, 
    "F_396_3": 22.28496742248535, 
    "F_365_3": 22.282819747924805, 
    "F_613_3": 18.99611473083496, 
    "F_706_3": 19.67339324951172, 
    "F_923_3": 19.67610740661621, 
    "F_458_3": 21.34781837463379, 
    "F_768_3": 19.2476806640625, 
    "Z": 4.067178249359131, 
    "F_799_3": 19.399890899658203, 
    "F_427_3": 22.17289161682129, 
    "F_489_3": 20.722509384155273, 
    "F_954_3": 19.543272018432617, 
    "F_830_3": 19.562576293945312, 
    "F_582_3": 20.546884536743164, 
    "F_520_3": 20.226001739501953, 
    "F_892_3": 19.664562225341797
}