{
    "F_644_3": 19.87661361694336, 
    "F_551_3": 20.764812469482422, 
    "F_861_3": 19.695560455322266, 
    "id": "spec-5054-56191-0116-QSOs-401", 
    "F_675_3": 19.920866012573242, 
    "F_737_3": 19.927066802978516, 
    "F_396_3": 23.12224578857422, 
    "F_365_3": 22.346946716308594, 
    "F_613_3": 19.74452018737793, 
    "F_706_3": 19.802947998046875, 
    "F_923_3": 19.609725952148438, 
    "F_458_3": 21.658645629882812, 
    "F_768_3": 19.631498336791992, 
    "Z": 4.069980144500732, 
    "F_799_3": 19.654632568359375, 
    "F_427_3": 23.21589469909668, 
    "F_489_3": 21.035430908203125, 
    "F_954_3": 19.428905487060547, 
    "F_830_3": 19.68926239013672, 
    "F_582_3": 20.837791442871094, 
    "F_520_3": 20.848609924316406, 
    "F_892_3": 19.673799514770508
}