{
    "F_644_3": 19.08307456970215, 
    "F_551_3": 20.669906616210938, 
    "F_861_3": 19.116382598876953, 
    "id": "spec-0638-52081-0622-QSOs-401", 
    "F_675_3": 19.6408748626709, 
    "F_737_3": 19.383291244506836, 
    "F_396_3": Infinity, 
    "F_365_3": 22.23956871032715, 
    "F_613_3": 20.973791122436523, 
    "F_706_3": 19.587345123291016, 
    "F_923_3": 19.09737205505371, 
    "F_458_3": 23.95102882385254, 
    "F_768_3": 19.46976089477539, 
    "Z": 4.271369934082031, 
    "F_799_3": 18.972976684570312, 
    "F_427_3": Infinity, 
    "F_489_3": 21.835094451904297, 
    "F_954_3": Infinity, 
    "F_830_3": 19.053556442260742, 
    "F_582_3": 20.825082778930664, 
    "F_520_3": 21.13799476623535, 
    "F_892_3": 19.166793823242188
}