{
    "F_644_3": 20.485401153564453, 
    "F_551_3": 21.47556495666504, 
    "F_861_3": 20.82425880432129, 
    "id": "spec-3590-55201-0222-QSOs-401", 
    "F_675_3": 20.833999633789062, 
    "F_737_3": 20.94753646850586, 
    "F_396_3": 23.64963150024414, 
    "F_365_3": 22.65455436706543, 
    "F_613_3": 20.822664260864258, 
    "F_706_3": 20.736125946044922, 
    "F_923_3": 20.915945053100586, 
    "F_458_3": 23.157983779907227, 
    "F_768_3": 20.770658493041992, 
    "Z": 4.1648783683776855, 
    "F_799_3": 20.636341094970703, 
    "F_427_3": 24.285207748413086, 
    "F_489_3": 21.74594497680664, 
    "F_954_3": 20.880271911621094, 
    "F_830_3": 20.79288101196289, 
    "F_582_3": 21.654035568237305, 
    "F_520_3": 21.480318069458008, 
    "F_892_3": 20.906435012817383
}