{
    "F_644_3": 21.478050231933594, 
    "F_551_3": 22.081806182861328, 
    "F_861_3": 21.381261825561523, 
    "id": "spec-5365-55945-0020-QSOs-401", 
    "F_675_3": 21.691579818725586, 
    "F_737_3": 21.789295196533203, 
    "F_396_3": 22.66689682006836, 
    "F_365_3": 22.49976348876953, 
    "F_613_3": 20.919645309448242, 
    "F_706_3": 21.506084442138672, 
    "F_923_3": 21.348567962646484, 
    "F_458_3": 22.64134979248047, 
    "F_768_3": 21.1055908203125, 
    "Z": 4.061736106872559, 
    "F_799_3": 21.271574020385742, 
    "F_427_3": 22.860010147094727, 
    "F_489_3": 22.4197998046875, 
    "F_954_3": 20.91714859008789, 
    "F_830_3": 21.393766403198242, 
    "F_582_3": 22.27309799194336, 
    "F_520_3": 21.975845336914062, 
    "F_892_3": 21.21390724182129
}