{
    "F_644_3": 19.287782669067383, 
    "F_551_3": 20.092636108398438, 
    "F_861_3": 19.285911560058594, 
    "id": "spec-3987-55590-0172-QSOs-401", 
    "F_675_3": 19.392444610595703, 
    "F_737_3": 19.37749671936035, 
    "F_396_3": 22.436491012573242, 
    "F_365_3": 22.218868255615234, 
    "F_613_3": 19.21429443359375, 
    "F_706_3": 19.30739974975586, 
    "F_923_3": 19.281356811523438, 
    "F_458_3": 21.403270721435547, 
    "F_768_3": 19.12334442138672, 
    "Z": 4.077897071838379, 
    "F_799_3": 19.149492263793945, 
    "F_427_3": 22.581050872802734, 
    "F_489_3": 20.50119400024414, 
    "F_954_3": 19.13754653930664, 
    "F_830_3": 19.241836547851562, 
    "F_582_3": 20.26995086669922, 
    "F_520_3": 20.12824058532715, 
    "F_892_3": 19.277856826782227
}