{
    "F_644_3": 20.52970314025879, 
    "F_551_3": 21.857534408569336, 
    "F_861_3": 20.975919723510742, 
    "id": "spec-4072-55362-0358-QSOs-401", 
    "F_675_3": 21.192516326904297, 
    "F_737_3": 21.14410972595215, 
    "F_396_3": 23.37293815612793, 
    "F_365_3": 22.625978469848633, 
    "F_613_3": 21.847532272338867, 
    "F_706_3": 21.265727996826172, 
    "F_923_3": 21.049480438232422, 
    "F_458_3": 23.725200653076172, 
    "F_768_3": 21.16728401184082, 
    "Z": 4.228070259094238, 
    "F_799_3": 20.727537155151367, 
    "F_427_3": 23.8281307220459, 
    "F_489_3": 22.74753761291504, 
    "F_954_3": 20.977333068847656, 
    "F_830_3": 20.99522590637207, 
    "F_582_3": 22.267288208007812, 
    "F_520_3": 22.294422149658203, 
    "F_892_3": 21.06944465637207
}