{
    "F_644_3": 20.348798751831055, 
    "F_551_3": 21.274349212646484, 
    "F_861_3": 20.136137008666992, 
    "id": "spec-5859-56065-0936-QSOs-401", 
    "F_675_3": 20.402498245239258, 
    "F_737_3": 20.340349197387695, 
    "F_396_3": 22.69053840637207, 
    "F_365_3": 22.131393432617188, 
    "F_613_3": 19.69013214111328, 
    "F_706_3": 20.238880157470703, 
    "F_923_3": 20.181629180908203, 
    "F_458_3": 22.02605628967285, 
    "F_768_3": 19.862768173217773, 
    "Z": 4.058650970458984, 
    "F_799_3": 20.048681259155273, 
    "F_427_3": 22.706939697265625, 
    "F_489_3": 21.498167037963867, 
    "F_954_3": 19.842426300048828, 
    "F_830_3": 20.062522888183594, 
    "F_582_3": 21.313350677490234, 
    "F_520_3": 21.131046295166016, 
    "F_892_3": 20.12921142578125
}