{
    "F_644_3": 19.82892608642578, 
    "F_551_3": 21.21152687072754, 
    "F_861_3": 19.942533493041992, 
    "id": "spec-3866-55623-0750-QSOs-401", 
    "F_675_3": 20.183664321899414, 
    "F_737_3": 19.97809410095215, 
    "F_396_3": 23.32423973083496, 
    "F_365_3": 22.486793518066406, 
    "F_613_3": 21.187644958496094, 
    "F_706_3": 20.166444778442383, 
    "F_923_3": 19.90015411376953, 
    "F_458_3": 23.21710968017578, 
    "F_768_3": 20.133161544799805, 
    "Z": 4.238156318664551, 
    "F_799_3": 19.777830123901367, 
    "F_427_3": 23.483993530273438, 
    "F_489_3": 21.926368713378906, 
    "F_954_3": 19.88724136352539, 
    "F_830_3": 19.922346115112305, 
    "F_582_3": 21.72232437133789, 
    "F_520_3": 21.342626571655273, 
    "F_892_3": 19.940446853637695
}