{
    "F_644_3": 20.733402252197266, 
    "F_551_3": 21.60419273376465, 
    "F_861_3": 20.757434844970703, 
    "id": "spec-5330-56000-0366-QSOs-401", 
    "F_675_3": 20.821044921875, 
    "F_737_3": 20.818445205688477, 
    "F_396_3": 23.262928009033203, 
    "F_365_3": 22.866657257080078, 
    "F_613_3": 20.25800323486328, 
    "F_706_3": 20.68254852294922, 
    "F_923_3": 20.728212356567383, 
    "F_458_3": 22.299182891845703, 
    "F_768_3": 20.38823890686035, 
    "Z": 4.072840213775635, 
    "F_799_3": 20.54656410217285, 
    "F_427_3": 22.95696258544922, 
    "F_489_3": 21.735977172851562, 
    "F_954_3": 20.664670944213867, 
    "F_830_3": 20.650053024291992, 
    "F_582_3": 21.48758316040039, 
    "F_520_3": 21.383405685424805, 
    "F_892_3": 20.78935432434082
}