{
    "F_644_3": 21.403839111328125, 
    "F_551_3": 22.16267967224121, 
    "F_861_3": 21.662792205810547, 
    "id": "spec-4192-55469-0379-QSOs-401", 
    "F_675_3": 21.583396911621094, 
    "F_737_3": 21.663267135620117, 
    "F_396_3": 23.19509506225586, 
    "F_365_3": 22.3997859954834, 
    "F_613_3": 20.6549015045166, 
    "F_706_3": 21.422739028930664, 
    "F_923_3": 21.508283615112305, 
    "F_458_3": 22.895980834960938, 
    "F_768_3": 21.1074161529541, 
    "Z": 4.03122091293335, 
    "F_799_3": 21.49598503112793, 
    "F_427_3": 23.633485794067383, 
    "F_489_3": 22.362625122070312, 
    "F_954_3": 21.161296844482422, 
    "F_830_3": 21.49245834350586, 
    "F_582_3": 22.098711013793945, 
    "F_520_3": 21.995729446411133, 
    "F_892_3": 21.67894172668457
}