{
    "F_644_3": 19.174776077270508, 
    "F_551_3": 20.610015869140625, 
    "F_861_3": 19.77353858947754, 
    "id": "spec-3964-55648-0152-QSOs-401", 
    "F_675_3": 20.03880500793457, 
    "F_737_3": 19.914173126220703, 
    "F_396_3": 22.831504821777344, 
    "F_365_3": 22.7515926361084, 
    "F_613_3": 20.645111083984375, 
    "F_706_3": 20.087928771972656, 
    "F_923_3": 19.762048721313477, 
    "F_458_3": 21.8428897857666, 
    "F_768_3": 20.002872467041016, 
    "Z": 4.231329441070557, 
    "F_799_3": 19.503870010375977, 
    "F_427_3": 22.333026885986328, 
    "F_489_3": 21.458887100219727, 
    "F_954_3": 19.896364212036133, 
    "F_830_3": 19.81695556640625, 
    "F_582_3": 20.93001937866211, 
    "F_520_3": 20.875778198242188, 
    "F_892_3": 19.92591094970703
}