{
    "F_644_3": 20.46647071838379, 
    "F_551_3": 21.61500358581543, 
    "F_861_3": 20.319236755371094, 
    "id": "spec-6403-56357-0456-QSOs-401", 
    "F_675_3": 20.53122329711914, 
    "F_737_3": 20.503820419311523, 
    "F_396_3": 22.841646194458008, 
    "F_365_3": 22.414201736450195, 
    "F_613_3": 19.856990814208984, 
    "F_706_3": 20.3915958404541, 
    "F_923_3": 20.207372665405273, 
    "F_458_3": 22.0344295501709, 
    "F_768_3": 20.020471572875977, 
    "Z": 4.025996685028076, 
    "F_799_3": 20.255050659179688, 
    "F_427_3": 22.39653205871582, 
    "F_489_3": 21.505876541137695, 
    "F_954_3": 19.811241149902344, 
    "F_830_3": 20.226198196411133, 
    "F_582_3": 21.22365379333496, 
    "F_520_3": 21.322776794433594, 
    "F_892_3": 20.268918991088867
}