{
    "F_644_3": 19.487516403198242, 
    "F_551_3": 20.401025772094727, 
    "F_861_3": 19.385778427124023, 
    "id": "spec-6648-56383-0354-QSOs-401", 
    "F_675_3": 19.561758041381836, 
    "F_737_3": 19.526165008544922, 
    "F_396_3": 22.828968048095703, 
    "F_365_3": 22.421295166015625, 
    "F_613_3": 18.715896606445312, 
    "F_706_3": 19.425800323486328, 
    "F_923_3": 19.342832565307617, 
    "F_458_3": 20.884382247924805, 
    "F_768_3": 19.022438049316406, 
    "Z": 4.01598596572876, 
    "F_799_3": 19.302839279174805, 
    "F_427_3": 22.424121856689453, 
    "F_489_3": 20.570005416870117, 
    "F_954_3": 19.067258834838867, 
    "F_830_3": 19.312376022338867, 
    "F_582_3": 20.263538360595703, 
    "F_520_3": 20.00891876220703, 
    "F_892_3": 19.378416061401367
}