{
    "F_644_3": 20.691450119018555, 
    "F_551_3": 20.98692512512207, 
    "F_861_3": 20.824861526489258, 
    "id": "spec-6058-56090-0012-QSOs-401", 
    "F_675_3": 20.952730178833008, 
    "F_737_3": 20.888704299926758, 
    "F_396_3": 22.05095100402832, 
    "F_365_3": 21.448877334594727, 
    "F_613_3": 20.03947639465332, 
    "F_706_3": 20.78824806213379, 
    "F_923_3": 20.867616653442383, 
    "F_458_3": 21.95738410949707, 
    "F_768_3": 20.356765747070312, 
    "Z": 4.054388523101807, 
    "F_799_3": 20.612197875976562, 
    "F_427_3": 22.336545944213867, 
    "F_489_3": 21.507524490356445, 
    "F_954_3": 20.535593032836914, 
    "F_830_3": 20.622089385986328, 
    "F_582_3": 21.311616897583008, 
    "F_520_3": 21.07535743713379, 
    "F_892_3": 20.744382858276367
}