{
    "F_644_3": 19.479412078857422, 
    "F_551_3": 20.74515724182129, 
    "F_861_3": 19.51315689086914, 
    "id": "spec-6629-56365-0718-QSOs-401", 
    "F_675_3": 19.70128631591797, 
    "F_737_3": 19.723609924316406, 
    "F_396_3": 23.26823616027832, 
    "F_365_3": 22.463191986083984, 
    "F_613_3": 18.939647674560547, 
    "F_706_3": 19.6417236328125, 
    "F_923_3": 19.475261688232422, 
    "F_458_3": 22.361709594726562, 
    "F_768_3": 19.571413040161133, 
    "Z": 4.097226619720459, 
    "F_799_3": 19.192350387573242, 
    "F_427_3": 24.9593448638916, 
    "F_489_3": 21.1155948638916, 
    "F_954_3": 19.400907516479492, 
    "F_830_3": 19.468923568725586, 
    "F_582_3": 20.67728042602539, 
    "F_520_3": 20.785871505737305, 
    "F_892_3": 19.483232498168945
}