{
    "F_644_3": 19.811599731445312, 
    "F_551_3": 20.82916259765625, 
    "F_861_3": 19.431438446044922, 
    "id": "spec-1288-52731-0347-QSOs-401", 
    "F_675_3": 19.880353927612305, 
    "F_737_3": 19.703256607055664, 
    "F_396_3": 22.640729904174805, 
    "F_365_3": 22.434362411499023, 
    "F_613_3": 18.812793731689453, 
    "F_706_3": 19.719226837158203, 
    "F_923_3": 19.20829200744629, 
    "F_458_3": 21.658170700073242, 
    "F_768_3": 18.891029357910156, 
    "Z": 4.024073600769043, 
    "F_799_3": 19.402278900146484, 
    "F_427_3": 22.6630916595459, 
    "F_489_3": 21.101572036743164, 
    "F_954_3": Infinity, 
    "F_830_3": 19.353200912475586, 
    "F_582_3": 20.75387191772461, 
    "F_520_3": 20.476177215576172, 
    "F_892_3": 19.23069953918457
}