{
    "F_644_3": 20.321144104003906, 
    "F_551_3": 21.71786880493164, 
    "F_861_3": 20.77252960205078, 
    "id": "spec-3853-55268-0344-QSOs-401", 
    "F_675_3": 20.961210250854492, 
    "F_737_3": 20.890296936035156, 
    "F_396_3": 23.361221313476562, 
    "F_365_3": 22.834205627441406, 
    "F_613_3": 21.199575424194336, 
    "F_706_3": 20.975915908813477, 
    "F_923_3": 20.815837860107422, 
    "F_458_3": 22.607372283935547, 
    "F_768_3": 20.947431564331055, 
    "Z": 4.198845386505127, 
    "F_799_3": 20.431812286376953, 
    "F_427_3": 23.029251098632812, 
    "F_489_3": 22.22906494140625, 
    "F_954_3": 20.82282257080078, 
    "F_830_3": 20.77500343322754, 
    "F_582_3": 21.768962860107422, 
    "F_520_3": 21.87516975402832, 
    "F_892_3": 20.88365936279297
}