{
    "F_644_3": 23.258380889892578, 
    "F_551_3": 23.81258773803711, 
    "F_861_3": 23.08154296875, 
    "id": "spec-2639-54465-0283-QSOs-401", 
    "F_675_3": 23.380107879638672, 
    "F_737_3": 23.166664123535156, 
    "F_396_3": 23.728456497192383, 
    "F_365_3": 23.076032638549805, 
    "F_613_3": 22.976268768310547, 
    "F_706_3": 23.301006317138672, 
    "F_923_3": 22.847850799560547, 
    "F_458_3": 23.66933250427246, 
    "F_768_3": 23.149179458618164, 
    "Z": 4.032124042510986, 
    "F_799_3": 23.176193237304688, 
    "F_427_3": 23.802967071533203, 
    "F_489_3": 23.803817749023438, 
    "F_954_3": Infinity, 
    "F_830_3": 23.068016052246094, 
    "F_582_3": 23.76018714904785, 
    "F_520_3": 23.87504768371582, 
    "F_892_3": 22.765653610229492
}