{
    "F_644_3": 21.95359230041504, 
    "F_551_3": 22.33617401123047, 
    "F_861_3": 21.923145294189453, 
    "id": "spec-3777-55210-0214-QSOs-401", 
    "F_675_3": 22.119178771972656, 
    "F_737_3": 22.23387336730957, 
    "F_396_3": 23.540555953979492, 
    "F_365_3": 22.420635223388672, 
    "F_613_3": 21.275815963745117, 
    "F_706_3": 22.091760635375977, 
    "F_923_3": 21.979724884033203, 
    "F_458_3": 23.05594253540039, 
    "F_768_3": 21.561019897460938, 
    "Z": 4.028191566467285, 
    "F_799_3": 21.769977569580078, 
    "F_427_3": 23.644611358642578, 
    "F_489_3": 22.663864135742188, 
    "F_954_3": 21.279447555541992, 
    "F_830_3": 21.76844596862793, 
    "F_582_3": 22.514144897460938, 
    "F_520_3": 22.4866886138916, 
    "F_892_3": 21.71132469177246
}