{
    "F_644_3": 19.686870574951172, 
    "F_551_3": 20.38141441345215, 
    "F_861_3": 19.74650001525879, 
    "id": "spec-7107-56740-0512-QSOs-401", 
    "F_675_3": 19.81106185913086, 
    "F_737_3": 19.99213218688965, 
    "F_396_3": 22.08417510986328, 
    "F_365_3": 21.32123374938965, 
    "F_613_3": 18.863420486450195, 
    "F_706_3": 19.692039489746094, 
    "F_923_3": 19.674739837646484, 
    "F_458_3": 21.410709381103516, 
    "F_768_3": 19.34663963317871, 
    "Z": 4.015566349029541, 
    "F_799_3": 19.651409149169922, 
    "F_427_3": 22.777341842651367, 
    "F_489_3": 20.945402145385742, 
    "F_954_3": 19.326162338256836, 
    "F_830_3": 19.670745849609375, 
    "F_582_3": 20.733009338378906, 
    "F_520_3": 20.21454620361328, 
    "F_892_3": 19.74354362487793
}