{
    "F_644_3": 21.638782501220703, 
    "F_551_3": 22.20533561706543, 
    "F_861_3": 21.66141700744629, 
    "id": "spec-3827-55565-0390-QSOs-401", 
    "F_675_3": 21.742481231689453, 
    "F_737_3": 21.70417022705078, 
    "F_396_3": 23.164566040039062, 
    "F_365_3": 22.49776840209961, 
    "F_613_3": 21.126094818115234, 
    "F_706_3": 21.634782791137695, 
    "F_923_3": 21.528987884521484, 
    "F_458_3": 22.663463592529297, 
    "F_768_3": 21.32655143737793, 
    "Z": 4.030775547027588, 
    "F_799_3": 21.572673797607422, 
    "F_427_3": 23.05653953552246, 
    "F_489_3": 22.48127555847168, 
    "F_954_3": 21.2161865234375, 
    "F_830_3": 21.581239700317383, 
    "F_582_3": 22.149972915649414, 
    "F_520_3": 22.150720596313477, 
    "F_892_3": 21.51568031311035
}