{
    "F_644_3": 20.53904151916504, 
    "F_551_3": 20.94192123413086, 
    "F_861_3": 20.561887741088867, 
    "id": "spec-7087-56637-0520-QSOs-401", 
    "F_675_3": 20.581031799316406, 
    "F_737_3": 20.661663055419922, 
    "F_396_3": 22.76689338684082, 
    "F_365_3": 22.16181182861328, 
    "F_613_3": 19.982877731323242, 
    "F_706_3": 20.496076583862305, 
    "F_923_3": 20.387636184692383, 
    "F_458_3": 21.831544876098633, 
    "F_768_3": 20.2895450592041, 
    "Z": 4.020235061645508, 
    "F_799_3": 20.512727737426758, 
    "F_427_3": 23.037973403930664, 
    "F_489_3": 21.08987045288086, 
    "F_954_3": 20.19953155517578, 
    "F_830_3": 20.480281829833984, 
    "F_582_3": 21.12226104736328, 
    "F_520_3": 21.03644561767578, 
    "F_892_3": 20.537715911865234
}