{
    "F_644_3": 22.5197811126709, 
    "F_551_3": 23.098325729370117, 
    "F_861_3": 22.605709075927734, 
    "id": "spec-6316-56483-0958-QSOs-401", 
    "F_675_3": 22.60607147216797, 
    "F_737_3": 22.548503875732422, 
    "F_396_3": 24.156644821166992, 
    "F_365_3": 23.19115447998047, 
    "F_613_3": 21.51725196838379, 
    "F_706_3": 22.566646575927734, 
    "F_923_3": 22.437936782836914, 
    "F_458_3": 23.522226333618164, 
    "F_768_3": 21.9803466796875, 
    "Z": 4.032895088195801, 
    "F_799_3": 22.411296844482422, 
    "F_427_3": 24.013639450073242, 
    "F_489_3": 23.34163475036621, 
    "F_954_3": 21.779945373535156, 
    "F_830_3": 22.31106185913086, 
    "F_582_3": 22.939367294311523, 
    "F_520_3": 22.95171546936035, 
    "F_892_3": 22.55785369873047
}