{
    "F_644_3": Infinity, 
    "F_551_3": 20.50931739807129, 
    "F_861_3": Infinity, 
    "id": "spec-0457-51901-0100-QSOs-401", 
    "F_675_3": Infinity, 
    "F_737_3": Infinity, 
    "F_396_3": 22.055797576904297, 
    "F_365_3": 21.744108200073242, 
    "F_613_3": 20.542308807373047, 
    "F_706_3": Infinity, 
    "F_923_3": Infinity, 
    "F_458_3": 22.27696990966797, 
    "F_768_3": Infinity, 
    "Z": 4.229304313659668, 
    "F_799_3": Infinity, 
    "F_427_3": 22.38541603088379, 
    "F_489_3": 21.405488967895508, 
    "F_954_3": Infinity, 
    "F_830_3": Infinity, 
    "F_582_3": 20.5733699798584, 
    "F_520_3": 21.078094482421875, 
    "F_892_3": Infinity
}