{
    "F_644_3": 20.165102005004883, 
    "F_551_3": 20.88615608215332, 
    "F_861_3": 20.233617782592773, 
    "id": "spec-6008-56093-0210-QSOs-401", 
    "F_675_3": 20.308881759643555, 
    "F_737_3": 20.315685272216797, 
    "F_396_3": 22.923797607421875, 
    "F_365_3": 22.209775924682617, 
    "F_613_3": 19.221586227416992, 
    "F_706_3": 20.153095245361328, 
    "F_923_3": 20.204830169677734, 
    "F_458_3": 21.70890998840332, 
    "F_768_3": 19.714689254760742, 
    "Z": 4.0522379875183105, 
    "F_799_3": 20.09052848815918, 
    "F_427_3": 22.97161293029785, 
    "F_489_3": 21.135578155517578, 
    "F_954_3": 19.814224243164062, 
    "F_830_3": 20.03483772277832, 
    "F_582_3": 21.033626556396484, 
    "F_520_3": 20.79159164428711, 
    "F_892_3": 20.194225311279297
}