{
    "F_644_3": 19.87697410583496, 
    "F_551_3": 20.821359634399414, 
    "F_861_3": 19.910640716552734, 
    "id": "spec-5779-56338-0944-QSOs-401", 
    "F_675_3": 20.04557228088379, 
    "F_737_3": 19.976116180419922, 
    "F_396_3": 22.681907653808594, 
    "F_365_3": 22.442886352539062, 
    "F_613_3": 19.83202362060547, 
    "F_706_3": 19.928075790405273, 
    "F_923_3": 19.87911605834961, 
    "F_458_3": 21.268253326416016, 
    "F_768_3": 19.780513763427734, 
    "Z": 4.090764045715332, 
    "F_799_3": 19.76972007751465, 
    "F_427_3": 22.02806282043457, 
    "F_489_3": 20.773513793945312, 
    "F_954_3": 19.777273178100586, 
    "F_830_3": 19.871841430664062, 
    "F_582_3": 20.78439712524414, 
    "F_520_3": 20.475341796875, 
    "F_892_3": 19.90886878967285
}