{
    "F_644_3": 19.658096313476562, 
    "F_551_3": 20.365447998046875, 
    "F_861_3": 19.457447052001953, 
    "id": "spec-6439-56358-0232-QSOs-401", 
    "F_675_3": 19.678922653198242, 
    "F_737_3": 19.644866943359375, 
    "F_396_3": 23.13936996459961, 
    "F_365_3": 22.3603515625, 
    "F_613_3": 19.29662322998047, 
    "F_706_3": 19.534915924072266, 
    "F_923_3": 19.372600555419922, 
    "F_458_3": 21.695825576782227, 
    "F_768_3": 19.296899795532227, 
    "Z": 4.028054714202881, 
    "F_799_3": 19.435070037841797, 
    "F_427_3": 23.900842666625977, 
    "F_489_3": 20.50146484375, 
    "F_954_3": 19.110519409179688, 
    "F_830_3": 19.427988052368164, 
    "F_582_3": 20.445493698120117, 
    "F_520_3": 20.32267189025879, 
    "F_892_3": 19.418813705444336
}