{
    "F_644_3": 19.748741149902344, 
    "F_551_3": 20.372575759887695, 
    "F_861_3": 19.10052490234375, 
    "id": "spec-1362-53050-0386-QSOs-401", 
    "F_675_3": 19.293994903564453, 
    "F_737_3": 19.2110595703125, 
    "F_396_3": Infinity, 
    "F_365_3": Infinity, 
    "F_613_3": 20.256746292114258, 
    "F_706_3": 19.276824951171875, 
    "F_923_3": 19.01811408996582, 
    "F_458_3": Infinity, 
    "F_768_3": 19.210145950317383, 
    "Z": 4.302590847015381, 
    "F_799_3": 19.109806060791016, 
    "F_427_3": Infinity, 
    "F_489_3": 21.339916229248047, 
    "F_954_3": Infinity, 
    "F_830_3": 19.128131866455078, 
    "F_582_3": 20.1663818359375, 
    "F_520_3": 20.51467514038086, 
    "F_892_3": 19.074996948242188
}