{
    "F_644_3": 19.085905075073242, 
    "F_551_3": 20.145383834838867, 
    "F_861_3": 19.002647399902344, 
    "id": "spec-5337-55987-0780-QSOs-401", 
    "F_675_3": 19.198863983154297, 
    "F_737_3": 19.162527084350586, 
    "F_396_3": 23.490299224853516, 
    "F_365_3": 23.76076316833496, 
    "F_613_3": 18.252243041992188, 
    "F_706_3": 19.138994216918945, 
    "F_923_3": 18.923097610473633, 
    "F_458_3": 21.289796829223633, 
    "F_768_3": 18.60813331604004, 
    "Z": 4.01436185836792, 
    "F_799_3": 18.917757034301758, 
    "F_427_3": 22.43059730529785, 
    "F_489_3": 20.464759826660156, 
    "F_954_3": 18.618980407714844, 
    "F_830_3": 18.872434616088867, 
    "F_582_3": 19.942455291748047, 
    "F_520_3": 20.13931655883789, 
    "F_892_3": 18.9450740814209
}