{
    "F_644_3": 21.671428680419922, 
    "F_551_3": 22.685951232910156, 
    "F_861_3": 21.589244842529297, 
    "id": "spec-4303-55508-0037-QSOs-401", 
    "F_675_3": 21.804738998413086, 
    "F_737_3": 21.858949661254883, 
    "F_396_3": 23.884302139282227, 
    "F_365_3": 23.369956970214844, 
    "F_613_3": 21.235637664794922, 
    "F_706_3": 21.82927703857422, 
    "F_923_3": 21.543561935424805, 
    "F_458_3": 23.62917137145996, 
    "F_768_3": 21.412174224853516, 
    "Z": 4.104608058929443, 
    "F_799_3": 21.364898681640625, 
    "F_427_3": 23.848464965820312, 
    "F_489_3": 23.086097717285156, 
    "F_954_3": 21.452865600585938, 
    "F_830_3": 21.489816665649414, 
    "F_582_3": 22.77737045288086, 
    "F_520_3": 22.86420249938965, 
    "F_892_3": 21.5992431640625
}