{
    "F_644_3": 20.688995361328125, 
    "F_551_3": 21.67495346069336, 
    "F_861_3": 20.270706176757812, 
    "id": "spec-0646-52523-0351-QSOs-401", 
    "F_675_3": 20.7305850982666, 
    "F_737_3": 20.573322296142578, 
    "F_396_3": Infinity, 
    "F_365_3": Infinity, 
    "F_613_3": 20.216190338134766, 
    "F_706_3": 20.51202964782715, 
    "F_923_3": 19.607145309448242, 
    "F_458_3": 22.893718719482422, 
    "F_768_3": 20.19944953918457, 
    "Z": 4.014528751373291, 
    "F_799_3": 20.320932388305664, 
    "F_427_3": Infinity, 
    "F_489_3": 21.905149459838867, 
    "F_954_3": Infinity, 
    "F_830_3": 20.372234344482422, 
    "F_582_3": 21.366943359375, 
    "F_520_3": 21.641672134399414, 
    "F_892_3": 20.077917098999023
}