{
    "F_644_3": 20.709260940551758, 
    "F_551_3": 20.851974487304688, 
    "F_861_3": 19.35712432861328, 
    "id": "spec-4022-55352-0258-QSOs-401", 
    "F_675_3": 19.281949996948242, 
    "F_737_3": 19.701292037963867, 
    "F_396_3": 23.163921356201172, 
    "F_365_3": 22.437301635742188, 
    "F_613_3": 20.538461685180664, 
    "F_706_3": 19.693531036376953, 
    "F_923_3": 19.585947036743164, 
    "F_458_3": 24.312114715576172, 
    "F_768_3": 19.545385360717773, 
    "Z": 4.540268898010254, 
    "F_799_3": 19.641435623168945, 
    "F_427_3": 23.517879486083984, 
    "F_489_3": 23.029315948486328, 
    "F_954_3": 19.531396865844727, 
    "F_830_3": 19.55682945251465, 
    "F_582_3": 20.55259895324707, 
    "F_520_3": 21.13132667541504, 
    "F_892_3": 19.530439376831055
}