{
    "F_644_3": 20.710895538330078, 
    "F_551_3": 21.704193115234375, 
    "F_861_3": 20.789657592773438, 
    "id": "spec-3984-55333-0734-QSOs-401", 
    "F_675_3": 21.044111251831055, 
    "F_737_3": 21.025115966796875, 
    "F_396_3": 22.96332359313965, 
    "F_365_3": 22.540870666503906, 
    "F_613_3": 20.700225830078125, 
    "F_706_3": 20.841617584228516, 
    "F_923_3": 20.813201904296875, 
    "F_458_3": 22.76293182373047, 
    "F_768_3": 20.665010452270508, 
    "Z": 4.098001956939697, 
    "F_799_3": 20.678998947143555, 
    "F_427_3": 23.2429141998291, 
    "F_489_3": 21.837480545043945, 
    "F_954_3": 20.624631881713867, 
    "F_830_3": 20.755983352661133, 
    "F_582_3": 21.700916290283203, 
    "F_520_3": 21.60670280456543, 
    "F_892_3": 20.770227432250977
}