{
    "F_644_3": 21.227453231811523, 
    "F_551_3": 21.96225357055664, 
    "F_861_3": 21.23345375061035, 
    "id": "spec-4872-55944-0730-QSOs-401", 
    "F_675_3": 21.40740394592285, 
    "F_737_3": 21.452993392944336, 
    "F_396_3": 23.0125675201416, 
    "F_365_3": 22.17597198486328, 
    "F_613_3": 20.440189361572266, 
    "F_706_3": 21.283794403076172, 
    "F_923_3": 21.183666229248047, 
    "F_458_3": 22.73682403564453, 
    "F_768_3": 20.89621925354004, 
    "Z": 4.0256781578063965, 
    "F_799_3": 21.159149169921875, 
    "F_427_3": 23.101707458496094, 
    "F_489_3": 22.493694305419922, 
    "F_954_3": 20.796428680419922, 
    "F_830_3": 21.096635818481445, 
    "F_582_3": 22.204587936401367, 
    "F_520_3": 21.755264282226562, 
    "F_892_3": 21.20083999633789
}