{
    "F_644_3": 21.140705108642578, 
    "F_551_3": 22.000131607055664, 
    "F_861_3": 21.225841522216797, 
    "id": "spec-5469-56037-0928-QSOs-401", 
    "F_675_3": 21.427228927612305, 
    "F_737_3": 21.405601501464844, 
    "F_396_3": 22.979433059692383, 
    "F_365_3": 22.31476593017578, 
    "F_613_3": 20.98288917541504, 
    "F_706_3": 21.267242431640625, 
    "F_923_3": 21.18635368347168, 
    "F_458_3": 23.17299461364746, 
    "F_768_3": 21.01791763305664, 
    "Z": 4.109005928039551, 
    "F_799_3": 20.963153839111328, 
    "F_427_3": 23.490022659301758, 
    "F_489_3": 22.37961196899414, 
    "F_954_3": 21.056970596313477, 
    "F_830_3": 21.115705490112305, 
    "F_582_3": 22.01181983947754, 
    "F_520_3": 22.088041305541992, 
    "F_892_3": 21.249103546142578
}