{
    "F_644_3": 19.09804916381836, 
    "F_551_3": 19.999130249023438, 
    "F_861_3": 19.07199478149414, 
    "id": "spec-6010-56097-0640-QSOs-401", 
    "F_675_3": 19.231216430664062, 
    "F_737_3": 19.284780502319336, 
    "F_396_3": 22.364763259887695, 
    "F_365_3": 21.934913635253906, 
    "F_613_3": 18.27197265625, 
    "F_706_3": 19.08810806274414, 
    "F_923_3": 18.982940673828125, 
    "F_458_3": 20.871471405029297, 
    "F_768_3": 18.625009536743164, 
    "Z": 4.031612873077393, 
    "F_799_3": 18.968801498413086, 
    "F_427_3": 21.434696197509766, 
    "F_489_3": 20.246417999267578, 
    "F_954_3": 18.658458709716797, 
    "F_830_3": 18.982219696044922, 
    "F_582_3": 20.156463623046875, 
    "F_520_3": 19.704063415527344, 
    "F_892_3": 19.032901763916016
}