{
    "F_644_3": 19.844669342041016, 
    "F_551_3": 21.00357437133789, 
    "F_861_3": 20.04094886779785, 
    "id": "spec-3835-55570-0198-QSOs-401", 
    "F_675_3": 20.224245071411133, 
    "F_737_3": 20.14643669128418, 
    "F_396_3": 23.618383407592773, 
    "F_365_3": 22.753379821777344, 
    "F_613_3": 20.501689910888672, 
    "F_706_3": 20.088134765625, 
    "F_923_3": 19.977209091186523, 
    "F_458_3": 22.900251388549805, 
    "F_768_3": 20.122882843017578, 
    "Z": 4.175611972808838, 
    "F_799_3": 19.761859893798828, 
    "F_427_3": 24.145830154418945, 
    "F_489_3": 21.468486785888672, 
    "F_954_3": 19.968210220336914, 
    "F_830_3": 20.030847549438477, 
    "F_582_3": 21.046873092651367, 
    "F_520_3": 20.985061645507812, 
    "F_892_3": 20.00322723388672
}