{
    "F_644_3": 21.623210906982422, 
    "F_551_3": 22.249977111816406, 
    "F_861_3": 21.8026123046875, 
    "id": "spec-6188-56208-0575-QSOs-401", 
    "F_675_3": 21.746456146240234, 
    "F_737_3": 21.8087100982666, 
    "F_396_3": 23.552093505859375, 
    "F_365_3": 22.781429290771484, 
    "F_613_3": 21.429349899291992, 
    "F_706_3": 21.692073822021484, 
    "F_923_3": 21.819957733154297, 
    "F_458_3": 22.877422332763672, 
    "F_768_3": 21.639184951782227, 
    "Z": 4.105913162231445, 
    "F_799_3": 21.519006729125977, 
    "F_427_3": 23.591720581054688, 
    "F_489_3": 22.4417724609375, 
    "F_954_3": 21.706663131713867, 
    "F_830_3": 21.662233352661133, 
    "F_582_3": 22.26298713684082, 
    "F_520_3": 22.245487213134766, 
    "F_892_3": 21.880741119384766
}