{
    "F_644_3": 20.683937072753906, 
    "F_551_3": 21.583972930908203, 
    "F_861_3": 20.74766731262207, 
    "id": "spec-3969-55307-0872-QSOs-401", 
    "F_675_3": 20.86414909362793, 
    "F_737_3": 20.833765029907227, 
    "F_396_3": 23.09785270690918, 
    "F_365_3": 22.243297576904297, 
    "F_613_3": 20.76312255859375, 
    "F_706_3": 20.749414443969727, 
    "F_923_3": 20.801284790039062, 
    "F_458_3": 23.269441604614258, 
    "F_768_3": 20.602853775024414, 
    "Z": 4.099473476409912, 
    "F_799_3": 20.584430694580078, 
    "F_427_3": 23.39780616760254, 
    "F_489_3": 21.859994888305664, 
    "F_954_3": 20.45726776123047, 
    "F_830_3": 20.652170181274414, 
    "F_582_3": 21.64394187927246, 
    "F_520_3": 21.67498779296875, 
    "F_892_3": 20.753570556640625
}