{
    "F_644_3": 20.01078224182129, 
    "F_551_3": 20.959489822387695, 
    "F_861_3": 19.940088272094727, 
    "id": "spec-6412-56358-0756-QSOs-401", 
    "F_675_3": 20.153884887695312, 
    "F_737_3": 20.155475616455078, 
    "F_396_3": 23.034269332885742, 
    "F_365_3": 22.255834579467773, 
    "F_613_3": 19.50758171081543, 
    "F_706_3": 19.99554443359375, 
    "F_923_3": 19.882587432861328, 
    "F_458_3": 21.707378387451172, 
    "F_768_3": 19.629627227783203, 
    "Z": 4.067653656005859, 
    "F_799_3": 19.830957412719727, 
    "F_427_3": 22.4410343170166, 
    "F_489_3": 21.09098243713379, 
    "F_954_3": 19.626178741455078, 
    "F_830_3": 19.83026123046875, 
    "F_582_3": 20.951923370361328, 
    "F_520_3": 20.8841552734375, 
    "F_892_3": 19.897459030151367
}