{
    "F_644_3": Infinity, 
    "F_551_3": 20.608779907226562, 
    "F_861_3": Infinity, 
    "id": "spec-0648-52559-0375-QSOs-401", 
    "F_675_3": Infinity, 
    "F_737_3": Infinity, 
    "F_396_3": 22.512361526489258, 
    "F_365_3": Infinity, 
    "F_613_3": Infinity, 
    "F_706_3": Infinity, 
    "F_923_3": Infinity, 
    "F_458_3": 21.8848819732666, 
    "F_768_3": Infinity, 
    "Z": 4.132204532623291, 
    "F_799_3": Infinity, 
    "F_427_3": 22.614416122436523, 
    "F_489_3": 21.026044845581055, 
    "F_954_3": Infinity, 
    "F_830_3": Infinity, 
    "F_582_3": 20.56314468383789, 
    "F_520_3": 20.602556228637695, 
    "F_892_3": Infinity
}