{
    "F_644_3": 20.21403694152832, 
    "F_551_3": 21.381135940551758, 
    "F_861_3": 20.27406883239746, 
    "id": "spec-4755-55660-0412-QSOs-401", 
    "F_675_3": 20.864370346069336, 
    "F_737_3": 21.018339157104492, 
    "F_396_3": 22.65397834777832, 
    "F_365_3": 21.92923355102539, 
    "F_613_3": 20.4727783203125, 
    "F_706_3": 20.31388282775879, 
    "F_923_3": 20.207597732543945, 
    "F_458_3": 23.126005172729492, 
    "F_768_3": 20.58311653137207, 
    "Z": 4.104689121246338, 
    "F_799_3": 20.169294357299805, 
    "F_427_3": 24.134349822998047, 
    "F_489_3": 22.394407272338867, 
    "F_954_3": 19.999618530273438, 
    "F_830_3": 20.314212799072266, 
    "F_582_3": 21.7227783203125, 
    "F_520_3": 21.30939292907715, 
    "F_892_3": 20.293865203857422
}