{
    "F_644_3": 22.08538246154785, 
    "F_551_3": 22.616867065429688, 
    "F_861_3": 21.070833206176758, 
    "id": "spec-4217-55478-0800-QSOs-401", 
    "F_675_3": 22.22633171081543, 
    "F_737_3": 21.022069931030273, 
    "F_396_3": 23.513671875, 
    "F_365_3": 22.7674560546875, 
    "F_613_3": 21.893455505371094, 
    "F_706_3": 20.784435272216797, 
    "F_923_3": 20.933101654052734, 
    "F_458_3": 23.900070190429688, 
    "F_768_3": 21.072425842285156, 
    "Z": 4.828030109405518, 
    "F_799_3": 20.92498779296875, 
    "F_427_3": 23.690954208374023, 
    "F_489_3": 24.105716705322266, 
    "F_954_3": 20.982769012451172, 
    "F_830_3": 21.03254508972168, 
    "F_582_3": 22.249238967895508, 
    "F_520_3": 23.829486846923828, 
    "F_892_3": 20.732900619506836
}