{
    "F_644_3": 20.57442855834961, 
    "F_551_3": 21.246566772460938, 
    "F_861_3": 20.7026424407959, 
    "id": "spec-4802-55652-0494-QSOs-401", 
    "F_675_3": 20.805583953857422, 
    "F_737_3": 20.882164001464844, 
    "F_396_3": 22.44502830505371, 
    "F_365_3": 22.075883865356445, 
    "F_613_3": 20.269094467163086, 
    "F_706_3": 20.74767303466797, 
    "F_923_3": 20.76587677001953, 
    "F_458_3": 21.96793556213379, 
    "F_768_3": 20.544429779052734, 
    "Z": 4.093659400939941, 
    "F_799_3": 20.597030639648438, 
    "F_427_3": 22.385438919067383, 
    "F_489_3": 21.44356346130371, 
    "F_954_3": 20.475841522216797, 
    "F_830_3": 20.790010452270508, 
    "F_582_3": 21.37973403930664, 
    "F_520_3": 21.303224563598633, 
    "F_892_3": 20.69992446899414
}