{
    "F_644_3": 20.587997436523438, 
    "F_551_3": 21.714996337890625, 
    "F_861_3": 20.646835327148438, 
    "id": "spec-3669-55481-0398-QSOs-401", 
    "F_675_3": 20.894779205322266, 
    "F_737_3": 20.814125061035156, 
    "F_396_3": 23.171730041503906, 
    "F_365_3": 22.244646072387695, 
    "F_613_3": 20.567180633544922, 
    "F_706_3": 20.787277221679688, 
    "F_923_3": 20.602609634399414, 
    "F_458_3": 22.848722457885742, 
    "F_768_3": 20.625185012817383, 
    "Z": 4.132842063903809, 
    "F_799_3": 20.342159271240234, 
    "F_427_3": 23.320096969604492, 
    "F_489_3": 21.962812423706055, 
    "F_954_3": 20.40570068359375, 
    "F_830_3": 20.57203483581543, 
    "F_582_3": 21.71673011779785, 
    "F_520_3": 21.54327392578125, 
    "F_892_3": 20.582218170166016
}