{
    "F_644_3": 20.909921646118164, 
    "F_551_3": 20.98566436767578, 
    "F_861_3": 19.388147354125977, 
    "id": "spec-4956-55737-0032-QSOs-401", 
    "F_675_3": 19.349573135375977, 
    "F_737_3": 19.840213775634766, 
    "F_396_3": 23.049299240112305, 
    "F_365_3": 22.188295364379883, 
    "F_613_3": 21.016828536987305, 
    "F_706_3": 19.646709442138672, 
    "F_923_3": 19.696380615234375, 
    "F_458_3": 23.81194305419922, 
    "F_768_3": 19.827665328979492, 
    "Z": 4.610854625701904, 
    "F_799_3": 19.827157974243164, 
    "F_427_3": 23.26621437072754, 
    "F_489_3": 22.99183464050293, 
    "F_954_3": 19.846954345703125, 
    "F_830_3": 19.811634063720703, 
    "F_582_3": 20.620059967041016, 
    "F_520_3": 21.476367950439453, 
    "F_892_3": 19.682632446289062
}