{
    "F_644_3": 19.81610107421875, 
    "F_551_3": 20.279033660888672, 
    "F_861_3": 19.938610076904297, 
    "id": "spec-7114-56748-0752-QSOs-401", 
    "F_675_3": 19.877971649169922, 
    "F_737_3": 19.877695083618164, 
    "F_396_3": 22.08238983154297, 
    "F_365_3": 21.59223747253418, 
    "F_613_3": 19.18221664428711, 
    "F_706_3": 19.807802200317383, 
    "F_923_3": 19.949657440185547, 
    "F_458_3": 20.861679077148438, 
    "F_768_3": 19.45750617980957, 
    "Z": 4.017033100128174, 
    "F_799_3": 19.817527770996094, 
    "F_427_3": 21.417848587036133, 
    "F_489_3": 20.459775924682617, 
    "F_954_3": 19.742406845092773, 
    "F_830_3": 19.81989860534668, 
    "F_582_3": 20.398700714111328, 
    "F_520_3": 20.17197036743164, 
    "F_892_3": 19.96455192565918
}