{
    "F_644_3": 21.025562286376953, 
    "F_551_3": 22.017059326171875, 
    "F_861_3": 21.098613739013672, 
    "id": "spec-4561-55614-0368-QSOs-401", 
    "F_675_3": 21.252605438232422, 
    "F_737_3": 21.164283752441406, 
    "F_396_3": 23.396957397460938, 
    "F_365_3": 22.62326431274414, 
    "F_613_3": 19.678926467895508, 
    "F_706_3": 21.100156784057617, 
    "F_923_3": 21.117849349975586, 
    "F_458_3": 22.486827850341797, 
    "F_768_3": 20.23609161376953, 
    "Z": 4.066251754760742, 
    "F_799_3": 20.639822006225586, 
    "F_427_3": 23.001686096191406, 
    "F_489_3": 22.212663650512695, 
    "F_954_3": 21.046634674072266, 
    "F_830_3": 20.84992027282715, 
    "F_582_3": 21.857986450195312, 
    "F_520_3": 21.722713470458984, 
    "F_892_3": 21.197267532348633
}