{
    "F_644_3": 21.583459854125977, 
    "F_551_3": 22.268253326416016, 
    "F_861_3": 19.961376190185547, 
    "id": "spec-4879-55706-0644-QSOs-401", 
    "F_675_3": 21.978357315063477, 
    "F_737_3": 20.2598876953125, 
    "F_396_3": 23.144973754882812, 
    "F_365_3": 22.542110443115234, 
    "F_613_3": 21.45590591430664, 
    "F_706_3": 20.77008819580078, 
    "F_923_3": 19.797691345214844, 
    "F_458_3": 23.304643630981445, 
    "F_768_3": 20.127466201782227, 
    "Z": 4.764912128448486, 
    "F_799_3": 20.0660343170166, 
    "F_427_3": 23.303102493286133, 
    "F_489_3": 23.813770294189453, 
    "F_954_3": 19.71615219116211, 
    "F_830_3": 20.04446029663086, 
    "F_582_3": 22.15175437927246, 
    "F_520_3": 23.447771072387695, 
    "F_892_3": 19.881317138671875
}