{
    "F_644_3": 19.971406936645508, 
    "F_551_3": 20.863677978515625, 
    "F_861_3": 19.77637481689453, 
    "id": "spec-5427-56001-0330-QSOs-401", 
    "F_675_3": 20.028474807739258, 
    "F_737_3": 19.96845817565918, 
    "F_396_3": 23.15422821044922, 
    "F_365_3": 22.304960250854492, 
    "F_613_3": 19.825735092163086, 
    "F_706_3": 19.888103485107422, 
    "F_923_3": 19.6914005279541, 
    "F_458_3": 21.580036163330078, 
    "F_768_3": 19.66539192199707, 
    "Z": 4.069273948669434, 
    "F_799_3": 19.76703643798828, 
    "F_427_3": 22.560922622680664, 
    "F_489_3": 21.067298889160156, 
    "F_954_3": 19.573528289794922, 
    "F_830_3": 19.758644104003906, 
    "F_582_3": 20.887859344482422, 
    "F_520_3": 21.01390266418457, 
    "F_892_3": 19.746322631835938
}