{
    "F_644_3": 22.079172134399414, 
    "F_551_3": 22.5926456451416, 
    "F_861_3": 21.961458206176758, 
    "id": "spec-3821-55535-0342-QSOs-401", 
    "F_675_3": 22.120361328125, 
    "F_737_3": 22.250856399536133, 
    "F_396_3": 23.417787551879883, 
    "F_365_3": 22.596885681152344, 
    "F_613_3": 21.76852035522461, 
    "F_706_3": 22.100467681884766, 
    "F_923_3": 21.850093841552734, 
    "F_458_3": 23.24500274658203, 
    "F_768_3": 21.837963104248047, 
    "Z": 4.028209686279297, 
    "F_799_3": 21.909639358520508, 
    "F_427_3": 23.788312911987305, 
    "F_489_3": 22.805023193359375, 
    "F_954_3": 21.352256774902344, 
    "F_830_3": 21.977933883666992, 
    "F_582_3": 22.603137969970703, 
    "F_520_3": 22.608152389526367, 
    "F_892_3": 21.810745239257812
}