{
    "F_644_3": 21.526817321777344, 
    "F_551_3": 22.3597412109375, 
    "F_861_3": 21.199007034301758, 
    "id": "spec-6981-56443-0274-QSOs-401", 
    "F_675_3": 21.78327178955078, 
    "F_737_3": 21.6939640045166, 
    "F_396_3": 23.203201293945312, 
    "F_365_3": 22.570615768432617, 
    "F_613_3": 21.12087631225586, 
    "F_706_3": 21.55813217163086, 
    "F_923_3": 20.952573776245117, 
    "F_458_3": 23.184507369995117, 
    "F_768_3": 21.200321197509766, 
    "Z": 4.0359063148498535, 
    "F_799_3": 21.32923698425293, 
    "F_427_3": 23.536584854125977, 
    "F_489_3": 22.889625549316406, 
    "F_954_3": 20.648042678833008, 
    "F_830_3": 21.301084518432617, 
    "F_582_3": 22.36870765686035, 
    "F_520_3": 22.342958450317383, 
    "F_892_3": 21.08358383178711
}