{
    "F_644_3": 20.76942253112793, 
    "F_551_3": 21.572160720825195, 
    "F_861_3": 20.94615364074707, 
    "id": "spec-6674-56416-0585-QSOs-401", 
    "F_675_3": 20.95918083190918, 
    "F_737_3": 21.02190589904785, 
    "F_396_3": 22.809814453125, 
    "F_365_3": 21.842483520507812, 
    "F_613_3": 20.14571189880371, 
    "F_706_3": 20.86770248413086, 
    "F_923_3": 20.982742309570312, 
    "F_458_3": 22.398714065551758, 
    "F_768_3": 20.526962280273438, 
    "Z": 4.0505876541137695, 
    "F_799_3": 20.724609375, 
    "F_427_3": 23.50558853149414, 
    "F_489_3": 21.59103012084961, 
    "F_954_3": 20.569292068481445, 
    "F_830_3": 20.70883560180664, 
    "F_582_3": 21.628215789794922, 
    "F_520_3": 21.24773406982422, 
    "F_892_3": 20.90216636657715
}