{
    "F_644_3": 20.74813461303711, 
    "F_551_3": 21.531845092773438, 
    "F_861_3": 20.565126419067383, 
    "id": "spec-4549-55556-0182-QSOs-401", 
    "F_675_3": 20.754846572875977, 
    "F_737_3": 20.735151290893555, 
    "F_396_3": 22.936979293823242, 
    "F_365_3": 22.526601791381836, 
    "F_613_3": 20.07921028137207, 
    "F_706_3": 20.60881996154785, 
    "F_923_3": 20.507734298706055, 
    "F_458_3": 22.19904327392578, 
    "F_768_3": 20.27634048461914, 
    "Z": 4.033559322357178, 
    "F_799_3": 20.500926971435547, 
    "F_427_3": 22.612552642822266, 
    "F_489_3": 21.745243072509766, 
    "F_954_3": 20.328744888305664, 
    "F_830_3": 20.512754440307617, 
    "F_582_3": 21.501083374023438, 
    "F_520_3": 21.637414932250977, 
    "F_892_3": 20.66401481628418
}