{
    "F_644_3": 19.731002807617188, 
    "F_551_3": 20.752059936523438, 
    "F_861_3": 19.61997413635254, 
    "id": "spec-4860-55691-0180-QSOs-401", 
    "F_675_3": 19.98033332824707, 
    "F_737_3": 19.82843780517578, 
    "F_396_3": 22.34856414794922, 
    "F_365_3": 21.653947830200195, 
    "F_613_3": 21.030317306518555, 
    "F_706_3": 19.844463348388672, 
    "F_923_3": 19.513835906982422, 
    "F_458_3": 22.786212921142578, 
    "F_768_3": 19.78156280517578, 
    "Z": 4.107937335968018, 
    "F_799_3": 19.530336380004883, 
    "F_427_3": 23.228483200073242, 
    "F_489_3": 21.439058303833008, 
    "F_954_3": 19.411327362060547, 
    "F_830_3": 19.66180992126465, 
    "F_582_3": 21.040300369262695, 
    "F_520_3": 21.090131759643555, 
    "F_892_3": 19.571151733398438
}