{
    "F_644_3": 18.944713592529297, 
    "F_551_3": 19.443387985229492, 
    "F_861_3": 18.691574096679688, 
    "id": "spec-2774-54534-0417-QSOs-401", 
    "F_675_3": 19.008838653564453, 
    "F_737_3": 18.853404998779297, 
    "F_396_3": 20.351045608520508, 
    "F_365_3": 20.324190139770508, 
    "F_613_3": 19.163249969482422, 
    "F_706_3": 18.995868682861328, 
    "F_923_3": 18.76219367980957, 
    "F_458_3": 20.0264835357666, 
    "F_768_3": 18.842763900756836, 
    "Z": 4.271184921264648, 
    "F_799_3": 18.778667449951172, 
    "F_427_3": 20.118179321289062, 
    "F_489_3": 19.834224700927734, 
    "F_954_3": Infinity, 
    "F_830_3": 18.723031997680664, 
    "F_582_3": 19.29121208190918, 
    "F_520_3": 19.647947311401367, 
    "F_892_3": 18.691835403442383
}