{
    "F_644_3": 21.825267791748047, 
    "F_551_3": Infinity, 
    "F_861_3": 20.353002548217773, 
    "id": "spec-1942-53415-0304-QSOs-401", 
    "F_675_3": 21.165842056274414, 
    "F_737_3": 20.435983657836914, 
    "F_396_3": Infinity, 
    "F_365_3": 22.528976440429688, 
    "F_613_3": 21.578351974487305, 
    "F_706_3": 20.07400131225586, 
    "F_923_3": 19.997779846191406, 
    "F_458_3": Infinity, 
    "F_768_3": 20.398679733276367, 
    "Z": 4.753216743469238, 
    "F_799_3": 20.289331436157227, 
    "F_427_3": Infinity, 
    "F_489_3": Infinity, 
    "F_954_3": Infinity, 
    "F_830_3": 20.43658447265625, 
    "F_582_3": 22.01235008239746, 
    "F_520_3": Infinity, 
    "F_892_3": 20.237850189208984
}