{
    "F_644_3": 19.728891372680664, 
    "F_551_3": 19.77798080444336, 
    "F_861_3": 18.419559478759766, 
    "id": "spec-7235-56603-0135-QSOs-401", 
    "F_675_3": 18.430936813354492, 
    "F_737_3": 18.831754684448242, 
    "F_396_3": 21.970243453979492, 
    "F_365_3": 21.961332321166992, 
    "F_613_3": 19.91648292541504, 
    "F_706_3": 18.73027992248535, 
    "F_923_3": 18.646150588989258, 
    "F_458_3": 21.334423065185547, 
    "F_768_3": 18.681367874145508, 
    "Z": 4.5646491050720215, 
    "F_799_3": 18.81477928161621, 
    "F_427_3": 21.50160789489746, 
    "F_489_3": 20.74677276611328, 
    "F_954_3": 18.638208389282227, 
    "F_830_3": 18.692182540893555, 
    "F_582_3": 19.704452514648438, 
    "F_520_3": 20.283710479736328, 
    "F_892_3": 18.63198471069336
}