{
    "F_644_3": 20.96855926513672, 
    "F_551_3": 21.558979034423828, 
    "F_861_3": 21.088851928710938, 
    "id": "spec-7087-56637-0598-QSOs-401", 
    "F_675_3": 21.15436553955078, 
    "F_737_3": 21.048309326171875, 
    "F_396_3": 23.40037727355957, 
    "F_365_3": 22.252788543701172, 
    "F_613_3": 19.88006591796875, 
    "F_706_3": 20.99864387512207, 
    "F_923_3": 21.159839630126953, 
    "F_458_3": 22.308900833129883, 
    "F_768_3": 20.384963989257812, 
    "Z": 4.011943817138672, 
    "F_799_3": 20.85338020324707, 
    "F_427_3": 23.949098587036133, 
    "F_489_3": 21.71444320678711, 
    "F_954_3": 20.871883392333984, 
    "F_830_3": 20.871049880981445, 
    "F_582_3": 21.586544036865234, 
    "F_520_3": 21.228981018066406, 
    "F_892_3": 21.155839920043945
}