{
    "F_644_3": 20.862699508666992, 
    "F_551_3": 21.61222267150879, 
    "F_861_3": 20.937456130981445, 
    "id": "spec-5202-55824-0432-QSOs-401", 
    "F_675_3": 20.94280242919922, 
    "F_737_3": 21.001585006713867, 
    "F_396_3": 23.086029052734375, 
    "F_365_3": 22.50119972229004, 
    "F_613_3": 19.863195419311523, 
    "F_706_3": 20.841259002685547, 
    "F_923_3": 20.986358642578125, 
    "F_458_3": 22.01813507080078, 
    "F_768_3": 20.298404693603516, 
    "Z": 4.011491775512695, 
    "F_799_3": 20.814117431640625, 
    "F_427_3": 22.699094772338867, 
    "F_489_3": 21.683895111083984, 
    "F_954_3": 20.54948616027832, 
    "F_830_3": 20.68177604675293, 
    "F_582_3": 21.57141876220703, 
    "F_520_3": 21.332429885864258, 
    "F_892_3": 20.9455623626709
}