{
    "F_644_3": 19.672786712646484, 
    "F_551_3": 20.59641456604004, 
    "F_861_3": 19.589370727539062, 
    "id": "spec-3861-55274-0240-QSOs-401", 
    "F_675_3": 19.892444610595703, 
    "F_737_3": 19.802749633789062, 
    "F_396_3": 22.815441131591797, 
    "F_365_3": 22.21839141845703, 
    "F_613_3": 21.21259880065918, 
    "F_706_3": 20.17877197265625, 
    "F_923_3": 19.536426544189453, 
    "F_458_3": 22.73894500732422, 
    "F_768_3": 19.994037628173828, 
    "Z": 4.292023181915283, 
    "F_799_3": 19.69512176513672, 
    "F_427_3": 23.099830627441406, 
    "F_489_3": 21.84974479675293, 
    "F_954_3": 19.55743408203125, 
    "F_830_3": 19.61884117126465, 
    "F_582_3": 20.958526611328125, 
    "F_520_3": 21.524829864501953, 
    "F_892_3": 19.649673461914062
}