{
    "F_644_3": 19.889850616455078, 
    "F_551_3": 21.035537719726562, 
    "F_861_3": 20.02254867553711, 
    "id": "spec-5410-56016-0724-QSOs-401", 
    "F_675_3": 20.23014259338379, 
    "F_737_3": 20.2459716796875, 
    "F_396_3": 22.71779441833496, 
    "F_365_3": 21.88765525817871, 
    "F_613_3": 19.782529830932617, 
    "F_706_3": 20.119800567626953, 
    "F_923_3": 20.03395652770996, 
    "F_458_3": 22.42708396911621, 
    "F_768_3": 19.93592643737793, 
    "Z": 4.105252265930176, 
    "F_799_3": 19.73761749267578, 
    "F_427_3": 23.27394676208496, 
    "F_489_3": 21.367473602294922, 
    "F_954_3": 19.818098068237305, 
    "F_830_3": 19.955463409423828, 
    "F_582_3": 21.147119522094727, 
    "F_520_3": 21.172866821289062, 
    "F_892_3": 19.941020965576172
}