{
    "F_644_3": 20.744014739990234, 
    "F_551_3": 21.578350067138672, 
    "F_861_3": 20.94150733947754, 
    "id": "spec-4758-55682-0830-QSOs-401", 
    "F_675_3": 20.879695892333984, 
    "F_737_3": 20.876392364501953, 
    "F_396_3": 22.658716201782227, 
    "F_365_3": 22.015649795532227, 
    "F_613_3": 20.577821731567383, 
    "F_706_3": 20.75798225402832, 
    "F_923_3": 20.90528678894043, 
    "F_458_3": 22.21533966064453, 
    "F_768_3": 20.596952438354492, 
    "Z": 4.092837333679199, 
    "F_799_3": 20.65130615234375, 
    "F_427_3": 22.7049560546875, 
    "F_489_3": 21.88922691345215, 
    "F_954_3": 20.767637252807617, 
    "F_830_3": 20.886964797973633, 
    "F_582_3": 21.620901107788086, 
    "F_520_3": 21.482088088989258, 
    "F_892_3": 20.99277114868164
}