{
    "F_644_3": 21.319599151611328, 
    "F_551_3": 21.786949157714844, 
    "F_861_3": 19.7932071685791, 
    "id": "spec-4859-55684-0652-QSOs-401", 
    "F_675_3": 21.26502227783203, 
    "F_737_3": 19.841903686523438, 
    "F_396_3": 23.498558044433594, 
    "F_365_3": 22.54461669921875, 
    "F_613_3": 21.043413162231445, 
    "F_706_3": 19.640430450439453, 
    "F_923_3": 19.654329299926758, 
    "F_458_3": 23.294782638549805, 
    "F_768_3": 19.9440860748291, 
    "Z": 4.831465721130371, 
    "F_799_3": 19.84174919128418, 
    "F_427_3": 23.3045654296875, 
    "F_489_3": 23.728548049926758, 
    "F_954_3": 19.688241958618164, 
    "F_830_3": 19.850048065185547, 
    "F_582_3": 21.518596649169922, 
    "F_520_3": 22.480432510375977, 
    "F_892_3": 19.509719848632812
}