{
    "F_644_3": 20.145700454711914, 
    "F_551_3": 21.347198486328125, 
    "F_861_3": 19.071063995361328, 
    "id": "spec-6837-56442-0268-QSOs-401", 
    "F_675_3": 20.04737663269043, 
    "F_737_3": 19.607683181762695, 
    "F_396_3": 23.344507217407227, 
    "F_365_3": 22.459531784057617, 
    "F_613_3": 21.377647399902344, 
    "F_706_3": 19.723169326782227, 
    "F_923_3": 18.868501663208008, 
    "F_458_3": 23.64710235595703, 
    "F_768_3": 19.4407958984375, 
    "Z": 4.013147830963135, 
    "F_799_3": 19.241722106933594, 
    "F_427_3": 23.82330322265625, 
    "F_489_3": 22.482221603393555, 
    "F_954_3": 18.603755950927734, 
    "F_830_3": 19.162778854370117, 
    "F_582_3": 21.323457717895508, 
    "F_520_3": 21.798723220825195, 
    "F_892_3": 18.934823989868164
}