{
    "F_644_3": Infinity, 
    "F_551_3": 18.62407875061035, 
    "F_861_3": Infinity, 
    "id": "spec-1331-52766-0299-QSOs-401", 
    "F_675_3": Infinity, 
    "F_737_3": Infinity, 
    "F_396_3": 20.112184524536133, 
    "F_365_3": 20.178281784057617, 
    "F_613_3": 18.28573989868164, 
    "F_706_3": Infinity, 
    "F_923_3": Infinity, 
    "F_458_3": 19.29979133605957, 
    "F_768_3": Infinity, 
    "Z": 4.729915618896484, 
    "F_799_3": Infinity, 
    "F_427_3": 19.670045852661133, 
    "F_489_3": 18.88528823852539, 
    "F_954_3": Infinity, 
    "F_830_3": Infinity, 
    "F_582_3": 18.421384811401367, 
    "F_520_3": 18.67963409423828, 
    "F_892_3": Infinity
}