{
    "F_644_3": 21.706880569458008, 
    "F_551_3": 22.127466201782227, 
    "F_861_3": 20.726072311401367, 
    "id": "spec-5148-56220-0778-QSOs-401", 
    "F_675_3": 21.573453903198242, 
    "F_737_3": 20.781278610229492, 
    "F_396_3": 23.32931900024414, 
    "F_365_3": 22.145553588867188, 
    "F_613_3": 21.630958557128906, 
    "F_706_3": 20.62643051147461, 
    "F_923_3": 20.60467529296875, 
    "F_458_3": 23.628145217895508, 
    "F_768_3": 20.884578704833984, 
    "Z": 4.770974159240723, 
    "F_799_3": 20.724258422851562, 
    "F_427_3": 23.617238998413086, 
    "F_489_3": 23.31160545349121, 
    "F_954_3": 20.47054672241211, 
    "F_830_3": 20.83197784423828, 
    "F_582_3": 21.83548355102539, 
    "F_520_3": 22.600271224975586, 
    "F_892_3": 20.540117263793945
}