{
    "F_644_3": 20.29092788696289, 
    "F_551_3": 21.13679313659668, 
    "F_861_3": 20.236318588256836, 
    "id": "spec-3774-55244-0460-QSOs-401", 
    "F_675_3": 20.527793884277344, 
    "F_737_3": 20.553491592407227, 
    "F_396_3": 22.796171188354492, 
    "F_365_3": 22.21785545349121, 
    "F_613_3": 19.581987380981445, 
    "F_706_3": 20.417802810668945, 
    "F_923_3": 20.202316284179688, 
    "F_458_3": 22.4427547454834, 
    "F_768_3": 20.11058807373047, 
    "Z": 4.106736183166504, 
    "F_799_3": 19.68849754333496, 
    "F_427_3": 22.709352493286133, 
    "F_489_3": 21.801544189453125, 
    "F_954_3": 20.084781646728516, 
    "F_830_3": 20.154329299926758, 
    "F_582_3": 21.35559844970703, 
    "F_520_3": 21.229246139526367, 
    "F_892_3": 20.2811279296875
}