{
    "F_644_3": 21.49122428894043, 
    "F_551_3": 21.344934463500977, 
    "F_861_3": 20.094438552856445, 
    "id": "spec-6462-56326-0456-QSOs-401", 
    "F_675_3": 20.164405822753906, 
    "F_737_3": 20.43160629272461, 
    "F_396_3": Infinity, 
    "F_365_3": 22.667200088500977, 
    "F_613_3": 21.397275924682617, 
    "F_706_3": 20.34844398498535, 
    "F_923_3": 20.312885284423828, 
    "F_458_3": Infinity, 
    "F_768_3": 20.367006301879883, 
    "Z": 4.559505939483643, 
    "F_799_3": 20.40581703186035, 
    "F_427_3": Infinity, 
    "F_489_3": 23.20039176940918, 
    "F_954_3": 20.238388061523438, 
    "F_830_3": 20.362154006958008, 
    "F_582_3": 21.087154388427734, 
    "F_520_3": 21.934669494628906, 
    "F_892_3": 20.223886489868164
}