{
    "F_644_3": 19.322187423706055, 
    "F_551_3": 20.315439224243164, 
    "F_861_3": 19.10723304748535, 
    "id": "spec-0459-51924-0460-QSOs-401", 
    "F_675_3": 19.300851821899414, 
    "F_737_3": 19.245437622070312, 
    "F_396_3": 22.36801528930664, 
    "F_365_3": Infinity, 
    "F_613_3": 19.147275924682617, 
    "F_706_3": 19.20267677307129, 
    "F_923_3": 19.10417938232422, 
    "F_458_3": 21.06908416748047, 
    "F_768_3": 18.94973373413086, 
    "Z": 4.064185619354248, 
    "F_799_3": 19.100156784057617, 
    "F_427_3": 21.857440948486328, 
    "F_489_3": 20.475425720214844, 
    "F_954_3": Infinity, 
    "F_830_3": 19.101028442382812, 
    "F_582_3": 20.264421463012695, 
    "F_520_3": 20.26728630065918, 
    "F_892_3": 19.08373260498047
}