{
    "F_644_3": 21.049394607543945, 
    "F_551_3": 21.685640335083008, 
    "F_861_3": 21.027692794799805, 
    "id": "spec-6715-56449-0094-QSOs-401", 
    "F_675_3": 21.09284210205078, 
    "F_737_3": 21.11263084411621, 
    "F_396_3": 23.251535415649414, 
    "F_365_3": 22.51467514038086, 
    "F_613_3": 20.69236183166504, 
    "F_706_3": 20.958904266357422, 
    "F_923_3": 21.02304458618164, 
    "F_458_3": 22.428930282592773, 
    "F_768_3": 20.746355056762695, 
    "Z": 4.0636982917785645, 
    "F_799_3": 20.93745994567871, 
    "F_427_3": 23.059253692626953, 
    "F_489_3": 22.070261001586914, 
    "F_954_3": 20.836626052856445, 
    "F_830_3": 20.957822799682617, 
    "F_582_3": 21.75556755065918, 
    "F_520_3": 21.638473510742188, 
    "F_892_3": 21.01232147216797
}