{
    "F_644_3": 22.246620178222656, 
    "F_551_3": 22.88288116455078, 
    "F_861_3": 22.4542293548584, 
    "id": "spec-4953-55749-0638-QSOs-401", 
    "F_675_3": 22.51844596862793, 
    "F_737_3": 22.5856876373291, 
    "F_396_3": 23.207719802856445, 
    "F_365_3": 22.030309677124023, 
    "F_613_3": 21.254255294799805, 
    "F_706_3": 22.463802337646484, 
    "F_923_3": 22.403457641601562, 
    "F_458_3": 23.248476028442383, 
    "F_768_3": 21.91021728515625, 
    "Z": 4.096767425537109, 
    "F_799_3": 21.713613510131836, 
    "F_427_3": 23.285480499267578, 
    "F_489_3": 23.05533218383789, 
    "F_954_3": Infinity, 
    "F_830_3": 22.339088439941406, 
    "F_582_3": 22.83409881591797, 
    "F_520_3": 22.815433502197266, 
    "F_892_3": Infinity
}