{
    "F_644_3": 18.929622650146484, 
    "F_551_3": 19.97066879272461, 
    "F_861_3": 18.670305252075195, 
    "id": "spec-3873-55277-0866-QSOs-401", 
    "F_675_3": 18.783838272094727, 
    "F_737_3": 18.75490379333496, 
    "F_396_3": 22.629077911376953, 
    "F_365_3": 22.151525497436523, 
    "F_613_3": 19.828048706054688, 
    "F_706_3": 18.80422592163086, 
    "F_923_3": 18.59073829650879, 
    "F_458_3": 24.59667205810547, 
    "F_768_3": 18.84035301208496, 
    "Z": 4.28201961517334, 
    "F_799_3": 18.685970306396484, 
    "F_427_3": 23.04863166809082, 
    "F_489_3": 20.84287452697754, 
    "F_954_3": 18.563865661621094, 
    "F_830_3": 18.62615394592285, 
    "F_582_3": 19.813987731933594, 
    "F_520_3": 20.184072494506836, 
    "F_892_3": 18.637155532836914
}