{
    "F_644_3": 21.76439094543457, 
    "F_551_3": 22.201082229614258, 
    "F_861_3": 21.52201271057129, 
    "id": "spec-4232-55447-0442-QSOs-401", 
    "F_675_3": 21.77789306640625, 
    "F_737_3": 21.735876083374023, 
    "F_396_3": 23.178442001342773, 
    "F_365_3": 22.432281494140625, 
    "F_613_3": 21.08756446838379, 
    "F_706_3": 21.656055450439453, 
    "F_923_3": 21.344499588012695, 
    "F_458_3": 22.691518783569336, 
    "F_768_3": 21.358362197875977, 
    "Z": 4.0153069496154785, 
    "F_799_3": 21.51418113708496, 
    "F_427_3": 23.069639205932617, 
    "F_489_3": 22.27067756652832, 
    "F_954_3": 21.064151763916016, 
    "F_830_3": 21.549468994140625, 
    "F_582_3": 22.195188522338867, 
    "F_520_3": 22.070293426513672, 
    "F_892_3": 21.52669334411621
}