{
    "F_644_3": 21.389442443847656, 
    "F_551_3": 22.437236785888672, 
    "F_861_3": 21.315702438354492, 
    "id": "spec-3968-55590-0562-QSOs-401", 
    "F_675_3": 21.49467658996582, 
    "F_737_3": 21.37024688720703, 
    "F_396_3": 23.683420181274414, 
    "F_365_3": 22.810665130615234, 
    "F_613_3": 20.954381942749023, 
    "F_706_3": 21.410478591918945, 
    "F_923_3": 21.260831832885742, 
    "F_458_3": 23.46470069885254, 
    "F_768_3": 20.934783935546875, 
    "Z": 4.061997890472412, 
    "F_799_3": 21.120676040649414, 
    "F_427_3": 24.10624885559082, 
    "F_489_3": 22.705129623413086, 
    "F_954_3": 20.994365692138672, 
    "F_830_3": 21.1761474609375, 
    "F_582_3": 22.183683395385742, 
    "F_520_3": 22.032087326049805, 
    "F_892_3": 21.27313232421875
}