{
    "F_644_3": 21.140113830566406, 
    "F_551_3": 21.665250778198242, 
    "F_861_3": 21.2790584564209, 
    "id": "spec-7103-56661-0824-QSOs-401", 
    "F_675_3": 21.28188133239746, 
    "F_737_3": 21.257436752319336, 
    "F_396_3": 23.000999450683594, 
    "F_365_3": 22.425020217895508, 
    "F_613_3": 20.590791702270508, 
    "F_706_3": 21.22462272644043, 
    "F_923_3": 21.195911407470703, 
    "F_458_3": 22.264026641845703, 
    "F_768_3": 20.91853904724121, 
    "Z": 4.06659460067749, 
    "F_799_3": 21.07979965209961, 
    "F_427_3": 22.98341941833496, 
    "F_489_3": 21.949758529663086, 
    "F_954_3": 21.0897274017334, 
    "F_830_3": 21.202247619628906, 
    "F_582_3": 21.65205192565918, 
    "F_520_3": 21.693321228027344, 
    "F_892_3": 21.33251190185547
}