{
    "F_644_3": 18.77506446838379, 
    "F_551_3": 19.046390533447266, 
    "F_861_3": 18.516172409057617, 
    "id": "spec-0456-51910-0378-QSOs-401", 
    "F_675_3": 18.814149856567383, 
    "F_737_3": 18.688392639160156, 
    "F_396_3": 19.703577041625977, 
    "F_365_3": 19.82059669494629, 
    "F_613_3": 18.738759994506836, 
    "F_706_3": 18.70393180847168, 
    "F_923_3": Infinity, 
    "F_458_3": 19.521818161010742, 
    "F_768_3": 18.621807098388672, 
    "Z": 4.080724716186523, 
    "F_799_3": 18.643957138061523, 
    "F_427_3": 19.430849075317383, 
    "F_489_3": 19.40769386291504, 
    "F_954_3": Infinity, 
    "F_830_3": 18.53078269958496, 
    "F_582_3": 19.076753616333008, 
    "F_520_3": 19.30792236328125, 
    "F_892_3": 18.552356719970703
}