{
    "F_644_3": 20.06364631652832, 
    "F_551_3": 20.75891876220703, 
    "F_861_3": 19.919584274291992, 
    "id": "spec-6697-56419-0278-QSOs-401", 
    "F_675_3": 20.049331665039062, 
    "F_737_3": 20.02607536315918, 
    "F_396_3": 22.987060546875, 
    "F_365_3": Infinity, 
    "F_613_3": 19.77190399169922, 
    "F_706_3": 19.941673278808594, 
    "F_923_3": 19.81614875793457, 
    "F_458_3": 21.9943904876709, 
    "F_768_3": 19.708580017089844, 
    "Z": 4.049775123596191, 
    "F_799_3": 19.880781173706055, 
    "F_427_3": 23.432090759277344, 
    "F_489_3": 21.053733825683594, 
    "F_954_3": 19.473587036132812, 
    "F_830_3": 19.88568687438965, 
    "F_582_3": 20.852197647094727, 
    "F_520_3": 20.862743377685547, 
    "F_892_3": 19.81507682800293
}