{
    "F_644_3": 19.901079177856445, 
    "F_551_3": 20.80147361755371, 
    "F_861_3": 19.658618927001953, 
    "id": "spec-5156-55925-0364-QSOs-401", 
    "F_675_3": 19.930524826049805, 
    "F_737_3": 19.98322296142578, 
    "F_396_3": 22.491315841674805, 
    "F_365_3": 21.936845779418945, 
    "F_613_3": 19.617799758911133, 
    "F_706_3": 19.8527889251709, 
    "F_923_3": 19.555654525756836, 
    "F_458_3": 22.067386627197266, 
    "F_768_3": 19.596036911010742, 
    "Z": 4.052158832550049, 
    "F_799_3": 19.608407974243164, 
    "F_427_3": 23.059709548950195, 
    "F_489_3": 21.223398208618164, 
    "F_954_3": 19.331098556518555, 
    "F_830_3": 19.622825622558594, 
    "F_582_3": 20.810083389282227, 
    "F_520_3": 20.748065948486328, 
    "F_892_3": 19.630338668823242
}