{
    "F_644_3": 21.384763717651367, 
    "F_551_3": 21.44425392150879, 
    "F_861_3": 20.342758178710938, 
    "id": "spec-4064-55366-0227-QSOs-401", 
    "F_675_3": 21.209590911865234, 
    "F_737_3": 20.798818588256836, 
    "F_396_3": 21.842742919921875, 
    "F_365_3": 21.786090850830078, 
    "F_613_3": 21.699575424194336, 
    "F_706_3": 21.016756057739258, 
    "F_923_3": 20.107254028320312, 
    "F_458_3": 21.348838806152344, 
    "F_768_3": 20.72732162475586, 
    "Z": 4.922598838806152, 
    "F_799_3": 20.582149505615234, 
    "F_427_3": 21.541175842285156, 
    "F_489_3": 21.359594345092773, 
    "F_954_3": 19.979398727416992, 
    "F_830_3": 20.5044002532959, 
    "F_582_3": 21.59737777709961, 
    "F_520_3": 21.368759155273438, 
    "F_892_3": 20.23499298095703
}