{
    "F_644_3": 22.244842529296875, 
    "F_551_3": 23.24595832824707, 
    "F_861_3": 22.064085006713867, 
    "id": "spec-4408-55888-0768-QSOs-401", 
    "F_675_3": 22.405893325805664, 
    "F_737_3": 22.337156295776367, 
    "F_396_3": Infinity, 
    "F_365_3": Infinity, 
    "F_613_3": 21.75392723083496, 
    "F_706_3": 22.205778121948242, 
    "F_923_3": 21.9627685546875, 
    "F_458_3": 24.21255874633789, 
    "F_768_3": 21.721675872802734, 
    "Z": 4.068010330200195, 
    "F_799_3": 21.912439346313477, 
    "F_427_3": 24.669084548950195, 
    "F_489_3": 23.402423858642578, 
    "F_954_3": 21.465349197387695, 
    "F_830_3": 21.93979835510254, 
    "F_582_3": 23.14204216003418, 
    "F_520_3": 23.063480377197266, 
    "F_892_3": 21.897905349731445
}