{
    "F_644_3": 18.1153564453125, 
    "F_551_3": 19.47584342956543, 
    "F_861_3": 18.075878143310547, 
    "id": "spec-0532-51993-0311-QSOs-401", 
    "F_675_3": 18.40882682800293, 
    "F_737_3": 18.275362014770508, 
    "F_396_3": 21.823102951049805, 
    "F_365_3": Infinity, 
    "F_613_3": 18.90839195251465, 
    "F_706_3": 18.322181701660156, 
    "F_923_3": 18.066755294799805, 
    "F_458_3": 20.88174057006836, 
    "F_768_3": 18.2548828125, 
    "Z": 4.172074794769287, 
    "F_799_3": 18.007883071899414, 
    "F_427_3": 21.97452735900879, 
    "F_489_3": 19.804306030273438, 
    "F_954_3": Infinity, 
    "F_830_3": 18.117103576660156, 
    "F_582_3": 19.336204528808594, 
    "F_520_3": 19.727291107177734, 
    "F_892_3": 18.04378890991211
}