{
    "F_644_3": 19.31429100036621, 
    "F_551_3": 20.61586570739746, 
    "F_861_3": 19.564905166625977, 
    "id": "spec-0662-52147-0200-QSOs-401", 
    "F_675_3": 19.751157760620117, 
    "F_737_3": 19.682533264160156, 
    "F_396_3": 21.881929397583008, 
    "F_365_3": 21.71184539794922, 
    "F_613_3": 20.69135093688965, 
    "F_706_3": 19.76325225830078, 
    "F_923_3": 19.37217140197754, 
    "F_458_3": 22.282318115234375, 
    "F_768_3": 19.728683471679688, 
    "Z": 4.266709327697754, 
    "F_799_3": 19.498991012573242, 
    "F_427_3": 22.460702896118164, 
    "F_489_3": 21.243850708007812, 
    "F_954_3": Infinity, 
    "F_830_3": 19.472288131713867, 
    "F_582_3": 20.663227081298828, 
    "F_520_3": 20.841026306152344, 
    "F_892_3": 19.567628860473633
}