{
    "F_644_3": 20.62826156616211, 
    "F_551_3": 21.714191436767578, 
    "F_861_3": 20.316509246826172, 
    "id": "spec-5485-56063-0774-QSOs-401", 
    "F_675_3": 20.872657775878906, 
    "F_737_3": 21.03953742980957, 
    "F_396_3": Infinity, 
    "F_365_3": Infinity, 
    "F_613_3": 20.1959228515625, 
    "F_706_3": 20.440763473510742, 
    "F_923_3": 20.153703689575195, 
    "F_458_3": 23.180585861206055, 
    "F_768_3": 20.167261123657227, 
    "Z": 4.0203962326049805, 
    "F_799_3": 20.314722061157227, 
    "F_427_3": Infinity, 
    "F_489_3": 22.50555419921875, 
    "F_954_3": 19.892120361328125, 
    "F_830_3": 20.301090240478516, 
    "F_582_3": 22.324792861938477, 
    "F_520_3": 21.54473304748535, 
    "F_892_3": 20.32010269165039
}