{
    "F_644_3": 20.788204193115234, 
    "F_551_3": 21.9873046875, 
    "F_861_3": 20.973268508911133, 
    "id": "spec-3862-55276-0332-QSOs-401", 
    "F_675_3": 21.076784133911133, 
    "F_737_3": 21.22262954711914, 
    "F_396_3": 23.1785831451416, 
    "F_365_3": 22.267053604125977, 
    "F_613_3": 20.773056030273438, 
    "F_706_3": 21.039302825927734, 
    "F_923_3": 20.914220809936523, 
    "F_458_3": 23.302297592163086, 
    "F_768_3": 20.877552032470703, 
    "Z": 4.120144367218018, 
    "F_799_3": 20.703304290771484, 
    "F_427_3": 23.6239070892334, 
    "F_489_3": 22.20694923400879, 
    "F_954_3": 20.717021942138672, 
    "F_830_3": 20.885480880737305, 
    "F_582_3": 21.952119827270508, 
    "F_520_3": 21.860332489013672, 
    "F_892_3": 20.882150650024414
}