{
    "F_644_3": 18.532445907592773, 
    "F_551_3": 20.344566345214844, 
    "F_861_3": 19.392614364624023, 
    "id": "spec-3606-55182-0276-QSOs-401", 
    "F_675_3": 19.429399490356445, 
    "F_737_3": 19.439870834350586, 
    "F_396_3": 23.280628204345703, 
    "F_365_3": 22.9620304107666, 
    "F_613_3": 19.88656234741211, 
    "F_706_3": 19.53731346130371, 
    "F_923_3": 19.366640090942383, 
    "F_458_3": 22.405624389648438, 
    "F_768_3": 19.557111740112305, 
    "Z": 4.2073540687561035, 
    "F_799_3": 18.976444244384766, 
    "F_427_3": 23.498464584350586, 
    "F_489_3": 21.265989303588867, 
    "F_954_3": 19.468828201293945, 
    "F_830_3": 19.436460494995117, 
    "F_582_3": 20.724882125854492, 
    "F_520_3": 20.755516052246094, 
    "F_892_3": 19.49048614501953
}