{
    "F_644_3": 20.695114135742188, 
    "F_551_3": 21.45477294921875, 
    "F_861_3": 20.81108283996582, 
    "id": "spec-6816-56444-0800-QSOs-401", 
    "F_675_3": 20.87436294555664, 
    "F_737_3": 20.871728897094727, 
    "F_396_3": 22.968780517578125, 
    "F_365_3": 21.900094985961914, 
    "F_613_3": 19.566598892211914, 
    "F_706_3": 20.70970916748047, 
    "F_923_3": 20.76564598083496, 
    "F_458_3": 21.977140426635742, 
    "F_768_3": 19.97688865661621, 
    "Z": 4.0224809646606445, 
    "F_799_3": 20.6219539642334, 
    "F_427_3": 23.07364273071289, 
    "F_489_3": 21.627498626708984, 
    "F_954_3": 20.409854888916016, 
    "F_830_3": 20.52687644958496, 
    "F_582_3": 21.421842575073242, 
    "F_520_3": 21.11675453186035, 
    "F_892_3": 20.7777156829834
}