{
    "F_644_3": 20.972614288330078, 
    "F_551_3": 21.8105411529541, 
    "F_861_3": 20.809547424316406, 
    "id": "spec-4724-55742-0752-QSOs-401", 
    "F_675_3": 20.929399490356445, 
    "F_737_3": 20.83540153503418, 
    "F_396_3": 23.519384384155273, 
    "F_365_3": 22.93537712097168, 
    "F_613_3": 20.76993751525879, 
    "F_706_3": 20.856136322021484, 
    "F_923_3": 20.731136322021484, 
    "F_458_3": 22.740951538085938, 
    "F_768_3": 20.546049118041992, 
    "Z": 4.02365779876709, 
    "F_799_3": 20.74355125427246, 
    "F_427_3": 23.891590118408203, 
    "F_489_3": 22.097970962524414, 
    "F_954_3": 20.473533630371094, 
    "F_830_3": 20.801225662231445, 
    "F_582_3": 21.830581665039062, 
    "F_520_3": 21.73872184753418, 
    "F_892_3": 20.772680282592773
}