{
    "F_644_3": 19.757911682128906, 
    "F_551_3": 20.57686424255371, 
    "F_861_3": 19.366897583007812, 
    "id": "spec-7184-56629-0122-QSOs-401", 
    "F_675_3": 19.845630645751953, 
    "F_737_3": 19.629810333251953, 
    "F_396_3": 21.93442153930664, 
    "F_365_3": 22.44672203063965, 
    "F_613_3": 20.080760955810547, 
    "F_706_3": 19.66546058654785, 
    "F_923_3": 19.295881271362305, 
    "F_458_3": 21.154245376586914, 
    "F_768_3": 19.523218154907227, 
    "Z": 4.095111846923828, 
    "F_799_3": 19.384885787963867, 
    "F_427_3": 21.112903594970703, 
    "F_489_3": 21.14514923095703, 
    "F_954_3": 19.154560089111328, 
    "F_830_3": 19.3955078125, 
    "F_582_3": 20.23860740661621, 
    "F_520_3": 20.932886123657227, 
    "F_892_3": 19.29393196105957
}