{
    "F_644_3": 20.616897583007812, 
    "F_551_3": 21.547300338745117, 
    "F_861_3": 20.721839904785156, 
    "id": "spec-3959-55679-0914-QSOs-401", 
    "F_675_3": 20.937715530395508, 
    "F_737_3": 20.938037872314453, 
    "F_396_3": 23.036405563354492, 
    "F_365_3": 22.173240661621094, 
    "F_613_3": 21.11602210998535, 
    "F_706_3": 20.931394577026367, 
    "F_923_3": 20.79007339477539, 
    "F_458_3": 22.88758087158203, 
    "F_768_3": 20.826929092407227, 
    "Z": 4.1726579666137695, 
    "F_799_3": 20.45441246032715, 
    "F_427_3": 23.24397087097168, 
    "F_489_3": 22.205753326416016, 
    "F_954_3": 20.82482147216797, 
    "F_830_3": 20.7315616607666, 
    "F_582_3": 21.843111038208008, 
    "F_520_3": 21.83452033996582, 
    "F_892_3": 20.77259063720703
}