{
    "F_644_3": 20.610530853271484, 
    "F_551_3": 20.76034927368164, 
    "F_861_3": 19.64571189880371, 
    "id": "spec-4965-55721-0699-QSOs-401", 
    "F_675_3": 20.43087387084961, 
    "F_737_3": 20.062267303466797, 
    "F_396_3": 21.783952713012695, 
    "F_365_3": 21.89063835144043, 
    "F_613_3": 20.966018676757812, 
    "F_706_3": 20.184513092041016, 
    "F_923_3": 19.472366333007812, 
    "F_458_3": 20.915361404418945, 
    "F_768_3": 19.97413444519043, 
    "Z": 4.9574875831604, 
    "F_799_3": 19.915790557861328, 
    "F_427_3": 21.22740936279297, 
    "F_489_3": 20.810977935791016, 
    "F_954_3": 19.25619125366211, 
    "F_830_3": 19.70357322692871, 
    "F_582_3": 20.885530471801758, 
    "F_520_3": 20.747909545898438, 
    "F_892_3": 19.477907180786133
}