{
    "F_644_3": 19.689590454101562, 
    "F_551_3": 20.619550704956055, 
    "F_861_3": 19.69116973876953, 
    "id": "spec-5301-55987-0716-QSOs-401", 
    "F_675_3": 19.908952713012695, 
    "F_737_3": 19.892683029174805, 
    "F_396_3": 22.92763328552246, 
    "F_365_3": 22.02927589416504, 
    "F_613_3": 19.472164154052734, 
    "F_706_3": 19.772199630737305, 
    "F_923_3": 19.680402755737305, 
    "F_458_3": 22.348196029663086, 
    "F_768_3": 19.580400466918945, 
    "Z": 4.0984368324279785, 
    "F_799_3": 19.48272705078125, 
    "F_427_3": 23.751609802246094, 
    "F_489_3": 21.081005096435547, 
    "F_954_3": 19.484840393066406, 
    "F_830_3": 19.6457576751709, 
    "F_582_3": 20.877790451049805, 
    "F_520_3": 20.53919792175293, 
    "F_892_3": 19.6708927154541
}