{
    "F_644_3": 19.804183959960938, 
    "F_551_3": 20.735660552978516, 
    "F_861_3": 19.890228271484375, 
    "id": "spec-4274-55508-0901-QSOs-401", 
    "F_675_3": 19.917987823486328, 
    "F_737_3": 19.964509963989258, 
    "F_396_3": 22.914321899414062, 
    "F_365_3": 22.206785202026367, 
    "F_613_3": 19.70624542236328, 
    "F_706_3": 19.836097717285156, 
    "F_923_3": 19.875707626342773, 
    "F_458_3": 21.59201431274414, 
    "F_768_3": 19.724895477294922, 
    "Z": 4.093806266784668, 
    "F_799_3": 19.71192169189453, 
    "F_427_3": 22.785736083984375, 
    "F_489_3": 21.04229736328125, 
    "F_954_3": 19.817548751831055, 
    "F_830_3": 19.82537841796875, 
    "F_582_3": 20.804561614990234, 
    "F_520_3": 20.592416763305664, 
    "F_892_3": 19.8937931060791
}