{
    "F_644_3": 20.83637046813965, 
    "F_551_3": 21.559959411621094, 
    "F_861_3": 20.7833309173584, 
    "id": "spec-5459-56035-0164-QSOs-401", 
    "F_675_3": 20.94159507751465, 
    "F_737_3": 20.86211585998535, 
    "F_396_3": 23.087642669677734, 
    "F_365_3": 22.268308639526367, 
    "F_613_3": 20.464801788330078, 
    "F_706_3": 20.741180419921875, 
    "F_923_3": 20.718341827392578, 
    "F_458_3": 22.323209762573242, 
    "F_768_3": 20.512603759765625, 
    "Z": 4.045346260070801, 
    "F_799_3": 20.735021591186523, 
    "F_427_3": 23.802127838134766, 
    "F_489_3": 21.598526000976562, 
    "F_954_3": 20.39864158630371, 
    "F_830_3": 20.757272720336914, 
    "F_582_3": 21.458541870117188, 
    "F_520_3": 21.462549209594727, 
    "F_892_3": 20.79431915283203
}