{
    "F_644_3": 21.852371215820312, 
    "F_551_3": 21.855012893676758, 
    "F_861_3": 20.3747615814209, 
    "id": "spec-6716-56401-0100-QSOs-401", 
    "F_675_3": 20.314172744750977, 
    "F_737_3": 20.70207977294922, 
    "F_396_3": 22.769023895263672, 
    "F_365_3": 22.505977630615234, 
    "F_613_3": 21.586442947387695, 
    "F_706_3": 20.232542037963867, 
    "F_923_3": 20.651996612548828, 
    "F_458_3": 23.15170669555664, 
    "F_768_3": 20.685039520263672, 
    "Z": 4.663632392883301, 
    "F_799_3": 20.67136001586914, 
    "F_427_3": 23.00469207763672, 
    "F_489_3": 22.741714477539062, 
    "F_954_3": 20.79411506652832, 
    "F_830_3": 20.867366790771484, 
    "F_582_3": 21.44867706298828, 
    "F_520_3": 22.156085968017578, 
    "F_892_3": 20.531084060668945
}