{
    "F_644_3": 19.19390869140625, 
    "F_551_3": 21.05475425720215, 
    "F_861_3": 19.48849105834961, 
    "id": "spec-1288-52731-0050-QSOs-401", 
    "F_675_3": 19.92333221435547, 
    "F_737_3": 19.823963165283203, 
    "F_396_3": Infinity, 
    "F_365_3": Infinity, 
    "F_613_3": 21.044757843017578, 
    "F_706_3": 19.959632873535156, 
    "F_923_3": 19.410551071166992, 
    "F_458_3": 23.90678596496582, 
    "F_768_3": 19.89693832397461, 
    "Z": 4.310869216918945, 
    "F_799_3": 19.613231658935547, 
    "F_427_3": Infinity, 
    "F_489_3": 21.997270584106445, 
    "F_954_3": Infinity, 
    "F_830_3": 19.14286231994629, 
    "F_582_3": 21.164844512939453, 
    "F_520_3": 21.503637313842773, 
    "F_892_3": 19.470441818237305
}