{
    "F_644_3": 20.715572357177734, 
    "F_551_3": 21.418249130249023, 
    "F_861_3": 20.685361862182617, 
    "id": "spec-4685-55657-0207-QSOs-401", 
    "F_675_3": 20.764503479003906, 
    "F_737_3": 20.821369171142578, 
    "F_396_3": 22.519458770751953, 
    "F_365_3": 22.13951873779297, 
    "F_613_3": 20.288785934448242, 
    "F_706_3": 20.72944450378418, 
    "F_923_3": 20.63771629333496, 
    "F_458_3": 21.954097747802734, 
    "F_768_3": 20.444643020629883, 
    "Z": 4.015674114227295, 
    "F_799_3": 20.638946533203125, 
    "F_427_3": 22.568105697631836, 
    "F_489_3": 21.518131256103516, 
    "F_954_3": 20.510269165039062, 
    "F_830_3": 20.66178321838379, 
    "F_582_3": 21.33939552307129, 
    "F_520_3": 21.358104705810547, 
    "F_892_3": 20.72210693359375
}