{
    "F_644_3": 21.20280647277832, 
    "F_551_3": 21.591978073120117, 
    "F_861_3": 21.128786087036133, 
    "id": "spec-4011-55635-0030-QSOs-401", 
    "F_675_3": 21.236534118652344, 
    "F_737_3": 21.310813903808594, 
    "F_396_3": 23.41156768798828, 
    "F_365_3": 22.526981353759766, 
    "F_613_3": 20.603595733642578, 
    "F_706_3": 21.1099853515625, 
    "F_923_3": 21.108177185058594, 
    "F_458_3": 22.507675170898438, 
    "F_768_3": 20.83548355102539, 
    "Z": 4.020073413848877, 
    "F_799_3": 21.161418914794922, 
    "F_427_3": 23.839452743530273, 
    "F_489_3": 21.981693267822266, 
    "F_954_3": 20.703956604003906, 
    "F_830_3": 21.129104614257812, 
    "F_582_3": 21.807750701904297, 
    "F_520_3": 21.621234893798828, 
    "F_892_3": 21.1778564453125
}