{
    "F_644_3": 22.112041473388672, 
    "F_551_3": 22.404586791992188, 
    "F_861_3": 20.77486801147461, 
    "id": "spec-4858-55686-0384-QSOs-401", 
    "F_675_3": 21.996824264526367, 
    "F_737_3": 20.386648178100586, 
    "F_396_3": 23.37942886352539, 
    "F_365_3": 22.750749588012695, 
    "F_613_3": 21.540790557861328, 
    "F_706_3": 20.71083641052246, 
    "F_923_3": 20.105897903442383, 
    "F_458_3": 23.562456130981445, 
    "F_768_3": 20.70859718322754, 
    "Z": 4.91304349899292, 
    "F_799_3": 20.744691848754883, 
    "F_427_3": 23.492231369018555, 
    "F_489_3": 23.737957000732422, 
    "F_954_3": 20.441720962524414, 
    "F_830_3": 20.58526611328125, 
    "F_582_3": 22.13951873779297, 
    "F_520_3": 23.741920471191406, 
    "F_892_3": 20.520450592041016
}