{
    "F_644_3": 21.19847869873047, 
    "F_551_3": 21.776315689086914, 
    "F_861_3": 19.775772094726562, 
    "id": "spec-4970-56039-0735-QSOs-401", 
    "F_675_3": 21.3536376953125, 
    "F_737_3": 19.573524475097656, 
    "F_396_3": 23.578956604003906, 
    "F_365_3": 22.619157791137695, 
    "F_613_3": 21.03115463256836, 
    "F_706_3": 20.46450424194336, 
    "F_923_3": 19.46900177001953, 
    "F_458_3": 23.2980899810791, 
    "F_768_3": 19.847023010253906, 
    "Z": 4.948333740234375, 
    "F_799_3": 19.79166030883789, 
    "F_427_3": 23.29309844970703, 
    "F_489_3": 23.900325775146484, 
    "F_954_3": 19.593128204345703, 
    "F_830_3": 19.594221115112305, 
    "F_582_3": 21.513595581054688, 
    "F_520_3": 23.262109756469727, 
    "F_892_3": 19.635961532592773
}