{
    "F_644_3": 19.382902145385742, 
    "F_551_3": 20.300975799560547, 
    "F_861_3": 19.47058868408203, 
    "id": "spec-3656-55241-0140-QSOs-401", 
    "F_675_3": 19.68376922607422, 
    "F_737_3": 19.50398063659668, 
    "F_396_3": 22.7764949798584, 
    "F_365_3": 22.303495407104492, 
    "F_613_3": 20.769426345825195, 
    "F_706_3": 19.63810920715332, 
    "F_923_3": 19.44209861755371, 
    "F_458_3": 22.27593421936035, 
    "F_768_3": 19.655012130737305, 
    "Z": 4.294597625732422, 
    "F_799_3": 19.350088119506836, 
    "F_427_3": 22.917396545410156, 
    "F_489_3": 21.126571655273438, 
    "F_954_3": 19.45085906982422, 
    "F_830_3": 19.350271224975586, 
    "F_582_3": 20.548480987548828, 
    "F_520_3": 20.86712074279785, 
    "F_892_3": 19.492664337158203
}