{
    "F_644_3": 19.640914916992188, 
    "F_551_3": 20.655620574951172, 
    "F_861_3": 19.71109390258789, 
    "id": "spec-0722-52224-0080-QSOs-401", 
    "F_675_3": 20.11900520324707, 
    "F_737_3": 20.031455993652344, 
    "F_396_3": 21.878469467163086, 
    "F_365_3": 21.171428680419922, 
    "F_613_3": 20.604352951049805, 
    "F_706_3": 20.066091537475586, 
    "F_923_3": 19.562519073486328, 
    "F_458_3": 21.859636306762695, 
    "F_768_3": 20.036781311035156, 
    "Z": 4.235987186431885, 
    "F_799_3": 19.766149520874023, 
    "F_427_3": 22.1339054107666, 
    "F_489_3": 21.147632598876953, 
    "F_954_3": Infinity, 
    "F_830_3": 19.866470336914062, 
    "F_582_3": 20.760574340820312, 
    "F_520_3": 20.809724807739258, 
    "F_892_3": 19.66533851623535
}