{
    "F_644_3": 19.57016944885254, 
    "F_551_3": 20.350339889526367, 
    "F_861_3": 19.551240921020508, 
    "id": "spec-5993-56070-0794-QSOs-401", 
    "F_675_3": 19.716840744018555, 
    "F_737_3": 19.665348052978516, 
    "F_396_3": 22.003889083862305, 
    "F_365_3": 21.396814346313477, 
    "F_613_3": 19.678266525268555, 
    "F_706_3": 19.56390953063965, 
    "F_923_3": 19.498781204223633, 
    "F_458_3": 21.23033905029297, 
    "F_768_3": 19.45622444152832, 
    "Z": 4.0940752029418945, 
    "F_799_3": 19.456098556518555, 
    "F_427_3": 22.1976318359375, 
    "F_489_3": 20.621871948242188, 
    "F_954_3": 19.383455276489258, 
    "F_830_3": 19.54984474182129, 
    "F_582_3": 20.514652252197266, 
    "F_520_3": 20.389188766479492, 
    "F_892_3": 19.512048721313477
}