{
    "F_644_3": Infinity, 
    "F_551_3": 20.61591911315918, 
    "F_861_3": Infinity, 
    "id": "spec-1376-53089-0188-QSOs-401", 
    "F_675_3": Infinity, 
    "F_737_3": Infinity, 
    "F_396_3": Infinity, 
    "F_365_3": Infinity, 
    "F_613_3": Infinity, 
    "F_706_3": Infinity, 
    "F_923_3": Infinity, 
    "F_458_3": Infinity, 
    "F_768_3": Infinity, 
    "Z": 4.215327739715576, 
    "F_799_3": Infinity, 
    "F_427_3": Infinity, 
    "F_489_3": 21.70445442199707, 
    "F_954_3": Infinity, 
    "F_830_3": Infinity, 
    "F_582_3": 20.4874324798584, 
    "F_520_3": 21.001026153564453, 
    "F_892_3": Infinity
}