{
    "F_644_3": 20.262388229370117, 
    "F_551_3": 20.998748779296875, 
    "F_861_3": 20.02139663696289, 
    "id": "spec-4838-55686-0732-QSOs-401", 
    "F_675_3": 20.334659576416016, 
    "F_737_3": 20.31771469116211, 
    "F_396_3": 22.778533935546875, 
    "F_365_3": 21.98994255065918, 
    "F_613_3": 20.376049041748047, 
    "F_706_3": 20.256250381469727, 
    "F_923_3": 19.91314125061035, 
    "F_458_3": 22.443988800048828, 
    "F_768_3": 20.04729652404785, 
    "Z": 4.063114643096924, 
    "F_799_3": 19.992971420288086, 
    "F_427_3": 23.48590850830078, 
    "F_489_3": 21.580442428588867, 
    "F_954_3": 19.58814239501953, 
    "F_830_3": 19.971006393432617, 
    "F_582_3": 21.15040397644043, 
    "F_520_3": 21.297304153442383, 
    "F_892_3": 19.940128326416016
}