{
    "F_644_3": 22.286672592163086, 
    "F_551_3": 22.307641983032227, 
    "F_861_3": 20.9383487701416, 
    "id": "spec-4966-55712-0276-QSOs-401", 
    "F_675_3": 22.278751373291016, 
    "F_737_3": 20.809524536132812, 
    "F_396_3": Infinity, 
    "F_365_3": Infinity, 
    "F_613_3": 21.712059020996094, 
    "F_706_3": 20.337783813476562, 
    "F_923_3": 20.759136199951172, 
    "F_458_3": 23.729135513305664, 
    "F_768_3": 20.885601043701172, 
    "Z": 4.800962924957275, 
    "F_799_3": 20.81664276123047, 
    "F_427_3": 23.600631713867188, 
    "F_489_3": 24.271438598632812, 
    "F_954_3": 20.760087966918945, 
    "F_830_3": 20.94476890563965, 
    "F_582_3": 22.1055908203125, 
    "F_520_3": 23.459197998046875, 
    "F_892_3": 20.43557357788086
}