{
    "F_644_3": 21.191537857055664, 
    "F_551_3": 21.889223098754883, 
    "F_861_3": 21.290058135986328, 
    "id": "spec-6119-56181-0320-QSOs-401", 
    "F_675_3": 21.447362899780273, 
    "F_737_3": 21.532176971435547, 
    "F_396_3": 22.950876235961914, 
    "F_365_3": 22.031558990478516, 
    "F_613_3": 20.533191680908203, 
    "F_706_3": 21.21040916442871, 
    "F_923_3": 21.061403274536133, 
    "F_458_3": 22.97146224975586, 
    "F_768_3": 20.934171676635742, 
    "Z": 4.033605575561523, 
    "F_799_3": 21.160181045532227, 
    "F_427_3": 23.674278259277344, 
    "F_489_3": 22.41237449645996, 
    "F_954_3": 19.907487869262695, 
    "F_830_3": 21.247207641601562, 
    "F_582_3": 22.043292999267578, 
    "F_520_3": 21.62668800354004, 
    "F_892_3": 21.02924156188965
}