{
    "F_644_3": Infinity, 
    "F_551_3": 21.469253540039062, 
    "F_861_3": Infinity, 
    "id": "spec-2347-53757-0173-QSOs-401", 
    "F_675_3": Infinity, 
    "F_737_3": Infinity, 
    "F_396_3": 22.31144142150879, 
    "F_365_3": 22.491933822631836, 
    "F_613_3": 20.937822341918945, 
    "F_706_3": Infinity, 
    "F_923_3": Infinity, 
    "F_458_3": 21.99654769897461, 
    "F_768_3": Infinity, 
    "Z": 4.227097511291504, 
    "F_799_3": Infinity, 
    "F_427_3": 22.185489654541016, 
    "F_489_3": 21.789148330688477, 
    "F_954_3": Infinity, 
    "F_830_3": Infinity, 
    "F_582_3": 21.256364822387695, 
    "F_520_3": 21.645999908447266, 
    "F_892_3": Infinity
}