{
    "F_644_3": 20.291393280029297, 
    "F_551_3": 21.051349639892578, 
    "F_861_3": 20.514488220214844, 
    "id": "spec-6207-56239-0442-QSOs-401", 
    "F_675_3": 20.541080474853516, 
    "F_737_3": 20.541183471679688, 
    "F_396_3": 22.956083297729492, 
    "F_365_3": 22.408151626586914, 
    "F_613_3": 20.040027618408203, 
    "F_706_3": 20.429519653320312, 
    "F_923_3": 20.55769157409668, 
    "F_458_3": 22.156085968017578, 
    "F_768_3": 20.274343490600586, 
    "Z": 4.092413902282715, 
    "F_799_3": 20.12346076965332, 
    "F_427_3": 23.21738052368164, 
    "F_489_3": 21.362024307250977, 
    "F_954_3": 20.605321884155273, 
    "F_830_3": 20.39508819580078, 
    "F_582_3": 21.17432403564453, 
    "F_520_3": 21.312042236328125, 
    "F_892_3": 20.63231086730957
}