{
    "F_644_3": 20.18781089782715, 
    "F_551_3": 21.042198181152344, 
    "F_861_3": 20.304889678955078, 
    "id": "spec-4979-56045-0024-QSOs-401", 
    "F_675_3": 20.34534454345703, 
    "F_737_3": 20.38054847717285, 
    "F_396_3": Infinity, 
    "F_365_3": Infinity, 
    "F_613_3": 19.748022079467773, 
    "F_706_3": 20.229223251342773, 
    "F_923_3": 20.26171112060547, 
    "F_458_3": 22.452123641967773, 
    "F_768_3": 19.95084571838379, 
    "Z": 4.055484771728516, 
    "F_799_3": 20.121660232543945, 
    "F_427_3": 24.34777069091797, 
    "F_489_3": 21.363496780395508, 
    "F_954_3": 19.913848876953125, 
    "F_830_3": 20.223997116088867, 
    "F_582_3": 21.153066635131836, 
    "F_520_3": 21.031658172607422, 
    "F_892_3": 20.20178985595703
}