{
    "F_644_3": 20.514684677124023, 
    "F_551_3": 21.320337295532227, 
    "F_861_3": 20.344959259033203, 
    "id": "spec-5496-55888-0744-QSOs-401", 
    "F_675_3": 20.641965866088867, 
    "F_737_3": 20.72788429260254, 
    "F_396_3": 22.835174560546875, 
    "F_365_3": 21.974224090576172, 
    "F_613_3": 21.16827964782715, 
    "F_706_3": 20.631179809570312, 
    "F_923_3": 20.309335708618164, 
    "F_458_3": 22.936450958251953, 
    "F_768_3": 20.704025268554688, 
    "Z": 4.044358730316162, 
    "F_799_3": 20.30006980895996, 
    "F_427_3": 23.802854537963867, 
    "F_489_3": 22.359447479248047, 
    "F_954_3": 20.03951644897461, 
    "F_830_3": 20.32476043701172, 
    "F_582_3": 21.458372116088867, 
    "F_520_3": 21.53114128112793, 
    "F_892_3": 20.356517791748047
}