{
    "F_644_3": 19.16533088684082, 
    "F_551_3": 20.598834991455078, 
    "F_861_3": 19.169116973876953, 
    "id": "spec-0983-52443-0301-QSOs-401", 
    "F_675_3": 19.747650146484375, 
    "F_737_3": 19.54694366455078, 
    "F_396_3": 22.09685516357422, 
    "F_365_3": 21.42263412475586, 
    "F_613_3": 20.15928840637207, 
    "F_706_3": 19.561426162719727, 
    "F_923_3": 19.08775520324707, 
    "F_458_3": 22.266748428344727, 
    "F_768_3": 19.455589294433594, 
    "Z": 4.187061309814453, 
    "F_799_3": 19.028873443603516, 
    "F_427_3": 22.4788761138916, 
    "F_489_3": 21.167356491088867, 
    "F_954_3": Infinity, 
    "F_830_3": 19.265039443969727, 
    "F_582_3": 20.727020263671875, 
    "F_520_3": 20.715843200683594, 
    "F_892_3": 19.20138931274414
}