{
    "F_644_3": 19.182350158691406, 
    "F_551_3": 20.293121337890625, 
    "F_861_3": 18.871417999267578, 
    "id": "spec-0727-52207-0363-QSOs-401", 
    "F_675_3": 19.16393280029297, 
    "F_737_3": 19.006507873535156, 
    "F_396_3": 22.640226364135742, 
    "F_365_3": 22.439302444458008, 
    "F_613_3": 19.91710662841797, 
    "F_706_3": 19.087387084960938, 
    "F_923_3": 18.748933792114258, 
    "F_458_3": 22.365633010864258, 
    "F_768_3": 19.028249740600586, 
    "Z": 4.234344482421875, 
    "F_799_3": 18.785871505737305, 
    "F_427_3": 22.71230697631836, 
    "F_489_3": 20.857412338256836, 
    "F_954_3": Infinity, 
    "F_830_3": 18.859649658203125, 
    "F_582_3": 20.12348747253418, 
    "F_520_3": 20.304384231567383, 
    "F_892_3": 18.75828742980957
}