{
    "F_644_3": Infinity, 
    "F_551_3": 19.620698928833008, 
    "F_861_3": Infinity, 
    "id": "spec-1334-52764-0147-QSOs-401", 
    "F_675_3": Infinity, 
    "F_737_3": Infinity, 
    "F_396_3": 20.148900985717773, 
    "F_365_3": 20.234996795654297, 
    "F_613_3": 19.427377700805664, 
    "F_706_3": Infinity, 
    "F_923_3": Infinity, 
    "F_458_3": 20.153263092041016, 
    "F_768_3": Infinity, 
    "Z": 4.128043174743652, 
    "F_799_3": Infinity, 
    "F_427_3": 20.07370948791504, 
    "F_489_3": 20.00511932373047, 
    "F_954_3": Infinity, 
    "F_830_3": Infinity, 
    "F_582_3": 19.505020141601562, 
    "F_520_3": 19.855274200439453, 
    "F_892_3": Infinity
}