{
    "F_644_3": 20.082773208618164, 
    "F_551_3": 20.684558868408203, 
    "F_861_3": 19.804527282714844, 
    "id": "spec-1997-53442-0313-QSOs-401", 
    "F_675_3": 19.986270904541016, 
    "F_737_3": 19.8131160736084, 
    "F_396_3": 23.416790008544922, 
    "F_365_3": 23.649484634399414, 
    "F_613_3": 20.857969284057617, 
    "F_706_3": 19.849193572998047, 
    "F_923_3": 19.900983810424805, 
    "F_458_3": 23.10739517211914, 
    "F_768_3": 19.788084030151367, 
    "Z": 4.191178321838379, 
    "F_799_3": 19.663537979125977, 
    "F_427_3": Infinity, 
    "F_489_3": 21.633018493652344, 
    "F_954_3": Infinity, 
    "F_830_3": 19.874982833862305, 
    "F_582_3": 20.878498077392578, 
    "F_520_3": 21.165796279907227, 
    "F_892_3": 19.79022979736328
}