{
    "F_644_3": 21.060022354125977, 
    "F_551_3": 22.00719451904297, 
    "F_861_3": 20.959335327148438, 
    "id": "spec-4226-55475-0806-QSOs-401", 
    "F_675_3": 21.161733627319336, 
    "F_737_3": 21.06831169128418, 
    "F_396_3": 23.27008819580078, 
    "F_365_3": Infinity, 
    "F_613_3": 20.191368103027344, 
    "F_706_3": 21.0073184967041, 
    "F_923_3": 20.810592651367188, 
    "F_458_3": 22.69733428955078, 
    "F_768_3": 20.466920852661133, 
    "Z": 4.030181407928467, 
    "F_799_3": 20.791549682617188, 
    "F_427_3": 23.51239776611328, 
    "F_489_3": 22.403181076049805, 
    "F_954_3": 20.456754684448242, 
    "F_830_3": 20.8635196685791, 
    "F_582_3": 22.03333282470703, 
    "F_520_3": 21.7531795501709, 
    "F_892_3": 20.929956436157227
}