{
    "F_644_3": 20.15660285949707, 
    "F_551_3": 20.328569412231445, 
    "F_861_3": 18.89131736755371, 
    "id": "spec-4187-55693-0308-QSOs-401", 
    "F_675_3": 19.511714935302734, 
    "F_737_3": 19.134685516357422, 
    "F_396_3": 23.159439086914062, 
    "F_365_3": 23.432964324951172, 
    "F_613_3": 20.6684627532959, 
    "F_706_3": 19.154850006103516, 
    "F_923_3": 18.872455596923828, 
    "F_458_3": 22.46871566772461, 
    "F_768_3": 19.022966384887695, 
    "Z": 4.510001182556152, 
    "F_799_3": 19.10768699645996, 
    "F_427_3": 22.667238235473633, 
    "F_489_3": 21.47540283203125, 
    "F_954_3": 18.838356018066406, 
    "F_830_3": 18.989168167114258, 
    "F_582_3": 20.14119529724121, 
    "F_520_3": 20.988689422607422, 
    "F_892_3": 18.919702529907227
}