{
    "F_644_3": 20.982688903808594, 
    "F_551_3": 21.823816299438477, 
    "F_861_3": 20.866437911987305, 
    "id": "spec-6476-56358-0922-QSOs-401", 
    "F_675_3": 21.12765121459961, 
    "F_737_3": 21.15870475769043, 
    "F_396_3": 23.36042022705078, 
    "F_365_3": 22.46588706970215, 
    "F_613_3": 20.66193199157715, 
    "F_706_3": 20.929121017456055, 
    "F_923_3": 20.757984161376953, 
    "F_458_3": 22.764326095581055, 
    "F_768_3": 20.83306312561035, 
    "Z": 4.064779758453369, 
    "F_799_3": 20.84211540222168, 
    "F_427_3": 23.60929298400879, 
    "F_489_3": 22.309755325317383, 
    "F_954_3": 20.646791458129883, 
    "F_830_3": 20.834590911865234, 
    "F_582_3": 22.017467498779297, 
    "F_520_3": 22.006698608398438, 
    "F_892_3": 20.84886360168457
}