{
    "F_644_3": 20.879823684692383, 
    "F_551_3": 21.37053108215332, 
    "F_861_3": 19.24667739868164, 
    "id": "spec-3931-55350-0832-QSOs-401", 
    "F_675_3": 19.532197952270508, 
    "F_737_3": 19.719257354736328, 
    "F_396_3": 23.678110122680664, 
    "F_365_3": 23.960845947265625, 
    "F_613_3": 21.016592025756836, 
    "F_706_3": 19.683210372924805, 
    "F_923_3": 19.29280662536621, 
    "F_458_3": 22.586891174316406, 
    "F_768_3": 19.60834503173828, 
    "Z": 4.609000205993652, 
    "F_799_3": 19.633712768554688, 
    "F_427_3": 23.122325897216797, 
    "F_489_3": 22.183860778808594, 
    "F_954_3": 19.170696258544922, 
    "F_830_3": 19.513097763061523, 
    "F_582_3": 20.999927520751953, 
    "F_520_3": 21.71257972717285, 
    "F_892_3": 19.424335479736328
}