{
    "F_644_3": Infinity, 
    "F_551_3": 20.750551223754883, 
    "F_861_3": Infinity, 
    "id": "spec-1831-54557-0014-QSOs-401", 
    "F_675_3": Infinity, 
    "F_737_3": Infinity, 
    "F_396_3": 22.12482261657715, 
    "F_365_3": 22.073898315429688, 
    "F_613_3": Infinity, 
    "F_706_3": Infinity, 
    "F_923_3": Infinity, 
    "F_458_3": 21.871809005737305, 
    "F_768_3": Infinity, 
    "Z": 4.308213710784912, 
    "F_799_3": Infinity, 
    "F_427_3": 22.367650985717773, 
    "F_489_3": 21.384292602539062, 
    "F_954_3": Infinity, 
    "F_830_3": Infinity, 
    "F_582_3": 20.800695419311523, 
    "F_520_3": 21.008358001708984, 
    "F_892_3": Infinity
}