{
    "F_644_3": 20.431331634521484, 
    "F_551_3": 21.199892044067383, 
    "F_861_3": 20.35887908935547, 
    "id": "spec-6430-56299-0965-QSOs-401", 
    "F_675_3": 20.454898834228516, 
    "F_737_3": 20.46233367919922, 
    "F_396_3": 22.812030792236328, 
    "F_365_3": 22.228219985961914, 
    "F_613_3": 19.891569137573242, 
    "F_706_3": 20.35626983642578, 
    "F_923_3": 20.246746063232422, 
    "F_458_3": 22.089859008789062, 
    "F_768_3": 20.100887298583984, 
    "Z": 4.0143280029296875, 
    "F_799_3": 20.256391525268555, 
    "F_427_3": 23.33272361755371, 
    "F_489_3": 21.62660026550293, 
    "F_954_3": 20.01836395263672, 
    "F_830_3": 20.29117202758789, 
    "F_582_3": 21.264158248901367, 
    "F_520_3": 21.16622543334961, 
    "F_892_3": 20.311819076538086
}