{
    "F_644_3": 20.613370895385742, 
    "F_551_3": 21.500511169433594, 
    "F_861_3": 20.616073608398438, 
    "id": "spec-5738-56002-0652-QSOs-401", 
    "F_675_3": 20.751436233520508, 
    "F_737_3": 20.727420806884766, 
    "F_396_3": 23.14092445373535, 
    "F_365_3": 22.07937240600586, 
    "F_613_3": 19.64557456970215, 
    "F_706_3": 20.640832901000977, 
    "F_923_3": 20.599109649658203, 
    "F_458_3": 22.103565216064453, 
    "F_768_3": 19.900104522705078, 
    "Z": 4.0376667976379395, 
    "F_799_3": 20.434101104736328, 
    "F_427_3": 23.05246353149414, 
    "F_489_3": 21.684186935424805, 
    "F_954_3": 20.322677612304688, 
    "F_830_3": 20.360078811645508, 
    "F_582_3": 21.377487182617188, 
    "F_520_3": 21.19393539428711, 
    "F_892_3": 20.57908821105957
}