{
    "F_644_3": 20.241439819335938, 
    "F_551_3": 21.29926300048828, 
    "F_861_3": 19.987077713012695, 
    "id": "spec-0890-52583-0408-QSOs-401", 
    "F_675_3": 20.371936798095703, 
    "F_737_3": 20.374984741210938, 
    "F_396_3": 22.88089942932129, 
    "F_365_3": 22.343486785888672, 
    "F_613_3": 20.013351440429688, 
    "F_706_3": 20.20162010192871, 
    "F_923_3": 19.643489837646484, 
    "F_458_3": 22.491689682006836, 
    "F_768_3": 19.95008659362793, 
    "Z": 4.107475757598877, 
    "F_799_3": 19.94590187072754, 
    "F_427_3": 23.027957916259766, 
    "F_489_3": 21.878488540649414, 
    "F_954_3": Infinity, 
    "F_830_3": 20.04068374633789, 
    "F_582_3": 21.308568954467773, 
    "F_520_3": 21.38871192932129, 
    "F_892_3": 19.90412139892578
}