{
    "F_644_3": 19.83554458618164, 
    "F_551_3": 20.80558967590332, 
    "F_861_3": 19.669330596923828, 
    "id": "spec-4653-55622-0273-QSOs-401", 
    "F_675_3": 19.827695846557617, 
    "F_737_3": 19.72754669189453, 
    "F_396_3": 22.858461380004883, 
    "F_365_3": 22.387935638427734, 
    "F_613_3": 19.546812057495117, 
    "F_706_3": 19.70865821838379, 
    "F_923_3": 19.466588973999023, 
    "F_458_3": 22.243465423583984, 
    "F_768_3": 19.339750289916992, 
    "Z": 4.010547637939453, 
    "F_799_3": 19.589515686035156, 
    "F_427_3": 23.11748504638672, 
    "F_489_3": 21.128427505493164, 
    "F_954_3": 19.29384422302246, 
    "F_830_3": 19.580793380737305, 
    "F_582_3": 20.813627243041992, 
    "F_520_3": 21.156007766723633, 
    "F_892_3": 19.547927856445312
}