{
    "F_644_3": 21.451366424560547, 
    "F_551_3": 22.030120849609375, 
    "F_861_3": 21.536821365356445, 
    "id": "spec-4979-56045-0348-QSOs-401", 
    "F_675_3": 21.510541915893555, 
    "F_737_3": 21.52214241027832, 
    "F_396_3": 23.549007415771484, 
    "F_365_3": 23.055423736572266, 
    "F_613_3": 20.634485244750977, 
    "F_706_3": 21.459440231323242, 
    "F_923_3": 21.489927291870117, 
    "F_458_3": 22.65595245361328, 
    "F_768_3": 21.00278091430664, 
    "Z": 4.021884441375732, 
    "F_799_3": 21.336673736572266, 
    "F_427_3": 24.032150268554688, 
    "F_489_3": 22.162443161010742, 
    "F_954_3": 20.856060028076172, 
    "F_830_3": 21.384017944335938, 
    "F_582_3": 21.9880313873291, 
    "F_520_3": 21.81336784362793, 
    "F_892_3": 21.281835556030273
}