{
    "F_644_3": 22.039318084716797, 
    "F_551_3": 22.747156143188477, 
    "F_861_3": 22.013418197631836, 
    "id": "spec-4655-55620-0216-QSOs-401", 
    "F_675_3": 22.311782836914062, 
    "F_737_3": 22.397850036621094, 
    "F_396_3": 23.654321670532227, 
    "F_365_3": 22.85614776611328, 
    "F_613_3": 21.521371841430664, 
    "F_706_3": 22.198129653930664, 
    "F_923_3": 21.951967239379883, 
    "F_458_3": 23.664323806762695, 
    "F_768_3": 21.98042106628418, 
    "Z": 4.1078643798828125, 
    "F_799_3": 21.54092025756836, 
    "F_427_3": 23.85247230529785, 
    "F_489_3": 23.139244079589844, 
    "F_954_3": 21.848756790161133, 
    "F_830_3": 22.021472930908203, 
    "F_582_3": 22.91489028930664, 
    "F_520_3": 22.712501525878906, 
    "F_892_3": 22.043128967285156
}