{
    "F_644_3": 20.427919387817383, 
    "F_551_3": 21.484500885009766, 
    "F_861_3": 20.478065490722656, 
    "id": "spec-5112-55895-0700-QSOs-401", 
    "F_675_3": 20.646913528442383, 
    "F_737_3": 20.73354721069336, 
    "F_396_3": 23.026897430419922, 
    "F_365_3": 22.278934478759766, 
    "F_613_3": 19.937673568725586, 
    "F_706_3": 20.564743041992188, 
    "F_923_3": 20.38810920715332, 
    "F_458_3": 22.146787643432617, 
    "F_768_3": 20.297367095947266, 
    "Z": 4.092526912689209, 
    "F_799_3": 20.162120819091797, 
    "F_427_3": 23.177717208862305, 
    "F_489_3": 21.704761505126953, 
    "F_954_3": 20.344804763793945, 
    "F_830_3": 20.37088394165039, 
    "F_582_3": 21.671897888183594, 
    "F_520_3": 21.120098114013672, 
    "F_892_3": 20.448862075805664
}