{
    "F_644_3": 19.29764747619629, 
    "F_551_3": 20.157909393310547, 
    "F_861_3": 19.238454818725586, 
    "id": "spec-6618-56401-0192-QSOs-401", 
    "F_675_3": 19.372262954711914, 
    "F_737_3": 19.34345245361328, 
    "F_396_3": 21.593374252319336, 
    "F_365_3": 21.839542388916016, 
    "F_613_3": 18.949939727783203, 
    "F_706_3": 19.2449951171875, 
    "F_923_3": 19.172901153564453, 
    "F_458_3": 20.815765380859375, 
    "F_768_3": 18.991167068481445, 
    "Z": 4.043145656585693, 
    "F_799_3": 19.148550033569336, 
    "F_427_3": 21.22464370727539, 
    "F_489_3": 20.34062957763672, 
    "F_954_3": 18.92813491821289, 
    "F_830_3": 19.166736602783203, 
    "F_582_3": 20.190528869628906, 
    "F_520_3": 19.991619110107422, 
    "F_892_3": 19.23337173461914
}