{
    "F_644_3": 19.413908004760742, 
    "F_551_3": 20.741867065429688, 
    "F_861_3": 19.325634002685547, 
    "id": "spec-1290-52734-0359-QSOs-401", 
    "F_675_3": 19.705352783203125, 
    "F_737_3": 19.705902099609375, 
    "F_396_3": 22.371366500854492, 
    "F_365_3": 21.76056480407715, 
    "F_613_3": 20.678953170776367, 
    "F_706_3": 19.767454147338867, 
    "F_923_3": 19.391603469848633, 
    "F_458_3": 22.680940628051758, 
    "F_768_3": 19.676193237304688, 
    "Z": 4.297431468963623, 
    "F_799_3": 19.50809097290039, 
    "F_427_3": 22.886117935180664, 
    "F_489_3": 21.55672836303711, 
    "F_954_3": Infinity, 
    "F_830_3": 19.424222946166992, 
    "F_582_3": 20.766414642333984, 
    "F_520_3": 21.091495513916016, 
    "F_892_3": 19.269920349121094
}