{
    "F_644_3": 21.206857681274414, 
    "F_551_3": 21.74280548095703, 
    "F_861_3": 20.86468505859375, 
    "id": "spec-7184-56629-0008-QSOs-401", 
    "F_675_3": 21.35089874267578, 
    "F_737_3": 21.113386154174805, 
    "F_396_3": 23.94355010986328, 
    "F_365_3": 23.70281982421875, 
    "F_613_3": 20.010040283203125, 
    "F_706_3": 21.0601806640625, 
    "F_923_3": 20.530500411987305, 
    "F_458_3": 23.287155151367188, 
    "F_768_3": 20.307775497436523, 
    "Z": 4.031933784484863, 
    "F_799_3": 20.649682998657227, 
    "F_427_3": 24.146697998046875, 
    "F_489_3": 22.58734893798828, 
    "F_954_3": 19.38641357421875, 
    "F_830_3": 20.72037696838379, 
    "F_582_3": 21.915645599365234, 
    "F_520_3": 21.88593292236328, 
    "F_892_3": 20.11587142944336
}