{
    "F_644_3": 19.36701774597168, 
    "F_551_3": 20.139877319335938, 
    "F_861_3": 19.211759567260742, 
    "id": "spec-3786-55563-0864-QSOs-401", 
    "F_675_3": 19.408870697021484, 
    "F_737_3": 19.36511993408203, 
    "F_396_3": 22.99455451965332, 
    "F_365_3": 22.03008270263672, 
    "F_613_3": 18.849836349487305, 
    "F_706_3": 19.245067596435547, 
    "F_923_3": 19.095985412597656, 
    "F_458_3": 21.313627243041992, 
    "F_768_3": 18.95866584777832, 
    "Z": 4.030118465423584, 
    "F_799_3": 19.168537139892578, 
    "F_427_3": 24.580108642578125, 
    "F_489_3": 20.550395965576172, 
    "F_954_3": 18.896318435668945, 
    "F_830_3": 19.17046356201172, 
    "F_582_3": 20.362653732299805, 
    "F_520_3": 20.23018455505371, 
    "F_892_3": 19.199628829956055
}