{
    "F_644_3": 22.134746551513672, 
    "F_551_3": 22.09773826599121, 
    "F_861_3": 20.2959041595459, 
    "id": "spec-5194-56062-0692-QSOs-401", 
    "F_675_3": 20.34883689880371, 
    "F_737_3": 20.95452880859375, 
    "F_396_3": 22.86217498779297, 
    "F_365_3": 22.071809768676758, 
    "F_613_3": 21.996801376342773, 
    "F_706_3": 20.665830612182617, 
    "F_923_3": 20.506175994873047, 
    "F_458_3": 23.26496124267578, 
    "F_768_3": 20.85774803161621, 
    "Z": 4.610145568847656, 
    "F_799_3": 20.893768310546875, 
    "F_427_3": 23.005313873291016, 
    "F_489_3": 23.112577438354492, 
    "F_954_3": 20.566089630126953, 
    "F_830_3": 20.824811935424805, 
    "F_582_3": 21.731985092163086, 
    "F_520_3": 22.521949768066406, 
    "F_892_3": 20.590892791748047
}