{
    "F_644_3": 20.10929298400879, 
    "F_551_3": 20.955034255981445, 
    "F_861_3": 19.902162551879883, 
    "id": "spec-5356-55979-0270-QSOs-401", 
    "F_675_3": 20.10748291015625, 
    "F_737_3": 20.09541893005371, 
    "F_396_3": 22.87408447265625, 
    "F_365_3": Infinity, 
    "F_613_3": 19.499372482299805, 
    "F_706_3": 20.047565460205078, 
    "F_923_3": 19.85822868347168, 
    "F_458_3": 21.51272201538086, 
    "F_768_3": 19.70087242126465, 
    "Z": 4.0238728523254395, 
    "F_799_3": 19.903776168823242, 
    "F_427_3": 22.127361297607422, 
    "F_489_3": 20.89350700378418, 
    "F_954_3": 19.395366668701172, 
    "F_830_3": 19.88579559326172, 
    "F_582_3": 20.84104347229004, 
    "F_520_3": 20.74919891357422, 
    "F_892_3": 19.86110496520996
}