{
    "F_644_3": 21.178573608398438, 
    "F_551_3": 21.75400161743164, 
    "F_861_3": 21.303874969482422, 
    "id": "spec-7099-56666-0192-QSOs-401", 
    "F_675_3": 21.297636032104492, 
    "F_737_3": 21.279830932617188, 
    "F_396_3": 23.39219856262207, 
    "F_365_3": 22.341304779052734, 
    "F_613_3": 20.313167572021484, 
    "F_706_3": 21.264883041381836, 
    "F_923_3": 21.27066421508789, 
    "F_458_3": 22.423627853393555, 
    "F_768_3": 20.607446670532227, 
    "Z": 4.029030799865723, 
    "F_799_3": 21.100675582885742, 
    "F_427_3": 23.99494743347168, 
    "F_489_3": 21.916149139404297, 
    "F_954_3": 20.930967330932617, 
    "F_830_3": 21.08419418334961, 
    "F_582_3": 21.95843505859375, 
    "F_520_3": 21.697542190551758, 
    "F_892_3": 21.284387588500977
}